# Blender 5.0.1
# www.blender.org
o Krawatte1
v 0.028453 2.145825 0.071682
v 0.018785 2.162174 0.070339
v 0.022208 2.141344 0.062042
v 0.012540 2.157692 0.060699
v 0.111285 2.183183 0.021479
v 0.098204 2.206913 0.020269
v 0.099564 2.176160 0.010384
v 0.086482 2.199890 0.009174
v 0.021851 2.141212 0.068390
v 0.019941 2.152226 0.072841
v 0.011563 2.158523 0.066927
v 0.013473 2.147509 0.062476
v 0.058456 2.154418 0.041943
v 0.044572 2.178748 0.040335
v 0.097200 2.190142 0.005065
v 0.111049 2.180867 0.011792
v 0.096559 2.207263 0.010494
v 0.110408 2.197988 0.017221
v 0.069156 2.161361 0.054756
v 0.055272 2.185691 0.053149
v 0.048534 2.184653 0.046581
v 0.065195 2.155457 0.048510
v 0.063284 2.174220 0.055234
v 0.113644 2.199122 0.002777
v 0.050444 2.165889 0.039858
v 0.009128 2.146085 0.070595
v -0.028453 2.145825 0.071682
v -0.018785 2.162174 0.070339
v -0.022208 2.141344 0.062042
v -0.012540 2.157693 0.060699
v -0.111285 2.183183 0.021479
v -0.098204 2.206913 0.020269
v -0.099564 2.176160 0.010384
v -0.086482 2.199890 0.009174
v -0.021851 2.141212 0.068390
v -0.019941 2.152226 0.072841
v -0.011563 2.158523 0.066927
v -0.013473 2.147509 0.062476
v -0.058456 2.154418 0.041943
v -0.044572 2.178748 0.040335
v -0.097200 2.190143 0.005065
v -0.111049 2.180867 0.011792
v -0.096559 2.207263 0.010494
v -0.110408 2.197987 0.017221
v -0.069156 2.161361 0.054756
v -0.055272 2.185691 0.053149
v -0.048534 2.184653 0.046581
v -0.065195 2.155457 0.048510
v -0.063284 2.174220 0.055234
v -0.113644 2.199122 0.002777
v -0.050444 2.165889 0.039858
v -0.009128 2.146085 0.070595
v 0.024264 2.142939 0.071038
v 0.017685 2.157389 0.072118
v 0.010448 2.157445 0.063775
v 0.017027 2.142993 0.062696
v 0.035397 2.145216 0.055551
v 0.069332 2.192214 0.021784
v 0.100557 2.182362 0.006237
v 0.106373 2.178458 0.009087
v 0.099549 2.208806 0.014633
v 0.113508 2.190066 0.018212
v 0.095745 2.174087 0.035787
v 0.031776 2.171404 0.065547
v 0.020635 2.140291 0.065218
v 0.023461 2.147672 0.072940
v 0.014077 2.160092 0.069596
v 0.011251 2.152711 0.061874
v 0.083634 2.166616 0.023237
v 0.023462 2.165695 0.054006
v 0.092414 2.197198 0.005508
v 0.113798 2.182867 0.015917
v 0.092124 2.204396 0.007803
v 0.105365 2.204901 0.017483
v 0.043711 2.150925 0.067093
v 0.081443 2.199685 0.034334
v 0.051783 2.186344 0.050285
v 0.045631 2.182352 0.042918
v 0.074631 2.198781 0.027378
v 0.025994 2.170244 0.059818
v 0.068097 2.157757 0.052174
v 0.061945 2.153764 0.044806
v 0.040197 2.145885 0.061661
v 0.091722 2.168176 0.029109
v 0.038031 2.161458 0.067613
v 0.090428 2.187947 0.035732
v 0.067142 2.167139 0.055536
v 0.059158 2.181129 0.054612
v 0.116318 2.200769 0.007218
v 0.108510 2.196210 0.000427
v 0.116554 2.190884 0.004169
v 0.108274 2.206095 0.003476
v 0.075924 2.179009 0.020754
v 0.028160 2.154671 0.053866
v 0.054570 2.158981 0.040480
v 0.046586 2.172970 0.039556
v 0.008488 2.145354 0.067448
v 0.011662 2.147762 0.073008
v 0.012771 2.142076 0.070631
v 0.007379 2.151041 0.069825
v -0.024264 2.142939 0.071038
v -0.017685 2.157389 0.072118
v -0.010448 2.157445 0.063775
v -0.017027 2.142993 0.062696
v -0.035397 2.145215 0.055551
v -0.069332 2.192214 0.021784
v -0.100557 2.182362 0.006237
v -0.106373 2.178458 0.009087
v -0.099549 2.208806 0.014633
v -0.113508 2.190066 0.018212
v -0.095745 2.174087 0.035787
v -0.031776 2.171404 0.065547
v -0.020635 2.140291 0.065218
v -0.023461 2.147672 0.072940
v -0.014077 2.160092 0.069596
v -0.011251 2.152711 0.061874
v -0.083634 2.166615 0.023237
v -0.023462 2.165695 0.054006
v -0.092414 2.197198 0.005508
v -0.113798 2.182867 0.015917
v -0.092124 2.204396 0.007803
v -0.105365 2.204901 0.017483
v -0.043711 2.150925 0.067093
v -0.081443 2.199685 0.034334
v -0.051783 2.186344 0.050285
v -0.045631 2.182352 0.042918
v -0.074631 2.198781 0.027378
v -0.025994 2.170244 0.059818
v -0.068097 2.157757 0.052174
v -0.061945 2.153765 0.044806
v -0.040197 2.145885 0.061661
v -0.091722 2.168176 0.029109
v -0.038031 2.161458 0.067613
v -0.090428 2.187947 0.035732
v -0.067142 2.167139 0.055536
v -0.059158 2.181129 0.054612
v -0.116318 2.200769 0.007218
v -0.108510 2.196210 0.000427
v -0.116554 2.190884 0.004169
v -0.108274 2.206095 0.003476
v -0.075924 2.179009 0.020754
v -0.028160 2.154671 0.053866
v -0.054570 2.158981 0.040480
v -0.046586 2.172970 0.039556
v -0.008488 2.145354 0.067448
v -0.011662 2.147762 0.073008
v -0.012771 2.142075 0.070631
v -0.007379 2.151040 0.069825
v 0.006665 2.150314 0.066683
v 0.071758 2.186467 0.020620
v 0.110979 2.207705 0.007870
v 0.034610 2.167372 0.066982
v 0.094919 2.170583 0.032870
v 0.028651 2.171719 0.063130
v 0.078177 2.200560 0.031173
v 0.071114 2.196209 0.023888
v 0.023858 2.168422 0.056447
v 0.042578 2.147830 0.064937
v 0.037785 2.144533 0.058254
v 0.087856 2.166233 0.025585
v 0.041511 2.155537 0.067879
v 0.094275 2.180326 0.036138
v 0.085959 2.195220 0.035297
v 0.119218 2.192584 0.008566
v 0.111480 2.188056 0.001790
v 0.103241 2.203178 0.001094
v 0.080075 2.171572 0.021461
v 0.031827 2.148880 0.054402
v 0.024925 2.160715 0.053505
v 0.012088 2.141281 0.067489
v 0.015310 2.143712 0.073066
v 0.009886 2.152745 0.072260
v -0.006665 2.150314 0.066683
v -0.071758 2.186467 0.020620
v -0.110979 2.207705 0.007870
v -0.034610 2.167372 0.066982
v -0.094919 2.170583 0.032870
v -0.028651 2.171719 0.063130
v -0.078177 2.200560 0.031173
v -0.071114 2.196209 0.023888
v -0.023858 2.168422 0.056447
v -0.042578 2.147830 0.064937
v -0.037785 2.144533 0.058254
v -0.087856 2.166233 0.025585
v -0.041511 2.155537 0.067879
v -0.094275 2.180326 0.036138
v -0.085959 2.195220 0.035297
v -0.119218 2.192584 0.008566
v -0.111480 2.188057 0.001790
v -0.103241 2.203178 0.001094
v -0.080075 2.171572 0.021461
v -0.031827 2.148880 0.054402
v -0.024925 2.160715 0.053505
v -0.012088 2.141281 0.067489
v -0.015310 2.143712 0.073066
v -0.009886 2.152745 0.072260
vn -0.9195 -0.2901 0.2653
vn -0.8555 0.5074 0.1031
vn -0.7769 0.1168 -0.6187
vn -0.5913 -0.3341 -0.7340
vn -0.4744 -0.2868 -0.8323
vn -0.5698 -0.0816 -0.8177
vn -0.5618 -0.0853 -0.8228
vn -0.4726 -0.2738 -0.8377
vn 0.6206 0.5336 -0.5745
vn -0.0831 0.9515 -0.2962
vn 0.3553 0.8354 0.4194
vn 0.6893 0.4809 0.5418
vn 0.3089 0.2709 0.9117
vn 0.1915 0.4447 0.8750
vn 0.0807 0.3554 0.9312
vn 0.1721 0.2059 0.9633
vn 0.5028 -0.8548 0.1289
vn 0.5670 -0.8231 0.0323
vn 0.7175 -0.5705 0.3998
vn 0.6412 -0.5686 0.5153
vn -0.5160 0.8552 0.0485
vn -0.5928 0.7983 0.1064
vn -0.3791 0.7744 0.5066
vn -0.2602 0.8381 0.4794
vn -0.3973 0.9160 -0.0563
vn -0.4671 0.8841 0.0141
vn -0.1740 0.8902 0.4210
vn -0.1224 0.9388 0.3221
vn -0.6271 0.5913 -0.5071
vn -0.6704 0.5546 -0.4930
vn -0.5298 0.8424 -0.0982
vn -0.4652 0.8694 -0.1663
vn -0.6658 0.5517 -0.5024
vn -0.6955 0.5510 -0.4611
vn -0.6390 0.7688 -0.0235
vn -0.5683 0.8195 -0.0732
vn 0.3344 -0.8980 0.2859
vn 0.4404 -0.8752 0.2000
vn 0.5335 -0.5978 0.5983
vn 0.3992 -0.6554 0.6412
vn 0.1219 -0.9472 -0.2965
vn 0.1444 -0.9167 -0.3725
vn 0.3932 -0.9160 0.0791
vn 0.2982 -0.9409 0.1606
vn 0.1449 -0.9072 -0.3949
vn 0.1939 -0.8830 -0.4274
vn 0.4979 -0.8636 -0.0792
vn 0.4423 -0.8967 0.0157
vn 0.4225 0.0349 0.9057
vn 0.3346 0.2288 0.9142
vn 0.1970 0.1652 0.9664
vn 0.2768 0.0041 0.9609
vn 0.6341 0.1328 0.7617
vn 0.5548 0.3171 0.7692
vn 0.4622 0.2827 0.8405
vn 0.5526 0.0822 0.8294
vn 0.5271 0.3628 0.7685
vn 0.4091 0.5281 0.7442
vn 0.3111 0.5057 0.8047
vn 0.4354 0.3264 0.8390
vn 0.7681 -0.5983 -0.2282
vn 0.8062 0.1919 -0.5596
vn 0.7568 0.3611 0.5449
vn 0.8809 -0.1113 0.4601
vn 0.0024 -0.5872 -0.8094
vn -0.2509 -0.2484 -0.9356
vn 0.4211 -0.0014 -0.9070
vn 0.5936 -0.6654 -0.4527
vn -0.3059 -0.1450 -0.9410
vn -0.4600 0.2529 -0.8511
vn -0.2257 0.8246 -0.5187
vn 0.2621 0.2901 -0.9204
vn -0.3284 -0.5242 -0.7857
vn -0.4495 -0.3360 -0.8277
vn -0.4473 -0.3236 -0.8338
vn -0.3356 -0.5007 -0.7979
vn -0.2594 -0.5040 -0.8238
vn -0.3618 -0.3177 -0.8764
vn -0.3873 -0.3166 -0.8659
vn -0.2757 -0.5089 -0.8155
vn -0.3877 -0.2637 -0.8832
vn -0.4887 -0.0675 -0.8698
vn -0.5142 -0.0644 -0.8553
vn -0.4119 -0.2666 -0.8713
vn -0.0318 -0.9621 0.2710
vn -0.7110 -0.6344 0.3033
vn -0.5255 -0.4595 -0.7160
vn -0.2654 -0.8229 -0.5023
vn 0.1531 -0.3459 0.9257
vn 0.0059 0.0231 0.9997
vn -0.4707 -0.4168 0.7777
vn 0.0456 -0.8530 0.5199
vn -0.0509 0.1234 0.9910
vn -0.2747 0.4341 0.8580
vn -0.7417 0.5583 0.3717
vn -0.6476 -0.1145 0.7533
vn 0.9195 -0.2901 0.2653
vn 0.5913 -0.3341 -0.7340
vn 0.7769 0.1168 -0.6187
vn 0.8555 0.5074 0.1032
vn 0.4744 -0.2868 -0.8323
vn 0.4726 -0.2738 -0.8377
vn 0.5618 -0.0853 -0.8229
vn 0.5698 -0.0816 -0.8177
vn -0.6206 0.5336 -0.5745
vn -0.6893 0.4809 0.5419
vn -0.3553 0.8354 0.4194
vn 0.0831 0.9515 -0.2962
vn -0.3089 0.2709 0.9117
vn -0.1721 0.2059 0.9633
vn -0.0807 0.3554 0.9312
vn -0.1915 0.4447 0.8750
vn -0.5028 -0.8548 0.1289
vn -0.6413 -0.5686 0.5152
vn -0.7174 -0.5705 0.3998
vn -0.5671 -0.8230 0.0324
vn 0.5160 0.8552 0.0484
vn 0.2601 0.8381 0.4795
vn 0.3791 0.7744 0.5066
vn 0.5928 0.7983 0.1064
vn 0.3973 0.9160 -0.0563
vn 0.1224 0.9388 0.3221
vn 0.1740 0.8902 0.4210
vn 0.4671 0.8841 0.0141
vn 0.6271 0.5913 -0.5071
vn 0.4652 0.8694 -0.1663
vn 0.5298 0.8424 -0.0982
vn 0.6704 0.5546 -0.4930
vn 0.6658 0.5517 -0.5024
vn 0.5684 0.8195 -0.0732
vn 0.6390 0.7688 -0.0235
vn 0.6955 0.5510 -0.4611
vn -0.3344 -0.8980 0.2860
vn -0.3992 -0.6554 0.6412
vn -0.5335 -0.5978 0.5983
vn -0.4404 -0.8752 0.2000
vn -0.1219 -0.9472 -0.2965
vn -0.2982 -0.9409 0.1606
vn -0.3932 -0.9160 0.0791
vn -0.1445 -0.9167 -0.3725
vn -0.1449 -0.9072 -0.3949
vn -0.4422 -0.8968 0.0157
vn -0.4979 -0.8636 -0.0792
vn -0.1940 -0.8830 -0.4273
vn -0.4226 0.0349 0.9057
vn -0.2768 0.0041 0.9609
vn -0.1970 0.1652 0.9664
vn -0.3346 0.2288 0.9142
vn -0.6341 0.1328 0.7617
vn -0.5526 0.0822 0.8294
vn -0.4622 0.2827 0.8405
vn -0.5548 0.3171 0.7692
vn -0.5271 0.3628 0.7685
vn -0.4354 0.3264 0.8390
vn -0.3111 0.5057 0.8047
vn -0.4091 0.5281 0.7442
vn -0.7681 -0.5983 -0.2282
vn -0.8809 -0.1113 0.4601
vn -0.7568 0.3611 0.5449
vn -0.8062 0.1919 -0.5596
vn -0.0024 -0.5872 -0.8094
vn -0.5935 -0.6654 -0.4527
vn -0.4211 -0.0014 -0.9070
vn 0.2509 -0.2484 -0.9356
vn 0.3059 -0.1450 -0.9410
vn -0.2621 0.2901 -0.9204
vn 0.2257 0.8246 -0.5187
vn 0.4600 0.2529 -0.8511
vn 0.3284 -0.5242 -0.7857
vn 0.3356 -0.5007 -0.7979
vn 0.4473 -0.3236 -0.8338
vn 0.4495 -0.3360 -0.8277
vn 0.2594 -0.5040 -0.8238
vn 0.2757 -0.5089 -0.8155
vn 0.3872 -0.3166 -0.8659
vn 0.3618 -0.3177 -0.8764
vn 0.3877 -0.2637 -0.8832
vn 0.4119 -0.2666 -0.8713
vn 0.5142 -0.0644 -0.8553
vn 0.4887 -0.0675 -0.8698
vn 0.0318 -0.9621 0.2709
vn 0.2653 -0.8230 -0.5023
vn 0.5255 -0.4595 -0.7160
vn 0.7110 -0.6344 0.3033
vn -0.1531 -0.3459 0.9257
vn -0.0456 -0.8530 0.5199
vn 0.4707 -0.4168 0.7776
vn -0.0059 0.0231 0.9997
vn 0.0509 0.1234 0.9910
vn 0.6476 -0.1145 0.7533
vn 0.7417 0.5583 0.3717
vn 0.2747 0.4341 0.8580
vt 0.954447 0.230041
vt 0.954328 0.226032
vt 0.957322 0.225132
vt 0.958714 0.228073
vt 0.953678 0.220033
vt 0.956018 0.219706
vt 0.957814 0.217780
vt 0.959755 0.220734
vt 0.962981 0.226105
vt 0.966737 0.196249
vt 0.961376 0.193445
vt 0.960896 0.173085
vt 0.965813 0.171761
vt 0.957210 0.193093
vt 0.956759 0.173832
vt 0.956443 0.160531
vt 0.959213 0.155943
vt 0.964889 0.147272
vt 0.950870 0.139978
vt 0.950365 0.145783
vt 0.945179 0.146788
vt 0.943167 0.141965
vt 0.950148 0.155060
vt 0.946501 0.155570
vt 0.943683 0.158822
vt 0.941016 0.153832
vt 0.935464 0.143952
vt 0.933365 0.195223
vt 0.940150 0.191958
vt 0.943545 0.209063
vt 0.939712 0.210876
vt 0.944459 0.191603
vt 0.946824 0.208107
vt 0.948856 0.217198
vt 0.947675 0.220446
vt 0.946060 0.226529
vt 0.945682 0.286526
vt 0.946102 0.266853
vt 0.949232 0.266407
vt 0.948649 0.286027
vt 0.946058 0.249919
vt 0.949659 0.250187
vt 0.952468 0.253252
vt 0.952662 0.266325
vt 0.952007 0.285777
vt 0.950839 0.192156
vt 0.952260 0.208723
vt 0.949687 0.208338
vt 0.947860 0.191767
vt 0.953678 0.220033
vt 0.951220 0.219362
vt 0.950192 0.172205
vt 0.947021 0.172001
vt 0.943554 0.172106
vt 0.956759 0.173832
vt 0.953327 0.173006
vt 0.953702 0.156625
vt 0.957210 0.193093
vt 0.953816 0.192682
vt 0.957625 0.209122
vt 0.954817 0.208997
vt 0.956018 0.219706
vt 0.943479 0.314608
vt 0.944596 0.303142
vt 0.947181 0.302702
vt 0.945936 0.313897
vt 0.950003 0.302415
vt 0.948216 0.311671
vt 0.939232 0.312258
vt 0.939182 0.303454
vt 0.942012 0.303335
vt 0.941097 0.314210
vt 0.939289 0.287386
vt 0.942701 0.287002
vt 0.939520 0.268249
vt 0.942968 0.267569
vt 0.939760 0.255115
vt 0.942498 0.251385
vt 0.956210 0.286235
vt 0.953182 0.303480
vt 0.950003 0.302415
vt 0.962643 0.289387
vt 0.956854 0.305507
vt 0.951065 0.321628
vt 0.949410 0.315046
vt 0.955199 0.248528
vt 0.956804 0.265502
vt 0.961025 0.239805
vt 0.961834 0.264596
vt 0.939414 0.171049
vt 0.934414 0.169588
vt 0.943554 0.172106
vt 0.945876 0.240322
vt 0.951050 0.241432
vt 0.945451 0.233319
vt 0.953238 0.236562
vt 0.937008 0.250544
vt 0.940887 0.242639
vt 0.931440 0.242223
vt 0.938445 0.237771
vt 0.955340 0.148063
vt 0.957880 0.143625
vt 0.939289 0.287386
vt 0.935070 0.287917
vt 0.935371 0.267595
vt 0.939520 0.268249
vt 0.929448 0.290865
vt 0.930444 0.266544
vt 0.937406 0.315483
vt 0.935829 0.304507
vt 0.934501 0.321709
vt 0.931975 0.306287
vt 0.960986 0.209895
vt 0.964859 0.211177
vt 0.957625 0.209122
vt 0.943479 0.314608
vt 0.942971 0.320539
vt 0.939966 0.319767
vt 0.941097 0.314210
vt 0.942905 0.323943
vt 0.938703 0.322826
vt 0.946050 0.319625
vt 0.945936 0.313897
vt 0.946985 0.322786
vt 0.951203 0.225060
vt 0.950253 0.228285
vt 0.951220 0.219362
vt 0.957323 0.225132
vt 0.959755 0.220734
vt 0.957814 0.217780
vt 0.956018 0.219706
vt 0.953678 0.220033
vt 0.960896 0.173085
vt 0.961376 0.193445
vt 0.959213 0.155943
vt 0.956443 0.160531
vt 0.945179 0.146788
vt 0.950365 0.145783
vt 0.941016 0.153832
vt 0.943683 0.158822
vt 0.943545 0.209063
vt 0.940150 0.191958
vt 0.947675 0.220446
vt 0.946824 0.208107
vt 0.944459 0.191603
vt 0.945682 0.286526
vt 0.948649 0.286027
vt 0.949232 0.266407
vt 0.952007 0.285777
vt 0.952662 0.266325
vt 0.946058 0.249919
vt 0.950839 0.192156
vt 0.947860 0.191767
vt 0.949687 0.208338
vt 0.952260 0.208723
vt 0.946824 0.208107
vt 0.953678 0.220033
vt 0.950192 0.172205
vt 0.953702 0.156625
vt 0.953327 0.173006
vt 0.956759 0.173832
vt 0.953816 0.192682
vt 0.954817 0.208997
vt 0.956018 0.219706
vt 0.945936 0.313897
vt 0.947181 0.302702
vt 0.944596 0.303142
vt 0.948216 0.311671
vt 0.950003 0.302415
vt 0.939232 0.312259
vt 0.941097 0.314210
vt 0.939182 0.303454
vt 0.942701 0.287002
vt 0.939289 0.287386
vt 0.942968 0.267569
vt 0.939520 0.268249
vt 0.942498 0.251385
vt 0.950003 0.302415
vt 0.956210 0.286235
vt 0.949410 0.315046
vt 0.952663 0.266325
vt 0.956804 0.265502
vt 0.955199 0.248528
vt 0.939414 0.171049
vt 0.951050 0.241432
vt 0.940887 0.242639
vt 0.937008 0.250544
vt 0.955340 0.148063
vt 0.935371 0.267595
vt 0.935070 0.287917
vt 0.939182 0.303454
vt 0.935829 0.304507
vt 0.960986 0.209895
vt 0.939966 0.319767
vt 0.942972 0.320539
vt 0.945936 0.313897
vt 0.946050 0.319625
vt 0.951220 0.219362
s 0
f 26/1/1 100/2/1 149/3/1 97/4/1
f 100/2/2 11/5/2 55/6/2 149/3/2
f 149/3/3 55/6/3 4/7/3 68/8/3
f 97/4/4 149/3/4 68/8/4 12/9/4
f 25/10/5 96/11/5 150/12/5 93/13/5
f 96/11/6 14/14/6 58/15/6 150/12/6
f 150/12/7 58/15/7 8/16/7 71/17/7
f 93/13/8 150/12/8 71/17/8 15/18/8
f 24/19/9 92/20/9 151/21/9 89/22/9
f 92/20/10 17/23/10 61/24/10 151/21/10
f 151/21/11 61/24/11 6/25/11 74/26/11
f 89/22/12 151/21/12 74/26/12 18/27/12
f 23/28/13 88/29/13 152/30/13 85/31/13
f 88/29/14 20/32/14 64/33/14 152/30/14
f 152/30/15 64/33/15 2/34/15 54/35/15
f 85/31/16 152/30/16 54/35/16 10/36/16
f 22/37/17 84/38/17 153/39/17 81/40/17
f 84/38/18 16/41/18 72/42/18 153/39/18
f 153/39/19 72/42/19 5/43/19 63/44/19
f 81/40/20 153/39/20 63/44/20 19/45/20
f 21/46/21 80/47/21 154/48/21 77/49/21
f 80/47/22 11/50/22 67/51/22 154/48/22
f 154/48/23 67/51/23 2/34/23 64/33/23
f 77/49/24 154/48/24 64/33/24 20/32/24
f 17/23/25 79/52/25 155/53/25 61/24/25
f 79/52/26 21/46/26 77/49/26 155/53/26
f 155/53/27 77/49/27 20/32/27 76/54/27
f 61/24/28 155/53/28 76/54/28 6/25/28
f 8/16/29 58/55/29 156/56/29 73/57/29
f 58/55/30 14/58/30 78/59/30 156/56/30
f 156/56/31 78/59/31 21/46/31 79/52/31
f 73/57/32 156/56/32 79/52/32 17/23/32
f 14/58/33 70/60/33 157/61/33 78/59/33
f 70/60/34 4/7/34 55/62/34 157/61/34
f 157/61/35 55/62/35 11/50/35 80/47/35
f 78/59/36 157/61/36 80/47/36 21/46/36
f 9/63/37 83/64/37 158/65/37 53/66/37
f 83/64/38 22/37/38 81/40/38 158/65/38
f 158/65/39 81/40/39 19/45/39 75/67/39
f 53/66/40 158/65/40 75/67/40 1/68/40
f 3/69/41 57/70/41 159/71/41 65/72/41
f 57/70/42 13/73/42 82/74/42 159/71/42
f 159/71/43 82/74/43 22/37/43 83/64/43
f 65/72/44 159/71/44 83/64/44 9/63/44
f 13/73/45 69/75/45 160/76/45 82/74/45
f 69/75/46 7/77/46 60/78/46 160/76/46
f 160/76/47 60/78/47 16/41/47 84/38/47
f 82/74/48 160/76/48 84/38/48 22/37/48
f 19/45/49 87/79/49 161/80/49 75/81/49
f 87/79/50 23/82/50 85/83/50 161/80/50
f 161/80/51 85/83/51 10/84/51 66/85/51
f 75/81/52 161/80/52 66/85/52 1/68/52
f 5/43/53 62/86/53 162/87/53 63/44/53
f 62/86/54 18/88/54 86/89/54 162/87/54
f 162/87/55 86/89/55 23/82/55 87/79/55
f 63/44/56 162/87/56 87/79/56 19/45/56
f 18/27/57 74/26/57 163/90/57 86/91/57
f 74/26/58 6/25/58 76/92/58 163/90/58
f 163/90/59 76/92/59 20/32/59 88/29/59
f 86/91/60 163/90/60 88/29/60 23/28/60
f 16/41/61 91/93/61 164/94/61 72/42/61
f 91/93/62 24/95/62 89/96/62 164/94/62
f 164/94/63 89/96/63 18/88/63 62/86/63
f 72/42/64 164/94/64 62/86/64 5/43/64
f 7/77/65 59/97/65 165/98/65 60/78/65
f 59/97/66 15/99/66 90/100/66 165/98/66
f 165/98/67 90/100/67 24/95/67 91/93/67
f 60/78/68 165/98/68 91/93/68 16/41/68
f 15/18/69 71/17/69 166/101/69 90/102/69
f 71/17/70 8/16/70 73/57/70 166/101/70
f 166/101/71 73/57/71 17/23/71 92/20/71
f 90/102/72 166/101/72 92/20/72 24/19/72
f 13/103/73 95/104/73 167/105/73 69/106/73
f 95/104/74 25/107/74 93/108/74 167/105/74
f 167/105/75 93/108/75 15/99/75 59/97/75
f 69/106/76 167/105/76 59/97/76 7/77/76
f 3/69/77 56/109/77 168/110/77 57/70/77
f 56/109/78 12/111/78 94/112/78 168/110/78
f 168/110/79 94/112/79 25/107/79 95/104/79
f 57/70/80 168/110/80 95/104/80 13/103/80
f 12/9/81 68/8/81 169/113/81 94/114/81
f 68/8/82 4/7/82 70/115/82 169/113/82
f 169/113/83 70/115/83 14/14/83 96/11/83
f 94/114/84 169/113/84 96/11/84 25/10/84
f 9/116/85 99/117/85 170/118/85 65/119/85
f 99/117/86 26/120/86 97/121/86 170/118/86
f 170/118/87 97/121/87 12/111/87 56/109/87
f 65/119/88 170/118/88 56/109/88 3/69/88
f 1/68/89 66/85/89 171/122/89 53/123/89
f 66/85/90 10/84/90 98/124/90 171/122/90
f 171/122/91 98/124/91 26/120/91 99/117/91
f 53/123/92 171/122/92 99/117/92 9/116/92
f 10/36/93 54/35/93 172/125/93 98/126/93
f 54/35/94 2/34/94 67/127/94 172/125/94
f 172/125/95 67/127/95 11/5/95 100/2/95
f 98/126/96 172/125/96 100/2/96 26/1/96
f 52/1/97 145/4/97 173/128/97 148/2/97
f 145/4/98 38/9/98 116/129/98 173/128/98
f 173/128/99 116/129/99 30/130/99 103/131/99
f 148/2/100 173/128/100 103/131/100 37/132/100
f 51/10/101 141/13/101 174/133/101 144/134/101
f 141/13/102 41/18/102 119/135/102 174/133/102
f 174/133/103 119/135/103 34/136/103 106/15/103
f 144/134/104 174/133/104 106/15/104 40/58/104
f 50/19/105 137/22/105 175/137/105 140/138/105
f 137/22/106 44/27/106 122/139/106 175/137/106
f 175/137/107 122/139/107 32/140/107 109/24/107
f 140/138/108 175/137/108 109/24/108 43/23/108
f 49/28/109 133/31/109 176/141/109 136/142/109
f 133/31/110 36/36/110 102/143/110 176/141/110
f 176/141/111 102/143/111 28/34/111 112/144/111
f 136/142/112 176/141/112 112/144/112 46/145/112
f 48/146/113 129/147/113 177/148/113 132/38/113
f 129/147/114 45/149/114 111/150/114 177/148/114
f 177/148/115 111/150/115 31/43/115 120/42/115
f 132/38/116 177/148/116 120/42/116 42/151/116
f 47/152/117 125/153/117 178/154/117 128/155/117
f 125/153/118 46/32/118 112/156/118 178/154/118
f 178/154/119 112/156/119 28/34/119 115/51/119
f 128/155/120 178/154/120 115/51/120 37/157/120
f 43/23/121 109/24/121 179/53/121 127/158/121
f 109/24/122 32/140/122 124/54/122 179/53/122
f 179/53/123 124/54/123 46/32/123 125/153/123
f 127/158/124 179/53/124 125/153/124 47/152/124
f 34/136/125 121/159/125 180/160/125 106/161/125
f 121/159/126 43/23/126 127/158/126 180/160/126
f 180/160/127 127/158/127 47/152/127 126/162/127
f 106/161/128 180/160/128 126/162/128 40/58/128
f 40/58/129 126/162/129 181/163/129 118/115/129
f 126/162/130 47/152/130 128/155/130 181/163/130
f 181/163/131 128/155/131 37/157/131 103/164/131
f 118/115/132 181/163/132 103/164/132 30/130/132
f 35/63/133 101/165/133 182/166/133 131/167/133
f 101/165/134 27/168/134 123/169/134 182/166/134
f 182/166/135 123/169/135 45/149/135 129/147/135
f 131/167/136 182/166/136 129/147/136 48/146/136
f 29/170/137 113/171/137 183/71/137 105/172/137
f 113/171/138 35/63/138 131/167/138 183/71/138
f 183/71/139 131/167/139 48/146/139 130/173/139
f 105/172/140 183/71/140 130/173/140 39/174/140
f 39/174/141 130/173/141 184/175/141 117/176/141
f 130/173/142 48/146/142 132/38/142 184/175/142
f 184/175/143 132/38/143 42/151/143 108/177/143
f 117/176/144 184/175/144 108/177/144 33/77/144
f 45/45/145 123/178/145 185/80/145 135/179/145
f 123/178/146 27/168/146 114/180/146 185/80/146
f 185/80/147 114/180/147 36/84/147 133/83/147
f 135/179/148 185/80/148 133/83/148 49/82/148
f 31/43/149 111/181/149 186/182/149 110/183/149
f 111/181/150 45/45/150 135/179/150 186/182/150
f 186/182/151 135/179/151 49/82/151 134/89/151
f 110/183/152 186/182/152 134/89/152 44/88/152
f 44/27/153 134/91/153 187/184/153 122/139/153
f 134/91/154 49/28/154 136/142/154 187/184/154
f 187/184/155 136/142/155 46/145/155 124/92/155
f 122/139/156 187/184/156 124/92/156 32/140/156
f 42/151/157 120/42/157 188/185/157 139/93/157
f 120/42/158 31/43/158 110/183/158 188/185/158
f 188/185/159 110/183/159 44/88/159 137/96/159
f 139/93/160 188/185/160 137/96/160 50/95/160
f 33/77/161 108/177/161 189/186/161 107/187/161
f 108/177/162 42/151/162 139/93/162 189/186/162
f 189/186/163 139/93/163 50/95/163 138/100/163
f 107/187/164 189/186/164 138/100/164 41/99/164
f 41/18/165 138/102/165 190/188/165 119/135/165
f 138/102/166 50/19/166 140/138/166 190/188/166
f 190/188/167 140/138/167 43/23/167 121/159/167
f 119/135/168 190/188/168 121/159/168 34/136/168
f 39/174/169 117/106/169 191/189/169 143/190/169
f 117/106/170 33/77/170 107/187/170 191/189/170
f 191/189/171 107/187/171 41/99/171 141/108/171
f 143/190/172 191/189/172 141/108/172 51/107/172
f 29/170/173 105/191/173 192/192/173 104/109/173
f 105/191/174 39/174/174 143/190/174 192/192/174
f 192/192/175 143/190/175 51/107/175 142/112/175
f 104/109/176 192/192/176 142/112/176 38/111/176
f 38/9/177 142/114/177 193/193/177 116/129/177
f 142/114/178 51/10/178 144/134/178 193/193/178
f 193/193/179 144/134/179 40/58/179 118/60/179
f 116/129/180 193/193/180 118/60/180 30/130/180
f 35/116/181 113/119/181 194/194/181 147/195/181
f 113/119/182 29/170/182 104/109/182 194/194/182
f 194/194/183 104/109/183 38/111/183 145/121/183
f 147/195/184 194/194/184 145/121/184 52/120/184
f 27/168/185 101/196/185 195/197/185 114/180/185
f 101/196/186 35/116/186 147/195/186 195/197/186
f 195/197/187 147/195/187 52/120/187 146/124/187
f 114/180/188 195/197/188 146/124/188 36/84/188
f 36/36/189 146/126/189 196/125/189 102/143/189
f 146/126/190 52/1/190 148/2/190 196/125/190
f 196/125/191 148/2/191 37/132/191 115/198/191
f 102/143/192 196/125/192 115/198/192 28/34/192
o Krawatte2
v -0.009623 2.117219 0.090872
v -0.024759 2.158446 0.071191
v -0.010816 2.116291 0.087209
v -0.024566 2.155406 0.063849
v 0.007705 2.118029 0.091371
v 0.022155 2.160158 0.073941
v 0.009686 2.116447 0.088199
v 0.021442 2.156870 0.063760
v -0.019201 2.132811 0.087012
v -0.024113 2.147242 0.081738
v -0.025117 2.141201 0.069831
v -0.020230 2.128039 0.077772
v 0.022918 2.142728 0.069738
v 0.018908 2.129284 0.077696
v 0.021728 2.148468 0.081504
v 0.017742 2.133768 0.086814
v 0.000125 2.114702 0.086860
v -0.001562 2.156138 0.063805
v -0.000269 2.118184 0.093121
v -0.001365 2.161343 0.075750
v -0.000766 2.134052 0.089224
v -0.001229 2.148617 0.083932
v -0.000661 2.128662 0.077734
v -0.001100 2.141964 0.069784
v -0.010386 2.116141 0.089326
v -0.028338 2.158430 0.068826
v 0.010108 2.116829 0.090321
v 0.024472 2.160030 0.068610
v 0.021801 2.130429 0.082647
v 0.026399 2.146289 0.074806
v -0.022300 2.129248 0.081978
v -0.028688 2.144613 0.074000
v -0.001933 2.159230 0.068718
v 0.000248 2.114200 0.090062
v -0.025739 2.156048 0.074530
v -0.026755 2.151386 0.064700
v 0.023899 2.152997 0.064602
v 0.022720 2.157353 0.074285
v -0.001559 2.159108 0.079351
v -0.001428 2.152192 0.064651
v 0.027313 2.156699 0.070246
v -0.030779 2.154932 0.069452
v -0.010349 2.119612 0.089407
v -0.010999 2.117961 0.087529
v -0.008596 2.119858 0.090413
v 0.009254 2.119556 0.090808
v 0.011026 2.118408 0.086933
v 0.011540 2.118584 0.089634
v -0.016554 2.099881 0.093570
v -0.017246 2.100549 0.090144
v -0.015249 2.101306 0.096296
v 0.013684 2.102375 0.096619
v 0.016865 2.100293 0.091135
v 0.017571 2.100491 0.094671
v -0.021995 2.078388 0.099499
v -0.022924 2.079286 0.094896
v -0.020242 2.080302 0.103160
v 0.018626 2.081738 0.103595
v 0.022899 2.078941 0.096228
v 0.023848 2.079207 0.100978
v -0.021819 2.058249 0.105192
v -0.022748 2.059146 0.100589
v -0.020066 2.060163 0.108854
v 0.018802 2.061599 0.109288
v 0.023075 2.058802 0.101921
v 0.024024 2.059068 0.106671
v 0.000011 2.119169 0.091955
v 0.000277 2.116399 0.089856
v -0.000307 2.115799 0.086212
v -0.000810 2.102211 0.097617
v -0.000158 2.100132 0.089457
v -0.000836 2.081396 0.104622
v 0.000022 2.078784 0.094304
v -0.000641 2.060440 0.110294
v 0.000190 2.057969 0.100430
v -0.021686 2.042481 0.106858
v -0.022615 2.043379 0.102255
v -0.019933 2.044395 0.110520
v 0.018935 2.045832 0.110955
v 0.023209 2.043034 0.103587
v 0.024158 2.043301 0.108337
v -0.000508 2.044673 0.111960
v 0.001246 2.041645 0.107969
v 0.000323 2.042202 0.102096
vn -0.6567 0.2658 -0.7058
vn 0.0048 -0.2095 -0.9778
vn 0.6986 0.5394 0.4701
vn -0.2062 0.8296 0.5189
vn 0.1461 -0.5626 0.8137
vn -0.0550 0.9788 -0.1975
vn -0.1700 0.1843 0.9681
vn -0.1205 0.3201 0.9397
vn 0.5835 -0.0960 0.8064
vn 0.7891 0.0420 0.6128
vn 0.0846 -0.6060 -0.7910
vn 0.0146 -0.5126 -0.8585
vn -0.7308 -0.6784 -0.0759
vn -0.8252 -0.4864 -0.2872
vn -0.0290 -0.5927 -0.8049
vn 0.1129 0.3264 0.9385
vn 0.1551 0.2113 0.9650
vn 0.0007 0.9840 -0.1783
vn -0.1422 -0.6623 0.7356
vn 0.1491 0.6162 0.7733
vn -0.1588 -0.9818 -0.1038
vn -0.0278 0.8452 -0.5337
vn -0.8377 -0.0772 0.5407
vn -0.7197 -0.2932 0.6293
vn 0.8403 -0.4270 -0.3341
vn 0.7058 -0.6843 -0.1831
vn -0.0278 0.8450 -0.5341
vn 0.2230 -0.9738 -0.0448
vn 0.7102 0.3040 -0.6350
vn -0.5374 0.6627 0.5216
vn -0.8113 0.1835 0.5551
vn 0.8825 -0.2635 -0.3895
vn 0.0125 -0.4482 -0.8938
vn 0.1548 0.5100 0.8461
vn -0.1736 0.5006 0.8481
vn 0.7620 0.2809 0.5834
vn -0.8302 -0.3542 -0.4305
vn 0.2076 0.6503 -0.7307
vn 0.2074 0.8887 -0.4088
vn -0.9217 0.3008 0.2448
vn 0.5554 0.3826 0.7383
vn 0.5529 0.3904 0.7361
vn -0.9244 0.3411 0.1707
vn 0.1017 -0.1969 -0.9751
vn -0.1194 0.3296 0.9365
vn 0.9450 0.2586 -0.2004
vn -0.7902 0.3896 0.4732
vn -0.9771 0.0500 0.2070
vn 0.5243 0.2359 0.8182
vn 0.0895 -0.2134 -0.9728
vn -0.0965 0.3238 0.9412
vn 0.9539 0.2212 -0.2030
vn -0.9110 0.3067 0.2758
vn 0.4828 0.0961 0.8705
vn -0.9086 0.0363 0.4160
vn 0.0774 -0.2758 -0.9581
vn -0.0812 0.2650 0.9608
vn 0.9801 -0.0461 -0.1932
vn -0.9169 0.1011 0.3861
vn 0.0400 0.2667 0.9630
vn -0.0259 -0.2774 -0.9604
vn 0.9807 -0.0123 -0.1953
vn 0.0451 0.1054 0.9934
vn 0.0515 0.3247 0.9444
vn -0.0361 -0.2152 -0.9759
vn 0.0776 0.3250 0.9425
vn -0.0856 -0.1584 -0.9836
vn -0.2050 0.9752 -0.0837
vn -0.1281 0.6020 -0.7881
vn -0.0437 -0.8393 0.5420
vn -0.0408 -0.9906 -0.1303
vn 0.0557 -0.9978 -0.0371
vn 0.0589 -0.7325 0.6783
vn -0.9796 0.0129 0.2003
vn 0.0684 -0.1043 -0.9922
vn -0.0750 0.1042 0.9917
vn -0.0123 -0.1052 -0.9944
vt 0.681694 0.455603
vt 0.682424 0.456698
vt 0.680221 0.458236
vt 0.679625 0.456449
vt 0.636214 0.441127
vt 0.638948 0.436862
vt 0.645177 0.441305
vt 0.645806 0.443090
vt 0.648105 0.442515
vt 0.647657 0.441330
vt 0.649612 0.440348
vt 0.650111 0.441598
vt 0.693482 0.457124
vt 0.691158 0.460980
vt 0.683727 0.457175
vt 0.683926 0.455089
vt 0.654382 0.465459
vt 0.653951 0.461229
vt 0.655303 0.461434
vt 0.658357 0.463400
vt 0.684342 0.465368
vt 0.678459 0.432588
vt 0.687845 0.438347
vt 0.681394 0.443671
vt 0.676872 0.436475
vt 0.693482 0.447711
vt 0.684071 0.450291
vt 0.651283 0.453480
vt 0.654468 0.452657
vt 0.649191 0.446619
vt 0.652880 0.445648
vt 0.651509 0.465579
vt 0.641764 0.459800
vt 0.648526 0.454307
vt 0.652878 0.461536
vt 0.636214 0.450382
vt 0.646060 0.447811
vt 0.675997 0.436946
vt 0.678135 0.444783
vt 0.675805 0.445445
vt 0.675257 0.437687
vt 0.680159 0.451787
vt 0.677255 0.452280
vt 0.667629 0.455492
vt 0.667083 0.444643
vt 0.671832 0.434214
vt 0.662143 0.442406
vt 0.662775 0.453298
vt 0.644497 0.432589
vt 0.652559 0.432845
vt 0.674151 0.432809
vt 0.656937 0.434707
vt 0.677266 0.465211
vt 0.672710 0.463217
vt 0.593461 0.478543
vt 0.589699 0.479551
vt 0.590143 0.475622
vt 0.590839 0.476076
vt 0.586091 0.478155
vt 0.589271 0.474977
vt 0.590480 0.466407
vt 0.588713 0.466945
vt 0.588547 0.456953
vt 0.590612 0.456050
vt 0.619086 0.465661
vt 0.616948 0.466781
vt 0.616024 0.456494
vt 0.618770 0.455371
vt 0.619495 0.474226
vt 0.618695 0.475047
vt 0.624142 0.477318
vt 0.620605 0.474443
vt 0.620945 0.466025
vt 0.628974 0.468729
vt 0.592099 0.466894
vt 0.598695 0.469487
vt 0.587771 0.447977
vt 0.590096 0.447100
vt 0.615077 0.446986
vt 0.618056 0.446610
vt 0.621065 0.455816
vt 0.631906 0.456764
vt 0.592739 0.456469
vt 0.601935 0.457439
vt 0.616585 0.440164
vt 0.618683 0.440803
vt 0.592243 0.447137
vt 0.589365 0.440884
vt 0.591027 0.440721
vt 0.620498 0.446797
vt 0.631752 0.443816
vt 0.601702 0.444244
vt 0.606243 0.457337
vt 0.606243 0.443630
vt 0.577032 0.457822
vt 0.577032 0.444524
vt 0.620452 0.440647
vt 0.612983 0.433585
vt 0.610171 0.469140
vt 0.580732 0.469738
vt 0.616091 0.477832
vt 0.620192 0.478686
vt 0.594377 0.434290
vt 0.589485 0.432588
vt 0.587890 0.441873
vt 0.583848 0.434168
vt 0.618500 0.432588
vt 0.624717 0.433620
s 0
f 238/199/193 222/200/193 200/201/193 232/202/193
f 236/203/194 214/204/194 204/205/194 233/206/194
f 237/207/195 224/208/195 202/209/195 234/210/195
f 235/211/196 216/212/196 198/213/196 231/214/196
f 230/215/197 223/216/197 201/217/197 215/218/197
f 229/219/198 222/200/198 198/213/198 216/212/198
f 215/220/199 217/221/199 205/222/199 197/223/199
f 217/221/200 218/224/200 206/225/200 205/222/200
f 223/216/201 225/226/201 212/227/201 201/217/201
f 225/226/202 226/228/202 211/229/202 212/227/202
f 213/230/203 219/231/203 210/232/203 203/233/203
f 219/231/204 220/234/204 209/235/204 210/232/204
f 221/236/205 227/237/205 208/238/205 199/239/205
f 227/237/206 228/240/206 207/241/206 208/238/206
f 208/238/204 207/241/204 220/242/204 219/243/204
f 199/239/207 208/238/207 219/243/207 213/244/207
f 212/227/208 211/229/208 218/245/208 217/246/208
f 201/217/209 212/227/209 217/246/209 215/218/209
f 224/208/210 229/247/210 216/248/210 202/209/210
f 221/236/211 230/249/211 215/220/211 197/223/211
f 234/210/212 202/209/212 216/248/212 235/250/212
f 232/202/194 200/201/194 214/251/194 236/252/194
f 199/239/213 213/244/213 230/249/213 221/236/213
f 204/205/214 214/204/214 229/247/214 224/208/214
f 205/222/215 206/225/215 228/240/215 227/237/215
f 197/223/216 205/222/216 227/237/216 221/236/216
f 210/232/217 209/235/217 226/228/217 225/226/217
f 203/233/218 210/232/218 225/226/218 223/216/218
f 214/251/219 200/201/219 222/200/219 229/219/219
f 213/230/220 203/233/220 223/216/220 230/215/220
f 233/206/221 204/205/221 224/208/221 237/207/221
f 231/214/222 198/213/222 222/200/222 238/199/222
f 206/225/223 231/214/223 238/199/223 228/240/223
f 209/235/224 233/206/224 237/207/224 226/228/224
f 207/241/225 232/202/225 236/252/225 220/242/225
f 211/229/226 234/210/226 235/250/226 218/245/226
f 218/224/227 235/211/227 231/214/227 206/225/227
f 226/228/228 237/207/228 234/210/228 211/229/228
f 220/234/225 236/203/225 233/206/225 209/235/225
f 228/240/229 238/199/229 232/202/229 207/241/229
f 263/253/230 264/254/230 239/255/230 241/256/230
f 264/254/231 265/257/231 240/258/231 239/255/231
f 245/259/232 246/260/232 252/261/232 251/262/232
f 250/263/233 248/264/233 254/265/233 256/266/233
f 244/267/234 242/268/234 248/264/234 250/263/234
f 239/255/235 240/258/235 246/260/235 245/259/235
f 265/269/236 243/270/236 249/271/236 267/272/236
f 263/253/237 241/256/237 247/273/237 266/274/237
f 243/270/238 244/267/238 250/263/238 249/271/238
f 241/256/239 239/255/239 245/259/239 247/273/239
f 251/262/240 252/261/240 258/275/240 257/276/240
f 256/266/241 254/265/241 260/277/241 262/278/241
f 267/272/242 249/271/242 255/279/242 269/280/242
f 266/274/243 247/273/243 253/281/243 268/282/243
f 249/271/244 250/263/244 256/266/244 255/279/244
f 247/273/245 245/259/245 251/262/245 253/281/245
f 262/278/246 260/277/246 275/283/246 277/284/246
f 259/285/247 257/276/247 272/286/247 274/287/247
f 269/280/248 255/279/248 261/288/248 271/289/248
f 268/282/249 253/281/249 259/285/249 270/290/249
f 255/279/250 256/266/250 262/278/250 261/288/250
f 253/281/251 251/262/251 257/276/251 259/285/251
f 254/265/252 268/291/252 270/292/252 260/277/252
f 252/261/253 269/293/253 271/294/253 258/275/253
f 261/288/254 262/278/254 277/284/254 276/295/254
f 260/277/255 270/292/255 278/296/255 275/283/255
f 248/264/256 266/297/256 268/291/256 254/265/256
f 246/260/257 267/298/257 269/293/257 252/261/257
f 242/268/258 263/299/258 266/297/258 248/264/258
f 240/258/259 265/257/259 267/298/259 246/260/259
f 244/267/260 243/270/260 265/269/260 264/300/260
f 242/268/261 244/267/261 264/300/261 263/299/261
f 278/301/262 274/287/262 272/286/262 279/302/262
f 279/302/263 272/286/263 273/303/263 280/304/263
f 277/284/264 279/305/264 280/306/264 276/295/264
f 275/283/265 278/296/265 279/305/265 277/284/265
f 257/276/266 258/275/266 273/303/266 272/286/266
f 271/289/267 261/288/267 276/295/267 280/306/267
f 270/290/268 259/285/268 274/287/268 278/301/268
f 258/275/269 271/294/269 280/304/269 273/303/269
o laces
v -0.207779 0.102015 0.123656
v -0.208259 0.104173 0.129463
v -0.207593 0.101175 0.138541
v -0.206446 0.096018 0.141812
v -0.205966 0.093859 0.136005
v -0.206633 0.096858 0.126927
v -0.141788 0.126291 0.125691
v -0.141788 0.128502 0.131497
v -0.141788 0.125431 0.140575
v -0.141788 0.120148 0.143846
v -0.141788 0.117937 0.138039
v -0.141788 0.121008 0.128961
v -0.181323 0.120984 0.125691
v -0.161624 0.124912 0.125260
v -0.161624 0.127123 0.131067
v -0.181323 0.123195 0.131498
v -0.181323 0.115701 0.128962
v -0.161624 0.119629 0.128531
v -0.181323 0.114840 0.143847
v -0.161624 0.118768 0.143416
v -0.161624 0.116557 0.137609
v -0.181323 0.112629 0.138040
v -0.161624 0.124051 0.140145
v -0.181323 0.120123 0.140576
v -0.197275 0.113884 0.130332
v -0.195906 0.103469 0.136874
v -0.196877 0.110856 0.139410
v -0.196988 0.111705 0.124526
v -0.196304 0.106497 0.127797
v -0.196192 0.105648 0.142681
v -0.082201 0.103365 0.123656
v -0.081721 0.105523 0.129463
v -0.082388 0.102525 0.138541
v -0.083534 0.097367 0.141812
v -0.084014 0.095209 0.136005
v -0.083348 0.098208 0.126927
v -0.108658 0.122334 0.125691
v -0.128357 0.126261 0.125260
v -0.128357 0.128472 0.131067
v -0.108658 0.124545 0.131498
v -0.108658 0.117051 0.128962
v -0.128357 0.120978 0.128531
v -0.108658 0.116190 0.143847
v -0.128357 0.120118 0.143416
v -0.128357 0.117907 0.137609
v -0.108658 0.113979 0.138040
v -0.128357 0.125401 0.140145
v -0.108658 0.121473 0.140576
v -0.092706 0.115234 0.130332
v -0.094075 0.104819 0.136874
v -0.093104 0.112206 0.139410
v -0.092992 0.113054 0.124526
v -0.093677 0.107847 0.127797
v -0.093788 0.106998 0.142681
v -0.209538 0.106013 0.113530
v -0.208132 0.108255 0.119152
v -0.204246 0.105470 0.127459
v -0.201766 0.100445 0.130142
v -0.203171 0.098204 0.124520
v -0.207057 0.100988 0.116214
v -0.148846 0.134682 0.091890
v -0.146994 0.137001 0.097349
v -0.143729 0.134109 0.105882
v -0.142318 0.128897 0.108957
v -0.144170 0.126578 0.103498
v -0.147435 0.129470 0.094965
v -0.183823 0.127153 0.105594
v -0.167362 0.131634 0.098532
v -0.165509 0.133953 0.103990
v -0.181970 0.129472 0.111053
v -0.182411 0.121941 0.108669
v -0.165950 0.126423 0.101607
v -0.177294 0.121368 0.122661
v -0.160833 0.125849 0.115599
v -0.162686 0.123530 0.110140
v -0.179147 0.119049 0.117202
v -0.162245 0.131061 0.112524
v -0.178705 0.126580 0.119586
v -0.197882 0.120246 0.115592
v -0.193782 0.110045 0.121275
v -0.194246 0.117418 0.123990
v -0.199467 0.117973 0.110036
v -0.197417 0.112873 0.112877
v -0.192196 0.112317 0.126831
v -0.091049 0.119222 0.067459
v -0.088743 0.121514 0.072754
v -0.086108 0.118659 0.081515
v -0.085780 0.113512 0.084981
v -0.088086 0.111220 0.079686
v -0.090721 0.114075 0.070925
v -0.116742 0.136034 0.080775
v -0.131368 0.135368 0.085568
v -0.129515 0.137687 0.091026
v -0.114890 0.138354 0.086234
v -0.115331 0.130823 0.083850
v -0.129956 0.130156 0.088642
v -0.110214 0.130249 0.097842
v -0.124839 0.129583 0.102635
v -0.126692 0.127264 0.097176
v -0.112066 0.127930 0.092383
v -0.126251 0.134794 0.099560
v -0.111625 0.135461 0.094767
v -0.101602 0.132668 0.079730
v -0.100072 0.122323 0.086347
v -0.098713 0.129799 0.088400
v -0.103725 0.130366 0.074369
v -0.102960 0.125193 0.077678
v -0.097949 0.124626 0.091708
v -0.203893 0.118342 0.076799
v -0.205484 0.120708 0.082320
v -0.207371 0.117915 0.091291
v -0.207665 0.112756 0.094742
v -0.206073 0.110390 0.089221
v -0.204187 0.113183 0.080250
v -0.139291 0.137941 0.094658
v -0.140414 0.140304 0.100294
v -0.142951 0.137516 0.109105
v -0.144366 0.132365 0.112280
v -0.143243 0.130003 0.106644
v -0.140706 0.132791 0.097833
v -0.178024 0.136505 0.085143
v -0.158468 0.139235 0.089466
v -0.159591 0.141597 0.095102
v -0.179146 0.138868 0.090779
v -0.179438 0.131354 0.088318
v -0.159882 0.134084 0.092641
v -0.183098 0.130929 0.102765
v -0.163542 0.133659 0.107088
v -0.162420 0.131296 0.101452
v -0.181975 0.128566 0.097129
v -0.162128 0.138809 0.103913
v -0.181684 0.136080 0.099590
v -0.195355 0.130682 0.085808
v -0.196846 0.120371 0.092487
v -0.197503 0.127892 0.094715
v -0.193952 0.128318 0.080241
v -0.194698 0.123162 0.083580
v -0.198249 0.122736 0.098054
v -0.084132 0.106671 0.107026
v -0.084799 0.108925 0.112778
v -0.087970 0.106287 0.121428
v -0.090474 0.101395 0.124327
v -0.089807 0.099140 0.118575
v -0.086636 0.101778 0.109925
v -0.107841 0.128637 0.102633
v -0.126250 0.134814 0.097473
v -0.127373 0.137176 0.103110
v -0.108964 0.131000 0.108269
v -0.109256 0.123487 0.105808
v -0.127664 0.129663 0.100648
v -0.112916 0.123061 0.120255
v -0.131324 0.129238 0.115095
v -0.130201 0.126875 0.109459
v -0.111793 0.120699 0.114619
v -0.129910 0.134388 0.111920
v -0.111501 0.128212 0.117080
v -0.094429 0.119868 0.110978
v -0.098559 0.109875 0.116998
v -0.097344 0.117170 0.119693
v -0.093578 0.117570 0.105273
v -0.095643 0.112574 0.108283
v -0.099409 0.112173 0.122703
v -0.209538 0.118280 0.077285
v -0.208132 0.120127 0.083048
v -0.204246 0.116775 0.091142
v -0.201766 0.111577 0.093472
v -0.203171 0.109729 0.087709
v -0.207057 0.113081 0.079615
v -0.148846 0.148375 0.057677
v -0.146994 0.150312 0.063283
v -0.143729 0.146836 0.071596
v -0.142318 0.141425 0.074304
v -0.144170 0.139488 0.068698
v -0.147435 0.142963 0.060385
v -0.183823 0.139917 0.070828
v -0.167362 0.144876 0.064093
v -0.165509 0.146812 0.069698
v -0.181970 0.141854 0.076434
v -0.182411 0.134506 0.073536
v -0.165950 0.139464 0.066800
v -0.177294 0.132967 0.087455
v -0.160833 0.137925 0.080719
v -0.162686 0.135989 0.075113
v -0.179147 0.131030 0.081849
v -0.162245 0.143337 0.078012
v -0.178705 0.138378 0.084747
v -0.197882 0.132335 0.080325
v -0.193782 0.121766 0.085289
v -0.194246 0.128934 0.088507
v -0.199467 0.130452 0.074625
v -0.197417 0.125167 0.077107
v -0.192196 0.123649 0.090989
v -0.091049 0.134640 0.032237
v -0.088743 0.136561 0.037677
v -0.086108 0.133107 0.046220
v -0.085780 0.127733 0.049322
v -0.088086 0.125813 0.043881
v -0.090721 0.129266 0.035339
v -0.116742 0.150492 0.046683
v -0.131368 0.149496 0.051417
v -0.129515 0.151432 0.057023
v -0.114890 0.152429 0.052288
v -0.115331 0.145081 0.049390
v -0.129956 0.144084 0.054125
v -0.110214 0.143542 0.063309
v -0.124839 0.142545 0.068044
v -0.126692 0.140609 0.062438
v -0.112066 0.141605 0.057703
v -0.126251 0.147957 0.065337
v -0.111625 0.148953 0.060602
v -0.101602 0.147207 0.045408
v -0.100072 0.136428 0.051293
v -0.098713 0.143744 0.053858
v -0.103725 0.145280 0.039900
v -0.102960 0.139890 0.042843
v -0.097949 0.138355 0.056801
v -0.203893 0.133117 0.041494
v -0.205484 0.135096 0.047165
v -0.207370 0.131690 0.055922
v -0.207665 0.126305 0.059007
v -0.206073 0.124326 0.053337
v -0.204187 0.127732 0.044580
v -0.139291 0.151435 0.060664
v -0.140414 0.153403 0.066450
v -0.142951 0.150012 0.075047
v -0.144366 0.144655 0.077859
v -0.143243 0.142687 0.072073
v -0.140706 0.146077 0.063476
v -0.178024 0.150660 0.051072
v -0.158468 0.153084 0.055574
v -0.159591 0.155052 0.061360
v -0.179146 0.152627 0.056858
v -0.179438 0.145302 0.053884
v -0.159882 0.147727 0.058385
v -0.183098 0.143879 0.068267
v -0.163542 0.146304 0.072768
v -0.162420 0.144336 0.066982
v -0.181975 0.141912 0.062481
v -0.162128 0.151662 0.069957
v -0.181684 0.149237 0.065455
v -0.195355 0.144805 0.051334
v -0.196846 0.134057 0.057284
v -0.197503 0.141406 0.060026
v -0.193952 0.142831 0.045616
v -0.194698 0.137457 0.048592
v -0.198249 0.136032 0.063001
v -0.084132 0.119385 0.070842
v -0.084799 0.121236 0.076735
v -0.087970 0.118007 0.085183
v -0.090474 0.112926 0.087737
v -0.089807 0.111074 0.081843
v -0.086636 0.114304 0.073395
v -0.107841 0.141602 0.067977
v -0.126250 0.148121 0.063257
v -0.127373 0.150088 0.069042
v -0.108964 0.143570 0.073763
v -0.109256 0.136245 0.070789
v -0.127664 0.142763 0.066068
v -0.112916 0.134822 0.085172
v -0.131324 0.141340 0.080451
v -0.130201 0.139373 0.074665
v -0.111793 0.132854 0.079386
v -0.129910 0.146698 0.077640
v -0.111501 0.140180 0.082360
v -0.094429 0.132278 0.075696
v -0.098559 0.121893 0.081011
v -0.097344 0.128983 0.084204
v -0.093578 0.130379 0.069846
v -0.095643 0.125187 0.072503
v -0.099409 0.123791 0.086861
v -0.140806 0.160813 0.032802
v -0.161080 0.168320 0.051419
v -0.195252 0.168843 0.082132
v -0.207541 0.156913 0.093655
v -0.190863 0.149166 0.079095
v -0.161080 0.153306 0.051419
v -0.149566 0.165286 0.040846
v -0.181628 0.170049 0.069972
v -0.201799 0.165527 0.088134
v -0.198435 0.150442 0.085806
v -0.178676 0.151664 0.067923
v -0.149566 0.156340 0.040846
v -0.146708 0.161667 0.027428
v -0.166983 0.169174 0.046046
v -0.201260 0.169503 0.076806
v -0.213548 0.157573 0.088329
v -0.196871 0.149826 0.073770
v -0.166983 0.154160 0.046046
v -0.155469 0.166141 0.035473
v -0.187611 0.170764 0.064636
v -0.207807 0.166188 0.082808
v -0.204442 0.151103 0.080481
v -0.184659 0.152379 0.062587
v -0.155469 0.157194 0.035473
v -0.153938 0.161430 0.034462
v -0.169977 0.166740 0.049190
v -0.197078 0.167022 0.073521
v -0.206799 0.158584 0.082637
v -0.193606 0.153105 0.071119
v -0.169977 0.156120 0.049190
v -0.160869 0.164594 0.040826
v -0.186301 0.167899 0.063906
v -0.202257 0.164677 0.078269
v -0.199595 0.154008 0.076428
v -0.183966 0.154895 0.062285
v -0.160869 0.158266 0.040826
v -0.147897 0.160723 0.038904
v -0.164264 0.166141 0.053934
v -0.191825 0.166583 0.078719
v -0.201746 0.157973 0.088022
v -0.188282 0.152381 0.076268
v -0.164264 0.155304 0.053934
v -0.154969 0.163952 0.045398
v -0.180848 0.167435 0.068915
v -0.197111 0.164190 0.083564
v -0.194395 0.153302 0.081685
v -0.178465 0.154164 0.067260
v -0.154969 0.157494 0.045398
v -0.150534 0.164231 0.032960
v -0.126492 0.168200 0.047800
v -0.091597 0.165216 0.077543
v -0.084495 0.154960 0.093989
v -0.104872 0.150793 0.083148
v -0.133331 0.156573 0.054393
v -0.139586 0.166898 0.038832
v -0.104852 0.167537 0.065140
v -0.086449 0.162049 0.084847
v -0.096626 0.150992 0.089144
v -0.116128 0.153845 0.071165
v -0.143661 0.159970 0.042761
v -0.145788 0.159843 0.028199
v -0.121746 0.163812 0.043040
v -0.086840 0.160649 0.072918
v -0.079737 0.150392 0.089364
v -0.100115 0.146225 0.078523
v -0.128585 0.152185 0.049633
v -0.134840 0.162510 0.034071
v -0.100093 0.163019 0.060480
v -0.081692 0.157481 0.080222
v -0.091869 0.146424 0.084519
v -0.111369 0.149327 0.066505
v -0.138915 0.155582 0.038000
v -0.137864 0.159244 0.035658
v -0.119252 0.162317 0.047147
v -0.092217 0.159916 0.070249
v -0.086719 0.151976 0.082981
v -0.102494 0.148750 0.074588
v -0.124546 0.153316 0.052251
v -0.129388 0.161309 0.040204
v -0.102465 0.161733 0.060640
v -0.088232 0.157464 0.075904
v -0.096111 0.148904 0.079230
v -0.111195 0.151133 0.065304
v -0.132543 0.155946 0.043245
v -0.142739 0.163270 0.039462
v -0.123745 0.166405 0.051187
v -0.096168 0.164112 0.074644
v -0.090557 0.156009 0.087637
v -0.106656 0.152717 0.079072
v -0.129148 0.157220 0.056396
v -0.134089 0.165377 0.044102
v -0.106629 0.165923 0.064867
v -0.092101 0.161610 0.080414
v -0.100141 0.152874 0.083809
v -0.115538 0.155106 0.069627
v -0.137308 0.159903 0.047206
v 0.207779 0.102015 0.123656
v 0.208259 0.104173 0.129463
v 0.207593 0.101175 0.138541
v 0.206446 0.096018 0.141812
v 0.205966 0.093859 0.136005
v 0.206633 0.096858 0.126927
v 0.141788 0.126291 0.125691
v 0.141788 0.128502 0.131497
v 0.141788 0.125431 0.140575
v 0.141788 0.120148 0.143846
v 0.141788 0.117937 0.138039
v 0.141788 0.121008 0.128961
v 0.181323 0.120984 0.125691
v 0.161624 0.124912 0.125260
v 0.161624 0.127123 0.131067
v 0.181323 0.123195 0.131498
v 0.181323 0.115701 0.128962
v 0.161624 0.119629 0.128531
v 0.181323 0.114840 0.143847
v 0.161624 0.118768 0.143416
v 0.161624 0.116557 0.137609
v 0.181323 0.112629 0.138040
v 0.161624 0.124051 0.140145
v 0.181323 0.120123 0.140576
v 0.197275 0.113884 0.130332
v 0.195906 0.103469 0.136874
v 0.196877 0.110856 0.139410
v 0.196988 0.111705 0.124526
v 0.196304 0.106497 0.127797
v 0.196192 0.105648 0.142681
v 0.082201 0.103365 0.123656
v 0.081721 0.105523 0.129463
v 0.082388 0.102525 0.138541
v 0.083534 0.097367 0.141812
v 0.084014 0.095209 0.136005
v 0.083348 0.098208 0.126927
v 0.108658 0.122334 0.125691
v 0.128357 0.126261 0.125260
v 0.128357 0.128472 0.131067
v 0.108658 0.124545 0.131498
v 0.108658 0.117051 0.128962
v 0.128357 0.120978 0.128531
v 0.108658 0.116190 0.143847
v 0.128357 0.120118 0.143416
v 0.128357 0.117907 0.137609
v 0.108658 0.113979 0.138040
v 0.128357 0.125401 0.140145
v 0.108658 0.121473 0.140576
v 0.092706 0.115234 0.130332
v 0.094075 0.104819 0.136874
v 0.093104 0.112206 0.139410
v 0.092992 0.113054 0.124526
v 0.093677 0.107847 0.127797
v 0.093788 0.106998 0.142681
v 0.209538 0.106013 0.113530
v 0.208132 0.108255 0.119152
v 0.204246 0.105470 0.127459
v 0.201766 0.100445 0.130142
v 0.203171 0.098204 0.124520
v 0.207057 0.100988 0.116214
v 0.148846 0.134682 0.091890
v 0.146994 0.137001 0.097349
v 0.143729 0.134109 0.105882
v 0.142318 0.128897 0.108957
v 0.144170 0.126578 0.103498
v 0.147435 0.129470 0.094965
v 0.183823 0.127153 0.105594
v 0.167362 0.131634 0.098532
v 0.165509 0.133953 0.103990
v 0.181970 0.129472 0.111053
v 0.182411 0.121941 0.108669
v 0.165950 0.126423 0.101607
v 0.177294 0.121368 0.122661
v 0.160833 0.125849 0.115599
v 0.162686 0.123530 0.110140
v 0.179147 0.119049 0.117202
v 0.162245 0.131061 0.112524
v 0.178705 0.126580 0.119586
v 0.197882 0.120246 0.115592
v 0.193782 0.110045 0.121275
v 0.194246 0.117418 0.123990
v 0.199467 0.117973 0.110036
v 0.197417 0.112873 0.112877
v 0.192196 0.112317 0.126831
v 0.091049 0.119222 0.067459
v 0.088743 0.121514 0.072754
v 0.086108 0.118659 0.081515
v 0.085780 0.113512 0.084981
v 0.088086 0.111220 0.079686
v 0.090721 0.114075 0.070925
v 0.116742 0.136034 0.080775
v 0.131368 0.135368 0.085568
v 0.129515 0.137687 0.091026
v 0.114890 0.138354 0.086234
v 0.115331 0.130823 0.083850
v 0.129956 0.130156 0.088642
v 0.110214 0.130249 0.097842
v 0.124839 0.129583 0.102635
v 0.126692 0.127264 0.097176
v 0.112066 0.127930 0.092383
v 0.126251 0.134794 0.099560
v 0.111625 0.135461 0.094767
v 0.101602 0.132668 0.079730
v 0.100072 0.122323 0.086347
v 0.098713 0.129799 0.088400
v 0.103725 0.130366 0.074369
v 0.102960 0.125193 0.077678
v 0.097949 0.124626 0.091708
v 0.203893 0.118342 0.076799
v 0.205484 0.120708 0.082320
v 0.207371 0.117915 0.091291
v 0.207665 0.112756 0.094742
v 0.206073 0.110390 0.089221
v 0.204187 0.113183 0.080250
v 0.139291 0.137941 0.094658
v 0.140414 0.140304 0.100294
v 0.142951 0.137516 0.109105
v 0.144366 0.132365 0.112280
v 0.143243 0.130003 0.106644
v 0.140706 0.132791 0.097833
v 0.178024 0.136505 0.085143
v 0.158468 0.139235 0.089466
v 0.159591 0.141597 0.095102
v 0.179146 0.138868 0.090779
v 0.179438 0.131354 0.088318
v 0.159882 0.134084 0.092641
v 0.183098 0.130929 0.102765
v 0.163542 0.133659 0.107088
v 0.162420 0.131296 0.101452
v 0.181975 0.128566 0.097129
v 0.162128 0.138809 0.103913
v 0.181684 0.136080 0.099590
v 0.195355 0.130682 0.085808
v 0.196846 0.120371 0.092487
v 0.197503 0.127892 0.094715
v 0.193952 0.128318 0.080241
v 0.194698 0.123162 0.083580
v 0.198249 0.122736 0.098054
v 0.084132 0.106671 0.107026
v 0.084799 0.108925 0.112778
v 0.087970 0.106287 0.121428
v 0.090474 0.101395 0.124327
v 0.089807 0.099140 0.118575
v 0.086636 0.101778 0.109925
v 0.107841 0.128637 0.102633
v 0.126250 0.134814 0.097473
v 0.127373 0.137176 0.103110
v 0.108964 0.131000 0.108269
v 0.109256 0.123487 0.105808
v 0.127664 0.129663 0.100648
v 0.112916 0.123061 0.120255
v 0.131324 0.129238 0.115095
v 0.130201 0.126875 0.109459
v 0.111793 0.120699 0.114619
v 0.129910 0.134388 0.111920
v 0.111501 0.128212 0.117080
v 0.094429 0.119868 0.110978
v 0.098559 0.109875 0.116998
v 0.097344 0.117170 0.119693
v 0.093578 0.117570 0.105273
v 0.095643 0.112574 0.108283
v 0.099409 0.112173 0.122703
v 0.209538 0.118280 0.077285
v 0.208132 0.120127 0.083048
v 0.204246 0.116775 0.091142
v 0.201766 0.111577 0.093472
v 0.203171 0.109729 0.087709
v 0.207057 0.113081 0.079615
v 0.148846 0.148375 0.057677
v 0.146994 0.150312 0.063283
v 0.143729 0.146836 0.071596
v 0.142318 0.141425 0.074304
v 0.144170 0.139488 0.068698
v 0.147435 0.142963 0.060385
v 0.183823 0.139917 0.070828
v 0.167362 0.144876 0.064093
v 0.165509 0.146812 0.069698
v 0.181970 0.141854 0.076434
v 0.182411 0.134506 0.073536
v 0.165950 0.139464 0.066800
v 0.177294 0.132967 0.087455
v 0.160833 0.137925 0.080719
v 0.162686 0.135989 0.075113
v 0.179147 0.131030 0.081849
v 0.162245 0.143337 0.078012
v 0.178705 0.138378 0.084747
v 0.197882 0.132335 0.080325
v 0.193782 0.121766 0.085289
v 0.194246 0.128934 0.088507
v 0.199467 0.130452 0.074625
v 0.197417 0.125167 0.077107
v 0.192196 0.123649 0.090989
v 0.091049 0.134640 0.032237
v 0.088743 0.136561 0.037677
v 0.086108 0.133107 0.046220
v 0.085780 0.127733 0.049322
v 0.088086 0.125813 0.043881
v 0.090721 0.129266 0.035339
v 0.116742 0.150492 0.046683
v 0.131368 0.149496 0.051417
v 0.129515 0.151432 0.057023
v 0.114890 0.152429 0.052288
v 0.115331 0.145081 0.049390
v 0.129956 0.144084 0.054125
v 0.110214 0.143542 0.063309
v 0.124839 0.142545 0.068044
v 0.126692 0.140609 0.062438
v 0.112066 0.141605 0.057703
v 0.126251 0.147957 0.065337
v 0.111625 0.148953 0.060602
v 0.101602 0.147207 0.045408
v 0.100072 0.136428 0.051293
v 0.098713 0.143744 0.053858
v 0.103725 0.145280 0.039900
v 0.102960 0.139890 0.042843
v 0.097949 0.138355 0.056801
v 0.203893 0.133117 0.041494
v 0.205484 0.135096 0.047165
v 0.207370 0.131690 0.055922
v 0.207665 0.126305 0.059007
v 0.206073 0.124326 0.053337
v 0.204187 0.127732 0.044580
v 0.139291 0.151435 0.060664
v 0.140414 0.153403 0.066450
v 0.142951 0.150012 0.075047
v 0.144366 0.144655 0.077859
v 0.143243 0.142687 0.072073
v 0.140706 0.146077 0.063476
v 0.178024 0.150660 0.051072
v 0.158468 0.153084 0.055574
v 0.159591 0.155052 0.061360
v 0.179146 0.152627 0.056858
v 0.179438 0.145302 0.053884
v 0.159882 0.147727 0.058385
v 0.183098 0.143879 0.068267
v 0.163542 0.146304 0.072768
v 0.162420 0.144336 0.066982
v 0.181975 0.141912 0.062481
v 0.162128 0.151662 0.069957
v 0.181684 0.149237 0.065455
v 0.195355 0.144805 0.051334
v 0.196846 0.134057 0.057284
v 0.197503 0.141406 0.060026
v 0.193952 0.142831 0.045616
v 0.194698 0.137457 0.048592
v 0.198249 0.136032 0.063001
v 0.084132 0.119385 0.070842
v 0.084799 0.121236 0.076735
v 0.087970 0.118007 0.085183
v 0.090474 0.112926 0.087737
v 0.089807 0.111074 0.081843
v 0.086636 0.114304 0.073395
v 0.107841 0.141602 0.067977
v 0.126250 0.148121 0.063257
v 0.127373 0.150088 0.069042
v 0.108964 0.143570 0.073763
v 0.109256 0.136245 0.070789
v 0.127664 0.142763 0.066068
v 0.112916 0.134822 0.085172
v 0.131324 0.141340 0.080451
v 0.130201 0.139373 0.074665
v 0.111793 0.132854 0.079386
v 0.129910 0.146698 0.077640
v 0.111501 0.140180 0.082360
v 0.094429 0.132278 0.075696
v 0.098559 0.121893 0.081011
v 0.097344 0.128983 0.084204
v 0.093578 0.130379 0.069846
v 0.095643 0.125187 0.072503
v 0.099409 0.123791 0.086861
v 0.140806 0.160813 0.032802
v 0.161080 0.168320 0.051419
v 0.195252 0.168843 0.082132
v 0.207541 0.156913 0.093655
v 0.190863 0.149166 0.079095
v 0.161080 0.153306 0.051419
v 0.149566 0.165286 0.040846
v 0.181628 0.170049 0.069972
v 0.201799 0.165527 0.088134
v 0.198435 0.150442 0.085806
v 0.178676 0.151664 0.067923
v 0.149566 0.156340 0.040846
v 0.146708 0.161667 0.027428
v 0.166983 0.169174 0.046046
v 0.201260 0.169503 0.076806
v 0.213548 0.157573 0.088329
v 0.196871 0.149826 0.073770
v 0.166983 0.154160 0.046046
v 0.155469 0.166141 0.035473
v 0.187611 0.170764 0.064636
v 0.207807 0.166188 0.082808
v 0.204442 0.151103 0.080481
v 0.184659 0.152379 0.062587
v 0.155469 0.157194 0.035473
v 0.153938 0.161430 0.034462
v 0.169977 0.166740 0.049190
v 0.197078 0.167022 0.073521
v 0.206799 0.158584 0.082637
v 0.193606 0.153105 0.071119
v 0.169977 0.156120 0.049190
v 0.160869 0.164594 0.040826
v 0.186301 0.167899 0.063906
v 0.202257 0.164677 0.078269
v 0.199595 0.154008 0.076428
v 0.183966 0.154895 0.062285
v 0.160869 0.158266 0.040826
v 0.147897 0.160723 0.038904
v 0.164264 0.166141 0.053934
v 0.191825 0.166583 0.078719
v 0.201746 0.157973 0.088022
v 0.188282 0.152381 0.076268
v 0.164264 0.155304 0.053934
v 0.154969 0.163952 0.045398
v 0.180848 0.167435 0.068915
v 0.197111 0.164190 0.083564
v 0.194395 0.153302 0.081685
v 0.178465 0.154164 0.067260
v 0.154969 0.157494 0.045398
v 0.150534 0.164231 0.032960
v 0.126492 0.168200 0.047800
v 0.091597 0.165216 0.077543
v 0.084495 0.154960 0.093989
v 0.104872 0.150793 0.083148
v 0.133331 0.156573 0.054393
v 0.139586 0.166898 0.038832
v 0.104852 0.167537 0.065140
v 0.086449 0.162049 0.084847
v 0.096626 0.150992 0.089144
v 0.116128 0.153845 0.071165
v 0.143661 0.159970 0.042761
v 0.145788 0.159843 0.028199
v 0.121746 0.163812 0.043040
v 0.086840 0.160649 0.072918
v 0.079737 0.150392 0.089364
v 0.100115 0.146225 0.078523
v 0.128585 0.152185 0.049633
v 0.134840 0.162510 0.034071
v 0.100093 0.163019 0.060480
v 0.081692 0.157481 0.080222
v 0.091869 0.146424 0.084519
v 0.111369 0.149327 0.066505
v 0.138915 0.155582 0.038000
v 0.137864 0.159244 0.035658
v 0.119252 0.162317 0.047147
v 0.092217 0.159916 0.070249
v 0.086719 0.151976 0.082981
v 0.102494 0.148750 0.074588
v 0.124546 0.153316 0.052251
v 0.129388 0.161309 0.040204
v 0.102465 0.161733 0.060640
v 0.088232 0.157464 0.075904
v 0.096111 0.148904 0.079230
v 0.111195 0.151133 0.065304
v 0.132543 0.155946 0.043245
v 0.142739 0.163270 0.039462
v 0.123745 0.166405 0.051187
v 0.096168 0.164112 0.074644
v 0.090557 0.156009 0.087637
v 0.106656 0.152717 0.079072
v 0.129148 0.157220 0.056396
v 0.134089 0.165377 0.044102
v 0.106629 0.165923 0.064867
v 0.092101 0.161610 0.080414
v 0.100141 0.152874 0.083809
v 0.115538 0.155106 0.069627
v 0.137308 0.159903 0.047206
vn -0.0572 0.9330 -0.3553
vn 0.0550 -0.5256 -0.8489
vn 0.0572 -0.9330 0.3553
vn -0.0727 0.9447 0.3197
vn 0.0727 -0.9447 -0.3197
vn -0.0550 0.5256 0.8489
vn -0.3520 0.4786 0.8044
vn -0.0860 0.5245 0.8471
vn 0.5222 -0.8049 -0.2819
vn 0.1789 -0.9320 -0.3154
vn -0.5024 0.8162 0.2853
vn -0.1789 0.9320 0.3154
vn 0.4826 -0.8152 0.3201
vn 0.1906 -0.9174 0.3493
vn 0.3502 -0.4791 -0.8049
vn 0.0860 -0.5245 -0.8471
vn -0.4617 0.8259 -0.3236
vn -0.1906 0.9174 -0.3493
vn -0.6184 0.7219 -0.3105
vn 0.4485 -0.4190 -0.7895
vn 0.6409 -0.7043 0.3054
vn -0.6531 0.7064 0.2728
vn 0.6733 -0.6890 -0.2682
vn -0.4506 0.4182 0.7887
vn 0.3520 0.4786 0.8044
vn 0.0860 0.5245 0.8471
vn -0.5222 -0.8049 -0.2819
vn -0.1789 -0.9320 -0.3154
vn 0.5024 0.8162 0.2852
vn 0.1789 0.9320 0.3154
vn -0.4826 -0.8152 0.3201
vn -0.1906 -0.9174 0.3493
vn -0.3502 -0.4791 -0.8049
vn -0.0860 -0.5245 -0.8471
vn 0.4617 0.8259 -0.3236
vn 0.1906 0.9174 -0.3493
vn 0.6184 0.7219 -0.3105
vn -0.4485 -0.4190 -0.7895
vn -0.6409 -0.7043 0.3054
vn 0.6531 0.7064 0.2728
vn -0.6733 -0.6890 -0.2682
vn 0.4506 0.4182 0.7887
vn -0.0124 -0.9472 -0.3205
vn -0.0284 -0.5262 -0.8499
vn -0.0093 0.9345 -0.3558
vn 0.0124 0.9472 0.3205
vn 0.0284 0.5262 0.8499
vn 0.0093 -0.9345 0.3558
vn -0.2593 0.9174 -0.3018
vn -0.2048 -0.5379 -0.8177
vn 0.2593 -0.9174 0.3018
vn -0.0357 0.9422 0.3330
vn 0.0357 -0.9422 -0.3330
vn 0.2048 0.5379 0.8177
vn -0.0448 0.4858 0.8729
vn 0.2044 0.5379 0.8178
vn 0.3789 -0.8189 -0.4311
vn 0.1013 -0.9298 -0.3539
vn -0.3626 0.8281 0.4275
vn -0.1013 0.9298 0.3539
vn 0.5481 -0.8189 0.1703
vn 0.3560 -0.8974 0.2604
vn 0.0432 -0.4862 -0.8728
vn -0.2045 -0.5379 -0.8178
vn -0.5332 0.8270 -0.1783
vn -0.3560 0.8974 -0.2604
vn -0.7689 0.6372 -0.0516
vn 0.1821 -0.4070 -0.8951
vn 0.7857 -0.6174 0.0391
vn -0.5932 0.6438 0.4834
vn 0.6114 -0.6250 -0.4853
vn -0.1841 0.4061 0.8951
vn 0.5552 0.5169 0.6516
vn 0.2396 0.5407 0.8064
vn -0.4669 -0.8753 -0.1262
vn -0.0554 -0.9519 -0.3015
vn 0.4490 0.8832 0.1353
vn 0.0554 0.9519 0.3015
vn -0.1842 -0.8776 0.4426
vn 0.1542 -0.9271 0.3416
vn -0.5536 -0.5172 -0.6527
vn -0.2396 -0.5407 -0.8064
vn 0.1661 0.8833 -0.4384
vn -0.1542 0.9271 -0.3416
vn 0.4006 0.7690 -0.4981
vn -0.7014 -0.4416 -0.5595
vn -0.4190 -0.7574 0.5008
vn 0.6683 0.7432 0.0323
vn -0.6828 -0.7302 -0.0235
vn 0.7028 0.4409 0.5583
vn -0.0698 -0.9526 -0.2962
vn -0.2669 -0.5423 -0.7967
vn -0.1593 0.9269 -0.3398
vn 0.0698 0.9526 0.2962
vn 0.2669 0.5423 0.7967
vn 0.1593 -0.9269 0.3398
vn 0.1582 0.9215 -0.3548
vn 0.1831 -0.5518 -0.8136
vn -0.1582 -0.9215 0.3548
vn -0.0161 0.9546 0.2974
vn 0.0161 -0.9546 -0.2974
vn -0.1831 0.5518 0.8136
vn -0.4951 0.5360 0.6838
vn -0.2526 0.5570 0.7911
vn 0.5054 -0.8523 -0.1347
vn 0.1873 -0.9508 -0.2469
vn -0.4851 0.8626 0.1434
vn -0.1873 0.9508 0.2469
vn 0.3262 -0.8424 0.4290
vn 0.0413 -0.9185 0.3932
vn 0.4933 -0.5363 -0.6849
vn 0.2526 -0.5570 -0.7911
vn -0.3026 0.8518 -0.4276
vn -0.0413 0.9185 -0.3932
vn -0.5471 0.7064 -0.4491
vn 0.6706 -0.4539 -0.5867
vn 0.5752 -0.6847 0.4475
vn -0.7149 0.6970 0.0564
vn 0.7361 -0.6754 -0.0448
vn -0.6729 0.4529 0.5848
vn 0.2043 0.4574 0.8654
vn -0.0567 0.5351 0.8429
vn -0.5322 -0.7465 -0.3993
vn -0.2086 -0.9135 -0.3492
vn 0.5137 0.7602 0.3978
vn 0.2086 0.9135 0.3492
vn -0.6392 -0.7440 0.1945
vn -0.3770 -0.8786 0.2932
vn -0.2025 -0.4581 -0.8655
vn 0.0567 -0.5351 -0.8429
vn 0.6212 0.7569 -0.2030
vn 0.3770 0.8786 -0.2932
vn 0.7565 0.6359 -0.1525
vn -0.2937 -0.3867 -0.8742
vn -0.7749 -0.6159 0.1421
vn 0.6488 0.6333 0.4220
vn -0.6672 -0.6135 -0.4224
vn 0.2958 0.3856 0.8740
vn -0.1501 -0.9294 -0.3373
vn 0.0538 -0.5346 -0.8434
vn 0.2859 0.9027 -0.3215
vn 0.1501 0.9294 0.3373
vn -0.0538 0.5346 0.8434
vn -0.2859 -0.9027 0.3215
vn -0.2593 0.9361 -0.2377
vn -0.2048 -0.4801 -0.8530
vn 0.2593 -0.9361 0.2377
vn -0.0357 0.9170 0.3973
vn 0.0357 -0.9170 -0.3973
vn 0.2048 0.4801 0.8530
vn -0.0448 0.4243 0.9044
vn 0.2044 0.4801 0.8531
vn 0.3789 -0.7872 -0.4866
vn 0.1013 -0.9031 -0.4173
vn -0.3626 0.7966 0.4837
vn -0.1013 0.9031 0.4173
vn 0.5481 -0.8287 0.1133
vn 0.3560 -0.9133 0.1978
vn 0.0432 -0.4248 -0.9043
vn -0.2045 -0.4801 -0.8531
vn -0.5332 0.8374 -0.1208
vn -0.3560 0.9133 -0.1978
vn -0.7689 0.6393 -0.0074
vn 0.1821 -0.3441 -0.9211
vn 0.7857 -0.6186 -0.0037
vn -0.5932 0.6088 0.5267
vn 0.6114 -0.5900 -0.5273
vn -0.1841 0.3432 0.9210
vn 0.5552 0.4706 0.6857
vn 0.2396 0.4836 0.8418
vn -0.4669 -0.8644 -0.1864
vn -0.0554 -0.9288 -0.3665
vn 0.4490 0.8718 0.1960
vn 0.0554 0.9288 0.3665
vn -0.1842 -0.9061 0.3809
vn 0.1542 -0.9485 0.2767
vn -0.5536 -0.4709 -0.6869
vn -0.2396 -0.4836 -0.8418
vn 0.1661 0.9115 -0.3763
vn -0.1542 0.9485 -0.2767
vn 0.4006 0.8016 -0.4438
vn -0.7014 -0.4019 -0.5887
vn -0.4190 -0.7902 0.4472
vn 0.6683 0.7392 0.0836
vn -0.6828 -0.7269 -0.0739
vn 0.7028 0.4013 0.5874
vn -0.0698 -0.9298 -0.3613
vn -0.2669 -0.4860 -0.8322
vn -0.1593 0.9482 -0.2749
vn 0.0698 0.9298 0.3613
vn 0.2669 0.4860 0.8322
vn 0.1593 -0.9482 0.2749
vn 0.1582 0.9438 -0.2902
vn 0.1831 -0.4942 -0.8498
vn -0.1582 -0.9438 0.2902
vn -0.0161 0.9318 0.3627
vn 0.0161 -0.9318 -0.3627
vn -0.1831 0.4942 0.8498
vn -0.4951 0.4874 0.7192
vn -0.2526 0.5010 0.8277
vn 0.5054 -0.8409 -0.1933
vn 0.1873 -0.9314 -0.3120
vn -0.4851 0.8507 0.2026
vn -0.1873 0.9314 0.3120
vn 0.3262 -0.8700 0.3697
vn 0.0413 -0.9435 0.3288
vn 0.4933 -0.4877 -0.7203
vn 0.2526 -0.5010 -0.8277
vn -0.3026 0.8793 -0.3677
vn -0.0413 0.9435 -0.3288
vn -0.5471 0.7357 -0.3992
vn 0.6706 -0.4123 -0.6167
vn 0.5752 -0.7140 0.3991
vn -0.7149 0.6914 0.1044
vn 0.7361 -0.6707 -0.0914
vn -0.6729 0.4114 0.6147
vn 0.2043 0.3965 0.8950
vn -0.0567 0.4756 0.8778
vn -0.5322 -0.7171 -0.4499
vn -0.2086 -0.8872 -0.4114
vn 0.5137 0.7309 0.4494
vn 0.2086 0.8872 0.4114
vn -0.6392 -0.7557 0.1427
vn -0.3770 -0.8968 0.2318
vn -0.2024 -0.3972 -0.8951
vn 0.0567 -0.4756 -0.8778
vn 0.6212 0.7691 -0.1502
vn 0.3770 0.8968 -0.2318
vn 0.7565 0.6449 -0.1082
vn -0.2937 -0.3253 -0.8988
vn -0.7749 -0.6243 0.0992
vn 0.6488 0.6026 0.4647
vn -0.6672 -0.5829 -0.4638
vn 0.2958 0.3243 0.8985
vn -0.1501 -0.9038 -0.4007
vn 0.0538 -0.4751 -0.8783
vn 0.2859 0.9228 -0.2583
vn 0.1501 0.9038 0.4007
vn -0.0538 0.4751 0.8783
vn -0.2859 -0.9228 0.2583
vn 0.0430 -0.9836 -0.1753
vn 0.1684 -0.9279 -0.3326
vn 0.1057 0.9940 0.0284
vn -0.4468 0.6745 0.5877
vn 0.0570 -0.9744 -0.2175
vn -0.1797 0.9309 0.3181
vn -0.1379 -0.9899 0.0328
vn 0.1994 0.9779 -0.0635
vn -0.3649 -0.8805 0.3025
vn -0.0196 -0.9921 -0.1237
vn 0.3053 0.9338 -0.1868
vn 0.0122 0.9934 0.1144
vn -0.6472 -0.0955 -0.7563
vn -0.6581 0.0488 -0.7513
vn -0.6861 -0.0935 -0.7215
vn -0.6465 0.0162 -0.7628
vn -0.6848 0.1057 -0.7210
vn -0.6933 -0.0714 -0.7171
vn -0.6558 -0.1130 -0.7464
vn -0.6827 0.0972 -0.7242
vn -0.6952 0.0808 -0.7143
vn -0.6695 -0.1209 -0.7329
vn -0.6397 -0.0675 -0.7657
vn -0.6871 0.1103 -0.7181
vn 0.6556 0.1335 0.7432
vn 0.6507 0.0865 0.7544
vn 0.6617 -0.1063 0.7422
vn 0.6974 -0.0057 0.7167
vn 0.6560 0.1151 0.7459
vn 0.6884 -0.0522 0.7234
vn 0.6691 0.1111 0.7348
vn 0.6576 -0.1078 0.7456
vn 0.6837 0.0875 0.7245
vn 0.6704 0.1434 0.7280
vn 0.6521 -0.0823 0.7537
vn 0.6673 -0.1009 0.7379
vn -0.0360 0.9767 0.2114
vn 0.0311 0.9920 0.1220
vn -0.0258 0.9852 0.1692
vn 0.1422 0.9898 -0.0079
vn 0.3647 0.8997 -0.2400
vn 0.4650 -0.7180 -0.5180
vn 0.1843 -0.9461 -0.2662
vn 0.0002 -0.9961 -0.0884
vn -0.0847 -0.9963 -0.0116
vn -0.1641 -0.9837 0.0736
vn -0.2539 -0.9475 0.1945
vn -0.1293 0.9368 0.3250
vn -0.5125 -0.8145 0.2719
vn -0.6211 -0.7776 0.0975
vn 0.3644 0.8318 -0.4187
vn 0.7888 0.5558 0.2624
vn -0.5270 -0.8185 0.2290
vn 0.6301 0.7685 -0.1109
vn -0.3250 -0.8183 0.4740
vn 0.2609 0.8254 -0.5007
vn -0.0348 -0.7287 0.6839
vn -0.4536 -0.8293 0.3263
vn 0.1291 0.7900 -0.5994
vn 0.4592 0.8229 -0.3346
vn 0.3865 -0.7151 -0.5825
vn 0.4943 -0.5644 -0.6611
vn 0.4350 -0.7284 -0.5294
vn 0.4580 -0.6052 -0.6511
vn 0.5659 -0.4928 -0.6610
vn 0.4637 -0.6958 -0.5485
vn 0.3715 -0.7556 -0.5395
vn 0.5684 -0.4923 -0.6592
vn 0.5466 -0.5569 -0.6254
vn 0.3844 -0.7683 -0.5118
vn 0.4063 -0.6779 -0.6126
vn 0.5638 -0.5100 -0.6496
vn -0.3386 0.7857 0.5177
vn -0.4041 0.7007 0.5880
vn -0.5400 0.4787 0.6923
vn -0.5126 0.6219 0.5919
vn -0.3795 0.7414 0.5535
vn -0.5337 0.5711 0.6238
vn -0.4025 0.7472 0.5288
vn -0.5222 0.5018 0.6896
vn -0.4493 0.7075 0.5456
vn -0.3629 0.7865 0.4997
vn -0.4952 0.5474 0.6746
vn -0.5484 0.4899 0.6777
vn 0.5133 0.8313 -0.2131
vn 0.4413 0.8401 -0.3154
vn 0.5011 0.8253 -0.2602
vn 0.3092 0.8362 -0.4529
vn 0.0108 0.7602 -0.6496
vn -0.8230 -0.5204 -0.2276
vn -0.6487 -0.7494 0.1323
vn -0.4685 -0.8118 0.3486
vn -0.3724 -0.8212 0.4324
vn -0.2734 -0.8112 0.5169
vn -0.1474 -0.7678 0.6235
vn 0.5999 0.7967 -0.0743
vn 0.0572 0.9330 -0.3553
vn -0.0550 -0.5256 -0.8489
vn -0.0572 -0.9330 0.3553
vn 0.0727 0.9447 0.3197
vn -0.0727 -0.9447 -0.3197
vn 0.0550 0.5256 0.8489
vn 0.5024 0.8162 0.2853
vn -0.5024 0.8162 0.2852
vn 0.0124 -0.9472 -0.3205
vn 0.0284 -0.5262 -0.8499
vn 0.0093 0.9345 -0.3558
vn -0.0124 0.9472 0.3205
vn -0.0284 0.5262 0.8499
vn -0.0093 -0.9345 0.3558
vn 0.2593 0.9174 -0.3018
vn 0.2048 -0.5379 -0.8177
vn -0.2593 -0.9174 0.3018
vn 0.0357 0.9422 0.3330
vn -0.0357 -0.9422 -0.3330
vn -0.2048 0.5379 0.8177
vn 0.0448 0.4858 0.8729
vn -0.2044 0.5379 0.8178
vn -0.3789 -0.8189 -0.4311
vn -0.1013 -0.9298 -0.3539
vn 0.3626 0.8281 0.4275
vn 0.1013 0.9298 0.3539
vn -0.5481 -0.8189 0.1703
vn -0.3560 -0.8974 0.2604
vn -0.0432 -0.4862 -0.8728
vn 0.2045 -0.5379 -0.8178
vn 0.5332 0.8270 -0.1783
vn 0.3560 0.8974 -0.2604
vn 0.7689 0.6372 -0.0516
vn -0.1821 -0.4070 -0.8951
vn -0.7857 -0.6174 0.0391
vn 0.5932 0.6438 0.4834
vn -0.6114 -0.6250 -0.4853
vn 0.1841 0.4061 0.8951
vn -0.5552 0.5169 0.6516
vn -0.2396 0.5407 0.8064
vn 0.4669 -0.8753 -0.1262
vn 0.0554 -0.9519 -0.3015
vn -0.4490 0.8832 0.1353
vn -0.0554 0.9519 0.3015
vn 0.1842 -0.8776 0.4426
vn -0.1542 -0.9271 0.3416
vn 0.5536 -0.5172 -0.6527
vn 0.2396 -0.5407 -0.8064
vn -0.1661 0.8833 -0.4384
vn 0.1542 0.9271 -0.3416
vn -0.4006 0.7690 -0.4981
vn 0.7014 -0.4416 -0.5595
vn 0.4190 -0.7574 0.5008
vn -0.6683 0.7432 0.0323
vn 0.6828 -0.7302 -0.0235
vn -0.7028 0.4409 0.5583
vn 0.0698 -0.9526 -0.2962
vn 0.2669 -0.5423 -0.7967
vn 0.1593 0.9269 -0.3398
vn -0.0698 0.9526 0.2962
vn -0.2669 0.5423 0.7967
vn -0.1593 -0.9269 0.3398
vn -0.1582 0.9215 -0.3548
vn -0.1831 -0.5518 -0.8136
vn 0.1582 -0.9215 0.3548
vn 0.0161 0.9546 0.2974
vn -0.0161 -0.9546 -0.2974
vn 0.1831 0.5518 0.8136
vn 0.4951 0.5360 0.6838
vn 0.2526 0.5570 0.7911
vn -0.5054 -0.8523 -0.1347
vn -0.1873 -0.9508 -0.2469
vn 0.4851 0.8626 0.1434
vn 0.1873 0.9508 0.2469
vn -0.3262 -0.8424 0.4290
vn -0.0413 -0.9185 0.3932
vn -0.4933 -0.5363 -0.6849
vn -0.2526 -0.5570 -0.7911
vn 0.3026 0.8518 -0.4276
vn 0.0413 0.9185 -0.3932
vn 0.5471 0.7064 -0.4491
vn -0.6706 -0.4539 -0.5867
vn -0.5752 -0.6847 0.4475
vn 0.7149 0.6970 0.0564
vn -0.7361 -0.6754 -0.0448
vn 0.6729 0.4529 0.5848
vn -0.2043 0.4574 0.8654
vn 0.0567 0.5351 0.8429
vn 0.5322 -0.7465 -0.3993
vn 0.2086 -0.9135 -0.3492
vn -0.5137 0.7602 0.3978
vn -0.2086 0.9135 0.3492
vn 0.6392 -0.7440 0.1945
vn 0.3770 -0.8786 0.2932
vn 0.2025 -0.4581 -0.8655
vn -0.0567 -0.5351 -0.8429
vn -0.6212 0.7569 -0.2030
vn -0.3770 0.8786 -0.2932
vn -0.7565 0.6359 -0.1525
vn 0.2937 -0.3867 -0.8742
vn 0.7749 -0.6159 0.1421
vn -0.6488 0.6333 0.4220
vn 0.6672 -0.6135 -0.4224
vn -0.2958 0.3856 0.8740
vn 0.1501 -0.9294 -0.3373
vn -0.0538 -0.5346 -0.8434
vn -0.2859 0.9027 -0.3215
vn -0.1501 0.9294 0.3373
vn 0.0538 0.5346 0.8434
vn 0.2859 -0.9027 0.3215
vn 0.2593 0.9361 -0.2377
vn 0.2048 -0.4801 -0.8530
vn -0.2593 -0.9361 0.2377
vn 0.0357 0.9170 0.3973
vn -0.0357 -0.9170 -0.3973
vn -0.2048 0.4801 0.8530
vn 0.0448 0.4243 0.9044
vn -0.2044 0.4801 0.8531
vn -0.3789 -0.7872 -0.4866
vn -0.1013 -0.9031 -0.4173
vn 0.3626 0.7966 0.4837
vn 0.1013 0.9031 0.4173
vn -0.5481 -0.8287 0.1133
vn -0.3560 -0.9133 0.1978
vn -0.0432 -0.4248 -0.9043
vn 0.2045 -0.4801 -0.8531
vn 0.5332 0.8374 -0.1208
vn 0.3560 0.9133 -0.1978
vn 0.7689 0.6393 -0.0074
vn -0.1821 -0.3441 -0.9211
vn -0.7857 -0.6186 -0.0037
vn 0.5932 0.6088 0.5267
vn -0.6114 -0.5900 -0.5273
vn 0.1841 0.3432 0.9210
vn -0.5552 0.4706 0.6857
vn -0.2396 0.4836 0.8418
vn 0.4669 -0.8644 -0.1864
vn 0.0554 -0.9288 -0.3665
vn -0.4490 0.8718 0.1960
vn -0.0554 0.9288 0.3665
vn 0.1842 -0.9061 0.3809
vn -0.1542 -0.9485 0.2767
vn 0.5536 -0.4709 -0.6869
vn 0.2396 -0.4836 -0.8418
vn -0.1661 0.9115 -0.3763
vn 0.1542 0.9485 -0.2767
vn -0.4006 0.8016 -0.4438
vn 0.7014 -0.4019 -0.5887
vn 0.4190 -0.7902 0.4472
vn -0.6683 0.7392 0.0836
vn 0.6828 -0.7269 -0.0739
vn -0.7028 0.4013 0.5874
vn 0.0698 -0.9298 -0.3613
vn 0.2669 -0.4860 -0.8322
vn 0.1593 0.9482 -0.2749
vn -0.0698 0.9298 0.3613
vn -0.2669 0.4860 0.8322
vn -0.1593 -0.9482 0.2749
vn -0.1582 0.9438 -0.2902
vn -0.1831 -0.4942 -0.8498
vn 0.1582 -0.9438 0.2902
vn 0.0161 0.9318 0.3627
vn -0.0161 -0.9318 -0.3627
vn 0.1831 0.4942 0.8498
vn 0.4951 0.4874 0.7192
vn 0.2526 0.5010 0.8277
vn -0.5054 -0.8409 -0.1933
vn -0.1873 -0.9314 -0.3120
vn 0.4851 0.8507 0.2026
vn 0.1873 0.9314 0.3120
vn -0.3262 -0.8700 0.3697
vn -0.0413 -0.9435 0.3288
vn -0.4933 -0.4877 -0.7203
vn -0.2526 -0.5010 -0.8277
vn 0.3026 0.8793 -0.3677
vn 0.0413 0.9435 -0.3288
vn 0.5471 0.7357 -0.3992
vn -0.6706 -0.4123 -0.6167
vn -0.5752 -0.7140 0.3991
vn 0.7149 0.6914 0.1044
vn -0.7361 -0.6707 -0.0914
vn 0.6729 0.4114 0.6147
vn -0.2043 0.3965 0.8950
vn 0.0567 0.4756 0.8778
vn 0.5322 -0.7171 -0.4499
vn 0.2086 -0.8872 -0.4114
vn -0.5137 0.7309 0.4494
vn -0.2086 0.8872 0.4114
vn 0.6392 -0.7557 0.1427
vn 0.3770 -0.8968 0.2318
vn 0.2024 -0.3972 -0.8951
vn -0.0567 -0.4756 -0.8778
vn -0.6212 0.7691 -0.1502
vn -0.3770 0.8968 -0.2318
vn -0.7565 0.6449 -0.1082
vn 0.2937 -0.3253 -0.8988
vn 0.7749 -0.6243 0.0992
vn -0.6488 0.6026 0.4647
vn 0.6672 -0.5829 -0.4638
vn -0.2958 0.3243 0.8985
vn 0.1501 -0.9038 -0.4007
vn -0.0538 -0.4751 -0.8783
vn -0.2859 0.9228 -0.2583
vn -0.1501 0.9038 0.4007
vn 0.0538 0.4751 0.8783
vn 0.2859 -0.9228 0.2583
vn -0.0430 -0.9836 -0.1753
vn -0.1684 -0.9279 -0.3326
vn -0.1057 0.9940 0.0284
vn 0.4468 0.6745 0.5877
vn -0.0570 -0.9744 -0.2175
vn 0.1797 0.9309 0.3181
vn 0.1379 -0.9899 0.0328
vn -0.1994 0.9779 -0.0635
vn 0.3649 -0.8805 0.3025
vn 0.0196 -0.9921 -0.1237
vn -0.3053 0.9338 -0.1868
vn -0.0122 0.9934 0.1144
vn 0.6472 -0.0955 -0.7563
vn 0.6581 0.0488 -0.7513
vn 0.6861 -0.0935 -0.7215
vn 0.6465 0.0162 -0.7628
vn 0.6848 0.1057 -0.7210
vn 0.6933 -0.0714 -0.7171
vn 0.6558 -0.1130 -0.7464
vn 0.6827 0.0972 -0.7242
vn 0.6952 0.0808 -0.7143
vn 0.6695 -0.1209 -0.7329
vn 0.6397 -0.0675 -0.7657
vn 0.6871 0.1103 -0.7181
vn -0.6556 0.1335 0.7432
vn -0.6507 0.0865 0.7544
vn -0.6617 -0.1063 0.7422
vn -0.6974 -0.0057 0.7167
vn -0.6560 0.1151 0.7459
vn -0.6884 -0.0522 0.7234
vn -0.6691 0.1111 0.7348
vn -0.6576 -0.1078 0.7456
vn -0.6837 0.0875 0.7245
vn -0.6704 0.1434 0.7280
vn -0.6521 -0.0823 0.7537
vn -0.6673 -0.1009 0.7379
vn 0.0360 0.9767 0.2114
vn -0.0311 0.9920 0.1220
vn 0.0258 0.9852 0.1692
vn -0.1422 0.9898 -0.0079
vn -0.3647 0.8997 -0.2400
vn -0.4650 -0.7180 -0.5180
vn -0.1843 -0.9461 -0.2662
vn -0.0002 -0.9961 -0.0884
vn 0.0847 -0.9963 -0.0116
vn 0.1641 -0.9837 0.0736
vn 0.2539 -0.9475 0.1945
vn 0.1293 0.9368 0.3250
vn 0.5125 -0.8145 0.2719
vn 0.6211 -0.7776 0.0975
vn -0.3644 0.8318 -0.4187
vn -0.7888 0.5558 0.2624
vn 0.5270 -0.8185 0.2290
vn -0.6301 0.7685 -0.1109
vn 0.3250 -0.8183 0.4740
vn -0.2609 0.8254 -0.5007
vn 0.0348 -0.7287 0.6839
vn 0.4536 -0.8293 0.3263
vn -0.1291 0.7900 -0.5994
vn -0.4592 0.8229 -0.3346
vn -0.3865 -0.7151 -0.5825
vn -0.4943 -0.5644 -0.6611
vn -0.4350 -0.7284 -0.5294
vn -0.4580 -0.6052 -0.6511
vn -0.5659 -0.4928 -0.6610
vn -0.4637 -0.6958 -0.5485
vn -0.3715 -0.7556 -0.5395
vn -0.5684 -0.4923 -0.6592
vn -0.5466 -0.5569 -0.6254
vn -0.3844 -0.7683 -0.5118
vn -0.4063 -0.6779 -0.6126
vn -0.5638 -0.5100 -0.6496
vn 0.3386 0.7857 0.5177
vn 0.4041 0.7007 0.5880
vn 0.5400 0.4787 0.6923
vn 0.5126 0.6219 0.5919
vn 0.3795 0.7414 0.5535
vn 0.5337 0.5711 0.6238
vn 0.4025 0.7472 0.5288
vn 0.5222 0.5018 0.6896
vn 0.4493 0.7075 0.5456
vn 0.3629 0.7865 0.4997
vn 0.4952 0.5474 0.6746
vn 0.5484 0.4899 0.6777
vn -0.5133 0.8313 -0.2131
vn -0.4413 0.8401 -0.3154
vn -0.5011 0.8253 -0.2602
vn -0.3092 0.8362 -0.4529
vn -0.0108 0.7602 -0.6496
vn 0.8230 -0.5204 -0.2276
vn 0.6487 -0.7494 0.1323
vn 0.4685 -0.8118 0.3486
vn 0.3724 -0.8212 0.4324
vn 0.2734 -0.8112 0.5169
vn 0.1474 -0.7678 0.6235
vn -0.5999 0.7967 -0.0743
vt 0.945284 0.122538
vt 0.955709 0.122689
vt 0.955702 0.119229
vt 0.945122 0.119184
vt 0.955674 0.115801
vt 0.944716 0.115868
vt 0.944459 0.110718
vt 0.955684 0.110572
vt 0.955741 0.107188
vt 0.944620 0.107346
vt 0.945007 0.127738
vt 0.955676 0.127961
vt 0.944561 0.131095
vt 0.955576 0.131343
vt 0.923349 0.130350
vt 0.933217 0.130776
vt 0.934268 0.127602
vt 0.924653 0.127291
vt 0.923623 0.115762
vt 0.933499 0.115897
vt 0.933086 0.110652
vt 0.923368 0.110578
vt 0.934831 0.122490
vt 0.925250 0.122157
vt 0.933586 0.107293
vt 0.924244 0.107336
vt 0.924690 0.118885
vt 0.934415 0.119159
vt 0.917413 0.121932
vt 0.916929 0.118496
vt 0.915892 0.115310
vt 0.915716 0.110155
vt 0.916693 0.106968
vt 0.916890 0.127283
vt 0.915623 0.130416
vt 0.984525 0.130433
vt 0.983217 0.127375
vt 0.973597 0.127701
vt 0.974647 0.130875
vt 0.962856 0.127787
vt 0.963220 0.131179
vt 0.984237 0.115841
vt 0.984486 0.110656
vt 0.974762 0.110735
vt 0.974360 0.115977
vt 0.963343 0.110789
vt 0.963127 0.115960
vt 0.982618 0.122240
vt 0.973053 0.122580
vt 0.962654 0.122596
vt 0.983608 0.107415
vt 0.974261 0.107379
vt 0.963221 0.107413
vt 0.983174 0.118965
vt 0.973458 0.119242
vt 0.962803 0.119284
vt 0.990453 0.122007
vt 0.990934 0.118570
vt 0.991967 0.115382
vt 0.992138 0.110227
vt 0.991159 0.107040
vt 0.990981 0.127358
vt 0.992251 0.130490
vt 0.945588 0.019678
vt 0.956059 0.019722
vt 0.956009 0.016344
vt 0.945443 0.016325
vt 0.955886 0.012949
vt 0.944954 0.013027
vt 0.944575 0.007894
vt 0.955798 0.007716
vt 0.955858 0.004337
vt 0.944688 0.004521
vt 0.945273 0.024876
vt 0.955967 0.024939
vt 0.944811 0.028234
vt 0.955817 0.028328
vt 0.924241 0.027506
vt 0.934420 0.028165
vt 0.935413 0.024947
vt 0.925536 0.024467
vt 0.924528 0.013176
vt 0.934673 0.013055
vt 0.934161 0.007805
vt 0.924161 0.008007
vt 0.935953 0.019770
vt 0.926187 0.019431
vt 0.934556 0.004433
vt 0.924944 0.004730
vt 0.925629 0.016233
vt 0.935576 0.016379
vt 0.917610 0.019307
vt 0.917201 0.015780
vt 0.915997 0.012637
vt 0.915633 0.007490
vt 0.916578 0.004295
vt 0.917021 0.024713
vt 0.915623 0.027782
vt 0.983300 0.027772
vt 0.982216 0.024649
vt 0.974111 0.024963
vt 0.974764 0.028235
vt 0.965927 0.025020
vt 0.966017 0.028434
vt 0.983363 0.013087
vt 0.983263 0.007873
vt 0.974949 0.007817
vt 0.974801 0.013123
vt 0.966246 0.007848
vt 0.966105 0.012985
vt 0.981921 0.019512
vt 0.973853 0.019853
vt 0.965885 0.019732
vt 0.982303 0.004664
vt 0.974586 0.004389
vt 0.966258 0.004508
vt 0.982566 0.016283
vt 0.974221 0.016494
vt 0.965950 0.016347
vt 0.991664 0.019130
vt 0.992320 0.015776
vt 0.993169 0.012557
vt 0.992982 0.007415
vt 0.991824 0.004295
vt 0.991920 0.024477
vt 0.993053 0.027657
vt 0.962693 0.070997
vt 0.952357 0.071142
vt 0.952323 0.067721
vt 0.962864 0.067665
vt 0.952265 0.064271
vt 0.963306 0.064372
vt 0.963567 0.059191
vt 0.952237 0.059041
vt 0.952251 0.055646
vt 0.963387 0.055819
vt 0.962980 0.076201
vt 0.952334 0.076357
vt 0.963469 0.079539
vt 0.952293 0.079770
vt 0.985051 0.078577
vt 0.974956 0.079197
vt 0.973762 0.076063
vt 0.983533 0.075632
vt 0.984730 0.064244
vt 0.974612 0.064357
vt 0.975084 0.059135
vt 0.985022 0.059035
vt 0.973132 0.070932
vt 0.982832 0.070544
vt 0.974519 0.055791
vt 0.984033 0.055817
vt 0.983494 0.067308
vt 0.973582 0.067587
vt 0.990591 0.070203
vt 0.991191 0.066785
vt 0.992486 0.063734
vt 0.992718 0.058609
vt 0.991522 0.055518
vt 0.991227 0.075595
vt 0.992813 0.078572
vt 0.923348 0.078883
vt 0.924645 0.075821
vt 0.934260 0.076111
vt 0.933209 0.079286
vt 0.945014 0.076258
vt 0.944520 0.079615
vt 0.923590 0.064296
vt 0.923323 0.059112
vt 0.933042 0.059166
vt 0.933464 0.064412
vt 0.944404 0.059229
vt 0.944667 0.064359
vt 0.925232 0.070687
vt 0.934818 0.071002
vt 0.945276 0.071027
vt 0.924192 0.055869
vt 0.933539 0.055804
vt 0.944598 0.055869
vt 0.924665 0.067416
vt 0.934391 0.067673
vt 0.945108 0.067661
vt 0.917395 0.070480
vt 0.916903 0.067046
vt 0.915859 0.063862
vt 0.915671 0.058708
vt 0.916640 0.055518
vt 0.916882 0.075831
vt 0.915623 0.078967
vt 0.945588 0.038662
vt 0.956059 0.038618
vt 0.956009 0.041996
vt 0.945443 0.042016
vt 0.955886 0.045392
vt 0.944954 0.045313
vt 0.944575 0.050447
vt 0.955798 0.050625
vt 0.955858 0.054004
vt 0.944688 0.053820
vt 0.945273 0.033465
vt 0.955967 0.033401
vt 0.944811 0.030107
vt 0.955817 0.030013
vt 0.924241 0.030834
vt 0.934420 0.030176
vt 0.935413 0.033394
vt 0.925536 0.033873
vt 0.924528 0.045165
vt 0.934673 0.045286
vt 0.934161 0.050536
vt 0.924161 0.050334
vt 0.935953 0.038570
vt 0.926187 0.038909
vt 0.934556 0.053907
vt 0.924944 0.053610
vt 0.925629 0.042108
vt 0.935576 0.041961
vt 0.917610 0.039033
vt 0.917201 0.042560
vt 0.915997 0.045704
vt 0.915633 0.050851
vt 0.916578 0.054046
vt 0.917021 0.033628
vt 0.915623 0.030558
vt 0.983300 0.030569
vt 0.982216 0.033691
vt 0.974111 0.033378
vt 0.974764 0.030105
vt 0.965927 0.033320
vt 0.966017 0.029907
vt 0.983363 0.045253
vt 0.983263 0.050468
vt 0.974949 0.050524
vt 0.974801 0.045218
vt 0.966246 0.050493
vt 0.966105 0.045356
vt 0.981921 0.038828
vt 0.973853 0.038487
vt 0.965885 0.038609
vt 0.982303 0.053676
vt 0.974585 0.053951
vt 0.966258 0.053833
vt 0.982566 0.042057
vt 0.974221 0.041847
vt 0.965950 0.041994
vt 0.991664 0.039210
vt 0.992320 0.042564
vt 0.993169 0.045784
vt 0.992982 0.050925
vt 0.991824 0.054046
vt 0.991920 0.033864
vt 0.993053 0.030683
vt 0.962693 0.096721
vt 0.952357 0.096867
vt 0.952323 0.093446
vt 0.962864 0.093390
vt 0.952265 0.089995
vt 0.963306 0.090096
vt 0.963567 0.084916
vt 0.952237 0.084765
vt 0.952251 0.081371
vt 0.963387 0.081544
vt 0.962980 0.101926
vt 0.952334 0.102081
vt 0.963469 0.105263
vt 0.952293 0.105495
vt 0.985051 0.104301
vt 0.974956 0.104921
vt 0.973762 0.101788
vt 0.983533 0.101357
vt 0.984730 0.089969
vt 0.974612 0.090081
vt 0.975084 0.084860
vt 0.985022 0.084760
vt 0.973132 0.096657
vt 0.982832 0.096269
vt 0.974519 0.081515
vt 0.984033 0.081542
vt 0.983494 0.093033
vt 0.973582 0.093311
vt 0.990591 0.095927
vt 0.991191 0.092510
vt 0.992486 0.089458
vt 0.992718 0.084334
vt 0.991522 0.081243
vt 0.991227 0.101319
vt 0.992813 0.104297
vt 0.923348 0.104608
vt 0.924645 0.101545
vt 0.934260 0.101836
vt 0.933209 0.105011
vt 0.945014 0.101983
vt 0.944520 0.105340
vt 0.923590 0.090021
vt 0.923323 0.084837
vt 0.933042 0.084891
vt 0.933464 0.090136
vt 0.944404 0.084954
vt 0.944667 0.090084
vt 0.925232 0.096411
vt 0.934818 0.096726
vt 0.945276 0.096751
vt 0.924192 0.081593
vt 0.933539 0.081529
vt 0.944598 0.081593
vt 0.924665 0.093141
vt 0.934391 0.093398
vt 0.945108 0.093385
vt 0.917395 0.096204
vt 0.916903 0.092770
vt 0.915859 0.089587
vt 0.915671 0.084433
vt 0.916640 0.081243
vt 0.916882 0.101556
vt 0.915623 0.104691
vt 0.874158 0.012932
vt 0.883658 0.013104
vt 0.884071 0.017794
vt 0.874314 0.017655
vt 0.847071 0.010094
vt 0.851863 0.009998
vt 0.851058 0.015528
vt 0.846917 0.013676
vt 0.817817 0.012602
vt 0.833510 0.011477
vt 0.833571 0.016241
vt 0.817447 0.017278
vt 0.795465 0.012140
vt 0.802157 0.012466
vt 0.801938 0.016986
vt 0.795296 0.017012
vt 0.860429 0.011717
vt 0.860132 0.016458
vt 0.807415 0.012546
vt 0.806994 0.017255
vt 0.889252 0.013249
vt 0.889755 0.017744
vt 0.842065 0.009864
vt 0.842493 0.015395
vt 0.897109 0.013483
vt 0.897508 0.018314
vt 0.809780 0.019049
vt 0.805130 0.019647
vt 0.886483 0.020108
vt 0.881450 0.019390
vt 0.838984 0.017650
vt 0.831310 0.018041
vt 0.892887 0.021055
vt 0.873665 0.019031
vt 0.862414 0.018048
vt 0.846937 0.017615
vt 0.818382 0.018889
vt 0.854777 0.017541
vt 0.799733 0.020525
vt 0.873755 0.011467
vt 0.881294 0.011483
vt 0.847058 0.006976
vt 0.855896 0.009098
vt 0.818526 0.011057
vt 0.831208 0.010227
vt 0.799472 0.009108
vt 0.805274 0.010185
vt 0.862741 0.010596
vt 0.810065 0.011006
vt 0.886452 0.010787
vt 0.838069 0.008772
vt 0.893268 0.010421
vt 0.861534 0.022323
vt 0.853733 0.021771
vt 0.873018 0.023317
vt 0.880865 0.023754
vt 0.885593 0.024309
vt 0.891886 0.025196
vt 0.805597 0.023897
vt 0.800265 0.024787
vt 0.810147 0.023398
vt 0.818980 0.023165
vt 0.832274 0.022300
vt 0.840271 0.021800
vt 0.847053 0.022172
vt 0.817629 0.054673
vt 0.817328 0.049411
vt 0.806354 0.049503
vt 0.806977 0.054749
vt 0.847841 0.056895
vt 0.847883 0.052991
vt 0.843231 0.051184
vt 0.842529 0.057429
vt 0.880136 0.053149
vt 0.880384 0.047915
vt 0.862373 0.049735
vt 0.862665 0.055091
vt 0.905152 0.053039
vt 0.905227 0.047599
vt 0.897796 0.047812
vt 0.897663 0.052836
vt 0.833221 0.050393
vt 0.832969 0.055752
vt 0.892122 0.047585
vt 0.891788 0.052883
vt 0.799956 0.049801
vt 0.800693 0.054789
vt 0.852524 0.051005
vt 0.853216 0.057222
vt 0.791261 0.049493
vt 0.791910 0.054854
vt 0.893708 0.044986
vt 0.888603 0.046073
vt 0.809476 0.048126
vt 0.803945 0.047329
vt 0.865143 0.047982
vt 0.856720 0.048445
vt 0.796786 0.046142
vt 0.830352 0.048893
vt 0.818018 0.048187
vt 0.847704 0.048369
vt 0.879228 0.046610
vt 0.838771 0.049002
vt 0.899846 0.043440
vt 0.809845 0.055981
vt 0.818121 0.055935
vt 0.837678 0.058441
vt 0.847930 0.060854
vt 0.865500 0.056025
vt 0.879311 0.054480
vt 0.893790 0.055375
vt 0.900442 0.056958
vt 0.830183 0.056760
vt 0.888545 0.054321
vt 0.804346 0.057054
vt 0.858098 0.058087
vt 0.796820 0.058225
vt 0.839704 0.044295
vt 0.831110 0.044162
vt 0.818564 0.043483
vt 0.810022 0.043314
vt 0.804935 0.042742
vt 0.797951 0.041660
vt 0.898977 0.038850
vt 0.892899 0.040381
vt 0.887959 0.041324
vt 0.878407 0.041964
vt 0.863988 0.043335
vt 0.855218 0.043887
vt 0.847395 0.043440
s 0
f 295/307/270 288/308/270 287/309/270 294/310/270
f 294/310/271 287/309/271 292/311/271 298/312/271
f 301/313/272 291/314/272 290/315/272 300/316/272
f 303/317/273 289/318/273 288/308/273 295/307/273
f 298/312/274 292/311/274 291/314/274 301/313/274
f 300/319/275 290/320/275 289/318/275 303/317/275
f 310/321/276 299/322/276 304/323/276 307/324/276
f 299/322/277 300/319/277 303/317/277 304/323/277
f 309/325/278 297/326/278 302/327/278 306/328/278
f 297/326/279 298/312/279 301/313/279 302/327/279
f 307/324/280 304/323/280 296/329/280 305/330/280
f 304/323/281 303/317/281 295/307/281 296/329/281
f 306/328/282 302/327/282 299/331/282 310/332/282
f 302/327/283 301/313/283 300/316/283 299/331/283
f 308/333/284 293/334/284 297/326/284 309/325/284
f 293/334/285 294/310/285 298/312/285 297/326/285
f 305/330/286 296/329/286 293/334/286 308/333/286
f 296/329/287 295/307/287 294/310/287 293/334/287
f 282/335/288 305/330/288 308/333/288 281/336/288
f 281/336/289 308/333/289 309/325/289 286/337/289
f 285/338/290 306/328/290 310/332/290 284/339/290
f 283/340/291 307/324/291 305/330/291 282/335/291
f 286/337/292 309/325/292 306/328/292 285/338/292
f 284/341/293 310/321/293 307/324/293 283/340/293
f 334/342/294 331/343/294 328/344/294 323/345/294
f 323/345/295 328/344/295 327/346/295 324/347/295
f 333/348/296 330/349/296 326/350/296 321/351/296
f 321/351/297 326/350/297 325/352/297 322/353/297
f 331/343/298 329/354/298 320/355/298 328/344/298
f 328/344/299 320/355/299 319/356/299 327/346/299
f 330/349/300 334/357/300 323/358/300 326/350/300
f 326/350/301 323/358/301 324/359/301 325/352/301
f 332/360/302 333/348/302 321/351/302 317/361/302
f 317/361/303 321/351/303 322/353/303 318/362/303
f 329/354/304 332/360/304 317/361/304 320/355/304
f 320/355/305 317/361/305 318/362/305 319/356/305
f 312/363/306 311/364/306 332/360/306 329/354/306
f 311/364/307 316/365/307 333/348/307 332/360/307
f 315/366/308 314/367/308 334/357/308 330/349/308
f 313/368/309 312/363/309 329/354/309 331/343/309
f 316/365/310 315/366/310 330/349/310 333/348/310
f 314/369/311 313/368/311 331/343/311 334/342/311
f 291/314/312 292/311/312 322/353/312 325/352/312
f 292/311/313 287/309/313 318/362/313 322/353/313
f 287/309/314 288/308/314 319/356/314 318/362/314
f 288/308/315 289/318/315 327/346/315 319/356/315
f 289/318/316 290/320/316 324/347/316 327/346/316
f 290/315/317 291/314/317 325/352/317 324/359/317
f 349/370/318 342/371/318 341/372/318 348/373/318
f 348/373/319 341/372/319 346/374/319 352/375/319
f 355/376/320 345/377/320 344/378/320 354/379/320
f 357/380/321 343/381/321 342/371/321 349/370/321
f 352/375/322 346/374/322 345/377/322 355/376/322
f 354/382/323 344/383/323 343/381/323 357/380/323
f 364/384/324 353/385/324 358/386/324 361/387/324
f 353/385/325 354/382/325 357/380/325 358/386/325
f 363/388/326 351/389/326 356/390/326 360/391/326
f 351/389/327 352/375/327 355/376/327 356/390/327
f 361/387/328 358/386/328 350/392/328 359/393/328
f 358/386/329 357/380/329 349/370/329 350/392/329
f 360/391/330 356/390/330 353/394/330 364/395/330
f 356/390/331 355/376/331 354/379/331 353/394/331
f 362/396/332 347/397/332 351/389/332 363/388/332
f 347/397/333 348/373/333 352/375/333 351/389/333
f 359/393/334 350/392/334 347/397/334 362/396/334
f 350/392/335 349/370/335 348/373/335 347/397/335
f 336/398/336 359/393/336 362/396/336 335/399/336
f 335/399/337 362/396/337 363/388/337 340/400/337
f 339/401/338 360/391/338 364/395/338 338/402/338
f 337/403/339 361/387/339 359/393/339 336/398/339
f 340/400/340 363/388/340 360/391/340 339/401/340
f 338/404/341 364/384/341 361/387/341 337/403/341
f 388/405/342 385/406/342 382/407/342 377/408/342
f 377/408/343 382/407/343 381/409/343 378/410/343
f 387/411/344 384/412/344 380/413/344 375/414/344
f 375/414/345 380/413/345 379/415/345 376/416/345
f 385/406/346 383/417/346 374/418/346 382/407/346
f 382/407/347 374/418/347 373/419/347 381/409/347
f 384/412/348 388/420/348 377/421/348 380/413/348
f 380/413/349 377/421/349 378/422/349 379/415/349
f 386/423/350 387/411/350 375/414/350 371/424/350
f 371/424/351 375/414/351 376/416/351 372/425/351
f 383/417/352 386/423/352 371/424/352 374/418/352
f 374/418/353 371/424/353 372/425/353 373/419/353
f 366/426/354 365/427/354 386/423/354 383/417/354
f 365/427/355 370/428/355 387/411/355 386/423/355
f 369/429/356 368/430/356 388/420/356 384/412/356
f 367/431/357 366/426/357 383/417/357 385/406/357
f 370/428/358 369/429/358 384/412/358 387/411/358
f 368/432/359 367/431/359 385/406/359 388/405/359
f 345/377/360 346/374/360 376/416/360 379/415/360
f 346/374/361 341/372/361 372/425/361 376/416/361
f 341/372/362 342/371/362 373/419/362 372/425/362
f 342/371/363 343/381/363 381/409/363 373/419/363
f 343/381/364 344/383/364 378/410/364 381/409/364
f 344/378/365 345/377/365 379/415/365 378/422/365
f 403/433/366 396/434/366 395/435/366 402/436/366
f 402/436/367 395/435/367 400/437/367 406/438/367
f 409/439/368 399/440/368 398/441/368 408/442/368
f 411/443/369 397/444/369 396/434/369 403/433/369
f 406/438/370 400/437/370 399/440/370 409/439/370
f 408/445/371 398/446/371 397/444/371 411/443/371
f 418/447/372 407/448/372 412/449/372 415/450/372
f 407/448/373 408/445/373 411/443/373 412/449/373
f 417/451/374 405/452/374 410/453/374 414/454/374
f 405/452/375 406/438/375 409/439/375 410/453/375
f 415/450/376 412/449/376 404/455/376 413/456/376
f 412/449/377 411/443/377 403/433/377 404/455/377
f 414/454/378 410/453/378 407/457/378 418/458/378
f 410/453/379 409/439/379 408/442/379 407/457/379
f 416/459/380 401/460/380 405/452/380 417/451/380
f 401/460/381 402/436/381 406/438/381 405/452/381
f 413/456/382 404/455/382 401/460/382 416/459/382
f 404/455/383 403/433/383 402/436/383 401/460/383
f 390/461/384 413/456/384 416/459/384 389/462/384
f 389/462/385 416/459/385 417/451/385 394/463/385
f 393/464/386 414/454/386 418/458/386 392/465/386
f 391/466/387 415/450/387 413/456/387 390/461/387
f 394/463/388 417/451/388 414/454/388 393/464/388
f 392/467/389 418/447/389 415/450/389 391/466/389
f 442/468/390 439/469/390 436/470/390 431/471/390
f 431/471/391 436/470/391 435/472/391 432/473/391
f 441/474/392 438/475/392 434/476/392 429/477/392
f 429/477/393 434/476/393 433/478/393 430/479/393
f 439/469/394 437/480/394 428/481/394 436/470/394
f 436/470/395 428/481/395 427/482/395 435/472/395
f 438/475/396 442/483/396 431/484/396 434/476/396
f 434/476/397 431/484/397 432/485/397 433/478/397
f 440/486/398 441/474/398 429/477/398 425/487/398
f 425/487/399 429/477/399 430/479/399 426/488/399
f 437/480/400 440/486/400 425/487/400 428/481/400
f 428/481/401 425/487/401 426/488/401 427/482/401
f 420/489/402 419/490/402 440/486/402 437/480/402
f 419/490/403 424/491/403 441/474/403 440/486/403
f 423/492/404 422/493/404 442/483/404 438/475/404
f 421/494/405 420/489/405 437/480/405 439/469/405
f 424/491/406 423/492/406 438/475/406 441/474/406
f 422/495/407 421/494/407 439/469/407 442/468/407
f 399/440/408 400/437/408 430/479/408 433/478/408
f 400/437/409 395/435/409 426/488/409 430/479/409
f 395/435/410 396/434/410 427/482/410 426/488/410
f 396/434/411 397/444/411 435/472/411 427/482/411
f 397/444/412 398/446/412 432/473/412 435/472/412
f 398/441/413 399/440/413 433/478/413 432/485/413
f 457/496/414 450/497/414 449/498/414 456/499/414
f 456/499/415 449/498/415 454/500/415 460/501/415
f 463/502/416 453/503/416 452/504/416 462/505/416
f 465/506/417 451/507/417 450/497/417 457/496/417
f 460/501/418 454/500/418 453/503/418 463/502/418
f 462/508/419 452/509/419 451/507/419 465/506/419
f 472/510/420 461/511/420 466/512/420 469/513/420
f 461/511/421 462/508/421 465/506/421 466/512/421
f 471/514/422 459/515/422 464/516/422 468/517/422
f 459/515/423 460/501/423 463/502/423 464/516/423
f 469/513/424 466/512/424 458/518/424 467/519/424
f 466/512/425 465/506/425 457/496/425 458/518/425
f 468/517/426 464/516/426 461/520/426 472/521/426
f 464/516/427 463/502/427 462/505/427 461/520/427
f 470/522/428 455/523/428 459/515/428 471/514/428
f 455/523/429 456/499/429 460/501/429 459/515/429
f 467/519/430 458/518/430 455/523/430 470/522/430
f 458/518/431 457/496/431 456/499/431 455/523/431
f 444/524/432 467/519/432 470/522/432 443/525/432
f 443/525/433 470/522/433 471/514/433 448/526/433
f 447/527/434 468/517/434 472/521/434 446/528/434
f 445/529/435 469/513/435 467/519/435 444/524/435
f 448/526/436 471/514/436 468/517/436 447/527/436
f 446/530/437 472/510/437 469/513/437 445/529/437
f 496/531/438 493/532/438 490/533/438 485/534/438
f 485/534/439 490/533/439 489/535/439 486/536/439
f 495/537/440 492/538/440 488/539/440 483/540/440
f 483/540/441 488/539/441 487/541/441 484/542/441
f 493/532/442 491/543/442 482/544/442 490/533/442
f 490/533/443 482/544/443 481/545/443 489/535/443
f 492/538/444 496/546/444 485/547/444 488/539/444
f 488/539/445 485/547/445 486/548/445 487/541/445
f 494/549/446 495/537/446 483/540/446 479/550/446
f 479/550/447 483/540/447 484/542/447 480/551/447
f 491/543/448 494/549/448 479/550/448 482/544/448
f 482/544/449 479/550/449 480/551/449 481/545/449
f 474/552/450 473/553/450 494/549/450 491/543/450
f 473/553/451 478/554/451 495/537/451 494/549/451
f 477/555/452 476/556/452 496/546/452 492/538/452
f 475/557/453 474/552/453 491/543/453 493/532/453
f 478/554/454 477/555/454 492/538/454 495/537/454
f 476/558/455 475/557/455 493/532/455 496/531/455
f 453/503/456 454/500/456 484/542/456 487/541/456
f 454/500/457 449/498/457 480/551/457 484/542/457
f 449/498/458 450/497/458 481/545/458 480/551/458
f 450/497/459 451/507/459 489/535/459 481/545/459
f 451/507/460 452/509/460 486/536/460 489/535/460
f 452/504/461 453/503/461 487/541/461 486/548/461
f 511/559/462 504/560/462 503/561/462 510/562/462
f 510/562/463 503/561/463 508/563/463 514/564/463
f 517/565/464 507/566/464 506/567/464 516/568/464
f 519/569/465 505/570/465 504/560/465 511/559/465
f 514/564/466 508/563/466 507/566/466 517/565/466
f 516/571/467 506/572/467 505/570/467 519/569/467
f 526/573/468 515/574/468 520/575/468 523/576/468
f 515/574/469 516/571/469 519/569/469 520/575/469
f 525/577/470 513/578/470 518/579/470 522/580/470
f 513/578/471 514/564/471 517/565/471 518/579/471
f 523/576/472 520/575/472 512/581/472 521/582/472
f 520/575/473 519/569/473 511/559/473 512/581/473
f 522/580/474 518/579/474 515/583/474 526/584/474
f 518/579/475 517/565/475 516/568/475 515/583/475
f 524/585/476 509/586/476 513/578/476 525/577/476
f 509/586/477 510/562/477 514/564/477 513/578/477
f 521/582/478 512/581/478 509/586/478 524/585/478
f 512/581/479 511/559/479 510/562/479 509/586/479
f 498/587/480 521/582/480 524/585/480 497/588/480
f 497/588/481 524/585/481 525/577/481 502/589/481
f 501/590/482 522/580/482 526/584/482 500/591/482
f 499/592/483 523/576/483 521/582/483 498/587/483
f 502/589/484 525/577/484 522/580/484 501/590/484
f 500/593/485 526/573/485 523/576/485 499/592/485
f 550/594/486 547/595/486 544/596/486 539/597/486
f 539/597/487 544/596/487 543/598/487 540/599/487
f 549/600/488 546/601/488 542/602/488 537/603/488
f 537/603/489 542/602/489 541/604/489 538/605/489
f 547/595/490 545/606/490 536/607/490 544/596/490
f 544/596/491 536/607/491 535/608/491 543/598/491
f 546/601/492 550/609/492 539/610/492 542/602/492
f 542/602/493 539/610/493 540/611/493 541/604/493
f 548/612/494 549/600/494 537/603/494 533/613/494
f 533/613/495 537/603/495 538/605/495 534/614/495
f 545/606/496 548/612/496 533/613/496 536/607/496
f 536/607/497 533/613/497 534/614/497 535/608/497
f 528/615/498 527/616/498 548/612/498 545/606/498
f 527/616/499 532/617/499 549/600/499 548/612/499
f 531/618/500 530/619/500 550/609/500 546/601/500
f 529/620/501 528/615/501 545/606/501 547/595/501
f 532/617/502 531/618/502 546/601/502 549/600/502
f 530/621/503 529/620/503 547/595/503 550/594/503
f 507/566/504 508/563/504 538/605/504 541/604/504
f 508/563/505 503/561/505 534/614/505 538/605/505
f 503/561/506 504/560/506 535/608/506 534/614/506
f 504/560/507 505/570/507 543/598/507 535/608/507
f 505/570/508 506/572/508 540/599/508 543/598/508
f 506/567/509 507/566/509 541/604/509 540/611/509
f 561/622/510 555/623/510 567/624/510 573/625/510
f 551/626/511 562/627/511 574/628/511 563/629/511
f 558/630/512 552/631/512 564/632/512 570/633/512
f 554/634/513 559/635/513 571/636/513 566/637/513
f 562/627/514 556/638/514 568/639/514 574/628/514
f 559/635/515 553/640/515 565/641/515 571/636/515
f 555/623/516 560/642/516 572/643/516 567/624/516
f 552/631/517 557/644/517 569/645/517 564/632/517
f 560/642/518 554/646/518 566/647/518 572/643/518
f 556/638/519 561/622/519 573/625/519 568/639/519
f 557/644/520 551/626/520 563/629/520 569/645/520
f 553/640/521 558/630/521 570/633/521 565/641/521
f 571/636/522 565/641/522 577/648/522 583/649/522
f 567/624/523 572/643/523 584/650/523 579/651/523
f 564/632/524 569/645/524 581/652/524 576/653/524
f 572/643/525 566/647/525 578/654/525 584/650/525
f 568/639/526 573/625/526 585/655/526 580/656/526
f 569/645/527 563/629/527 575/657/527 581/652/527
f 565/641/528 570/633/528 582/658/528 577/648/528
f 573/625/529 567/624/529 579/651/529 585/655/529
f 563/629/530 574/628/530 586/659/530 575/657/530
f 570/633/531 564/632/531 576/653/531 582/658/531
f 566/637/532 571/636/532 583/649/532 578/660/532
f 574/628/533 568/639/533 580/656/533 586/659/533
f 555/623/534 561/622/534 597/661/534 591/662/534
f 562/627/535 551/626/535 587/663/535 598/664/535
f 552/631/536 558/630/536 594/665/536 588/666/536
f 559/635/537 554/634/537 590/667/537 595/668/537
f 556/638/538 562/627/538 598/664/538 592/669/538
f 553/640/539 559/635/539 595/668/539 589/670/539
f 560/642/540 555/623/540 591/662/540 596/671/540
f 557/644/541 552/631/541 588/666/541 593/672/541
f 554/646/542 560/642/542 596/671/542 590/673/542
f 561/622/543 556/638/543 592/669/543 597/661/543
f 551/626/544 557/644/544 593/672/544 587/663/544
f 558/630/545 553/640/545 589/670/545 594/665/545
f 586/659/546 580/656/546 592/674/546 598/675/546
f 580/656/547 585/655/547 597/676/547 592/674/547
f 585/655/548 579/651/548 591/677/548 597/676/548
f 579/651/549 584/650/549 596/678/549 591/677/549
f 584/650/550 578/654/550 590/679/550 596/678/550
f 578/660/551 583/649/551 595/680/551 590/681/551
f 583/649/552 577/648/552 589/682/552 595/680/552
f 577/648/553 582/658/553 594/683/553 589/682/553
f 582/658/554 576/653/554 588/684/554 594/683/554
f 576/653/555 581/652/555 593/685/555 588/684/555
f 581/652/556 575/657/556 587/686/556 593/685/556
f 575/657/557 586/659/557 598/675/557 587/686/557
f 609/687/558 621/688/558 615/689/558 603/690/558
f 599/691/559 611/692/559 622/693/559 610/694/559
f 606/695/560 618/696/560 612/697/560 600/698/560
f 602/699/561 614/700/561 619/701/561 607/702/561
f 610/694/562 622/693/562 616/703/562 604/704/562
f 607/702/563 619/701/563 613/705/563 601/706/563
f 603/690/564 615/689/564 620/707/564 608/708/564
f 600/698/565 612/697/565 617/709/565 605/710/565
f 608/708/566 620/707/566 614/711/566 602/712/566
f 604/704/567 616/703/567 621/688/567 609/687/567
f 605/710/568 617/709/568 611/692/568 599/691/568
f 601/706/569 613/705/569 618/696/569 606/695/569
f 619/701/570 631/713/570 625/714/570 613/705/570
f 615/689/571 627/715/571 632/716/571 620/707/571
f 612/697/572 624/717/572 629/718/572 617/709/572
f 620/707/573 632/716/573 626/719/573 614/711/573
f 616/703/574 628/720/574 633/721/574 621/688/574
f 617/709/575 629/718/575 623/722/575 611/692/575
f 613/705/576 625/714/576 630/723/576 618/696/576
f 621/688/577 633/721/577 627/715/577 615/689/577
f 611/692/578 623/722/578 634/724/578 622/693/578
f 618/696/579 630/723/579 624/717/579 612/697/579
f 614/700/580 626/725/580 631/713/580 619/701/580
f 622/693/581 634/724/581 628/720/581 616/703/581
f 603/690/582 639/726/582 645/727/582 609/687/582
f 610/694/583 646/728/583 635/729/583 599/691/583
f 600/698/584 636/730/584 642/731/584 606/695/584
f 607/702/585 643/732/585 638/733/585 602/699/585
f 604/704/586 640/734/586 646/728/586 610/694/586
f 601/706/587 637/735/587 643/732/587 607/702/587
f 608/708/588 644/736/588 639/726/588 603/690/588
f 605/710/589 641/737/589 636/730/589 600/698/589
f 602/712/590 638/738/590 644/736/590 608/708/590
f 609/687/591 645/727/591 640/734/591 604/704/591
f 599/691/592 635/729/592 641/737/592 605/710/592
f 606/695/593 642/731/593 637/735/593 601/706/593
f 634/724/594 646/739/594 640/740/594 628/720/594
f 628/720/595 640/740/595 645/741/595 633/721/595
f 633/721/596 645/741/596 639/742/596 627/715/596
f 627/715/597 639/742/597 644/743/597 632/716/597
f 632/716/598 644/743/598 638/744/598 626/719/598
f 626/725/599 638/745/599 643/746/599 631/713/599
f 631/713/600 643/746/600 637/747/600 625/714/600
f 625/714/601 637/747/601 642/748/601 630/723/601
f 630/723/602 642/748/602 636/749/602 624/717/602
f 624/717/603 636/749/603 641/750/603 629/718/603
f 629/718/604 641/750/604 635/751/604 623/722/604
f 623/722/605 635/751/605 646/739/605 634/724/605
f 661/307/606 660/310/606 653/309/606 654/308/606
f 660/310/607 664/312/607 658/311/607 653/309/607
f 667/313/608 666/316/608 656/315/608 657/314/608
f 669/317/609 661/307/609 654/308/609 655/318/609
f 664/312/610 667/313/610 657/314/610 658/311/610
f 666/319/611 669/317/611 655/318/611 656/320/611
f 676/321/294 673/324/294 670/323/294 665/322/294
f 665/322/295 670/323/295 669/317/295 666/319/295
f 675/325/296 672/328/296 668/327/296 663/326/296
f 663/326/297 668/327/297 667/313/297 664/312/297
f 673/324/612 671/330/612 662/329/612 670/323/612
f 670/323/299 662/329/299 661/307/299 669/317/299
f 672/328/300 676/332/300 665/331/300 668/327/300
f 668/327/301 665/331/301 666/316/301 667/313/301
f 674/333/302 675/325/302 663/326/302 659/334/302
f 659/334/303 663/326/303 664/312/303 660/310/303
f 671/330/304 674/333/304 659/334/304 662/329/304
f 662/329/305 659/334/305 660/310/305 661/307/305
f 648/335/306 647/336/306 674/333/306 671/330/306
f 647/336/307 652/337/307 675/325/307 674/333/307
f 651/338/308 650/339/308 676/332/308 672/328/308
f 649/340/309 648/335/309 671/330/309 673/324/309
f 652/337/310 651/338/310 672/328/310 675/325/310
f 650/341/311 649/340/311 673/324/311 676/321/311
f 700/342/276 689/345/276 694/344/276 697/343/276
f 689/345/277 690/347/277 693/346/277 694/344/277
f 699/348/278 687/351/278 692/350/278 696/349/278
f 687/351/279 688/353/279 691/352/279 692/350/279
f 697/343/613 694/344/613 686/355/613 695/354/613
f 694/344/281 693/346/281 685/356/281 686/355/281
f 696/349/282 692/350/282 689/358/282 700/357/282
f 692/350/283 691/352/283 690/359/283 689/358/283
f 698/360/284 683/361/284 687/351/284 699/348/284
f 683/361/285 684/362/285 688/353/285 687/351/285
f 695/354/286 686/355/286 683/361/286 698/360/286
f 686/355/287 685/356/287 684/362/287 683/361/287
f 678/363/288 695/354/288 698/360/288 677/364/288
f 677/364/289 698/360/289 699/348/289 682/365/289
f 681/366/290 696/349/290 700/357/290 680/367/290
f 679/368/291 697/343/291 695/354/291 678/363/291
f 682/365/292 699/348/292 696/349/292 681/366/292
f 680/369/293 700/342/293 697/343/293 679/368/293
f 657/314/614 691/352/614 688/353/614 658/311/614
f 658/311/615 688/353/615 684/362/615 653/309/615
f 653/309/616 684/362/616 685/356/616 654/308/616
f 654/308/617 685/356/617 693/346/617 655/318/617
f 655/318/618 693/346/618 690/347/618 656/320/618
f 656/315/619 690/359/619 691/352/619 657/314/619
f 715/370/620 714/373/620 707/372/620 708/371/620
f 714/373/621 718/375/621 712/374/621 707/372/621
f 721/376/622 720/379/622 710/378/622 711/377/622
f 723/380/623 715/370/623 708/371/623 709/381/623
f 718/375/624 721/376/624 711/377/624 712/374/624
f 720/382/625 723/380/625 709/381/625 710/383/625
f 730/384/626 727/387/626 724/386/626 719/385/626
f 719/385/627 724/386/627 723/380/627 720/382/627
f 729/388/628 726/391/628 722/390/628 717/389/628
f 717/389/629 722/390/629 721/376/629 718/375/629
f 727/387/630 725/393/630 716/392/630 724/386/630
f 724/386/631 716/392/631 715/370/631 723/380/631
f 726/391/632 730/395/632 719/394/632 722/390/632
f 722/390/633 719/394/633 720/379/633 721/376/633
f 728/396/634 729/388/634 717/389/634 713/397/634
f 713/397/635 717/389/635 718/375/635 714/373/635
f 725/393/636 728/396/636 713/397/636 716/392/636
f 716/392/637 713/397/637 714/373/637 715/370/637
f 702/398/638 701/399/638 728/396/638 725/393/638
f 701/399/639 706/400/639 729/388/639 728/396/639
f 705/401/640 704/402/640 730/395/640 726/391/640
f 703/403/641 702/398/641 725/393/641 727/387/641
f 706/400/642 705/401/642 726/391/642 729/388/642
f 704/404/643 703/403/643 727/387/643 730/384/643
f 754/405/644 743/408/644 748/407/644 751/406/644
f 743/408/645 744/410/645 747/409/645 748/407/645
f 753/411/646 741/414/646 746/413/646 750/412/646
f 741/414/647 742/416/647 745/415/647 746/413/647
f 751/406/648 748/407/648 740/418/648 749/417/648
f 748/407/649 747/409/649 739/419/649 740/418/649
f 750/412/650 746/413/650 743/421/650 754/420/650
f 746/413/651 745/415/651 744/422/651 743/421/651
f 752/423/652 737/424/652 741/414/652 753/411/652
f 737/424/653 738/425/653 742/416/653 741/414/653
f 749/417/654 740/418/654 737/424/654 752/423/654
f 740/418/655 739/419/655 738/425/655 737/424/655
f 732/426/656 749/417/656 752/423/656 731/427/656
f 731/427/657 752/423/657 753/411/657 736/428/657
f 735/429/658 750/412/658 754/420/658 734/430/658
f 733/431/659 751/406/659 749/417/659 732/426/659
f 736/428/660 753/411/660 750/412/660 735/429/660
f 734/432/661 754/405/661 751/406/661 733/431/661
f 711/377/662 745/415/662 742/416/662 712/374/662
f 712/374/663 742/416/663 738/425/663 707/372/663
f 707/372/664 738/425/664 739/419/664 708/371/664
f 708/371/665 739/419/665 747/409/665 709/381/665
f 709/381/666 747/409/666 744/410/666 710/383/666
f 710/378/667 744/422/667 745/415/667 711/377/667
f 769/433/668 768/436/668 761/435/668 762/434/668
f 768/436/669 772/438/669 766/437/669 761/435/669
f 775/439/670 774/442/670 764/441/670 765/440/670
f 777/443/671 769/433/671 762/434/671 763/444/671
f 772/438/672 775/439/672 765/440/672 766/437/672
f 774/445/673 777/443/673 763/444/673 764/446/673
f 784/447/674 781/450/674 778/449/674 773/448/674
f 773/448/675 778/449/675 777/443/675 774/445/675
f 783/451/676 780/454/676 776/453/676 771/452/676
f 771/452/677 776/453/677 775/439/677 772/438/677
f 781/450/678 779/456/678 770/455/678 778/449/678
f 778/449/679 770/455/679 769/433/679 777/443/679
f 780/454/680 784/458/680 773/457/680 776/453/680
f 776/453/681 773/457/681 774/442/681 775/439/681
f 782/459/682 783/451/682 771/452/682 767/460/682
f 767/460/683 771/452/683 772/438/683 768/436/683
f 779/456/684 782/459/684 767/460/684 770/455/684
f 770/455/685 767/460/685 768/436/685 769/433/685
f 756/461/686 755/462/686 782/459/686 779/456/686
f 755/462/687 760/463/687 783/451/687 782/459/687
f 759/464/688 758/465/688 784/458/688 780/454/688
f 757/466/689 756/461/689 779/456/689 781/450/689
f 760/463/690 759/464/690 780/454/690 783/451/690
f 758/467/691 757/466/691 781/450/691 784/447/691
f 808/468/692 797/471/692 802/470/692 805/469/692
f 797/471/693 798/473/693 801/472/693 802/470/693
f 807/474/694 795/477/694 800/476/694 804/475/694
f 795/477/695 796/479/695 799/478/695 800/476/695
f 805/469/696 802/470/696 794/481/696 803/480/696
f 802/470/697 801/472/697 793/482/697 794/481/697
f 804/475/698 800/476/698 797/484/698 808/483/698
f 800/476/699 799/478/699 798/485/699 797/484/699
f 806/486/700 791/487/700 795/477/700 807/474/700
f 791/487/701 792/488/701 796/479/701 795/477/701
f 803/480/702 794/481/702 791/487/702 806/486/702
f 794/481/703 793/482/703 792/488/703 791/487/703
f 786/489/704 803/480/704 806/486/704 785/490/704
f 785/490/705 806/486/705 807/474/705 790/491/705
f 789/492/706 804/475/706 808/483/706 788/493/706
f 787/494/707 805/469/707 803/480/707 786/489/707
f 790/491/708 807/474/708 804/475/708 789/492/708
f 788/495/709 808/468/709 805/469/709 787/494/709
f 765/440/710 799/478/710 796/479/710 766/437/710
f 766/437/711 796/479/711 792/488/711 761/435/711
f 761/435/712 792/488/712 793/482/712 762/434/712
f 762/434/713 793/482/713 801/472/713 763/444/713
f 763/444/714 801/472/714 798/473/714 764/446/714
f 764/441/715 798/485/715 799/478/715 765/440/715
f 823/496/716 822/499/716 815/498/716 816/497/716
f 822/499/717 826/501/717 820/500/717 815/498/717
f 829/502/718 828/505/718 818/504/718 819/503/718
f 831/506/719 823/496/719 816/497/719 817/507/719
f 826/501/720 829/502/720 819/503/720 820/500/720
f 828/508/721 831/506/721 817/507/721 818/509/721
f 838/510/722 835/513/722 832/512/722 827/511/722
f 827/511/723 832/512/723 831/506/723 828/508/723
f 837/514/724 834/517/724 830/516/724 825/515/724
f 825/515/725 830/516/725 829/502/725 826/501/725
f 835/513/726 833/519/726 824/518/726 832/512/726
f 832/512/727 824/518/727 823/496/727 831/506/727
f 834/517/728 838/521/728 827/520/728 830/516/728
f 830/516/729 827/520/729 828/505/729 829/502/729
f 836/522/730 837/514/730 825/515/730 821/523/730
f 821/523/731 825/515/731 826/501/731 822/499/731
f 833/519/732 836/522/732 821/523/732 824/518/732
f 824/518/733 821/523/733 822/499/733 823/496/733
f 810/524/734 809/525/734 836/522/734 833/519/734
f 809/525/735 814/526/735 837/514/735 836/522/735
f 813/527/736 812/528/736 838/521/736 834/517/736
f 811/529/737 810/524/737 833/519/737 835/513/737
f 814/526/738 813/527/738 834/517/738 837/514/738
f 812/530/739 811/529/739 835/513/739 838/510/739
f 862/531/740 851/534/740 856/533/740 859/532/740
f 851/534/741 852/536/741 855/535/741 856/533/741
f 861/537/742 849/540/742 854/539/742 858/538/742
f 849/540/743 850/542/743 853/541/743 854/539/743
f 859/532/744 856/533/744 848/544/744 857/543/744
f 856/533/745 855/535/745 847/545/745 848/544/745
f 858/538/746 854/539/746 851/547/746 862/546/746
f 854/539/747 853/541/747 852/548/747 851/547/747
f 860/549/748 845/550/748 849/540/748 861/537/748
f 845/550/749 846/551/749 850/542/749 849/540/749
f 857/543/750 848/544/750 845/550/750 860/549/750
f 848/544/751 847/545/751 846/551/751 845/550/751
f 840/552/752 857/543/752 860/549/752 839/553/752
f 839/553/753 860/549/753 861/537/753 844/554/753
f 843/555/754 858/538/754 862/546/754 842/556/754
f 841/557/755 859/532/755 857/543/755 840/552/755
f 844/554/756 861/537/756 858/538/756 843/555/756
f 842/558/757 862/531/757 859/532/757 841/557/757
f 819/503/758 853/541/758 850/542/758 820/500/758
f 820/500/759 850/542/759 846/551/759 815/498/759
f 815/498/760 846/551/760 847/545/760 816/497/760
f 816/497/761 847/545/761 855/535/761 817/507/761
f 817/507/762 855/535/762 852/536/762 818/509/762
f 818/504/763 852/548/763 853/541/763 819/503/763
f 877/559/764 876/562/764 869/561/764 870/560/764
f 876/562/765 880/564/765 874/563/765 869/561/765
f 883/565/766 882/568/766 872/567/766 873/566/766
f 885/569/767 877/559/767 870/560/767 871/570/767
f 880/564/768 883/565/768 873/566/768 874/563/768
f 882/571/769 885/569/769 871/570/769 872/572/769
f 892/573/770 889/576/770 886/575/770 881/574/770
f 881/574/771 886/575/771 885/569/771 882/571/771
f 891/577/772 888/580/772 884/579/772 879/578/772
f 879/578/773 884/579/773 883/565/773 880/564/773
f 889/576/774 887/582/774 878/581/774 886/575/774
f 886/575/775 878/581/775 877/559/775 885/569/775
f 888/580/776 892/584/776 881/583/776 884/579/776
f 884/579/777 881/583/777 882/568/777 883/565/777
f 890/585/778 891/577/778 879/578/778 875/586/778
f 875/586/779 879/578/779 880/564/779 876/562/779
f 887/582/780 890/585/780 875/586/780 878/581/780
f 878/581/781 875/586/781 876/562/781 877/559/781
f 864/587/782 863/588/782 890/585/782 887/582/782
f 863/588/783 868/589/783 891/577/783 890/585/783
f 867/590/784 866/591/784 892/584/784 888/580/784
f 865/592/785 864/587/785 887/582/785 889/576/785
f 868/589/786 867/590/786 888/580/786 891/577/786
f 866/593/787 865/592/787 889/576/787 892/573/787
f 916/594/788 905/597/788 910/596/788 913/595/788
f 905/597/789 906/599/789 909/598/789 910/596/789
f 915/600/790 903/603/790 908/602/790 912/601/790
f 903/603/791 904/605/791 907/604/791 908/602/791
f 913/595/792 910/596/792 902/607/792 911/606/792
f 910/596/793 909/598/793 901/608/793 902/607/793
f 912/601/794 908/602/794 905/610/794 916/609/794
f 908/602/795 907/604/795 906/611/795 905/610/795
f 914/612/796 899/613/796 903/603/796 915/600/796
f 899/613/797 900/614/797 904/605/797 903/603/797
f 911/606/798 902/607/798 899/613/798 914/612/798
f 902/607/799 901/608/799 900/614/799 899/613/799
f 894/615/800 911/606/800 914/612/800 893/616/800
f 893/616/801 914/612/801 915/600/801 898/617/801
f 897/618/802 912/601/802 916/609/802 896/619/802
f 895/620/803 913/595/803 911/606/803 894/615/803
f 898/617/804 915/600/804 912/601/804 897/618/804
f 896/621/805 916/594/805 913/595/805 895/620/805
f 873/566/806 907/604/806 904/605/806 874/563/806
f 874/563/807 904/605/807 900/614/807 869/561/807
f 869/561/808 900/614/808 901/608/808 870/560/808
f 870/560/809 901/608/809 909/598/809 871/570/809
f 871/570/810 909/598/810 906/599/810 872/572/810
f 872/567/811 906/611/811 907/604/811 873/566/811
f 927/622/812 939/625/812 933/624/812 921/623/812
f 917/626/813 929/629/813 940/628/813 928/627/813
f 924/630/814 936/633/814 930/632/814 918/631/814
f 920/634/815 932/637/815 937/636/815 925/635/815
f 928/627/816 940/628/816 934/639/816 922/638/816
f 925/635/817 937/636/817 931/641/817 919/640/817
f 921/623/818 933/624/818 938/643/818 926/642/818
f 918/631/819 930/632/819 935/645/819 923/644/819
f 926/642/820 938/643/820 932/647/820 920/646/820
f 922/638/821 934/639/821 939/625/821 927/622/821
f 923/644/822 935/645/822 929/629/822 917/626/822
f 919/640/823 931/641/823 936/633/823 924/630/823
f 937/636/824 949/649/824 943/648/824 931/641/824
f 933/624/825 945/651/825 950/650/825 938/643/825
f 930/632/826 942/653/826 947/652/826 935/645/826
f 938/643/827 950/650/827 944/654/827 932/647/827
f 934/639/828 946/656/828 951/655/828 939/625/828
f 935/645/829 947/652/829 941/657/829 929/629/829
f 931/641/830 943/648/830 948/658/830 936/633/830
f 939/625/831 951/655/831 945/651/831 933/624/831
f 929/629/832 941/657/832 952/659/832 940/628/832
f 936/633/833 948/658/833 942/653/833 930/632/833
f 932/637/834 944/660/834 949/649/834 937/636/834
f 940/628/835 952/659/835 946/656/835 934/639/835
f 921/623/836 957/662/836 963/661/836 927/622/836
f 928/627/837 964/664/837 953/663/837 917/626/837
f 918/631/838 954/666/838 960/665/838 924/630/838
f 925/635/839 961/668/839 956/667/839 920/634/839
f 922/638/840 958/669/840 964/664/840 928/627/840
f 919/640/841 955/670/841 961/668/841 925/635/841
f 926/642/842 962/671/842 957/662/842 921/623/842
f 923/644/843 959/672/843 954/666/843 918/631/843
f 920/646/844 956/673/844 962/671/844 926/642/844
f 927/622/845 963/661/845 958/669/845 922/638/845
f 917/626/846 953/663/846 959/672/846 923/644/846
f 924/630/847 960/665/847 955/670/847 919/640/847
f 952/659/848 964/675/848 958/674/848 946/656/848
f 946/656/849 958/674/849 963/676/849 951/655/849
f 951/655/850 963/676/850 957/677/850 945/651/850
f 945/651/851 957/677/851 962/678/851 950/650/851
f 950/650/852 962/678/852 956/679/852 944/654/852
f 944/660/853 956/681/853 961/680/853 949/649/853
f 949/649/854 961/680/854 955/682/854 943/648/854
f 943/648/855 955/682/855 960/683/855 948/658/855
f 948/658/856 960/683/856 954/684/856 942/653/856
f 942/653/857 954/684/857 959/685/857 947/652/857
f 947/652/858 959/685/858 953/686/858 941/657/858
f 941/657/859 953/686/859 964/675/859 952/659/859
f 975/687/860 969/690/860 981/689/860 987/688/860
f 965/691/861 976/694/861 988/693/861 977/692/861
f 972/695/862 966/698/862 978/697/862 984/696/862
f 968/699/863 973/702/863 985/701/863 980/700/863
f 976/694/864 970/704/864 982/703/864 988/693/864
f 973/702/865 967/706/865 979/705/865 985/701/865
f 969/690/866 974/708/866 986/707/866 981/689/866
f 966/698/867 971/710/867 983/709/867 978/697/867
f 974/708/868 968/712/868 980/711/868 986/707/868
f 970/704/869 975/687/869 987/688/869 982/703/869
f 971/710/870 965/691/870 977/692/870 983/709/870
f 967/706/871 972/695/871 984/696/871 979/705/871
f 985/701/872 979/705/872 991/714/872 997/713/872
f 981/689/873 986/707/873 998/716/873 993/715/873
f 978/697/874 983/709/874 995/718/874 990/717/874
f 986/707/875 980/711/875 992/719/875 998/716/875
f 982/703/876 987/688/876 999/721/876 994/720/876
f 983/709/877 977/692/877 989/722/877 995/718/877
f 979/705/878 984/696/878 996/723/878 991/714/878
f 987/688/879 981/689/879 993/715/879 999/721/879
f 977/692/880 988/693/880 1000/724/880 989/722/880
f 984/696/881 978/697/881 990/717/881 996/723/881
f 980/700/882 985/701/882 997/713/882 992/725/882
f 988/693/883 982/703/883 994/720/883 1000/724/883
f 969/690/884 975/687/884 1011/727/884 1005/726/884
f 976/694/885 965/691/885 1001/729/885 1012/728/885
f 966/698/886 972/695/886 1008/731/886 1002/730/886
f 973/702/887 968/699/887 1004/733/887 1009/732/887
f 970/704/888 976/694/888 1012/728/888 1006/734/888
f 967/706/889 973/702/889 1009/732/889 1003/735/889
f 974/708/890 969/690/890 1005/726/890 1010/736/890
f 971/710/891 966/698/891 1002/730/891 1007/737/891
f 968/712/892 974/708/892 1010/736/892 1004/738/892
f 975/687/893 970/704/893 1006/734/893 1011/727/893
f 965/691/894 971/710/894 1007/737/894 1001/729/894
f 972/695/895 967/706/895 1003/735/895 1008/731/895
f 1000/724/896 994/720/896 1006/740/896 1012/739/896
f 994/720/897 999/721/897 1011/741/897 1006/740/897
f 999/721/898 993/715/898 1005/742/898 1011/741/898
f 993/715/899 998/716/899 1010/743/899 1005/742/899
f 998/716/900 992/719/900 1004/744/900 1010/743/900
f 992/725/901 997/713/901 1009/746/901 1004/745/901
f 997/713/902 991/714/902 1003/747/902 1009/746/902
f 991/714/903 996/723/903 1008/748/903 1003/747/903
f 996/723/904 990/717/904 1002/749/904 1008/748/904
f 990/717/905 995/718/905 1007/750/905 1002/749/905
f 995/718/906 989/722/906 1001/751/906 1007/750/906
f 989/722/907 1000/724/907 1012/739/907 1001/751/907
o legs
v 0.146691 1.272043 -0.225324
v 0.093689 1.273422 -0.215557
v 0.047079 1.277395 -0.187432
v 0.012485 1.280096 -0.146074
v -0.005923 1.282240 -0.096659
v -0.005923 1.283454 -0.026600
v 0.012485 1.280557 0.031085
v 0.047079 1.279237 0.063072
v 0.093689 1.279237 0.091489
v 0.146691 1.279237 0.101358
v 0.199693 1.279237 0.091489
v 0.246302 1.279237 0.063072
v 0.280896 1.280557 0.031085
v 0.299304 1.283454 -0.026600
v 0.299304 1.282240 -0.096659
v 0.280896 1.280096 -0.146074
v 0.246302 1.277395 -0.187432
v 0.199693 1.273422 -0.215557
v 0.146467 1.145048 -0.202274
v 0.096680 1.145048 -0.193004
v 0.052898 1.145048 -0.166311
v 0.020401 1.144258 -0.125838
v 0.003110 1.143131 -0.076274
v 0.003110 1.144023 -0.017859
v 0.020401 1.145048 0.037242
v 0.052898 1.145048 0.078138
v 0.096680 1.145048 0.104831
v 0.146467 1.145048 0.114101
v 0.196255 1.145048 0.104831
v 0.240037 1.145048 0.078138
v 0.272534 1.145048 0.037242
v 0.289825 1.144023 -0.017859
v 0.289825 1.143131 -0.076274
v 0.272534 1.144258 -0.125838
v 0.240037 1.145048 -0.166311
v 0.196255 1.145048 -0.193004
v 0.140232 0.834291 -0.138372
v 0.102871 0.834291 -0.131427
v 0.070017 0.834291 -0.111430
v 0.045632 0.834291 -0.081405
v 0.032657 0.834291 -0.047578
v 0.032657 0.834291 -0.013890
v 0.045632 0.834291 0.019045
v 0.070017 0.834291 0.049046
v 0.102871 0.834291 0.069077
v 0.140232 0.834291 0.076033
v 0.177592 0.834291 0.069077
v 0.210446 0.834291 0.049046
v 0.234831 0.834291 0.019045
v 0.247806 0.834291 -0.013890
v 0.247806 0.834291 -0.047578
v 0.234831 0.834291 -0.081405
v 0.210446 0.834291 -0.111430
v 0.177592 0.834291 -0.131427
v 0.140232 0.740570 -0.123904
v 0.108939 0.740570 -0.118078
v 0.081421 0.740570 -0.101301
v 0.060997 0.740570 -0.077267
v 0.050129 0.740570 -0.049823
v 0.050129 0.740570 -0.020477
v 0.060997 0.740570 0.009153
v 0.081421 0.742659 0.046289
v 0.108939 0.742659 0.063066
v 0.140232 0.742659 0.068892
v 0.171524 0.742659 0.063066
v 0.199042 0.742659 0.046289
v 0.219467 0.740570 0.009153
v 0.230334 0.740570 -0.020477
v 0.230334 0.740570 -0.049823
v 0.219467 0.740570 -0.077267
v 0.199042 0.740570 -0.101301
v 0.171524 0.740570 -0.118078
v 0.140232 0.172253 -0.101669
v 0.120946 0.172253 -0.099557
v 0.103986 0.172253 -0.092386
v 0.091398 0.172253 -0.079648
v 0.084700 0.172253 -0.064495
v 0.084700 0.172253 -0.049923
v 0.091398 0.172253 -0.035473
v 0.103986 0.172253 -0.020198
v 0.120946 0.172253 -0.007380
v 0.140232 0.172253 -0.002397
v 0.159517 0.172253 -0.005874
v 0.176477 0.172253 -0.015612
v 0.189065 0.172253 -0.030481
v 0.195763 0.172253 -0.046552
v 0.195763 0.172253 -0.061396
v 0.189065 0.172253 -0.074785
v 0.176477 0.172253 -0.087738
v 0.159517 0.172253 -0.098078
v 0.254125 0.989670 0.029141
v 0.269318 0.989670 -0.015746
v 0.017379 0.989670 -0.015746
v 0.032573 0.989670 0.029141
v 0.269318 0.989670 -0.062656
v 0.061128 0.989670 0.067341
v 0.254125 0.989480 -0.105732
v 0.099600 0.989670 0.092170
v 0.143349 0.988625 -0.168722
v 0.099600 0.988625 -0.160576
v 0.225570 0.988948 -0.138837
v 0.143349 0.989670 0.100316
v 0.061128 0.988948 -0.138837
v 0.187098 0.988625 -0.160576
v 0.187098 0.989670 0.092170
v 0.032573 0.989480 -0.105732
v 0.225570 0.989670 0.067341
v 0.017379 0.989670 -0.062656
v 0.220929 0.700975 -0.082128
v 0.108355 0.700960 0.053185
v 0.108367 0.700962 -0.124416
v 0.200122 0.700968 -0.107343
v 0.140232 0.700961 0.059120
v 0.080341 0.700968 -0.107343
v 0.172097 0.700962 -0.124416
v 0.172109 0.700960 0.053185
v 0.059534 0.700976 -0.082129
v 0.200142 0.700962 0.036095
v 0.048455 0.700960 -0.052259
v 0.220948 0.700962 0.010022
v 0.048444 0.700962 -0.020799
v 0.232020 0.700962 -0.020799
v 0.059515 0.700962 0.010022
v 0.232009 0.700961 -0.052259
v 0.080322 0.700962 0.036095
v 0.140232 0.700962 -0.130346
v 0.220970 0.411276 -0.068827
v 0.087533 0.399773 0.011273
v 0.140232 0.421389 -0.139408
v 0.211232 0.415401 -0.097005
v 0.112191 0.397410 0.028195
v 0.112191 0.420799 -0.135184
v 0.192930 0.418587 -0.119345
v 0.140232 0.396556 0.034314
v 0.087533 0.419003 -0.122324
v 0.168272 0.420667 -0.134236
v 0.168272 0.397278 0.029143
v 0.069231 0.416095 -0.101499
v 0.192930 0.399357 0.014252
v 0.059493 0.412131 -0.073964
v 0.211232 0.402556 -0.008582
v 0.059493 0.407572 -0.043115
v 0.220970 0.406718 -0.037725
v 0.069231 0.403250 -0.013476
v 0.235930 0.620934 -0.067818
v 0.236018 0.634835 -0.066318
v 0.224466 0.634984 -0.103444
v 0.224380 0.621134 -0.105369
v 0.077754 0.620332 0.036970
v 0.077712 0.634277 0.037631
v 0.106966 0.634277 0.050844
v 0.106987 0.620316 0.049909
v 0.140232 0.621139 -0.157058
v 0.140232 0.634913 -0.155138
v 0.106964 0.634920 -0.148941
v 0.107003 0.621137 -0.150906
v 0.202754 0.634940 -0.131099
v 0.202684 0.621136 -0.133068
v 0.140232 0.634279 0.057038
v 0.140232 0.620315 0.056128
v 0.077709 0.634940 -0.131099
v 0.077780 0.621134 -0.133167
v 0.173499 0.634920 -0.148941
v 0.173460 0.621137 -0.150875
v 0.173498 0.634277 0.050844
v 0.173476 0.620316 0.049938
v 0.055998 0.634984 -0.103444
v 0.056085 0.621133 -0.105516
v 0.202752 0.634277 0.037631
v 0.202709 0.620327 0.037063
v 0.044446 0.634835 -0.066318
v 0.044535 0.620936 -0.067984
v 0.224465 0.634275 0.011990
v 0.224402 0.620342 0.011544
v 0.044445 0.634496 -0.024966
v 0.044526 0.620575 -0.025964
v 0.236018 0.634496 -0.024966
v 0.235939 0.620570 -0.025792
v 0.055998 0.634275 0.011990
v 0.056062 0.620349 0.011390
v 0.217806 0.518268 -0.101187
v 0.228450 0.516105 -0.068322
v 0.228455 0.513644 -0.031758
v 0.197807 0.519862 -0.126207
v 0.109589 0.508863 0.039052
v 0.082644 0.510053 0.024122
v 0.062647 0.511799 -0.001043
v 0.140232 0.508435 0.045221
v 0.109597 0.520968 -0.143045
v 0.140232 0.521264 -0.148233
v 0.170866 0.520902 -0.142555
v 0.082656 0.520069 -0.127745
v 0.170874 0.508797 0.039540
v 0.062658 0.518614 -0.103507
v 0.197820 0.509842 0.025657
v 0.052014 0.516534 -0.070974
v 0.217817 0.511449 0.001481
v 0.052009 0.514074 -0.034540
v 0.146691 1.301146 -0.225324
v 0.093689 1.302526 -0.215557
v 0.047079 1.306499 -0.187432
v 0.012485 1.309200 -0.146074
v -0.005923 1.311344 -0.096659
v -0.005923 1.312557 -0.026600
v 0.012485 1.309661 0.031085
v 0.047079 1.308341 0.063072
v 0.093689 1.308341 0.091489
v 0.146691 1.308341 0.101358
v 0.199693 1.308341 0.091489
v 0.246302 1.308341 0.063072
v 0.280896 1.309661 0.031085
v 0.299304 1.312557 -0.026600
v 0.299304 1.311344 -0.096659
v 0.280896 1.309200 -0.146074
v 0.246302 1.306499 -0.187432
v 0.199693 1.302526 -0.215557
v -0.146691 1.272043 -0.225324
v -0.093689 1.273422 -0.215557
v -0.047079 1.277395 -0.187432
v -0.012485 1.280096 -0.146074
v 0.005923 1.282240 -0.096659
v 0.005923 1.283454 -0.026600
v -0.012485 1.280557 0.031085
v -0.047079 1.279237 0.063072
v -0.093689 1.279237 0.091489
v -0.146691 1.279237 0.101358
v -0.199693 1.279237 0.091489
v -0.246302 1.279237 0.063072
v -0.280896 1.280557 0.031085
v -0.299304 1.283454 -0.026600
v -0.299304 1.282240 -0.096659
v -0.280896 1.280096 -0.146074
v -0.246302 1.277395 -0.187432
v -0.199693 1.273422 -0.215557
v -0.146467 1.145048 -0.202274
v -0.096680 1.145048 -0.193004
v -0.052898 1.145048 -0.166311
v -0.020401 1.144258 -0.125838
v -0.003110 1.143131 -0.076274
v -0.003110 1.144023 -0.017859
v -0.020401 1.145048 0.037242
v -0.052898 1.145048 0.078138
v -0.096680 1.145048 0.104831
v -0.146467 1.145048 0.114101
v -0.196255 1.145048 0.104831
v -0.240037 1.145048 0.078138
v -0.272534 1.145048 0.037242
v -0.289825 1.144023 -0.017859
v -0.289825 1.143131 -0.076274
v -0.272534 1.144258 -0.125838
v -0.240037 1.145048 -0.166311
v -0.196255 1.145048 -0.193004
v -0.140232 0.834291 -0.138372
v -0.102871 0.834291 -0.131427
v -0.070017 0.834291 -0.111430
v -0.045632 0.834291 -0.081405
v -0.032657 0.834291 -0.047578
v -0.032657 0.834291 -0.013890
v -0.045632 0.834291 0.019045
v -0.070017 0.834291 0.049046
v -0.102871 0.834291 0.069077
v -0.140232 0.834291 0.076033
v -0.177592 0.834291 0.069077
v -0.210446 0.834291 0.049046
v -0.234831 0.834291 0.019045
v -0.247806 0.834291 -0.013890
v -0.247806 0.834291 -0.047578
v -0.234831 0.834291 -0.081405
v -0.210446 0.834291 -0.111430
v -0.177592 0.834291 -0.131427
v -0.140232 0.740570 -0.123904
v -0.108939 0.740570 -0.118078
v -0.081421 0.740570 -0.101301
v -0.060997 0.740570 -0.077267
v -0.050129 0.740570 -0.049823
v -0.050129 0.740570 -0.020477
v -0.060997 0.740570 0.009153
v -0.081421 0.742659 0.046289
v -0.108939 0.742659 0.063066
v -0.140232 0.742659 0.068892
v -0.171524 0.742659 0.063066
v -0.199042 0.742659 0.046289
v -0.219467 0.740570 0.009153
v -0.230334 0.740570 -0.020477
v -0.230334 0.740570 -0.049823
v -0.219467 0.740570 -0.077267
v -0.199042 0.740570 -0.101301
v -0.171524 0.740570 -0.118078
v -0.140232 0.172253 -0.101669
v -0.120946 0.172253 -0.099557
v -0.103986 0.172253 -0.092386
v -0.091398 0.172253 -0.079648
v -0.084700 0.172253 -0.064495
v -0.084700 0.172253 -0.049923
v -0.091398 0.172253 -0.035473
v -0.103986 0.172253 -0.020198
v -0.120946 0.172253 -0.007380
v -0.140232 0.172253 -0.002397
v -0.159517 0.172253 -0.005874
v -0.176477 0.172253 -0.015612
v -0.189065 0.172253 -0.030481
v -0.195763 0.172253 -0.046552
v -0.195763 0.172253 -0.061396
v -0.189065 0.172253 -0.074785
v -0.176477 0.172253 -0.087738
v -0.159517 0.172253 -0.098078
v -0.254125 0.989670 0.029141
v -0.269318 0.989670 -0.015746
v -0.017379 0.989670 -0.015746
v -0.032573 0.989670 0.029141
v -0.269318 0.989670 -0.062656
v -0.061128 0.989670 0.067341
v -0.254125 0.989480 -0.105732
v -0.099600 0.989670 0.092170
v -0.143349 0.988625 -0.168722
v -0.099600 0.988625 -0.160576
v -0.225570 0.988948 -0.138837
v -0.143349 0.989670 0.100316
v -0.061128 0.988948 -0.138837
v -0.187098 0.988625 -0.160576
v -0.187098 0.989670 0.092170
v -0.032573 0.989480 -0.105732
v -0.225570 0.989670 0.067341
v -0.017379 0.989670 -0.062656
v -0.220929 0.700975 -0.082128
v -0.108355 0.700960 0.053185
v -0.108367 0.700962 -0.124416
v -0.200122 0.700968 -0.107343
v -0.140232 0.700961 0.059120
v -0.080341 0.700968 -0.107343
v -0.172097 0.700962 -0.124416
v -0.172109 0.700960 0.053185
v -0.059534 0.700976 -0.082129
v -0.200142 0.700962 0.036095
v -0.048455 0.700960 -0.052259
v -0.220948 0.700962 0.010022
v -0.048444 0.700962 -0.020799
v -0.232020 0.700962 -0.020799
v -0.059515 0.700962 0.010022
v -0.232009 0.700961 -0.052259
v -0.080322 0.700962 0.036095
v -0.140232 0.700962 -0.130346
v -0.220970 0.411276 -0.068827
v -0.087533 0.399773 0.011273
v -0.140232 0.421389 -0.139408
v -0.211232 0.415401 -0.097005
v -0.112191 0.397410 0.028195
v -0.112191 0.420799 -0.135184
v -0.192930 0.418587 -0.119345
v -0.140232 0.396556 0.034314
v -0.087533 0.419003 -0.122324
v -0.168272 0.420667 -0.134236
v -0.168272 0.397278 0.029143
v -0.069231 0.416095 -0.101499
v -0.192930 0.399357 0.014252
v -0.059493 0.412131 -0.073964
v -0.211232 0.402556 -0.008582
v -0.059493 0.407572 -0.043115
v -0.220970 0.406718 -0.037725
v -0.069231 0.403250 -0.013476
v -0.235930 0.620934 -0.067818
v -0.236018 0.634835 -0.066318
v -0.224466 0.634984 -0.103444
v -0.224380 0.621134 -0.105369
v -0.077754 0.620332 0.036970
v -0.077712 0.634277 0.037631
v -0.106966 0.634277 0.050844
v -0.106987 0.620316 0.049909
v -0.140232 0.621139 -0.157058
v -0.140232 0.634913 -0.155138
v -0.106964 0.634920 -0.148941
v -0.107003 0.621137 -0.150906
v -0.202754 0.634940 -0.131099
v -0.202684 0.621136 -0.133068
v -0.140232 0.634279 0.057038
v -0.140232 0.620315 0.056128
v -0.077709 0.634940 -0.131099
v -0.077780 0.621134 -0.133167
v -0.173499 0.634920 -0.148941
v -0.173460 0.621137 -0.150875
v -0.173498 0.634277 0.050844
v -0.173476 0.620316 0.049938
v -0.055998 0.634984 -0.103444
v -0.056085 0.621133 -0.105516
v -0.202752 0.634277 0.037631
v -0.202709 0.620327 0.037063
v -0.044446 0.634835 -0.066318
v -0.044535 0.620936 -0.067984
v -0.224465 0.634275 0.011990
v -0.224402 0.620342 0.011544
v -0.044445 0.634496 -0.024966
v -0.044526 0.620575 -0.025964
v -0.236018 0.634496 -0.024966
v -0.235939 0.620570 -0.025792
v -0.055998 0.634275 0.011990
v -0.056062 0.620349 0.011390
v -0.217806 0.518268 -0.101187
v -0.228450 0.516105 -0.068322
v -0.228455 0.513644 -0.031758
v -0.197807 0.519862 -0.126207
v -0.109589 0.508863 0.039052
v -0.082644 0.510053 0.024122
v -0.062647 0.511799 -0.001043
v -0.140232 0.508435 0.045221
v -0.109597 0.520968 -0.143045
v -0.140232 0.521264 -0.148233
v -0.170866 0.520902 -0.142555
v -0.082656 0.520069 -0.127745
v -0.170874 0.508797 0.039540
v -0.062658 0.518614 -0.103507
v -0.197820 0.509842 0.025657
v -0.052014 0.516534 -0.070974
v -0.217817 0.511449 0.001481
v -0.052009 0.514074 -0.034540
v -0.146691 1.301146 -0.225324
v -0.093689 1.302526 -0.215557
v -0.047079 1.306499 -0.187432
v -0.012485 1.309200 -0.146074
v 0.005923 1.311344 -0.096659
v 0.005923 1.312557 -0.026600
v -0.012485 1.309661 0.031085
v -0.047079 1.308341 0.063072
v -0.093689 1.308341 0.091489
v -0.146691 1.308341 0.101358
v -0.199693 1.308341 0.091489
v -0.246302 1.308341 0.063072
v -0.280896 1.309661 0.031085
v -0.299304 1.312557 -0.026600
v -0.299304 1.311344 -0.096659
v -0.280896 1.309200 -0.146074
v -0.246302 1.306499 -0.187432
v -0.199693 1.302526 -0.215557
vn 0.0001 -0.0899 -0.9960
vn -0.3549 -0.0854 -0.9310
vn -0.6510 -0.0737 -0.7555
vn -0.8638 -0.0614 -0.5001
vn -0.9826 -0.0438 -0.1807
vn -0.9884 -0.0268 0.1496
vn -0.8580 -0.0080 0.5135
vn -0.6228 0.0215 0.7821
vn -0.3612 0.0423 0.9315
vn 0.0001 0.0476 0.9989
vn 0.3614 0.0417 0.9315
vn 0.6229 0.0204 0.7821
vn 0.8581 -0.0095 0.5134
vn 0.9883 -0.0283 0.1496
vn 0.9825 -0.0453 -0.1806
vn 0.8638 -0.0628 -0.4999
vn 0.6511 -0.0747 -0.7553
vn 0.3551 -0.0860 -0.9309
vn 0.0010 -0.1936 -0.9811
vn -0.3500 -0.1817 -0.9190
vn -0.6462 -0.1574 -0.7467
vn -0.8643 -0.1282 -0.4864
vn -0.9817 -0.0959 -0.1648
vn -0.9850 -0.0721 0.1565
vn -0.8718 -0.0507 0.4872
vn -0.6500 -0.0200 0.7597
vn -0.3578 0.0002 0.9338
vn 0.0011 0.0030 1.0000
vn 0.3597 -0.0076 0.9330
vn 0.6509 -0.0343 0.7584
vn 0.8712 -0.0694 0.4860
vn 0.9833 -0.0931 0.1561
vn 0.9795 -0.1169 -0.1640
vn 0.8626 -0.1461 -0.4843
vn 0.6460 -0.1704 -0.7441
vn 0.3512 -0.1886 -0.9171
vn -0.0012 -0.1732 -0.9849
vn -0.3520 -0.1691 -0.9206
vn -0.6458 -0.1634 -0.7459
vn -0.8579 -0.1538 -0.4903
vn -0.9748 -0.1451 -0.1696
vn -0.9736 -0.1432 0.1779
vn -0.8736 -0.1390 0.4663
vn -0.6816 -0.1256 0.7209
vn -0.3633 -0.1142 0.9246
vn -0.0012 -0.1166 0.9932
vn 0.3608 -0.1215 0.9247
vn 0.6790 -0.1391 0.7208
vn 0.8708 -0.1564 0.4660
vn 0.9705 -0.1628 0.1778
vn 0.9717 -0.1647 -0.1695
vn 0.8549 -0.1709 -0.4899
vn 0.6430 -0.1762 -0.7453
vn 0.3495 -0.1760 -0.9202
vn -0.0000 0.0041 -1.0000
vn -0.3598 -0.0009 -0.9330
vn -0.6557 -0.0147 -0.7549
vn -0.8629 -0.0365 -0.5041
vn -0.9812 -0.0613 -0.1830
vn -0.9816 -0.0757 0.1751
vn -0.8884 -0.0862 0.4510
vn -0.6766 -0.1262 0.7255
vn -0.3475 -0.1476 0.9260
vn -0.0000 -0.1521 0.9884
vn 0.3475 -0.1476 0.9260
vn 0.6766 -0.1262 0.7255
vn 0.8884 -0.0862 0.4510
vn 0.9816 -0.0757 0.1751
vn 0.9812 -0.0613 -0.1830
vn 0.8629 -0.0365 -0.5041
vn 0.6557 -0.0147 -0.7549
vn 0.3598 -0.0009 -0.9330
vn 0.0251 -0.1490 -0.9885
vn -0.2807 -0.1451 -0.9488
vn -0.5862 -0.1366 -0.7986
vn -0.8401 -0.1233 -0.5282
vn -0.9755 -0.1117 -0.1894
vn -0.9799 -0.1124 0.1650
vn -0.8734 -0.1272 0.4700
vn -0.6957 -0.1449 0.7036
vn -0.4163 -0.1578 0.8954
vn -0.0255 -0.1621 0.9864
vn 0.3520 -0.1566 0.9228
vn 0.6532 -0.1448 0.7432
vn 0.8685 -0.1280 0.4790
vn 0.9806 -0.1132 0.1602
vn 0.9744 -0.1116 -0.1952
vn 0.8436 -0.1238 -0.5224
vn 0.6335 -0.1380 -0.7613
vn 0.3507 -0.1472 -0.9248
vn 0.8726 -0.1311 0.4705
vn 0.9776 -0.1330 0.1632
vn -0.9820 -0.0941 0.1638
vn -0.8762 -0.0965 0.4722
vn 0.9743 -0.1490 -0.1690
vn -0.6676 -0.1053 0.7371
vn 0.8550 -0.1733 -0.4888
vn -0.3611 -0.1134 0.9256
vn -0.0001 -0.2015 -0.9795
vn -0.3452 -0.1888 -0.9193
vn 0.6361 -0.1924 -0.7472
vn -0.0001 -0.1210 0.9927
vn -0.6391 -0.1675 -0.7506
vn 0.3441 -0.2022 -0.9169
vn 0.3603 -0.1275 0.9241
vn -0.8597 -0.1397 -0.4914
vn 0.6654 -0.1314 0.7349
vn -0.9792 -0.1103 -0.1700
vn 0.8662 0.1404 -0.4795
vn -0.3456 -0.1126 0.9316
vn -0.3508 0.2464 -0.9034
vn 0.6480 0.2057 -0.7333
vn -0.0000 -0.1318 0.9913
vn -0.6480 0.2057 -0.7333
vn 0.3508 0.2464 -0.9034
vn 0.3456 -0.1126 0.9316
vn -0.8662 0.1404 -0.4795
vn 0.6745 -0.0389 0.7372
vn -0.9835 0.0769 -0.1637
vn 0.8850 0.0265 0.4649
vn -0.9844 0.0483 0.1690
vn 0.9844 0.0483 0.1690
vn -0.8850 0.0265 0.4649
vn 0.9835 0.0769 -0.1637
vn -0.6745 -0.0389 0.7372
vn -0.0000 0.2600 -0.9656
vn 0.9787 -0.0911 -0.1837
vn -0.6830 -0.1280 0.7191
vn 0.0179 -0.1170 -0.9930
vn 0.8575 -0.0991 -0.5048
vn -0.3931 -0.1310 0.9101
vn -0.3012 -0.1123 -0.9469
vn 0.6422 -0.1094 -0.7587
vn -0.0183 -0.1303 0.9913
vn -0.6061 -0.1037 -0.7886
vn 0.3503 -0.1160 -0.9294
vn 0.3458 -0.1282 0.9295
vn -0.8520 -0.0942 -0.5150
vn 0.6484 -0.1240 0.7511
vn -0.9789 -0.0895 -0.1838
vn 0.8731 -0.1112 0.4747
vn -0.9836 -0.0970 0.1522
vn 0.9835 -0.0956 0.1533
vn -0.8796 -0.1147 0.4616
vn 0.9874 -0.0285 -0.1559
vn 0.9855 0.0581 -0.1597
vn 0.8723 0.1278 -0.4721
vn 0.8813 -0.0076 -0.4725
vn -0.6117 -0.0784 0.7872
vn -0.6174 -0.0061 0.7866
vn -0.3146 -0.0350 0.9486
vn -0.3094 -0.0819 0.9474
vn 0.0021 0.0259 -0.9997
vn 0.0001 0.2437 -0.9699
vn -0.3464 0.2318 -0.9090
vn -0.3492 0.0252 -0.9367
vn 0.6478 0.1917 -0.7373
vn 0.6594 0.0104 -0.7518
vn -0.0001 -0.0483 0.9988
vn -0.0021 -0.0817 0.9967
vn -0.6475 0.1941 -0.7369
vn -0.6552 0.0175 -0.7553
vn 0.3468 0.2304 -0.9092
vn 0.3547 0.0214 -0.9347
vn 0.3143 -0.0338 0.9487
vn 0.3035 -0.0782 0.9496
vn -0.8722 0.1298 -0.4715
vn -0.8805 -0.0010 -0.4740
vn 0.6173 -0.0036 0.7867
vn 0.6066 -0.0714 0.7918
vn -0.9855 0.0588 -0.1591
vn -0.9875 -0.0260 -0.1557
vn 0.8755 0.0140 0.4830
vn 0.8758 -0.0588 0.4791
vn -0.9878 0.0203 0.1546
vn -0.9878 -0.0479 0.1485
vn 0.9878 0.0212 0.1541
vn 0.9879 -0.0451 0.1483
vn -0.8753 0.0116 0.4834
vn -0.8767 -0.0657 0.4765
vn 0.8765 -0.0747 -0.4756
vn 0.9845 -0.0709 -0.1603
vn 0.9858 -0.0782 0.1484
vn 0.6562 -0.0816 -0.7501
vn -0.3469 -0.1045 0.9321
vn -0.6474 -0.1127 0.7538
vn -0.8813 -0.1031 0.4611
vn -0.0079 -0.0982 0.9951
vn -0.3333 -0.0810 -0.9393
vn 0.0077 -0.0865 -0.9962
vn 0.3540 -0.0862 -0.9313
vn -0.6400 -0.0721 -0.7650
vn 0.3251 -0.0999 0.9404
vn -0.8728 -0.0658 -0.4837
vn 0.6285 -0.1041 0.7708
vn -0.9845 -0.0675 -0.1616
vn 0.8766 -0.0947 0.4718
vn -0.9858 -0.0817 0.1469
vn -0.0000 -0.0000 -1.0000
vn -0.3605 -0.0000 -0.9327
vn -0.6564 -0.0000 -0.7544
vn -0.8675 -0.0000 -0.4975
vn -0.9848 -0.0000 -0.1736
vn -0.9884 -0.0000 0.1520
vn -0.8482 -0.0000 0.5296
vn -0.6037 -0.0000 0.7972
vn -0.3585 -0.0000 0.9335
vn -0.0000 -0.0000 1.0000
vn 0.3585 -0.0000 0.9335
vn 0.6037 -0.0000 0.7972
vn 0.8482 -0.0000 0.5296
vn 0.9884 -0.0000 0.1520
vn 0.9848 -0.0000 -0.1736
vn 0.8675 -0.0000 -0.4975
vn 0.6564 -0.0000 -0.7544
vn 0.3605 -0.0000 -0.9327
vn -0.0001 -0.0899 -0.9960
vn 0.3549 -0.0854 -0.9310
vn 0.6510 -0.0737 -0.7555
vn 0.8638 -0.0614 -0.5001
vn 0.9826 -0.0438 -0.1807
vn 0.9884 -0.0268 0.1496
vn 0.8580 -0.0080 0.5135
vn 0.6228 0.0215 0.7821
vn 0.3612 0.0423 0.9315
vn -0.0001 0.0476 0.9989
vn -0.3614 0.0417 0.9315
vn -0.6229 0.0204 0.7821
vn -0.8581 -0.0095 0.5134
vn -0.9883 -0.0283 0.1496
vn -0.9825 -0.0453 -0.1806
vn -0.8638 -0.0628 -0.4999
vn -0.6511 -0.0747 -0.7553
vn -0.3551 -0.0860 -0.9309
vn -0.0010 -0.1936 -0.9811
vn 0.3500 -0.1817 -0.9190
vn 0.6462 -0.1574 -0.7467
vn 0.8643 -0.1282 -0.4864
vn 0.9817 -0.0959 -0.1648
vn 0.9850 -0.0721 0.1565
vn 0.8718 -0.0507 0.4872
vn 0.6500 -0.0200 0.7597
vn 0.3578 0.0002 0.9338
vn -0.0011 0.0030 1.0000
vn -0.3597 -0.0076 0.9330
vn -0.6509 -0.0343 0.7584
vn -0.8712 -0.0694 0.4860
vn -0.9833 -0.0931 0.1561
vn -0.9795 -0.1169 -0.1640
vn -0.8626 -0.1461 -0.4843
vn -0.6460 -0.1704 -0.7441
vn -0.3512 -0.1886 -0.9171
vn 0.0012 -0.1732 -0.9849
vn 0.3520 -0.1691 -0.9206
vn 0.6458 -0.1634 -0.7459
vn 0.8579 -0.1538 -0.4903
vn 0.9748 -0.1451 -0.1696
vn 0.9736 -0.1432 0.1779
vn 0.8736 -0.1390 0.4663
vn 0.6816 -0.1256 0.7209
vn 0.3633 -0.1142 0.9246
vn 0.0012 -0.1166 0.9932
vn -0.3608 -0.1215 0.9247
vn -0.6790 -0.1391 0.7208
vn -0.8708 -0.1564 0.4660
vn -0.9705 -0.1628 0.1778
vn -0.9717 -0.1647 -0.1695
vn -0.8549 -0.1709 -0.4899
vn -0.6430 -0.1762 -0.7453
vn -0.3495 -0.1760 -0.9202
vn -0.0251 -0.1490 -0.9885
vn 0.2807 -0.1451 -0.9488
vn 0.5862 -0.1366 -0.7986
vn 0.8401 -0.1233 -0.5282
vn 0.9755 -0.1117 -0.1894
vn 0.9799 -0.1124 0.1650
vn 0.8734 -0.1272 0.4700
vn 0.6957 -0.1449 0.7036
vn 0.4163 -0.1578 0.8954
vn 0.0255 -0.1621 0.9864
vn -0.3520 -0.1566 0.9228
vn -0.6532 -0.1448 0.7432
vn -0.8685 -0.1280 0.4790
vn -0.9806 -0.1132 0.1602
vn -0.9744 -0.1116 -0.1952
vn -0.8436 -0.1238 -0.5224
vn -0.6335 -0.1380 -0.7613
vn -0.3507 -0.1472 -0.9248
vn -0.8726 -0.1311 0.4705
vn -0.9776 -0.1330 0.1632
vn 0.9820 -0.0941 0.1638
vn 0.8762 -0.0965 0.4722
vn -0.9743 -0.1490 -0.1690
vn 0.6676 -0.1053 0.7371
vn -0.8550 -0.1733 -0.4888
vn 0.3611 -0.1134 0.9256
vn 0.0001 -0.2015 -0.9795
vn 0.3452 -0.1888 -0.9193
vn -0.6361 -0.1924 -0.7472
vn 0.0001 -0.1210 0.9927
vn 0.6391 -0.1675 -0.7506
vn -0.3441 -0.2022 -0.9169
vn -0.3603 -0.1275 0.9241
vn 0.8597 -0.1397 -0.4914
vn -0.6654 -0.1314 0.7349
vn 0.9792 -0.1103 -0.1700
vn -0.9787 -0.0911 -0.1837
vn 0.6830 -0.1280 0.7191
vn -0.0179 -0.1170 -0.9930
vn -0.8575 -0.0991 -0.5048
vn 0.3931 -0.1310 0.9101
vn 0.3012 -0.1123 -0.9469
vn -0.6422 -0.1094 -0.7587
vn 0.0183 -0.1303 0.9913
vn 0.6061 -0.1037 -0.7886
vn -0.3503 -0.1160 -0.9294
vn -0.3458 -0.1282 0.9295
vn 0.8520 -0.0942 -0.5150
vn -0.6484 -0.1240 0.7511
vn 0.9789 -0.0895 -0.1838
vn -0.8731 -0.1112 0.4747
vn 0.9836 -0.0970 0.1522
vn -0.9835 -0.0956 0.1533
vn 0.8796 -0.1147 0.4616
vn -0.9874 -0.0285 -0.1559
vn -0.9855 0.0581 -0.1597
vn -0.8723 0.1278 -0.4721
vn -0.8813 -0.0076 -0.4725
vn 0.6117 -0.0784 0.7872
vn 0.6174 -0.0061 0.7866
vn 0.3146 -0.0350 0.9486
vn 0.3094 -0.0819 0.9474
vn -0.0021 0.0259 -0.9997
vn -0.0001 0.2437 -0.9699
vn 0.3464 0.2318 -0.9090
vn 0.3492 0.0252 -0.9367
vn -0.6478 0.1917 -0.7373
vn -0.6594 0.0104 -0.7518
vn 0.0001 -0.0483 0.9988
vn 0.0021 -0.0817 0.9967
vn 0.6475 0.1941 -0.7369
vn 0.6552 0.0175 -0.7553
vn -0.3468 0.2304 -0.9092
vn -0.3547 0.0214 -0.9347
vn -0.3143 -0.0338 0.9487
vn -0.3035 -0.0782 0.9496
vn 0.8722 0.1298 -0.4715
vn 0.8805 -0.0010 -0.4740
vn -0.6173 -0.0036 0.7867
vn -0.6066 -0.0714 0.7918
vn 0.9855 0.0588 -0.1591
vn 0.9875 -0.0260 -0.1557
vn -0.8755 0.0140 0.4830
vn -0.8758 -0.0588 0.4791
vn 0.9878 0.0203 0.1546
vn 0.9878 -0.0479 0.1485
vn -0.9878 0.0212 0.1541
vn -0.9879 -0.0451 0.1483
vn 0.8753 0.0116 0.4834
vn 0.8767 -0.0657 0.4765
vn -0.8765 -0.0747 -0.4756
vn -0.9845 -0.0709 -0.1603
vn -0.9858 -0.0782 0.1484
vn -0.6562 -0.0816 -0.7501
vn 0.3469 -0.1045 0.9321
vn 0.6474 -0.1127 0.7538
vn 0.8813 -0.1031 0.4611
vn 0.0079 -0.0982 0.9951
vn 0.3333 -0.0810 -0.9393
vn -0.0077 -0.0865 -0.9962
vn -0.3540 -0.0862 -0.9313
vn 0.6400 -0.0721 -0.7650
vn -0.3251 -0.0999 0.9404
vn 0.8728 -0.0658 -0.4837
vn -0.6285 -0.1041 0.7708
vn 0.9845 -0.0675 -0.1616
vn -0.8766 -0.0947 0.4718
vn 0.9858 -0.0817 0.1469
vt 0.758768 0.122397
vt 0.759029 0.137598
vt 0.724650 0.136805
vt 0.724257 0.123847
vt 0.751916 0.227436
vt 0.747633 0.241294
vt 0.715597 0.231791
vt 0.718634 0.218708
vt 0.735879 0.004833
vt 0.741911 0.017998
vt 0.709818 0.030319
vt 0.705083 0.017704
vt 0.757959 0.107177
vt 0.723777 0.110911
vt 0.755071 0.213563
vt 0.720718 0.205486
vt 0.743137 0.254966
vt 0.738519 0.268579
vt 0.706886 0.257205
vt 0.711701 0.244637
vt 0.756860 0.091968
vt 0.722945 0.097920
vt 0.757332 0.199944
vt 0.722077 0.192209
vt 0.755926 0.079038
vt 0.721688 0.084837
vt 0.759157 0.181672
vt 0.723523 0.177551
vt 0.754350 0.062890
vt 0.719363 0.070554
vt 0.759213 0.165601
vt 0.724531 0.163064
vt 0.750604 0.044747
vt 0.716422 0.056170
vt 0.759071 0.152753
vt 0.724747 0.149864
vt 0.746779 0.031394
vt 0.713543 0.043170
vt 0.680159 0.078777
vt 0.681954 0.090628
vt 0.642070 0.097241
vt 0.640742 0.088100
vt 0.684465 0.161518
vt 0.683753 0.173480
vt 0.643707 0.168487
vt 0.644322 0.159257
vt 0.677908 0.067144
vt 0.639105 0.079554
vt 0.684911 0.149382
vt 0.644623 0.149003
vt 0.675073 0.055867
vt 0.636907 0.070444
vt 0.685027 0.137588
vt 0.644725 0.138604
vt 0.676477 0.219085
vt 0.673098 0.230384
vt 0.635461 0.216270
vt 0.637939 0.206485
vt 0.671499 0.045125
vt 0.634087 0.060772
vt 0.684806 0.126025
vt 0.644525 0.128202
vt 0.679184 0.207837
vt 0.639958 0.196509
vt 0.667111 0.034329
vt 0.630638 0.051272
vt 0.684276 0.114465
vt 0.644008 0.117809
vt 0.681259 0.196767
vt 0.641596 0.186501
vt 0.668856 0.241442
vt 0.632329 0.225921
vt 0.683341 0.102704
vt 0.643161 0.107439
vt 0.682724 0.185268
vt 0.642841 0.177169
vt 0.616112 0.091494
vt 0.614667 0.083591
vt 0.619465 0.158405
vt 0.620868 0.146776
vt 0.613005 0.075713
vt 0.621064 0.137861
vt 0.612564 0.210258
vt 0.614006 0.201491
vt 0.611128 0.067365
vt 0.620934 0.129057
vt 0.615436 0.192492
vt 0.609093 0.058970
vt 0.620439 0.120279
vt 0.616773 0.183660
vt 0.611127 0.218729
vt 0.619613 0.111449
vt 0.617905 0.175409
vt 0.617395 0.100077
vt 0.618796 0.167214
vt 0.529564 0.086180
vt 0.530282 0.093840
vt 0.470176 0.110308
vt 0.469198 0.106489
vt 0.531907 0.139402
vt 0.532320 0.147086
vt 0.473158 0.146179
vt 0.473410 0.140317
vt 0.531494 0.192551
vt 0.529741 0.199856
vt 0.467790 0.178646
vt 0.469228 0.173617
vt 0.528365 0.078732
vt 0.467837 0.101908
vt 0.531612 0.131971
vt 0.473328 0.134755
vt 0.532624 0.185336
vt 0.470411 0.168785
vt 0.526552 0.071324
vt 0.466151 0.096919
vt 0.531383 0.124580
vt 0.472983 0.129297
vt 0.533187 0.178175
vt 0.471334 0.164066
vt 0.527323 0.207021
vt 0.466151 0.183625
vt 0.531200 0.117144
vt 0.472448 0.123930
vt 0.533279 0.170702
vt 0.472017 0.159700
vt 0.531002 0.109639
vt 0.471733 0.118704
vt 0.533065 0.162859
vt 0.472475 0.155846
vt 0.530716 0.101792
vt 0.470966 0.114132
vt 0.532714 0.154936
vt 0.472824 0.151569
vt 0.604341 0.084882
vt 0.602614 0.076569
vt 0.609929 0.147952
vt 0.610147 0.138659
vt 0.602435 0.209855
vt 0.603522 0.200993
vt 0.600937 0.067967
vt 0.609931 0.129392
vt 0.604887 0.192009
vt 0.599847 0.059194
vt 0.609469 0.120146
vt 0.606268 0.183121
vt 0.602100 0.218426
vt 0.608574 0.110935
vt 0.607516 0.174545
vt 0.607295 0.101827
vt 0.608527 0.166094
vt 0.605900 0.093113
vt 0.609308 0.157200
vt 0.588678 0.155360
vt 0.589238 0.146939
vt 0.592802 0.147049
vt 0.592230 0.155570
vt 0.585171 0.094959
vt 0.583241 0.084667
vt 0.586807 0.084428
vt 0.588734 0.094581
vt 0.587715 0.164979
vt 0.591308 0.165184
vt 0.586779 0.104583
vt 0.590307 0.104177
vt 0.586374 0.175191
vt 0.589987 0.175311
vt 0.587943 0.112982
vt 0.591495 0.112671
vt 0.584873 0.184703
vt 0.588423 0.184761
vt 0.588718 0.121190
vt 0.592342 0.120979
vt 0.579776 0.219257
vt 0.580841 0.210357
vt 0.584332 0.210573
vt 0.583967 0.219410
vt 0.583396 0.193277
vt 0.586883 0.193367
vt 0.589279 0.129951
vt 0.592921 0.129843
vt 0.579460 0.066211
vt 0.577750 0.057449
vt 0.581667 0.057130
vt 0.582965 0.066057
vt 0.582022 0.201772
vt 0.585472 0.201913
vt 0.589388 0.138719
vt 0.593021 0.138720
vt 0.581255 0.075015
vt 0.584767 0.074879
vt 0.555446 0.080162
vt 0.556757 0.088916
vt 0.557920 0.098132
vt 0.553931 0.071960
vt 0.560537 0.138981
vt 0.560715 0.146914
vt 0.560645 0.155092
vt 0.560294 0.130878
vt 0.556786 0.197838
vt 0.555231 0.205965
vt 0.553325 0.214028
vt 0.558035 0.189788
vt 0.552093 0.063837
vt 0.559927 0.122789
vt 0.559018 0.181741
vt 0.559506 0.114957
vt 0.559783 0.173098
vt 0.558854 0.106946
vt 0.560319 0.163939
vt 0.753970 0.029380
vt 0.757896 0.043172
vt 0.766502 0.137501
vt 0.766562 0.152802
vt 0.754844 0.243210
vt 0.750247 0.257317
vt 0.748962 0.015514
vt 0.766220 0.122129
vt 0.759231 0.228923
vt 0.742826 0.002154
vt 0.765417 0.106728
vt 0.762452 0.214664
vt 0.745546 0.271107
vt 0.764308 0.091325
vt 0.764753 0.200701
vt 0.763330 0.078111
vt 0.766584 0.182174
vt 0.761683 0.061649
vt 0.766672 0.165866
s 1
f 1022/752/917 1021/753/916 1039/754/934 1040/755/935
f 1015/756/910 1014/757/909 1032/758/927 1033/759/928
f 1030/760/925 1029/761/924 1047/762/942 1048/763/943
f 1023/764/918 1022/752/917 1040/755/935 1041/765/936
f 1016/766/911 1015/756/910 1033/759/928 1034/767/929
f 1013/768/908 1030/769/925 1048/770/943 1031/771/926
f 1024/772/919 1023/764/918 1041/765/936 1042/773/937
f 1017/774/912 1016/766/911 1034/767/929 1035/775/930
f 1025/776/920 1024/772/919 1042/773/937 1043/777/938
f 1018/778/913 1017/774/912 1035/775/930 1036/779/931
f 1026/780/921 1025/776/920 1043/777/938 1044/781/939
f 1019/782/914 1018/778/913 1036/779/931 1037/783/932
f 1027/784/922 1026/780/921 1044/781/939 1045/785/940
f 1020/786/915 1019/782/914 1037/783/932 1038/787/933
f 1028/788/923 1027/784/922 1045/785/940 1046/789/941
f 1021/753/916 1020/786/915 1038/787/933 1039/754/934
f 1014/757/909 1013/768/908 1031/771/926 1032/758/927
f 1029/761/924 1028/788/923 1046/789/941 1047/762/942
f 1104/790/999 1103/791/998 1061/792/956 1062/793/957
f 1106/794/1001 1105/795/1000 1054/796/949 1055/797/950
f 1107/798/1002 1104/790/999 1062/793/957 1063/799/958
f 1108/800/1003 1106/794/1001 1055/797/950 1056/801/951
f 1109/802/1004 1107/798/1002 1063/799/958 1064/803/959
f 1110/804/1005 1108/800/1003 1056/801/951 1057/805/952
f 1112/806/1007 1111/807/1006 1049/808/944 1050/809/945
f 1113/810/1008 1109/802/1004 1064/803/959 1065/811/960
f 1114/812/1009 1110/804/1005 1057/805/952 1058/813/953
f 1115/814/1010 1112/806/1007 1050/809/945 1051/815/946
f 1116/816/1011 1113/810/1008 1065/811/960 1066/817/961
f 1117/818/1012 1114/812/1009 1058/813/953 1059/819/954
f 1118/820/1013 1115/814/1010 1051/815/946 1052/821/947
f 1111/807/1006 1116/822/1011 1066/823/961 1049/808/944
f 1119/824/1014 1117/818/1012 1059/819/954 1060/825/955
f 1120/826/1015 1118/820/1013 1052/821/947 1053/827/948
f 1103/791/998 1119/824/1014 1060/825/955 1061/792/956
f 1105/795/1000 1120/826/1015 1053/827/948 1054/796/949
f 1063/799/958 1062/793/957 1080/828/975 1081/829/976
f 1056/801/951 1055/797/950 1073/830/968 1074/831/969
f 1064/803/959 1063/799/958 1081/829/976 1082/832/977
f 1057/805/952 1056/801/951 1074/831/969 1075/833/970
f 1050/809/945 1049/808/944 1067/834/962 1068/835/963
f 1065/811/960 1064/803/959 1082/832/977 1083/836/978
f 1058/813/953 1057/805/952 1075/833/970 1076/837/971
f 1051/815/946 1050/809/945 1068/835/963 1069/838/964
f 1066/817/961 1065/811/960 1083/836/978 1084/839/979
f 1059/819/954 1058/813/953 1076/837/971 1077/840/972
f 1052/821/947 1051/815/946 1069/838/964 1070/841/965
f 1049/808/944 1066/823/961 1084/842/979 1067/834/962
f 1060/825/955 1059/819/954 1077/840/972 1078/843/973
f 1053/827/948 1052/821/947 1070/841/965 1071/844/966
f 1061/792/956 1060/825/955 1078/843/973 1079/845/974
f 1054/796/949 1053/827/948 1071/844/966 1072/846/967
f 1062/793/957 1061/792/956 1079/845/974 1080/828/975
f 1055/797/950 1054/796/949 1072/846/967 1073/830/968
f 1142/847/1037 1139/848/1034 1099/849/994 1100/850/995
f 1143/851/1038 1140/852/1035 1092/853/987 1093/854/988
f 1144/855/1039 1141/856/1036 1085/857/980 1086/858/981
f 1145/859/1040 1142/847/1037 1100/850/995 1101/860/996
f 1146/861/1041 1143/851/1038 1093/854/988 1094/862/989
f 1147/863/1042 1144/855/1039 1086/858/981 1087/864/982
f 1148/865/1043 1145/859/1040 1101/860/996 1102/866/997
f 1149/867/1044 1146/861/1041 1094/862/989 1095/868/990
f 1150/869/1045 1147/863/1042 1087/864/982 1088/870/983
f 1141/856/1036 1148/871/1043 1102/872/997 1085/857/980
f 1151/873/1046 1149/867/1044 1095/868/990 1096/874/991
f 1152/875/1047 1150/869/1045 1088/870/983 1089/876/984
f 1153/877/1048 1151/873/1046 1096/874/991 1097/878/992
f 1154/879/1049 1152/875/1047 1089/876/984 1090/880/985
f 1155/881/1050 1153/877/1048 1097/878/992 1098/882/993
f 1156/883/1051 1154/879/1049 1090/880/985 1091/884/986
f 1139/848/1034 1155/881/1050 1098/882/993 1099/849/994
f 1140/852/1035 1156/883/1051 1091/884/986 1092/853/987
f 1036/779/931 1035/775/930 1120/826/1015 1105/795/1000
f 1043/777/938 1042/773/937 1119/824/1014 1103/791/998
f 1035/775/930 1034/767/929 1118/820/1013 1120/826/1015
f 1042/773/937 1041/765/936 1117/818/1012 1119/824/1014
f 1031/771/926 1048/770/943 1116/822/1011 1111/807/1006
f 1034/767/929 1033/759/928 1115/814/1010 1118/820/1013
f 1041/765/936 1040/755/935 1114/812/1009 1117/818/1012
f 1048/763/943 1047/762/942 1113/810/1008 1116/816/1011
f 1033/759/928 1032/758/927 1112/806/1007 1115/814/1010
f 1040/755/935 1039/754/934 1110/804/1005 1114/812/1009
f 1047/762/942 1046/789/941 1109/802/1004 1113/810/1008
f 1032/758/927 1031/771/926 1111/807/1006 1112/806/1007
f 1039/754/934 1038/787/933 1108/800/1003 1110/804/1005
f 1046/789/941 1045/785/940 1107/798/1002 1109/802/1004
f 1038/787/933 1037/783/932 1106/794/1001 1108/800/1003
f 1045/785/940 1044/781/939 1104/790/999 1107/798/1002
f 1037/783/932 1036/779/931 1105/795/1000 1106/794/1001
f 1044/781/939 1043/777/938 1103/791/998 1104/790/999
f 1082/832/977 1081/829/976 1136/885/1031 1121/886/1016
f 1075/833/970 1074/831/969 1137/887/1032 1122/888/1017
f 1068/835/963 1067/834/962 1138/889/1033 1123/890/1018
f 1083/836/978 1082/832/977 1121/886/1016 1124/891/1019
f 1076/837/971 1075/833/970 1122/888/1017 1125/892/1020
f 1069/838/964 1068/835/963 1123/890/1018 1126/893/1021
f 1084/839/979 1083/836/978 1124/891/1019 1127/894/1022
f 1077/840/972 1076/837/971 1125/892/1020 1128/895/1023
f 1070/841/965 1069/838/964 1126/893/1021 1129/896/1024
f 1067/834/962 1084/842/979 1127/897/1022 1138/889/1033
f 1078/843/973 1077/840/972 1128/895/1023 1130/898/1025
f 1071/844/966 1070/841/965 1129/896/1024 1131/899/1026
f 1079/845/974 1078/843/973 1130/898/1025 1132/900/1027
f 1072/846/967 1071/844/966 1131/899/1026 1133/901/1028
f 1080/828/975 1079/845/974 1132/900/1027 1134/902/1029
f 1073/830/968 1072/846/967 1133/901/1028 1135/903/1030
f 1081/829/976 1080/828/975 1134/902/1029 1136/885/1031
f 1074/831/969 1073/830/968 1135/903/1030 1137/887/1032
f 1192/904/1087 1161/905/1056 1162/906/1057 1191/907/1086
f 1190/908/1085 1157/909/1052 1158/910/1053 1189/911/1084
f 1188/912/1083 1192/904/1087 1191/907/1086 1187/913/1082
f 1186/914/1081 1190/908/1085 1189/911/1084 1185/915/1080
f 1184/916/1079 1188/912/1083 1187/913/1082 1183/917/1078
f 1182/918/1077 1186/914/1081 1185/915/1080 1181/919/1076
f 1180/920/1075 1184/916/1079 1183/917/1078 1179/921/1074
f 1178/922/1073 1182/918/1077 1181/919/1076 1177/923/1072
f 1176/924/1071 1165/925/1060 1166/926/1061 1175/927/1070
f 1174/928/1069 1180/920/1075 1179/921/1074 1173/929/1068
f 1172/930/1067 1178/922/1073 1177/923/1072 1171/931/1066
f 1170/932/1065 1176/933/1071 1175/934/1070 1169/935/1064
f 1168/936/1063 1174/928/1069 1173/929/1068 1167/937/1062
f 1164/938/1059 1172/930/1067 1171/931/1066 1163/939/1058
f 1160/940/1055 1170/932/1065 1169/935/1064 1159/941/1054
f 1165/925/1060 1168/936/1063 1167/937/1062 1166/926/1061
f 1161/905/1056 1164/938/1059 1163/939/1058 1162/906/1057
f 1157/909/1052 1160/940/1055 1159/941/1054 1158/910/1053
f 1121/886/1016 1136/885/1031 1158/910/1053 1159/941/1054
f 1193/942/1088 1194/943/1089 1139/848/1034 1142/847/1037
f 1136/885/1031 1134/902/1029 1189/911/1084 1158/910/1053
f 1194/943/1089 1195/944/1090 1155/881/1050 1139/848/1034
f 1196/945/1091 1193/942/1088 1142/847/1037 1145/859/1040
f 1124/891/1019 1121/886/1016 1159/941/1054 1169/935/1064
f 1122/888/1017 1137/887/1032 1162/906/1057 1163/939/1058
f 1197/946/1092 1198/947/1093 1140/852/1035 1143/851/1038
f 1137/887/1032 1135/903/1030 1191/907/1086 1162/906/1057
f 1198/947/1093 1199/948/1094 1156/883/1051 1140/852/1035
f 1200/949/1095 1197/946/1092 1143/851/1038 1146/861/1041
f 1125/892/1020 1122/888/1017 1163/939/1058 1171/931/1066
f 1123/890/1018 1138/889/1033 1166/926/1061 1167/937/1062
f 1201/950/1096 1202/951/1097 1141/856/1036 1144/855/1039
f 1138/889/1033 1127/897/1022 1175/927/1070 1166/926/1061
f 1202/951/1097 1203/952/1098 1148/871/1043 1141/856/1036
f 1204/953/1099 1201/950/1096 1144/855/1039 1147/863/1042
f 1126/893/1021 1123/890/1018 1167/937/1062 1173/929/1068
f 1203/954/1098 1196/945/1091 1145/859/1040 1148/865/1043
f 1127/894/1022 1124/891/1019 1169/935/1064 1175/934/1070
f 1205/955/1100 1200/949/1095 1146/861/1041 1149/867/1044
f 1128/895/1023 1125/892/1020 1171/931/1066 1177/923/1072
f 1206/956/1101 1204/953/1099 1147/863/1042 1150/869/1045
f 1129/896/1024 1126/893/1021 1173/929/1068 1179/921/1074
f 1207/957/1102 1205/955/1100 1149/867/1044 1151/873/1046
f 1130/898/1025 1128/895/1023 1177/923/1072 1181/919/1076
f 1208/958/1103 1206/956/1101 1150/869/1045 1152/875/1047
f 1131/899/1026 1129/896/1024 1179/921/1074 1183/917/1078
f 1209/959/1104 1207/957/1102 1151/873/1046 1153/877/1048
f 1132/900/1027 1130/898/1025 1181/919/1076 1185/915/1080
f 1210/960/1105 1208/958/1103 1152/875/1047 1154/879/1049
f 1133/901/1028 1131/899/1026 1183/917/1078 1187/913/1082
f 1195/944/1090 1209/959/1104 1153/877/1048 1155/881/1050
f 1134/902/1029 1132/900/1027 1185/915/1080 1189/911/1084
f 1199/948/1094 1210/960/1105 1154/879/1049 1156/883/1051
f 1135/903/1030 1133/901/1028 1187/913/1082 1191/907/1086
f 1192/904/1087 1188/912/1083 1210/960/1105 1199/948/1094
f 1190/908/1085 1186/914/1081 1209/959/1104 1195/944/1090
f 1188/912/1083 1184/916/1079 1208/958/1103 1210/960/1105
f 1186/914/1081 1182/918/1077 1207/957/1102 1209/959/1104
f 1184/916/1079 1180/920/1075 1206/956/1101 1208/958/1103
f 1182/918/1077 1178/922/1073 1205/955/1100 1207/957/1102
f 1180/920/1075 1174/928/1069 1204/953/1099 1206/956/1101
f 1178/922/1073 1172/930/1067 1200/949/1095 1205/955/1100
f 1176/933/1071 1170/932/1065 1196/945/1091 1203/954/1098
f 1174/928/1069 1168/936/1063 1201/950/1096 1204/953/1099
f 1165/925/1060 1176/924/1071 1203/952/1098 1202/951/1097
f 1168/936/1063 1165/925/1060 1202/951/1097 1201/950/1096
f 1172/930/1067 1164/938/1059 1197/946/1092 1200/949/1095
f 1161/905/1056 1192/904/1087 1199/948/1094 1198/947/1093
f 1164/938/1059 1161/905/1056 1198/947/1093 1197/946/1092
f 1170/932/1065 1160/940/1055 1193/942/1088 1196/945/1091
f 1157/909/1052 1190/908/1085 1195/944/1090 1194/943/1089
f 1160/940/1055 1157/909/1052 1194/943/1089 1193/942/1088
f 1027/784/922 1028/788/923 1226/961/1121 1225/962/1120
f 1020/786/915 1021/753/916 1219/963/1114 1218/964/1113
f 1013/768/908 1014/757/909 1212/965/1107 1211/966/1106
f 1028/788/923 1029/761/924 1227/967/1122 1226/961/1121
f 1021/753/916 1022/752/917 1220/968/1115 1219/963/1114
f 1014/757/909 1015/756/910 1213/969/1108 1212/965/1107
f 1029/761/924 1030/760/925 1228/970/1123 1227/967/1122
f 1022/752/917 1023/764/918 1221/971/1116 1220/968/1115
f 1015/756/910 1016/766/911 1214/972/1109 1213/969/1108
f 1030/769/925 1013/768/908 1211/966/1106 1228/973/1123
f 1023/764/918 1024/772/919 1222/974/1117 1221/971/1116
f 1016/766/911 1017/774/912 1215/975/1110 1214/972/1109
f 1024/772/919 1025/776/920 1223/976/1118 1222/974/1117
f 1017/774/912 1018/778/913 1216/977/1111 1215/975/1110
f 1025/776/920 1026/780/921 1224/978/1119 1223/976/1118
f 1018/778/913 1019/782/914 1217/979/1112 1216/977/1111
f 1026/780/921 1027/784/922 1225/962/1120 1224/978/1119
f 1019/782/914 1020/786/915 1218/964/1113 1217/979/1112
f 1238/752/1133 1256/755/1151 1255/754/1150 1237/753/1132
f 1231/756/1126 1249/759/1144 1248/758/1143 1230/757/1125
f 1246/760/1141 1264/763/1159 1263/762/1158 1245/761/1140
f 1239/764/1134 1257/765/1152 1256/755/1151 1238/752/1133
f 1232/766/1127 1250/767/1145 1249/759/1144 1231/756/1126
f 1229/768/1124 1247/771/1142 1264/770/1159 1246/769/1141
f 1240/772/1135 1258/773/1153 1257/765/1152 1239/764/1134
f 1233/774/1128 1251/775/1146 1250/767/1145 1232/766/1127
f 1241/776/1136 1259/777/1154 1258/773/1153 1240/772/1135
f 1234/778/1129 1252/779/1147 1251/775/1146 1233/774/1128
f 1242/780/1137 1260/781/1155 1259/777/1154 1241/776/1136
f 1235/782/1130 1253/783/1148 1252/779/1147 1234/778/1129
f 1243/784/1138 1261/785/1156 1260/781/1155 1242/780/1137
f 1236/786/1131 1254/787/1149 1253/783/1148 1235/782/1130
f 1244/788/1139 1262/789/1157 1261/785/1156 1243/784/1138
f 1237/753/1132 1255/754/1150 1254/787/1149 1236/786/1131
f 1230/757/1125 1248/758/1143 1247/771/1142 1229/768/1124
f 1245/761/1140 1263/762/1158 1262/789/1157 1244/788/1139
f 1320/790/1197 1278/793/1173 1277/792/1172 1319/791/1196
f 1322/794/1199 1271/797/1166 1270/796/1165 1321/795/1198
f 1323/798/1200 1279/799/1174 1278/793/1173 1320/790/1197
f 1324/800/1201 1272/801/1167 1271/797/1166 1322/794/1199
f 1325/802/1202 1280/803/1175 1279/799/1174 1323/798/1200
f 1326/804/1203 1273/805/1168 1272/801/1167 1324/800/1201
f 1328/806/1205 1266/809/1161 1265/808/1160 1327/807/1204
f 1329/810/1206 1281/811/1176 1280/803/1175 1325/802/1202
f 1330/812/1207 1274/813/1169 1273/805/1168 1326/804/1203
f 1331/814/1208 1267/815/1162 1266/809/1161 1328/806/1205
f 1332/816/1209 1282/817/1177 1281/811/1176 1329/810/1206
f 1333/818/1210 1275/819/1170 1274/813/1169 1330/812/1207
f 1334/820/1211 1268/821/1163 1267/815/1162 1331/814/1208
f 1327/807/1204 1265/808/1160 1282/823/1177 1332/822/1209
f 1335/824/1212 1276/825/1171 1275/819/1170 1333/818/1210
f 1336/826/1213 1269/827/1164 1268/821/1163 1334/820/1211
f 1319/791/1196 1277/792/1172 1276/825/1171 1335/824/1212
f 1321/795/1198 1270/796/1165 1269/827/1164 1336/826/1213
f 1279/799/1174 1297/829/966 1296/828/967 1278/793/1173
f 1272/801/1167 1290/831/973 1289/830/974 1271/797/1166
f 1280/803/1175 1298/832/965 1297/829/966 1279/799/1174
f 1273/805/1168 1291/833/972 1290/831/973 1272/801/1167
f 1266/809/1161 1284/835/979 1283/834/962 1265/808/1160
f 1281/811/1176 1299/836/964 1298/832/965 1280/803/1175
f 1274/813/1169 1292/837/971 1291/833/972 1273/805/1168
f 1267/815/1162 1285/838/978 1284/835/979 1266/809/1161
f 1282/817/1177 1300/839/963 1299/836/964 1281/811/1176
f 1275/819/1170 1293/840/970 1292/837/971 1274/813/1169
f 1268/821/1163 1286/841/977 1285/838/978 1267/815/1162
f 1265/808/1160 1283/834/962 1300/842/963 1282/823/1177
f 1276/825/1171 1294/843/969 1293/840/970 1275/819/1170
f 1269/827/1164 1287/844/976 1286/841/977 1268/821/1163
f 1277/792/1172 1295/845/968 1294/843/969 1276/825/1171
f 1270/796/1165 1288/846/975 1287/844/976 1269/827/1164
f 1278/793/1173 1296/828/967 1295/845/968 1277/792/1172
f 1271/797/1166 1289/830/974 1288/846/975 1270/796/1165
f 1358/847/1217 1316/850/1193 1315/849/1192 1355/848/1214
f 1359/851/1218 1309/854/1186 1308/853/1185 1356/852/1215
f 1360/855/1219 1302/858/1179 1301/857/1178 1357/856/1216
f 1361/859/1220 1317/860/1194 1316/850/1193 1358/847/1217
f 1362/861/1221 1310/862/1187 1309/854/1186 1359/851/1218
f 1363/863/1222 1303/864/1180 1302/858/1179 1360/855/1219
f 1364/865/1223 1318/866/1195 1317/860/1194 1361/859/1220
f 1365/867/1224 1311/868/1188 1310/862/1187 1362/861/1221
f 1366/869/1225 1304/870/1181 1303/864/1180 1363/863/1222
f 1357/856/1216 1301/857/1178 1318/872/1195 1364/871/1223
f 1367/873/1226 1312/874/1189 1311/868/1188 1365/867/1224
f 1368/875/1227 1305/876/1182 1304/870/1181 1366/869/1225
f 1369/877/1228 1313/878/1190 1312/874/1189 1367/873/1226
f 1370/879/1229 1306/880/1183 1305/876/1182 1368/875/1227
f 1371/881/1230 1314/882/1191 1313/878/1190 1369/877/1228
f 1372/883/1231 1307/884/1184 1306/880/1183 1370/879/1229
f 1355/848/1214 1315/849/1192 1314/882/1191 1371/881/1230
f 1356/852/1215 1308/853/1185 1307/884/1184 1372/883/1231
f 1252/779/1147 1321/795/1198 1336/826/1213 1251/775/1146
f 1259/777/1154 1319/791/1196 1335/824/1212 1258/773/1153
f 1251/775/1146 1336/826/1213 1334/820/1211 1250/767/1145
f 1258/773/1153 1335/824/1212 1333/818/1210 1257/765/1152
f 1247/771/1142 1327/807/1204 1332/822/1209 1264/770/1159
f 1250/767/1145 1334/820/1211 1331/814/1208 1249/759/1144
f 1257/765/1152 1333/818/1210 1330/812/1207 1256/755/1151
f 1264/763/1159 1332/816/1209 1329/810/1206 1263/762/1158
f 1249/759/1144 1331/814/1208 1328/806/1205 1248/758/1143
f 1256/755/1151 1330/812/1207 1326/804/1203 1255/754/1150
f 1263/762/1158 1329/810/1206 1325/802/1202 1262/789/1157
f 1248/758/1143 1328/806/1205 1327/807/1204 1247/771/1142
f 1255/754/1150 1326/804/1203 1324/800/1201 1254/787/1149
f 1262/789/1157 1325/802/1202 1323/798/1200 1261/785/1156
f 1254/787/1149 1324/800/1201 1322/794/1199 1253/783/1148
f 1261/785/1156 1323/798/1200 1320/790/1197 1260/781/1155
f 1253/783/1148 1322/794/1199 1321/795/1198 1252/779/1147
f 1260/781/1155 1320/790/1197 1319/791/1196 1259/777/1154
f 1298/832/965 1337/886/1024 1352/885/1026 1297/829/966
f 1291/833/972 1338/888/1023 1353/887/1025 1290/831/973
f 1284/835/979 1339/890/1022 1354/889/1033 1283/834/962
f 1299/836/964 1340/891/1021 1337/886/1024 1298/832/965
f 1292/837/971 1341/892/1020 1338/888/1023 1291/833/972
f 1285/838/978 1342/893/1019 1339/890/1022 1284/835/979
f 1300/839/963 1343/894/1018 1340/891/1021 1299/836/964
f 1293/840/970 1344/895/1017 1341/892/1020 1292/837/971
f 1286/841/977 1345/896/1016 1342/893/1019 1285/838/978
f 1283/834/962 1354/889/1033 1343/897/1018 1300/842/963
f 1294/843/969 1346/898/1032 1344/895/1017 1293/840/970
f 1287/844/976 1347/899/1031 1345/896/1016 1286/841/977
f 1295/845/968 1348/900/1030 1346/898/1032 1294/843/969
f 1288/846/975 1349/901/1029 1347/899/1031 1287/844/976
f 1296/828/967 1350/902/1028 1348/900/1030 1295/845/968
f 1289/830/974 1351/903/1027 1349/901/1029 1288/846/975
f 1297/829/966 1352/885/1026 1350/902/1028 1296/828/967
f 1290/831/973 1353/887/1025 1351/903/1027 1289/830/974
f 1408/904/1267 1407/907/1266 1378/906/1237 1377/905/1236
f 1406/908/1265 1405/911/1264 1374/910/1233 1373/909/1232
f 1404/912/1263 1403/913/1262 1407/907/1266 1408/904/1267
f 1402/914/1261 1401/915/1260 1405/911/1264 1406/908/1265
f 1400/916/1259 1399/917/1258 1403/913/1262 1404/912/1263
f 1398/918/1257 1397/919/1256 1401/915/1260 1402/914/1261
f 1396/920/1255 1395/921/1254 1399/917/1258 1400/916/1259
f 1394/922/1253 1393/923/1252 1397/919/1256 1398/918/1257
f 1392/924/1251 1391/927/1250 1382/926/1241 1381/925/1240
f 1390/928/1249 1389/929/1248 1395/921/1254 1396/920/1255
f 1388/930/1247 1387/931/1246 1393/923/1252 1394/922/1253
f 1386/932/1245 1385/935/1244 1391/934/1250 1392/933/1251
f 1384/936/1243 1383/937/1242 1389/929/1248 1390/928/1249
f 1380/938/1239 1379/939/1238 1387/931/1246 1388/930/1247
f 1376/940/1235 1375/941/1234 1385/935/1244 1386/932/1245
f 1381/925/1240 1382/926/1241 1383/937/1242 1384/936/1243
f 1377/905/1236 1378/906/1237 1379/939/1238 1380/938/1239
f 1373/909/1232 1374/910/1233 1375/941/1234 1376/940/1235
f 1337/886/1024 1375/941/1234 1374/910/1233 1352/885/1026
f 1409/942/1268 1358/847/1217 1355/848/1214 1410/943/1269
f 1352/885/1026 1374/910/1233 1405/911/1264 1350/902/1028
f 1410/943/1269 1355/848/1214 1371/881/1230 1411/944/1270
f 1412/945/1271 1361/859/1220 1358/847/1217 1409/942/1268
f 1340/891/1021 1385/935/1244 1375/941/1234 1337/886/1024
f 1338/888/1023 1379/939/1238 1378/906/1237 1353/887/1025
f 1413/946/1272 1359/851/1218 1356/852/1215 1414/947/1273
f 1353/887/1025 1378/906/1237 1407/907/1266 1351/903/1027
f 1414/947/1273 1356/852/1215 1372/883/1231 1415/948/1274
f 1416/949/1275 1362/861/1221 1359/851/1218 1413/946/1272
f 1341/892/1020 1387/931/1246 1379/939/1238 1338/888/1023
f 1339/890/1022 1383/937/1242 1382/926/1241 1354/889/1033
f 1417/950/1276 1360/855/1219 1357/856/1216 1418/951/1277
f 1354/889/1033 1382/926/1241 1391/927/1250 1343/897/1018
f 1418/951/1277 1357/856/1216 1364/871/1223 1419/952/1278
f 1420/953/1279 1363/863/1222 1360/855/1219 1417/950/1276
f 1342/893/1019 1389/929/1248 1383/937/1242 1339/890/1022
f 1419/954/1278 1364/865/1223 1361/859/1220 1412/945/1271
f 1343/894/1018 1391/934/1250 1385/935/1244 1340/891/1021
f 1421/955/1280 1365/867/1224 1362/861/1221 1416/949/1275
f 1344/895/1017 1393/923/1252 1387/931/1246 1341/892/1020
f 1422/956/1281 1366/869/1225 1363/863/1222 1420/953/1279
f 1345/896/1016 1395/921/1254 1389/929/1248 1342/893/1019
f 1423/957/1282 1367/873/1226 1365/867/1224 1421/955/1280
f 1346/898/1032 1397/919/1256 1393/923/1252 1344/895/1017
f 1424/958/1283 1368/875/1227 1366/869/1225 1422/956/1281
f 1347/899/1031 1399/917/1258 1395/921/1254 1345/896/1016
f 1425/959/1284 1369/877/1228 1367/873/1226 1423/957/1282
f 1348/900/1030 1401/915/1260 1397/919/1256 1346/898/1032
f 1426/960/1285 1370/879/1229 1368/875/1227 1424/958/1283
f 1349/901/1029 1403/913/1262 1399/917/1258 1347/899/1031
f 1411/944/1270 1371/881/1230 1369/877/1228 1425/959/1284
f 1350/902/1028 1405/911/1264 1401/915/1260 1348/900/1030
f 1415/948/1274 1372/883/1231 1370/879/1229 1426/960/1285
f 1351/903/1027 1407/907/1266 1403/913/1262 1349/901/1029
f 1408/904/1267 1415/948/1274 1426/960/1285 1404/912/1263
f 1406/908/1265 1411/944/1270 1425/959/1284 1402/914/1261
f 1404/912/1263 1426/960/1285 1424/958/1283 1400/916/1259
f 1402/914/1261 1425/959/1284 1423/957/1282 1398/918/1257
f 1400/916/1259 1424/958/1283 1422/956/1281 1396/920/1255
f 1398/918/1257 1423/957/1282 1421/955/1280 1394/922/1253
f 1396/920/1255 1422/956/1281 1420/953/1279 1390/928/1249
f 1394/922/1253 1421/955/1280 1416/949/1275 1388/930/1247
f 1392/933/1251 1419/954/1278 1412/945/1271 1386/932/1245
f 1390/928/1249 1420/953/1279 1417/950/1276 1384/936/1243
f 1381/925/1240 1418/951/1277 1419/952/1278 1392/924/1251
f 1384/936/1243 1417/950/1276 1418/951/1277 1381/925/1240
f 1388/930/1247 1416/949/1275 1413/946/1272 1380/938/1239
f 1377/905/1236 1414/947/1273 1415/948/1274 1408/904/1267
f 1380/938/1239 1413/946/1272 1414/947/1273 1377/905/1236
f 1386/932/1245 1412/945/1271 1409/942/1268 1376/940/1235
f 1373/909/1232 1410/943/1269 1411/944/1270 1406/908/1265
f 1376/940/1235 1409/942/1268 1410/943/1269 1373/909/1232
f 1243/784/1138 1441/962/1110 1442/961/1109 1244/788/1139
f 1236/786/1131 1434/964/1117 1435/963/1116 1237/753/1132
f 1229/768/1124 1427/966/1106 1428/965/1123 1230/757/1125
f 1244/788/1139 1442/961/1109 1443/967/1108 1245/761/1140
f 1237/753/1132 1435/963/1116 1436/968/1115 1238/752/1133
f 1230/757/1125 1428/965/1123 1429/969/1122 1231/756/1126
f 1245/761/1140 1443/967/1108 1444/970/1107 1246/760/1141
f 1238/752/1133 1436/968/1115 1437/971/1114 1239/764/1134
f 1231/756/1126 1429/969/1122 1430/972/1121 1232/766/1127
f 1246/769/1141 1444/973/1107 1427/966/1106 1229/768/1124
f 1239/764/1134 1437/971/1114 1438/974/1113 1240/772/1135
f 1232/766/1127 1430/972/1121 1431/975/1120 1233/774/1128
f 1240/772/1135 1438/974/1113 1439/976/1112 1241/776/1136
f 1233/774/1128 1431/975/1120 1432/977/1119 1234/778/1129
f 1241/776/1136 1439/976/1112 1440/978/1111 1242/780/1137
f 1234/778/1129 1432/977/1119 1433/979/1118 1235/782/1130
f 1242/780/1137 1440/978/1111 1441/962/1110 1243/784/1138
f 1235/782/1130 1433/979/1118 1434/964/1117 1236/786/1131
o shirt
v 0.000000 2.248883 -0.104355
v 0.000000 2.187496 0.043510
v 0.051518 2.202708 0.015834
v 0.070404 2.211092 -0.007521
v 0.076700 2.221199 -0.034859
v 0.071015 2.231008 -0.060404
v 0.053116 2.241084 -0.085565
v 0.025068 2.247316 -0.102021
v -0.001191 2.278336 -0.126429
v 0.000000 2.283759 -0.153379
v 0.028715 2.220392 0.070775
v 0.066150 2.228071 0.048790
v 0.089934 2.238991 0.015632
v 0.098019 2.251840 -0.023498
v 0.090406 2.264042 -0.060214
v 0.066587 2.271280 -0.096188
v 0.032725 2.277102 -0.117913
v 0.050188 2.215039 0.094202
v 0.082819 2.219950 0.070450
v 0.112133 2.233864 0.028740
v 0.122664 2.250429 -0.021430
v 0.113155 2.265502 -0.068590
v 0.082924 2.275107 -0.114905
v 0.039727 2.282728 -0.142746
v 0.000000 2.229299 -0.158716
v 0.094209 2.136850 0.090660
v 0.119211 2.158315 0.054277
v 0.146878 2.180274 0.014100
v 0.158105 2.201453 -0.032803
v 0.138602 2.214975 -0.075245
v 0.107260 2.224381 -0.120380
v 0.057737 2.231036 -0.149243
v 0.101562 2.268449 -0.063444
v 0.074303 2.277046 -0.104129
v 0.101076 2.239981 0.022777
v 0.110415 2.254660 -0.021672
v 0.039200 2.222935 0.085307
v 0.074308 2.227627 0.060178
v 0.036123 2.283745 -0.128229
v -0.000231 2.285133 -0.137903
v 0.000000 2.241832 -0.116963
v -0.000000 2.175786 0.050313
v 0.060048 2.191712 0.020974
v 0.079355 2.200687 -0.002584
v 0.088636 2.212788 -0.035066
v 0.082332 2.224246 -0.066881
v 0.061232 2.234254 -0.095892
v 0.029575 2.240233 -0.114215
v 0.000000 2.269495 -0.138877
v -0.003919 2.273286 -0.143212
v 0.033185 2.206857 0.074349
v 0.071392 2.214371 0.050335
v 0.097303 2.226189 0.014652
v 0.106229 2.240162 -0.027422
v 0.097967 2.252991 -0.066493
v 0.072208 2.260614 -0.104779
v 0.035990 2.266619 -0.127845
v 0.042963 2.205344 0.085020
v 0.074880 2.211221 0.061135
v 0.103683 2.224236 0.021319
v 0.113298 2.239434 -0.024679
v 0.104005 2.254005 -0.067268
v 0.075523 2.263780 -0.108897
v 0.035677 2.271480 -0.134014
v 0.000000 2.226445 -0.144672
v 0.084569 2.133059 0.080010
v 0.108984 2.154395 0.044316
v 0.135282 2.174750 0.006739
v 0.145504 2.194047 -0.035156
v 0.126238 2.207715 -0.071892
v 0.096829 2.218764 -0.111502
v 0.051662 2.227718 -0.136156
v 0.101204 2.254139 -0.067217
v 0.074318 2.262662 -0.107635
v 0.100450 2.225977 0.018015
v 0.109689 2.240590 -0.026222
v 0.038206 2.208583 0.081689
v 0.073388 2.213497 0.055799
v 0.036283 2.269496 -0.132245
v 0.000000 2.272403 -0.143924
v 0.000000 2.244401 -0.122898
v -0.000000 2.129930 0.078239
v 0.064946 2.171202 0.041822
v 0.096531 2.191622 0.012479
v 0.109604 2.214607 -0.022883
v 0.095333 2.231407 -0.067592
v 0.067313 2.241609 -0.097842
v 0.031920 2.244579 -0.117752
v 0.000000 2.203265 -0.122286
v -0.000000 2.084060 0.083651
v 0.092241 2.125070 0.055265
v 0.125757 2.153548 0.013118
v 0.135355 2.169330 -0.027601
v 0.115177 2.184851 -0.070314
v 0.075589 2.195227 -0.099108
v 0.025709 2.201557 -0.117525
v -0.000000 2.165223 -0.128419
v -0.000000 2.035841 0.113027
v 0.133024 2.082070 0.047777
v 0.157060 2.112484 0.014892
v 0.163066 2.129705 -0.029319
v 0.150165 2.145951 -0.074024
v 0.124856 2.156810 -0.104161
v 0.092966 2.163435 -0.123436
v 0.032473 2.150566 0.060031
v 0.041629 2.107871 0.081909
v 0.091679 2.059034 0.083408
v 0.025759 2.195102 0.029672
v 0.066503 2.217495 0.082326
v 0.047432 2.224231 0.059783
v 0.106710 2.147583 0.072468
v 0.056754 2.225281 0.072743
v 0.058922 2.208283 0.073077
v 0.052288 2.210614 0.062342
v 0.096777 2.143727 0.062163
v 0.055797 2.211040 0.068744
v 0.027458 2.183068 0.036897
v -0.051518 2.202708 0.015834
v -0.070404 2.211092 -0.007521
v -0.076700 2.221199 -0.034859
v -0.071015 2.231008 -0.060404
v -0.053116 2.241084 -0.085565
v -0.025068 2.247316 -0.102021
v 0.001191 2.278336 -0.126429
v -0.028715 2.220392 0.070775
v -0.066150 2.228071 0.048790
v -0.089934 2.238991 0.015632
v -0.098019 2.251840 -0.023498
v -0.090406 2.264042 -0.060214
v -0.066587 2.271280 -0.096188
v -0.032725 2.277102 -0.117913
v -0.050188 2.215039 0.094202
v -0.082819 2.219950 0.070450
v -0.112133 2.233864 0.028740
v -0.122664 2.250429 -0.021430
v -0.113155 2.265502 -0.068590
v -0.082924 2.275107 -0.114905
v -0.039727 2.282728 -0.142746
v -0.094209 2.136850 0.090660
v -0.119211 2.158315 0.054277
v -0.146878 2.180274 0.014100
v -0.158105 2.201453 -0.032803
v -0.138602 2.214975 -0.075245
v -0.107260 2.224381 -0.120380
v -0.057737 2.231036 -0.149243
v -0.101562 2.268449 -0.063444
v -0.074303 2.277046 -0.104129
v -0.101076 2.239981 0.022777
v -0.110415 2.254660 -0.021672
v -0.039200 2.222935 0.085307
v -0.074308 2.227627 0.060178
v -0.036123 2.283745 -0.128229
v 0.000231 2.285133 -0.137903
v -0.060048 2.191712 0.020974
v -0.079355 2.200687 -0.002584
v -0.088636 2.212788 -0.035066
v -0.082332 2.224246 -0.066881
v -0.061232 2.234254 -0.095892
v -0.029575 2.240233 -0.114215
v 0.003919 2.273286 -0.143212
v -0.033185 2.206857 0.074349
v -0.071392 2.214371 0.050335
v -0.097303 2.226189 0.014652
v -0.106229 2.240162 -0.027422
v -0.097967 2.252991 -0.066493
v -0.072208 2.260614 -0.104779
v -0.035990 2.266619 -0.127845
v -0.042963 2.205344 0.085020
v -0.074880 2.211221 0.061135
v -0.103683 2.224236 0.021319
v -0.113298 2.239434 -0.024679
v -0.104005 2.254005 -0.067268
v -0.075523 2.263780 -0.108897
v -0.035677 2.271480 -0.134014
v -0.084569 2.133059 0.080010
v -0.108984 2.154395 0.044316
v -0.135282 2.174750 0.006739
v -0.145504 2.194047 -0.035156
v -0.126238 2.207715 -0.071892
v -0.096829 2.218764 -0.111502
v -0.051662 2.227718 -0.136156
v -0.101204 2.254139 -0.067217
v -0.074318 2.262662 -0.107635
v -0.100450 2.225977 0.018015
v -0.109689 2.240590 -0.026222
v -0.038206 2.208583 0.081689
v -0.073388 2.213497 0.055799
v -0.036283 2.269496 -0.132245
v -0.064946 2.171202 0.041822
v -0.096531 2.191622 0.012479
v -0.109604 2.214607 -0.022883
v -0.095333 2.231407 -0.067592
v -0.067313 2.241609 -0.097842
v -0.031920 2.244579 -0.117752
v -0.092241 2.125070 0.055265
v -0.125757 2.153548 0.013118
v -0.135355 2.169330 -0.027601
v -0.115177 2.184851 -0.070314
v -0.075589 2.195227 -0.099108
v -0.025709 2.201557 -0.117525
v -0.133024 2.082070 0.047777
v -0.157060 2.112484 0.014892
v -0.163066 2.129705 -0.029319
v -0.150165 2.145951 -0.074024
v -0.124856 2.156810 -0.104161
v -0.092966 2.163435 -0.123436
v -0.032473 2.150566 0.060031
v -0.041629 2.107871 0.081909
v -0.091679 2.059034 0.083408
v -0.025759 2.195102 0.029672
v -0.066503 2.217495 0.082326
v -0.047432 2.224231 0.059783
v -0.106710 2.147583 0.072468
v -0.056754 2.225281 0.072743
v -0.058922 2.208283 0.073077
v -0.052288 2.210614 0.062342
v -0.096777 2.143727 0.062163
v -0.055797 2.211040 0.068744
v -0.027458 2.183068 0.036897
vn -0.4480 0.7755 -0.4449
vn -0.6635 0.7010 -0.2615
vn -0.8246 0.5655 0.0169
vn -0.8194 0.4625 0.3385
vn -0.6746 0.4475 0.5871
vn -0.3893 0.4837 0.7839
vn -0.1266 0.5450 0.8288
vn 0.2581 0.9656 0.0315
vn 0.2987 0.8858 0.3552
vn 0.2216 0.8519 0.4744
vn 0.1880 0.9819 -0.0239
vn 0.3237 0.9175 0.2309
vn 0.2330 0.8615 0.4512
vn 0.0511 0.9960 -0.0729
vn 0.6244 0.2895 0.7254
vn 0.5302 0.3114 -0.7886
vn 0.8402 0.5326 -0.1021
vn 0.7260 0.2803 0.6280
vn 0.1990 0.1419 -0.9697
vn 0.7851 0.4384 -0.4375
vn 0.8097 0.4624 0.3613
vn -0.0995 0.8557 0.5079
vn -0.1971 0.9643 0.1769
vn -0.2553 0.9006 0.3518
vn -0.1601 0.8590 0.4864
vn -0.1714 0.9852 -0.0052
vn -0.2487 0.9342 0.2558
vn -0.2669 0.8930 0.3623
vn 0.4275 -0.7892 0.4408
vn 0.6774 -0.6810 0.2780
vn 0.8285 -0.5599 0.0065
vn 0.8336 -0.4471 -0.3245
vn 0.6878 -0.4231 -0.5898
vn 0.3983 -0.4681 -0.7888
vn 0.1345 -0.5556 -0.8205
vn 0.1334 -0.9444 -0.3006
vn -0.1532 -0.9283 -0.3387
vn -0.2051 -0.8620 -0.4635
vn 0.2888 -0.6972 -0.6561
vn -0.1227 -0.9482 -0.2929
vn -0.0992 -0.9220 -0.3743
vn 0.2687 0.0698 -0.9607
vn -0.6298 -0.2814 -0.7240
vn -0.5253 -0.2639 0.8090
vn -0.8451 -0.5213 0.1186
vn -0.7285 -0.2635 -0.6323
vn -0.1904 -0.0807 0.9784
vn -0.7886 -0.4122 0.4563
vn -0.8151 -0.4527 -0.3616
vn 0.0947 -0.8503 -0.5177
vn 0.1538 -0.9658 -0.2085
vn 0.2381 -0.9066 -0.3485
vn 0.1822 -0.8405 -0.5102
vn 0.1903 -0.9811 0.0355
vn 0.2146 -0.9398 -0.2661
vn 0.2815 -0.8854 -0.3699
vn -0.2782 -0.5033 -0.8181
vn -0.4499 -0.6539 -0.6083
vn -0.5563 -0.7213 -0.4126
vn -0.5730 -0.8002 -0.1769
vn -0.5310 -0.8446 0.0691
vn -0.3696 -0.8688 0.3296
vn -0.0952 -0.8722 0.4797
vn -0.7189 0.1516 0.6784
vn -0.9990 -0.0386 -0.0230
vn -0.6722 -0.1556 0.7239
vn -0.9979 -0.0107 -0.0643
vn 0.5028 -0.8495 -0.1597
vn 0.4825 -0.8653 -0.1360
vn 0.5311 -0.8121 -0.2419
vn 0.4316 -0.7670 -0.4747
vn 0.2740 -0.8715 -0.4068
vn 0.0428 -0.9363 -0.3487
vn 0.0611 -0.9761 -0.2084
vn -0.5708 -0.3666 0.7347
vn -0.9844 -0.0264 -0.1739
vn -0.8022 -0.1009 0.5885
vn -0.9534 0.1930 0.2318
vn 0.2589 0.4468 0.8564
vn 0.4117 0.0201 -0.9111
vn 0.8754 0.4491 -0.1789
vn 0.4847 0.4507 0.7496
vn 0.1688 -0.0223 -0.9854
vn 0.6790 0.2353 -0.6954
vn 0.7498 0.4719 0.4639
vn 0.0864 0.2296 -0.9695
vn 0.5950 0.6942 -0.4050
vn 0.7550 0.5524 0.3534
vn 0.4133 0.3540 0.8390
vn 0.3918 0.6846 -0.6147
vn 0.7774 0.6254 -0.0669
vn 0.5381 0.4114 0.7356
vn 0.1783 0.5452 0.8191
vn 0.1367 0.8043 0.5784
vn -0.1303 0.8975 0.4212
vn 0.0556 -0.8129 -0.5797
vn -0.3594 0.8399 0.4068
vn 0.0972 0.3469 0.9329
vn 0.0756 0.3008 0.9507
vn 0.4958 -0.8524 -0.1662
vn 0.1081 -0.9903 -0.0876
vn -0.6552 -0.2236 -0.7216
vn -0.1505 -0.9045 -0.3989
vn -0.1260 0.9898 0.0659
vn 0.6485 0.2343 0.7243
vn 0.2164 0.8567 0.4682
vn -0.4416 0.7889 -0.4274
vn -0.4343 0.6793 0.5916
vn -0.2565 -0.5432 -0.7995
vn 0.1054 0.6466 0.7556
vn 0.4266 -0.7916 0.4376
vn -0.3397 0.5886 0.7336
vn 0.4480 0.7755 -0.4449
vn 0.6635 0.7010 -0.2615
vn 0.8246 0.5655 0.0169
vn 0.8194 0.4625 0.3385
vn 0.6746 0.4475 0.5871
vn 0.3893 0.4837 0.7839
vn 0.1266 0.5450 0.8288
vn -0.2581 0.9656 0.0315
vn -0.2987 0.8858 0.3552
vn -0.2216 0.8519 0.4744
vn -0.1880 0.9819 -0.0239
vn -0.3237 0.9175 0.2309
vn -0.2330 0.8615 0.4512
vn -0.0511 0.9960 -0.0729
vn -0.6244 0.2895 0.7254
vn -0.5302 0.3114 -0.7886
vn -0.8402 0.5326 -0.1021
vn -0.7260 0.2803 0.6280
vn -0.1990 0.1419 -0.9697
vn -0.7851 0.4384 -0.4375
vn -0.8097 0.4624 0.3613
vn 0.0995 0.8557 0.5079
vn 0.1971 0.9643 0.1769
vn 0.2553 0.9006 0.3518
vn 0.1601 0.8590 0.4864
vn 0.1714 0.9852 -0.0052
vn 0.2487 0.9342 0.2558
vn 0.2669 0.8930 0.3623
vn -0.4275 -0.7892 0.4408
vn -0.6774 -0.6810 0.2780
vn -0.8285 -0.5599 0.0065
vn -0.8336 -0.4471 -0.3245
vn -0.6878 -0.4231 -0.5898
vn -0.3983 -0.4681 -0.7888
vn -0.1345 -0.5556 -0.8205
vn -0.1334 -0.9444 -0.3006
vn 0.1532 -0.9283 -0.3387
vn 0.2051 -0.8620 -0.4635
vn -0.2888 -0.6972 -0.6561
vn 0.1227 -0.9482 -0.2929
vn 0.0992 -0.9220 -0.3743
vn -0.2687 0.0698 -0.9607
vn 0.6298 -0.2814 -0.7240
vn 0.5253 -0.2639 0.8090
vn 0.8451 -0.5213 0.1186
vn 0.7285 -0.2635 -0.6323
vn 0.1904 -0.0807 0.9784
vn 0.7886 -0.4122 0.4563
vn 0.8151 -0.4527 -0.3616
vn -0.0947 -0.8503 -0.5177
vn -0.1538 -0.9658 -0.2085
vn -0.2381 -0.9066 -0.3485
vn -0.1822 -0.8405 -0.5102
vn -0.1903 -0.9811 0.0355
vn -0.2146 -0.9398 -0.2661
vn -0.2815 -0.8854 -0.3699
vn 0.2782 -0.5033 -0.8181
vn 0.4499 -0.6539 -0.6083
vn 0.5563 -0.7213 -0.4126
vn 0.5730 -0.8002 -0.1769
vn 0.5310 -0.8446 0.0691
vn 0.3696 -0.8688 0.3296
vn 0.0952 -0.8722 0.4797
vn 0.7189 0.1516 0.6784
vn 0.9990 -0.0386 -0.0230
vn 0.6722 -0.1556 0.7239
vn 0.9979 -0.0107 -0.0643
vn -0.5028 -0.8495 -0.1597
vn -0.4825 -0.8653 -0.1360
vn -0.5311 -0.8121 -0.2419
vn -0.4316 -0.7670 -0.4747
vn -0.2740 -0.8715 -0.4068
vn -0.0428 -0.9363 -0.3487
vn -0.0611 -0.9761 -0.2084
vn 0.5708 -0.3666 0.7347
vn 0.9844 -0.0264 -0.1739
vn 0.8022 -0.1009 0.5885
vn 0.9534 0.1930 0.2318
vn -0.2589 0.4468 0.8564
vn -0.4117 0.0201 -0.9111
vn -0.8754 0.4491 -0.1789
vn -0.4847 0.4507 0.7496
vn -0.1688 -0.0223 -0.9854
vn -0.6790 0.2353 -0.6954
vn -0.7498 0.4719 0.4639
vn -0.0864 0.2296 -0.9695
vn -0.5950 0.6942 -0.4050
vn -0.7550 0.5524 0.3534
vn -0.4133 0.3540 0.8390
vn -0.3918 0.6846 -0.6147
vn -0.7774 0.6254 -0.0669
vn -0.5381 0.4114 0.7356
vn -0.1783 0.5452 0.8191
vn -0.1367 0.8043 0.5784
vn 0.1303 0.8975 0.4212
vn -0.0556 -0.8129 -0.5797
vn 0.3594 0.8399 0.4068
vn -0.0972 0.3469 0.9329
vn -0.0756 0.3008 0.9507
vn -0.4958 -0.8524 -0.1662
vn -0.1081 -0.9903 -0.0876
vn 0.6552 -0.2236 -0.7216
vn 0.1505 -0.9045 -0.3989
vn 0.1260 0.9898 0.0659
vn -0.6485 0.2343 0.7243
vn -0.2164 0.8567 0.4682
vn 0.4416 0.7889 -0.4274
vn 0.4343 0.6793 0.5916
vn 0.2565 -0.5432 -0.7995
vn -0.1054 0.6466 0.7556
vn -0.4266 -0.7916 0.4376
vn 0.3397 0.5886 0.7336
vt 0.706250 0.289014
vt 0.717606 0.312855
vt 0.696991 0.314444
vt 0.686335 0.298514
vt 0.644480 0.261229
vt 0.678309 0.268665
vt 0.670349 0.289217
vt 0.640203 0.281928
vt 0.614848 0.260610
vt 0.610553 0.280563
vt 0.589509 0.261455
vt 0.584663 0.282670
vt 0.563624 0.263877
vt 0.557467 0.283675
vt 0.540572 0.263463
vt 0.533091 0.282822
vt 0.525674 0.259112
vt 0.513497 0.278717
vt 0.555538 0.290784
vt 0.583681 0.289362
vt 0.583050 0.296440
vt 0.553830 0.298687
vt 0.609749 0.287517
vt 0.638693 0.288540
vt 0.637736 0.295538
vt 0.609354 0.294511
vt 0.681238 0.302593
vt 0.691310 0.316259
vt 0.686795 0.318365
vt 0.675816 0.305832
vt 0.530113 0.289893
vt 0.526974 0.298245
vt 0.667878 0.295079
vt 0.665493 0.301669
vt 0.509423 0.286819
vt 0.505244 0.296623
vt 0.664623 0.329937
vt 0.656110 0.329606
vt 0.562178 0.328029
vt 0.534038 0.329009
vt 0.607244 0.328861
vt 0.587244 0.327865
vt 0.647176 0.329639
vt 0.627612 0.329823
vt 0.502635 0.331611
vt 0.680448 0.386779
vt 0.672934 0.368341
vt 0.688972 0.354444
vt 0.713475 0.352488
vt 0.643810 0.393388
vt 0.638031 0.376178
vt 0.608893 0.391445
vt 0.606739 0.372649
vt 0.581794 0.386085
vt 0.581124 0.367645
vt 0.557926 0.381673
vt 0.554574 0.364841
vt 0.537460 0.383318
vt 0.531165 0.367458
vt 0.523069 0.390605
vt 0.511611 0.373421
vt 0.553800 0.362601
vt 0.553526 0.361452
vt 0.581755 0.364411
vt 0.581214 0.365751
vt 0.607195 0.370765
vt 0.608069 0.368864
vt 0.638875 0.371592
vt 0.638426 0.373944
vt 0.686298 0.353423
vt 0.683848 0.353018
vt 0.690790 0.331694
vt 0.693650 0.329939
vt 0.529467 0.365010
vt 0.528380 0.363926
vt 0.672640 0.363273
vt 0.672677 0.365817
vt 0.509634 0.370363
vt 0.507403 0.369864
vt 0.657820 0.339057
vt 0.665135 0.334505
vt 0.533979 0.337757
vt 0.561991 0.336355
vt 0.587023 0.336968
vt 0.607062 0.336703
vt 0.627776 0.338669
vt 0.648274 0.341046
vt 0.504672 0.340440
vt 0.697450 0.330057
vt 0.715685 0.287854
vt 0.724366 0.320481
vt 0.649431 0.254083
vt 0.681799 0.261312
vt 0.617377 0.252717
vt 0.590306 0.253405
vt 0.564439 0.255667
vt 0.543054 0.255514
vt 0.528985 0.252099
vt 0.509639 0.245892
vt 0.514734 0.239006
vt 0.507410 0.240269
vt 0.510486 0.235120
vt 0.501381 0.240429
vt 0.487288 0.216139
vt 0.492748 0.210580
vt 0.505892 0.233308
vt 0.600959 0.551235
vt 0.583964 0.532945
vt 0.610703 0.520611
vt 0.622563 0.545930
vt 0.718279 0.539570
vt 0.712612 0.516475
vt 0.739664 0.517102
vt 0.739171 0.538878
vt 0.670041 0.537069
vt 0.662047 0.512529
vt 0.687097 0.514096
vt 0.696113 0.537980
vt 0.640254 0.515818
vt 0.646843 0.539241
vt 0.752996 0.516792
vt 0.755259 0.536775
vt 0.710134 0.494672
vt 0.753262 0.498524
vt 0.676150 0.490419
vt 0.693569 0.492685
vt 0.633385 0.490738
vt 0.654672 0.489510
vt 0.582890 0.498184
vt 0.609802 0.490464
vt 0.601295 0.572289
vt 0.579259 0.555698
vt 0.616110 0.565142
vt 0.653522 0.550084
vt 0.634785 0.555189
vt 0.676681 0.547165
vt 0.739967 0.541785
vt 0.755391 0.539975
vt 0.697806 0.545163
vt 0.560901 0.539920
vt 0.539816 0.520737
vt 0.719594 0.544232
s 0
f 1552/980/1286 1446/981/1286 1455/982/1286 1554/983/1286
f 1448/984/1287 1447/985/1287 1456/986/1287 1457/987/1287
f 1449/988/1288 1448/984/1288 1457/987/1288 1458/989/1288
f 1450/990/1289 1449/988/1289 1458/989/1289 1459/991/1289
f 1451/992/1290 1450/990/1290 1459/991/1290 1460/993/1290
f 1452/994/1291 1451/992/1291 1460/993/1291 1461/995/1291
f 1445/996/1292 1452/994/1292 1461/995/1292 1453/997/1292
f 1478/998/1293 1477/999/1293 1466/1000/1293 1467/1001/1293
f 1480/1002/1294 1479/1003/1294 1464/1004/1294 1465/1005/1294
f 1556/1006/1295 1481/1007/1295 1462/1008/1295 1553/1009/1295
f 1483/1010/1296 1478/998/1296 1467/1001/1296 1468/1011/1296
f 1477/999/1297 1480/1002/1297 1465/1005/1297 1466/1000/1297
f 1479/1003/1298 1482/1012/1298 1463/1013/1298 1464/1004/1298
f 1484/1014/1299 1483/1010/1299 1468/1011/1299 1454/1015/1299
f 1553/1009/1300 1462/1008/1300 1470/1016/1300 1555/1017/1300
f 1468/1011/1301 1467/1001/1301 1475/1018/1301 1476/1019/1301
f 1466/1000/1302 1465/1005/1302 1473/1020/1302 1474/1021/1302
f 1464/1004/1303 1463/1013/1303 1471/1022/1303 1472/1023/1303
f 1454/1015/1304 1468/1011/1304 1476/1019/1304 1469/1024/1304
f 1467/1001/1305 1466/1000/1305 1474/1021/1305 1475/1018/1305
f 1465/1005/1306 1464/1004/1306 1472/1023/1306 1473/1020/1306
f 1453/997/1307 1461/995/1307 1483/1010/1307 1484/1014/1307
f 1457/987/1308 1456/986/1308 1482/1012/1308 1479/1003/1308
f 1459/991/1309 1458/989/1309 1480/1002/1309 1477/999/1309
f 1461/995/1310 1460/993/1310 1478/998/1310 1483/1010/1310
f 1554/983/1311 1455/982/1311 1481/1007/1311 1556/1006/1311
f 1458/989/1312 1457/987/1312 1479/1003/1312 1480/1002/1312
f 1460/993/1313 1459/991/1313 1477/999/1313 1478/998/1313
f 1487/1025/1314 1496/1026/1314 1558/1027/1314 1561/1028/1314
f 1488/1029/1315 1497/1030/1315 1496/1026/1315 1487/1025/1315
f 1489/1031/1316 1498/1032/1316 1497/1030/1316 1488/1029/1316
f 1490/1033/1317 1499/1034/1317 1498/1032/1317 1489/1031/1317
f 1491/1035/1318 1500/1036/1318 1499/1034/1318 1490/1033/1318
f 1492/1037/1319 1501/1038/1319 1500/1036/1319 1491/1035/1319
f 1485/1039/1320 1493/1040/1320 1501/1038/1320 1492/1037/1320
f 1518/1041/1321 1507/1042/1321 1506/1043/1321 1517/1044/1321
f 1520/1045/1322 1505/1046/1322 1504/1047/1322 1519/1048/1322
f 1560/1049/1323 1557/1050/1323 1502/1051/1323 1521/1052/1323
f 1523/1053/1324 1508/1054/1324 1507/1042/1324 1518/1041/1324
f 1517/1044/1325 1506/1043/1325 1505/1046/1325 1520/1045/1325
f 1519/1048/1326 1504/1047/1326 1503/1055/1326 1522/1056/1326
f 1524/1057/1327 1494/1058/1327 1508/1054/1327 1523/1053/1327
f 1557/1050/1328 1559/1059/1328 1510/1060/1328 1502/1051/1328
f 1508/1054/1329 1516/1061/1329 1515/1062/1329 1507/1042/1329
f 1506/1043/1330 1514/1063/1330 1513/1064/1330 1505/1046/1330
f 1504/1047/1331 1512/1065/1331 1511/1066/1331 1503/1055/1331
f 1494/1058/1332 1509/1067/1332 1516/1061/1332 1508/1054/1332
f 1507/1042/1333 1515/1062/1333 1514/1063/1333 1506/1043/1333
f 1505/1046/1334 1513/1064/1334 1512/1065/1334 1504/1047/1334
f 1493/1040/1335 1524/1057/1335 1523/1053/1335 1501/1038/1335
f 1497/1030/1336 1519/1048/1336 1522/1056/1336 1496/1026/1336
f 1499/1034/1337 1517/1044/1337 1520/1045/1337 1498/1032/1337
f 1501/1038/1338 1523/1053/1338 1518/1041/1338 1500/1036/1338
f 1558/1027/1339 1560/1049/1339 1521/1052/1339 1495/1068/1339
f 1498/1032/1340 1520/1045/1340 1519/1048/1340 1497/1030/1340
f 1500/1036/1341 1518/1041/1341 1517/1044/1341 1499/1034/1341
f 1446/981/1342 1552/980/1342 1561/1069/1342 1486/1070/1342
f 1447/985/1343 1448/984/1343 1488/1071/1343 1487/1072/1343
f 1448/984/1344 1449/988/1344 1489/1073/1344 1488/1071/1344
f 1449/988/1345 1450/990/1345 1490/1074/1345 1489/1073/1345
f 1450/990/1346 1451/992/1346 1491/1075/1346 1490/1074/1346
f 1451/992/1347 1452/994/1347 1492/1076/1347 1491/1075/1347
f 1452/994/1348 1445/996/1348 1485/1077/1348 1492/1076/1348
f 1455/982/1349 1446/981/1349 1486/1070/1349 1495/1068/1349
f 1445/996/1350 1453/1078/1350 1493/1079/1350 1485/1077/1350
f 1462/1008/1351 1481/1007/1351 1521/1052/1351 1502/1051/1351
f 1453/1078/1352 1484/1080/1352 1524/1081/1352 1493/1079/1352
f 1555/1017/1353 1470/1016/1353 1510/1060/1353 1559/1059/1353
f 1472/1023/1354 1471/1022/1354 1511/1066/1354 1512/1065/1354
f 1473/1020/1355 1472/1023/1355 1512/1065/1355 1513/1064/1355
f 1474/1021/1356 1473/1020/1356 1513/1064/1356 1514/1063/1356
f 1475/1018/1357 1474/1021/1357 1514/1063/1357 1515/1062/1357
f 1476/1019/1358 1475/1018/1358 1515/1062/1358 1516/1061/1358
f 1469/1024/1359 1476/1019/1359 1516/1061/1359 1509/1067/1359
f 1470/1016/1360 1462/1008/1360 1502/1051/1360 1510/1060/1360
f 1454/1082/1361 1469/1083/1361 1509/1084/1361 1494/1085/1361
f 1481/1007/1362 1455/982/1362 1495/1068/1362 1521/1052/1362
f 1484/1080/1363 1454/1082/1363 1494/1085/1363 1524/1081/1363
f 1549/1086/1364 1550/1087/1364 1535/1088/1364 1527/1089/1364
f 1531/1090/1365 1539/1091/1365 1540/1092/1365 1532/1093/1365
f 1529/1094/1366 1537/1095/1366 1538/1096/1366 1530/1097/1366
f 1527/1089/1367 1535/1088/1367 1536/1098/1367 1528/1099/1367
f 1532/1093/1368 1540/1092/1368 1533/1100/1368 1525/1101/1368
f 1530/1097/1369 1538/1096/1369 1539/1091/1369 1531/1090/1369
f 1528/1099/1370 1536/1098/1370 1537/1095/1370 1529/1094/1370
f 1540/1092/1371 1548/1102/1371 1541/1103/1371 1533/1100/1371
f 1538/1096/1372 1546/1104/1372 1547/1105/1372 1539/1091/1372
f 1536/1098/1373 1544/1106/1373 1545/1107/1373 1537/1095/1373
f 1550/1087/1374 1551/1108/1374 1543/1109/1374 1535/1088/1374
f 1539/1091/1375 1547/1105/1375 1548/1102/1375 1540/1092/1375
f 1537/1095/1376 1545/1107/1376 1546/1104/1376 1538/1096/1376
f 1535/1088/1377 1543/1109/1377 1544/1106/1377 1536/1098/1377
f 1486/1110/1378 1526/1111/1378 1549/1086/1378 1561/1112/1378
f 1528/1099/1379 1488/1113/1379 1487/1114/1379 1527/1089/1379
f 1529/1094/1380 1489/1115/1380 1488/1113/1380 1528/1099/1380
f 1525/1101/1381 1532/1093/1381 1492/1116/1381 1485/1117/1381
f 1530/1097/1382 1490/1118/1382 1489/1115/1382 1529/1094/1382
f 1534/1119/1383 1542/1120/1383 1551/1108/1383 1550/1087/1383
f 1526/1111/1384 1534/1119/1384 1550/1087/1384 1549/1086/1384
f 1471/1022/1385 1555/1017/1385 1559/1059/1385 1511/1066/1385
f 1496/1026/1386 1522/1056/1386 1560/1049/1386 1558/1027/1386
f 1503/1055/1387 1511/1066/1387 1559/1059/1387 1557/1050/1387
f 1522/1056/1388 1503/1055/1388 1557/1050/1388 1560/1049/1388
f 1456/986/1389 1554/983/1389 1556/1006/1389 1482/1012/1389
f 1463/1013/1390 1553/1009/1390 1555/1017/1390 1471/1022/1390
f 1482/1012/1391 1556/1006/1391 1553/1009/1391 1463/1013/1391
f 1447/985/1392 1552/980/1392 1554/983/1392 1456/986/1392
f 1531/1090/1393 1491/1121/1393 1490/1118/1393 1530/1097/1393
f 1561/1069/1394 1552/980/1394 1447/985/1394 1487/1072/1394
f 1561/1112/1395 1549/1086/1395 1527/1089/1395 1487/1114/1395
f 1561/1028/1396 1558/1027/1396 1495/1068/1396 1486/1070/1396
f 1532/1093/1397 1492/1116/1397 1491/1121/1397 1531/1090/1397
f 1654/980/1398 1656/983/1398 1569/982/1398 1446/981/1398
f 1563/984/1399 1571/987/1399 1570/986/1399 1562/985/1399
f 1564/988/1400 1572/989/1400 1571/987/1400 1563/984/1400
f 1565/990/1401 1573/991/1401 1572/989/1401 1564/988/1401
f 1566/992/1402 1574/993/1402 1573/991/1402 1565/990/1402
f 1567/994/1403 1575/995/1403 1574/993/1403 1566/992/1403
f 1445/996/1404 1568/997/1404 1575/995/1404 1567/994/1404
f 1591/998/1405 1581/1001/1405 1580/1000/1405 1590/999/1405
f 1593/1002/1406 1579/1005/1406 1578/1004/1406 1592/1003/1406
f 1658/1006/1407 1655/1009/1407 1576/1008/1407 1594/1007/1407
f 1596/1010/1408 1582/1011/1408 1581/1001/1408 1591/998/1408
f 1590/999/1409 1580/1000/1409 1579/1005/1409 1593/1002/1409
f 1592/1003/1410 1578/1004/1410 1577/1013/1410 1595/1012/1410
f 1597/1014/1411 1454/1015/1411 1582/1011/1411 1596/1010/1411
f 1655/1009/1412 1657/1017/1412 1583/1016/1412 1576/1008/1412
f 1582/1011/1413 1589/1019/1413 1588/1018/1413 1581/1001/1413
f 1580/1000/1414 1587/1021/1414 1586/1020/1414 1579/1005/1414
f 1578/1004/1415 1585/1023/1415 1584/1022/1415 1577/1013/1415
f 1454/1015/1416 1469/1024/1416 1589/1019/1416 1582/1011/1416
f 1581/1001/1417 1588/1018/1417 1587/1021/1417 1580/1000/1417
f 1579/1005/1418 1586/1020/1418 1585/1023/1418 1578/1004/1418
f 1568/997/1419 1597/1014/1419 1596/1010/1419 1575/995/1419
f 1571/987/1420 1592/1003/1420 1595/1012/1420 1570/986/1420
f 1573/991/1421 1590/999/1421 1593/1002/1421 1572/989/1421
f 1575/995/1422 1596/1010/1422 1591/998/1422 1574/993/1422
f 1656/983/1423 1658/1006/1423 1594/1007/1423 1569/982/1423
f 1572/989/1424 1593/1002/1424 1592/1003/1424 1571/987/1424
f 1574/993/1425 1591/998/1425 1590/999/1425 1573/991/1425
f 1598/1025/1426 1663/1028/1426 1660/1027/1426 1606/1026/1426
f 1599/1029/1427 1598/1025/1427 1606/1026/1427 1607/1030/1427
f 1600/1031/1428 1599/1029/1428 1607/1030/1428 1608/1032/1428
f 1601/1033/1429 1600/1031/1429 1608/1032/1429 1609/1034/1429
f 1602/1035/1430 1601/1033/1430 1609/1034/1430 1610/1036/1430
f 1603/1037/1431 1602/1035/1431 1610/1036/1431 1611/1038/1431
f 1485/1039/1432 1603/1037/1432 1611/1038/1432 1493/1040/1432
f 1627/1041/1433 1626/1044/1433 1616/1043/1433 1617/1042/1433
f 1629/1045/1434 1628/1048/1434 1614/1047/1434 1615/1046/1434
f 1662/1049/1435 1630/1052/1435 1612/1051/1435 1659/1050/1435
f 1632/1053/1436 1627/1041/1436 1617/1042/1436 1618/1054/1436
f 1626/1044/1437 1629/1045/1437 1615/1046/1437 1616/1043/1437
f 1628/1048/1438 1631/1056/1438 1613/1055/1438 1614/1047/1438
f 1524/1057/1439 1632/1053/1439 1618/1054/1439 1604/1058/1439
f 1659/1050/1440 1612/1051/1440 1619/1060/1440 1661/1059/1440
f 1618/1054/1441 1617/1042/1441 1624/1062/1441 1625/1061/1441
f 1616/1043/1442 1615/1046/1442 1622/1064/1442 1623/1063/1442
f 1614/1047/1443 1613/1055/1443 1620/1066/1443 1621/1065/1443
f 1604/1058/1444 1618/1054/1444 1625/1061/1444 1509/1067/1444
f 1617/1042/1445 1616/1043/1445 1623/1063/1445 1624/1062/1445
f 1615/1046/1446 1614/1047/1446 1621/1065/1446 1622/1064/1446
f 1493/1040/1447 1611/1038/1447 1632/1053/1447 1524/1057/1447
f 1607/1030/1448 1606/1026/1448 1631/1056/1448 1628/1048/1448
f 1609/1034/1449 1608/1032/1449 1629/1045/1449 1626/1044/1449
f 1611/1038/1450 1610/1036/1450 1627/1041/1450 1632/1053/1450
f 1660/1027/1451 1605/1068/1451 1630/1052/1451 1662/1049/1451
f 1608/1032/1452 1607/1030/1452 1628/1048/1452 1629/1045/1452
f 1610/1036/1453 1609/1034/1453 1626/1044/1453 1627/1041/1453
f 1446/981/1454 1486/1070/1454 1663/1069/1454 1654/980/1454
f 1562/985/1455 1598/1072/1455 1599/1071/1455 1563/984/1455
f 1563/984/1456 1599/1071/1456 1600/1073/1456 1564/988/1456
f 1564/988/1457 1600/1073/1457 1601/1074/1457 1565/990/1457
f 1565/990/1458 1601/1074/1458 1602/1075/1458 1566/992/1458
f 1566/992/1459 1602/1075/1459 1603/1076/1459 1567/994/1459
f 1567/994/1460 1603/1076/1460 1485/1077/1460 1445/996/1460
f 1569/982/1461 1605/1068/1461 1486/1070/1461 1446/981/1461
f 1445/996/1462 1485/1077/1462 1493/1079/1462 1568/1078/1462
f 1576/1008/1463 1612/1051/1463 1630/1052/1463 1594/1007/1463
f 1568/1078/1464 1493/1079/1464 1524/1081/1464 1597/1080/1464
f 1657/1017/1465 1661/1059/1465 1619/1060/1465 1583/1016/1465
f 1585/1023/1466 1621/1065/1466 1620/1066/1466 1584/1022/1466
f 1586/1020/1467 1622/1064/1467 1621/1065/1467 1585/1023/1467
f 1587/1021/1468 1623/1063/1468 1622/1064/1468 1586/1020/1468
f 1588/1018/1469 1624/1062/1469 1623/1063/1469 1587/1021/1469
f 1589/1019/1470 1625/1061/1470 1624/1062/1470 1588/1018/1470
f 1469/1024/1471 1509/1067/1471 1625/1061/1471 1589/1019/1471
f 1583/1016/1472 1619/1060/1472 1612/1051/1472 1576/1008/1472
f 1454/1082/1473 1604/1085/1473 1509/1084/1473 1469/1083/1473
f 1594/1007/1474 1630/1052/1474 1605/1068/1474 1569/982/1474
f 1597/1080/1475 1524/1081/1475 1604/1085/1475 1454/1082/1475
f 1651/1086/1476 1633/1089/1476 1639/1088/1476 1652/1087/1476
f 1637/1090/1477 1638/1093/1477 1644/1092/1477 1643/1091/1477
f 1635/1094/1478 1636/1097/1478 1642/1096/1478 1641/1095/1478
f 1633/1089/1479 1634/1099/1479 1640/1098/1479 1639/1088/1479
f 1638/1093/1480 1525/1101/1480 1533/1100/1480 1644/1092/1480
f 1636/1097/1481 1637/1090/1481 1643/1091/1481 1642/1096/1481
f 1634/1099/1482 1635/1094/1482 1641/1095/1482 1640/1098/1482
f 1644/1092/1483 1533/1100/1483 1541/1103/1483 1650/1102/1483
f 1642/1096/1484 1643/1091/1484 1649/1105/1484 1648/1104/1484
f 1640/1098/1485 1641/1095/1485 1647/1107/1485 1646/1106/1485
f 1652/1087/1486 1639/1088/1486 1645/1109/1486 1653/1108/1486
f 1643/1091/1487 1644/1092/1487 1650/1102/1487 1649/1105/1487
f 1641/1095/1488 1642/1096/1488 1648/1104/1488 1647/1107/1488
f 1639/1088/1489 1640/1098/1489 1646/1106/1489 1645/1109/1489
f 1486/1110/1490 1663/1112/1490 1651/1086/1490 1526/1111/1490
f 1634/1099/1491 1633/1089/1491 1598/1114/1491 1599/1113/1491
f 1635/1094/1492 1634/1099/1492 1599/1113/1492 1600/1115/1492
f 1525/1101/1493 1485/1117/1493 1603/1116/1493 1638/1093/1493
f 1636/1097/1494 1635/1094/1494 1600/1115/1494 1601/1118/1494
f 1534/1119/1495 1652/1087/1495 1653/1108/1495 1542/1120/1495
f 1526/1111/1496 1651/1086/1496 1652/1087/1496 1534/1119/1496
f 1584/1022/1497 1620/1066/1497 1661/1059/1497 1657/1017/1497
f 1606/1026/1498 1660/1027/1498 1662/1049/1498 1631/1056/1498
f 1613/1055/1499 1659/1050/1499 1661/1059/1499 1620/1066/1499
f 1631/1056/1500 1662/1049/1500 1659/1050/1500 1613/1055/1500
f 1570/986/1501 1595/1012/1501 1658/1006/1501 1656/983/1501
f 1577/1013/1502 1584/1022/1502 1657/1017/1502 1655/1009/1502
f 1595/1012/1503 1577/1013/1503 1655/1009/1503 1658/1006/1503
f 1562/985/1504 1570/986/1504 1656/983/1504 1654/980/1504
f 1637/1090/1505 1636/1097/1505 1601/1118/1505 1602/1121/1505
f 1663/1069/1506 1598/1072/1506 1562/985/1506 1654/980/1506
f 1663/1112/1507 1598/1114/1507 1633/1089/1507 1651/1086/1507
f 1663/1028/1508 1486/1070/1508 1605/1068/1508 1660/1027/1508
f 1638/1093/1509 1637/1090/1509 1602/1121/1509 1603/1116/1509
o shoes
v -0.142482 0.004246 -0.131967
v -0.182807 0.004246 -0.122608
v -0.221824 0.004246 -0.093846
v -0.242680 0.004246 -0.059627
v -0.249419 0.004246 -0.013106
v -0.255920 0.004246 0.051666
v -0.253780 0.004246 0.109596
v -0.247015 0.002995 0.156254
v -0.233234 0.004246 0.197946
v -0.215258 0.004246 0.224900
v -0.171244 0.004246 0.252868
v -0.140982 0.004246 0.259327
v -0.105755 0.004246 0.252196
v -0.080540 0.004246 0.238682
v -0.047223 0.004246 0.191487
v -0.037601 0.002995 0.151657
v -0.040934 0.004246 0.109652
v -0.043848 0.004246 0.054190
v -0.036049 0.004246 -0.011159
v -0.039806 0.004783 -0.063378
v -0.058877 0.004246 -0.093846
v -0.097894 0.004246 -0.122608
v -0.184125 0.004246 -0.087681
v -0.181280 0.004246 -0.043756
v -0.185785 0.004246 0.020173
v -0.187290 0.004246 0.091029
v -0.181359 0.007528 0.152171
v -0.170773 0.004631 0.195864
v -0.157563 0.004315 0.231309
v -0.122803 0.004246 -0.099399
v -0.109908 0.004246 -0.060536
v -0.111509 0.004246 -0.003640
v -0.116697 0.004246 0.071592
v -0.112020 0.004579 0.132730
v -0.105939 0.005455 0.183187
v -0.102576 0.004462 0.219762
v -0.048711 0.068480 0.148637
v -0.201410 0.099654 0.151969
v -0.083121 0.099654 0.149388
v -0.235819 0.068480 0.152719
v -0.066013 0.086320 0.149015
v -0.106884 0.110070 0.149906
v -0.142265 0.117021 0.150678
v -0.177646 0.110070 0.151450
v -0.218517 0.086320 0.152342
v -0.142482 0.039732 -0.124842
v -0.181378 0.039732 -0.115815
v -0.219012 0.039732 -0.088072
v -0.239128 0.039732 -0.055067
v -0.245629 0.039732 -0.010242
v -0.251900 0.039732 0.052392
v -0.249836 0.039732 0.108382
v -0.243212 0.039418 0.152994
v -0.230017 0.039732 0.193456
v -0.212679 0.039732 0.220726
v -0.170224 0.039732 0.247770
v -0.141035 0.039732 0.254000
v -0.107056 0.039732 0.247122
v -0.082735 0.039732 0.234087
v -0.050599 0.039732 0.187226
v -0.041318 0.039418 0.148363
v -0.044532 0.039732 0.108437
v -0.047344 0.039732 0.054875
v -0.039821 0.039732 -0.008367
v -0.043551 0.040269 -0.058688
v -0.061840 0.039732 -0.088072
v -0.099474 0.039732 -0.115815
v -0.222160 0.006840 -0.094536
v -0.243104 0.006840 -0.060173
v -0.043430 0.006840 0.054100
v -0.035598 0.006840 -0.011531
v -0.171366 0.006840 0.253478
v -0.140976 0.006840 0.259964
v -0.249872 0.006840 -0.013480
v -0.039358 0.007377 -0.063939
v -0.105599 0.006840 0.252803
v -0.256401 0.006840 0.051566
v -0.058523 0.006840 -0.094536
v -0.080277 0.006840 0.239232
v -0.254252 0.006840 0.109741
v -0.097705 0.006840 -0.123420
v -0.046819 0.006840 0.191997
v -0.247470 0.005658 0.156644
v -0.142482 0.006840 -0.132819
v -0.037157 0.005658 0.152051
v -0.233618 0.006840 0.198483
v -0.182978 0.006840 -0.123420
v -0.040503 0.006840 0.109797
v -0.215567 0.006840 0.225399
v -0.222388 0.021898 -0.095004
v -0.043147 0.021898 0.053988
v -0.171448 0.021898 0.253890
v -0.243392 0.021898 -0.060542
v -0.035293 0.021898 -0.011831
v -0.140971 0.021898 0.260395
v -0.250179 0.021898 -0.013735
v -0.039055 0.022436 -0.064319
v -0.105494 0.021898 0.253214
v -0.256727 0.021898 0.051431
v -0.058283 0.021898 -0.095004
v -0.080100 0.021898 0.239604
v -0.254572 0.021898 0.109839
v -0.097577 0.021898 -0.123970
v -0.046546 0.021898 0.192342
v -0.247778 0.021114 0.156908
v -0.142482 0.021898 -0.133396
v -0.036856 0.021114 0.152317
v -0.233879 0.021898 0.198847
v -0.183094 0.021898 -0.123970
v -0.040212 0.021898 0.109896
v -0.215775 0.021898 0.227615
v -0.142482 0.035012 -0.132893
v -0.142482 0.037549 -0.131118
v -0.182634 0.037554 -0.121785
v -0.182993 0.035012 -0.123491
v -0.221465 0.037570 -0.093108
v -0.222190 0.035012 -0.094597
v -0.242188 0.037596 -0.058997
v -0.243142 0.035012 -0.060221
v -0.248845 0.037628 -0.012914
v -0.249912 0.035012 -0.013779
v -0.255284 0.037646 0.051683
v -0.256443 0.035012 0.051444
v -0.253154 0.037647 0.109403
v -0.254294 0.035012 0.109754
v -0.246435 0.037263 0.155756
v -0.247510 0.034573 0.156678
v -0.232773 0.037608 0.197304
v -0.233652 0.035012 0.198530
v -0.214903 0.037592 0.224330
v -0.215594 0.035012 0.225442
v -0.171112 0.037571 0.252216
v -0.171376 0.035012 0.253531
v -0.140989 0.037565 0.258656
v -0.140975 0.035012 0.260020
v -0.105923 0.037572 0.251545
v -0.105585 0.035012 0.252856
v -0.080834 0.037584 0.238070
v -0.080254 0.035012 0.239280
v -0.047719 0.037617 0.190864
v -0.046784 0.035012 0.192042
v -0.038185 0.037274 0.151139
v -0.037118 0.034573 0.152085
v -0.041529 0.037663 0.109451
v -0.040465 0.035012 0.109810
v -0.044424 0.037661 0.054234
v -0.043394 0.035012 0.054010
v -0.036634 0.037638 -0.011006
v -0.035559 0.035012 -0.011872
v -0.040319 0.038130 -0.062735
v -0.039319 0.035549 -0.063988
v -0.059254 0.037569 -0.093111
v -0.058492 0.035012 -0.094597
v -0.098085 0.037553 -0.121786
v -0.097689 0.035012 -0.123491
v -0.194656 0.004246 0.241361
v -0.063224 0.004246 0.220997
v -0.147835 0.004246 0.248065
v -0.105081 0.004246 0.240374
v -0.192806 0.039732 0.236670
v -0.066032 0.039732 0.216962
v -0.194877 0.006840 0.241922
v -0.062888 0.006840 0.221480
v -0.195027 0.021898 0.242301
v -0.062660 0.021898 0.221807
v -0.194896 0.035012 0.241971
v -0.194409 0.037580 0.240744
v -0.062858 0.035012 0.221522
v -0.063617 0.037598 0.220439
v -0.057614 0.062341 0.187913
v -0.194946 0.092712 0.191158
v -0.086618 0.092712 0.188644
v -0.223723 0.062341 0.191890
v -0.070952 0.079721 0.188281
v -0.108380 0.102861 0.189149
v -0.140782 0.109632 0.189901
v -0.173184 0.102861 0.190653
v -0.210612 0.079721 0.191522
v -0.069065 0.058974 0.216397
v -0.182731 0.083374 0.218428
v -0.094679 0.083374 0.216855
v -0.208345 0.058974 0.218886
v -0.081945 0.072937 0.216628
v -0.112368 0.091526 0.217171
v -0.138705 0.096967 0.217642
v -0.165042 0.091526 0.218112
v -0.195465 0.072937 0.218655
v -0.086318 0.055167 0.233323
v -0.170371 0.073210 0.234825
v -0.105258 0.073210 0.233661
v -0.189312 0.055167 0.235163
v -0.095842 0.065492 0.233493
v -0.118339 0.079239 0.233895
v -0.137815 0.083261 0.234243
v -0.157290 0.079239 0.234591
v -0.179788 0.065492 0.234993
v -0.092842 0.049747 0.238463
v -0.165249 0.055425 0.244525
v -0.110380 0.056768 0.243855
v -0.180152 0.054042 0.239340
v -0.121403 0.059970 0.245967
v -0.137815 0.061885 0.247486
v -0.154226 0.059167 0.246368
v -0.106673 0.167916 0.002244
v -0.142273 0.165951 0.003020
v -0.177873 0.167916 0.003797
v -0.142265 0.122844 0.107437
v -0.142265 0.140136 0.056663
v -0.202465 0.141115 0.001624
v -0.219053 0.109319 -0.002451
v -0.177646 0.142089 0.057435
v -0.177646 0.124797 0.108209
v -0.106884 0.124797 0.106665
v -0.106884 0.142089 0.055892
v -0.236162 0.078336 -0.008500
v -0.203517 0.114348 0.109438
v -0.221563 0.092259 0.109930
v -0.239317 0.069414 0.107643
v -0.240865 0.073737 0.052880
v -0.222706 0.101882 0.056793
v -0.204033 0.127317 0.057418
v -0.052688 0.066494 0.111303
v -0.069223 0.089799 0.110805
v -0.085285 0.109513 0.109717
v -0.051560 0.071068 0.059640
v -0.070629 0.098445 0.058682
v -0.085988 0.122482 0.058269
v -0.049155 0.075416 -0.003110
v -0.066867 0.107644 -0.000393
v -0.084108 0.136280 0.002230
v -0.143197 0.161031 -0.116406
v -0.177695 0.165273 -0.104335
v -0.208306 0.162605 -0.082817
v -0.212701 0.163313 -0.049086
v -0.072970 0.160272 -0.050479
v -0.068234 0.162130 -0.082390
v -0.099873 0.161352 -0.107539
v -0.219012 0.068659 -0.088072
v -0.219012 0.097586 -0.087085
v -0.214934 0.125716 -0.085057
v -0.180061 0.127004 -0.110766
v -0.181378 0.097586 -0.114828
v -0.181378 0.068659 -0.115815
v -0.142370 0.068883 -0.125339
v -0.142137 0.097586 -0.125358
v -0.142642 0.126962 -0.121003
v -0.099474 0.126513 -0.112657
v -0.098019 0.096251 -0.115126
v -0.099474 0.068659 -0.115815
v -0.061388 0.068417 -0.088118
v -0.060941 0.097586 -0.087096
v -0.066068 0.126987 -0.084655
v -0.057549 0.126151 -0.054047
v -0.051340 0.099917 -0.056681
v -0.048408 0.072088 -0.058465
v -0.236469 0.071612 -0.054734
v -0.232628 0.097479 -0.054801
v -0.224631 0.127516 -0.051786
v -0.106884 0.190283 0.001873
v -0.142265 0.188330 0.002645
v -0.177646 0.190283 0.003417
v -0.143184 0.183440 -0.115384
v -0.177469 0.187656 -0.103611
v -0.207892 0.185005 -0.082120
v -0.212260 0.185708 -0.048609
v -0.073388 0.182686 -0.049840
v -0.068681 0.184533 -0.081667
v -0.100125 0.183759 -0.106599
v 0.142482 0.004246 -0.131967
v 0.182807 0.004246 -0.122608
v 0.221824 0.004246 -0.093846
v 0.242680 0.004246 -0.059627
v 0.249419 0.004246 -0.013106
v 0.255920 0.004246 0.051666
v 0.253780 0.004246 0.109596
v 0.247015 0.002995 0.156254
v 0.233234 0.004246 0.197946
v 0.215258 0.004246 0.224900
v 0.171244 0.004246 0.252868
v 0.140982 0.004246 0.259327
v 0.105755 0.004246 0.252196
v 0.080540 0.004246 0.238682
v 0.047223 0.004246 0.191487
v 0.037601 0.002995 0.151657
v 0.040934 0.004246 0.109652
v 0.043848 0.004246 0.054190
v 0.036049 0.004246 -0.011159
v 0.039806 0.004783 -0.063378
v 0.058877 0.004246 -0.093846
v 0.097894 0.004246 -0.122608
v 0.184125 0.004246 -0.087681
v 0.181280 0.004246 -0.043756
v 0.185785 0.004246 0.020173
v 0.187290 0.004246 0.091029
v 0.181359 0.007528 0.152171
v 0.170773 0.004631 0.195864
v 0.157563 0.004315 0.231309
v 0.122803 0.004246 -0.099399
v 0.109908 0.004246 -0.060536
v 0.111509 0.004246 -0.003640
v 0.116697 0.004246 0.071592
v 0.112020 0.004579 0.132730
v 0.105939 0.005455 0.183187
v 0.102576 0.004462 0.219762
v 0.048711 0.068480 0.148637
v 0.201410 0.099654 0.151969
v 0.083121 0.099654 0.149388
v 0.235819 0.068480 0.152719
v 0.066013 0.086320 0.149015
v 0.106884 0.110070 0.149906
v 0.142265 0.117021 0.150678
v 0.177646 0.110070 0.151450
v 0.218517 0.086320 0.152342
v 0.142482 0.039732 -0.124842
v 0.181378 0.039732 -0.115815
v 0.219012 0.039732 -0.088072
v 0.239128 0.039732 -0.055067
v 0.245629 0.039732 -0.010242
v 0.251900 0.039732 0.052392
v 0.249836 0.039732 0.108382
v 0.243212 0.039418 0.152994
v 0.230017 0.039732 0.193456
v 0.212679 0.039732 0.220726
v 0.170224 0.039732 0.247770
v 0.141035 0.039732 0.254000
v 0.107056 0.039732 0.247122
v 0.082735 0.039732 0.234087
v 0.050599 0.039732 0.187226
v 0.041318 0.039418 0.148363
v 0.044532 0.039732 0.108437
v 0.047344 0.039732 0.054875
v 0.039821 0.039732 -0.008367
v 0.043551 0.040269 -0.058688
v 0.061840 0.039732 -0.088072
v 0.099474 0.039732 -0.115815
v 0.222160 0.006840 -0.094536
v 0.243104 0.006840 -0.060173
v 0.043430 0.006840 0.054100
v 0.035598 0.006840 -0.011531
v 0.171366 0.006840 0.253478
v 0.140976 0.006840 0.259964
v 0.249872 0.006840 -0.013480
v 0.039358 0.007377 -0.063939
v 0.105599 0.006840 0.252803
v 0.256401 0.006840 0.051566
v 0.058523 0.006840 -0.094536
v 0.080277 0.006840 0.239232
v 0.254252 0.006840 0.109741
v 0.097705 0.006840 -0.123420
v 0.046819 0.006840 0.191997
v 0.247470 0.005658 0.156644
v 0.142482 0.006840 -0.132819
v 0.037157 0.005658 0.152051
v 0.233618 0.006840 0.198483
v 0.182978 0.006840 -0.123420
v 0.040503 0.006840 0.109797
v 0.215567 0.006840 0.225399
v 0.222388 0.021898 -0.095004
v 0.043147 0.021898 0.053988
v 0.171448 0.021898 0.253890
v 0.243392 0.021898 -0.060542
v 0.035293 0.021898 -0.011831
v 0.140971 0.021898 0.260395
v 0.250179 0.021898 -0.013735
v 0.039055 0.022436 -0.064319
v 0.105494 0.021898 0.253214
v 0.256727 0.021898 0.051431
v 0.058283 0.021898 -0.095004
v 0.080100 0.021898 0.239604
v 0.254572 0.021898 0.109839
v 0.097577 0.021898 -0.123970
v 0.046546 0.021898 0.192342
v 0.247778 0.021114 0.156908
v 0.142482 0.021898 -0.133396
v 0.036856 0.021114 0.152317
v 0.233879 0.021898 0.198847
v 0.183094 0.021898 -0.123970
v 0.040212 0.021898 0.109896
v 0.215775 0.021898 0.227615
v 0.142482 0.035012 -0.132893
v 0.142482 0.037549 -0.131118
v 0.182634 0.037554 -0.121785
v 0.182993 0.035012 -0.123491
v 0.221465 0.037570 -0.093108
v 0.222190 0.035012 -0.094597
v 0.242188 0.037596 -0.058997
v 0.243142 0.035012 -0.060221
v 0.248845 0.037628 -0.012914
v 0.249912 0.035012 -0.013779
v 0.255284 0.037646 0.051683
v 0.256443 0.035012 0.051444
v 0.253154 0.037647 0.109403
v 0.254294 0.035012 0.109754
v 0.246435 0.037263 0.155756
v 0.247510 0.034573 0.156678
v 0.232773 0.037608 0.197304
v 0.233652 0.035012 0.198530
v 0.214903 0.037592 0.224330
v 0.215594 0.035012 0.225442
v 0.171112 0.037571 0.252216
v 0.171376 0.035012 0.253531
v 0.140989 0.037565 0.258656
v 0.140975 0.035012 0.260020
v 0.105923 0.037572 0.251545
v 0.105585 0.035012 0.252856
v 0.080834 0.037584 0.238070
v 0.080254 0.035012 0.239280
v 0.047719 0.037617 0.190864
v 0.046784 0.035012 0.192042
v 0.038185 0.037274 0.151139
v 0.037118 0.034573 0.152085
v 0.041529 0.037663 0.109451
v 0.040465 0.035012 0.109810
v 0.044424 0.037661 0.054234
v 0.043394 0.035012 0.054010
v 0.036634 0.037638 -0.011006
v 0.035559 0.035012 -0.011872
v 0.040319 0.038130 -0.062735
v 0.039319 0.035549 -0.063988
v 0.059254 0.037569 -0.093111
v 0.058492 0.035012 -0.094597
v 0.098085 0.037553 -0.121786
v 0.097689 0.035012 -0.123491
v 0.194656 0.004246 0.241361
v 0.063224 0.004246 0.220997
v 0.147835 0.004246 0.248065
v 0.105081 0.004246 0.240374
v 0.192806 0.039732 0.236670
v 0.066032 0.039732 0.216962
v 0.194877 0.006840 0.241922
v 0.062888 0.006840 0.221480
v 0.195027 0.021898 0.242301
v 0.062660 0.021898 0.221807
v 0.194896 0.035012 0.241971
v 0.194409 0.037580 0.240744
v 0.062858 0.035012 0.221522
v 0.063617 0.037598 0.220439
v 0.057614 0.062341 0.187913
v 0.194946 0.092712 0.191158
v 0.086618 0.092712 0.188644
v 0.223723 0.062341 0.191890
v 0.070952 0.079721 0.188281
v 0.108380 0.102861 0.189149
v 0.140782 0.109632 0.189901
v 0.173184 0.102861 0.190653
v 0.210612 0.079721 0.191522
v 0.069065 0.058974 0.216397
v 0.182731 0.083374 0.218428
v 0.094679 0.083374 0.216855
v 0.208345 0.058974 0.218886
v 0.081945 0.072937 0.216628
v 0.112368 0.091526 0.217171
v 0.138705 0.096967 0.217642
v 0.165042 0.091526 0.218112
v 0.195465 0.072937 0.218655
v 0.086318 0.055167 0.233323
v 0.170371 0.073210 0.234825
v 0.105258 0.073210 0.233661
v 0.189312 0.055167 0.235163
v 0.095842 0.065492 0.233493
v 0.118339 0.079239 0.233895
v 0.137815 0.083261 0.234243
v 0.157290 0.079239 0.234591
v 0.179788 0.065492 0.234993
v 0.092842 0.049747 0.238463
v 0.165249 0.055425 0.244525
v 0.110380 0.056768 0.243855
v 0.180152 0.054042 0.239340
v 0.121403 0.059970 0.245967
v 0.137815 0.061885 0.247486
v 0.154226 0.059167 0.246368
v 0.106673 0.167916 0.002244
v 0.142273 0.165951 0.003020
v 0.177873 0.167916 0.003797
v 0.142265 0.122844 0.107437
v 0.142265 0.140136 0.056663
v 0.202465 0.141115 0.001624
v 0.219053 0.109319 -0.002451
v 0.177646 0.142089 0.057435
v 0.177646 0.124797 0.108209
v 0.106884 0.124797 0.106665
v 0.106884 0.142089 0.055892
v 0.236162 0.078336 -0.008500
v 0.203517 0.114348 0.109438
v 0.221563 0.092259 0.109930
v 0.239317 0.069414 0.107643
v 0.240865 0.073737 0.052880
v 0.222706 0.101882 0.056793
v 0.204033 0.127317 0.057418
v 0.052688 0.066494 0.111303
v 0.069223 0.089799 0.110805
v 0.085285 0.109513 0.109717
v 0.051560 0.071068 0.059640
v 0.070629 0.098445 0.058682
v 0.085988 0.122482 0.058269
v 0.049155 0.075416 -0.003110
v 0.066867 0.107644 -0.000393
v 0.084108 0.136280 0.002230
v 0.143197 0.161031 -0.116406
v 0.177695 0.165273 -0.104335
v 0.208306 0.162605 -0.082817
v 0.212701 0.163313 -0.049086
v 0.072970 0.160272 -0.050479
v 0.068234 0.162130 -0.082390
v 0.099873 0.161352 -0.107539
v 0.219012 0.068659 -0.088072
v 0.219012 0.097586 -0.087085
v 0.214934 0.125716 -0.085057
v 0.180061 0.127004 -0.110766
v 0.181378 0.097586 -0.114828
v 0.181378 0.068659 -0.115815
v 0.142370 0.068883 -0.125339
v 0.142137 0.097586 -0.125358
v 0.142642 0.126962 -0.121003
v 0.099474 0.126513 -0.112657
v 0.098019 0.096251 -0.115126
v 0.099474 0.068659 -0.115815
v 0.061388 0.068417 -0.088118
v 0.060941 0.097586 -0.087096
v 0.066068 0.126987 -0.084655
v 0.057549 0.126151 -0.054047
v 0.051340 0.099917 -0.056681
v 0.048408 0.072088 -0.058465
v 0.236469 0.071612 -0.054734
v 0.232628 0.097479 -0.054801
v 0.224631 0.127516 -0.051786
v 0.106884 0.190283 0.001873
v 0.142265 0.188330 0.002645
v 0.177646 0.190283 0.003417
v 0.143184 0.183440 -0.115384
v 0.177469 0.187656 -0.103611
v 0.207892 0.185005 -0.082120
v 0.212260 0.185708 -0.048609
v 0.073388 0.182686 -0.049840
v 0.068681 0.184533 -0.081667
v 0.100125 0.183759 -0.106599
vn -0.0082 -0.6789 -0.7342
vn -0.3088 -0.6939 -0.6505
vn -0.5248 -0.7144 -0.4628
vn -0.6591 -0.7197 -0.2184
vn -0.6656 -0.7420 -0.0799
vn -0.6788 -0.7341 -0.0200
vn -0.6688 -0.7407 0.0642
vn -0.6488 -0.7464 0.1480
vn -0.6211 -0.7288 0.2881
vn -0.5284 -0.7032 0.4757
vn -0.2458 -0.6703 0.7002
vn -0.0044 -0.6406 0.7679
vn 0.2549 -0.6669 0.7002
vn 0.4400 -0.6871 0.5782
vn 0.6427 -0.7270 0.2417
vn 0.6857 -0.7267 0.0409
vn 0.6730 -0.7383 -0.0451
vn 0.6617 -0.7495 0.0208
vn 0.6896 -0.7238 0.0230
vn 0.6734 -0.7129 -0.1955
vn 0.5205 -0.7190 -0.4606
vn 0.3016 -0.6924 -0.6554
vn -0.0000 -1.0000 -0.0000
vn 0.0038 -0.9999 0.0120
vn 0.0109 -0.9999 -0.0030
vn 0.0058 -0.9998 -0.0178
vn 0.0021 -1.0000 -0.0088
vn 0.0007 -1.0000 0.0011
vn 0.0020 -1.0000 0.0004
vn 0.0008 -1.0000 -0.0011
vn -0.0030 -1.0000 0.0071
vn -0.0144 -0.9999 0.0054
vn -0.0151 -0.9998 -0.0090
vn -0.0042 -1.0000 -0.0088
vn 0.8832 0.4622 0.0802
vn -0.5284 0.8123 0.2468
vn 0.5611 0.8093 0.1735
vn -0.8611 0.4640 0.2080
vn 0.7154 0.6899 0.1101
vn 0.2954 0.9314 0.2128
vn 0.0041 0.9775 0.2111
vn -0.2610 0.9344 0.2424
vn -0.6981 0.6839 0.2120
vn -0.0095 0.5314 -0.8471
vn -0.3589 0.5324 -0.7666
vn -0.6321 0.5435 -0.5524
vn -0.7940 0.5616 -0.2327
vn -0.8136 0.5768 -0.0737
vn -0.7916 0.6109 -0.0148
vn -0.7868 0.6137 0.0656
vn -0.7744 0.6099 0.1683
vn -0.7199 0.6141 0.3234
vn -0.5946 0.6136 0.5196
vn -0.2570 0.6112 0.7486
vn -0.0122 0.6303 0.7762
vn 0.2657 0.5920 0.7609
vn 0.5071 0.5683 0.6480
vn 0.7576 0.6010 0.2545
vn 0.8064 0.5902 0.0379
vn 0.8325 0.5523 -0.0434
vn 0.8496 0.5265 0.0311
vn 0.8366 0.5469 0.0330
vn 0.7938 0.5771 -0.1920
vn 0.6242 0.5544 -0.5505
vn 0.3484 0.5346 -0.7699
vn -0.7155 -0.1485 -0.6827
vn -0.9272 -0.1246 -0.3531
vn 0.9955 -0.0885 0.0343
vn 0.9953 -0.0955 0.0178
vn -0.3190 -0.1273 0.9392
vn -0.0049 -0.1294 0.9916
vn -0.9869 -0.1051 -0.1222
vn 0.9359 -0.1263 -0.3290
vn 0.3290 -0.1285 0.9355
vn -0.9942 -0.1025 -0.0323
vn 0.7123 -0.1519 -0.6853
vn 0.5863 -0.1247 0.8004
vn -0.9907 -0.1021 0.0894
vn 0.3868 -0.1643 -0.9074
vn 0.9227 -0.1142 0.3682
vn -0.9661 -0.1105 0.2334
vn -0.0098 -0.1676 -0.9858
vn 0.9910 -0.1009 0.0885
vn -0.8873 -0.1267 0.4434
vn -0.3970 -0.1630 -0.9032
vn 0.9939 -0.0881 -0.0671
vn -0.7229 -0.1431 0.6760
vn -0.7283 -0.0000 -0.6852
vn 0.9994 0.0004 0.0336
vn -0.3235 -0.0000 0.9462
vn -0.9375 -0.0004 -0.3480
vn 0.9997 0.0002 0.0228
vn -0.0050 -0.0000 1.0000
vn -0.9925 -0.0007 -0.1219
vn 0.9466 -0.0000 -0.3225
vn 0.3337 -0.0000 0.9427
vn -0.9995 -0.0003 -0.0319
vn 0.7246 -0.0001 -0.6891
vn 0.5937 -0.0000 0.8047
vn -0.9959 0.0001 0.0904
vn 0.3961 -0.0000 -0.9182
vn 0.9310 0.0001 0.3649
vn -0.9728 -0.0002 0.2315
vn -0.0101 -0.0000 -0.9999
vn 0.9966 -0.0002 0.0824
vn -0.8991 0.0014 0.4377
vn -0.4066 -0.0000 -0.9136
vn 0.9978 -0.0000 -0.0658
vn -0.7124 0.0032 0.7017
vn -0.0095 0.2795 -0.9601
vn -0.0074 0.7492 -0.6623
vn -0.2867 0.7449 -0.6024
vn -0.3835 0.2801 -0.8800
vn -0.5133 0.7273 -0.4556
vn -0.6922 0.2709 -0.6690
vn -0.6888 0.6855 -0.2360
vn -0.9029 0.2430 -0.3545
vn -0.7501 0.6549 -0.0918
vn -0.9691 0.2149 -0.1215
vn -0.7622 0.6469 -0.0240
vn -0.9764 0.2135 -0.0329
vn -0.7570 0.6495 0.0716
vn -0.9723 0.2152 0.0912
vn -0.7304 0.6618 0.1691
vn -0.9468 0.2232 0.2318
vn -0.6642 0.6781 0.3147
vn -0.8654 0.2450 0.4372
vn -0.5426 0.6784 0.4953
vn -0.7032 0.2587 0.6623
vn -0.2424 0.6782 0.6938
vn -0.3109 0.2345 0.9211
vn -0.0043 0.6713 0.7412
vn -0.0046 0.2327 0.9725
vn 0.2502 0.6794 0.6898
vn 0.3206 0.2359 0.9174
vn 0.4431 0.6783 0.5861
vn 0.5713 0.2354 0.7863
vn 0.6951 0.6708 0.2586
vn 0.9021 0.2307 0.3648
vn 0.7744 0.6303 0.0549
vn 0.9735 0.2083 0.0944
vn 0.7918 0.6088 -0.0496
vn 0.9794 0.1913 -0.0643
vn 0.7908 0.6115 0.0276
vn 0.9808 0.1917 0.0357
vn 0.7853 0.6187 0.0236
vn 0.9800 0.1986 0.0126
vn 0.6928 0.6893 -0.2119
vn 0.9089 0.2489 -0.3345
vn 0.5017 0.7341 -0.4577
vn 0.6875 0.2744 -0.6723
vn 0.2791 0.7464 -0.6042
vn 0.3737 0.2810 -0.8840
vn -0.3918 -0.6893 0.6094
vn 0.5684 -0.7131 0.4105
vn 0.0002 -1.0000 -0.0026
vn -0.0008 -1.0000 -0.0032
vn -0.4359 0.5869 0.6823
vn 0.6617 0.5895 0.4633
vn -0.5191 -0.1360 0.8438
vn 0.7918 -0.1203 0.5989
vn -0.5206 0.0018 0.8538
vn 0.7998 -0.0000 0.6003
vn -0.5050 0.2475 0.8269
vn -0.3958 0.6775 0.6200
vn 0.7723 0.2342 0.5905
vn 0.5924 0.6785 0.4344
vn 0.8434 0.4258 0.3277
vn -0.4929 0.7955 0.3526
vn 0.5116 0.8061 0.2973
vn -0.8087 0.4272 0.4043
vn 0.6712 0.6753 0.3059
vn 0.3041 0.9071 0.2912
vn 0.0050 0.9528 0.3035
vn -0.2904 0.9003 0.3241
vn -0.6472 0.6624 0.3773
vn 0.7440 0.3688 0.5572
vn -0.4277 0.6953 0.5776
vn 0.4610 0.7119 0.5298
vn -0.6809 0.3819 0.6249
vn 0.5920 0.5980 0.5403
vn 0.2790 0.8083 0.5185
vn 0.0114 0.8488 0.5285
vn -0.2538 0.7974 0.5475
vn -0.5512 0.5788 0.6010
vn 0.5513 0.3107 0.7743
vn -0.3222 0.5332 0.7822
vn 0.3572 0.5509 0.7542
vn -0.4854 0.3093 0.8177
vn 0.4492 0.4607 0.7655
vn 0.2224 0.6219 0.7509
vn 0.0112 0.6543 0.7561
vn -0.1980 0.6095 0.7677
vn -0.4051 0.4495 0.7962
vn 0.4435 0.2161 0.8698
vn -0.2661 0.3290 0.9061
vn 0.3053 0.3299 0.8933
vn -0.3730 0.2807 0.8844
vn 0.1905 0.3587 0.9138
vn 0.0114 0.3998 0.9166
vn -0.1769 0.3695 0.9122
vn 0.5437 0.4363 0.7170
vn 0.0189 0.4639 0.8857
vn -0.4957 0.4751 0.7270
vn 0.0071 0.9608 0.2772
vn 0.0082 0.9254 0.3789
vn -0.8113 0.5320 0.2425
vn -0.8966 0.4323 0.0964
vn -0.2474 0.9088 0.3360
vn -0.2016 0.9369 0.2856
vn 0.2949 0.9180 0.2650
vn 0.3532 0.8742 0.3333
vn -0.9452 0.3260 -0.0181
vn -0.5804 0.7796 0.2353
vn -0.7638 0.6303 0.1391
vn -0.8849 0.4572 0.0891
vn -0.9079 0.4191 0.0104
vn -0.8294 0.5538 0.0732
vn -0.6880 0.7025 0.1822
vn 0.9029 0.4290 -0.0270
vn 0.7760 0.6289 0.0488
vn 0.6540 0.7384 0.1647
vn 0.9231 0.3797 0.0605
vn 0.8291 0.5489 0.1058
vn 0.7512 0.6346 0.1814
vn 0.9488 0.3080 0.0698
vn 0.8868 0.4308 0.1671
vn 0.8228 0.5010 0.2684
vn -0.0540 0.0999 -0.9935
vn -0.4463 0.0954 -0.8898
vn -0.8185 0.1304 -0.5595
vn -0.9629 0.2096 0.1697
vn 0.9377 0.2058 0.2799
vn 0.8896 0.1130 -0.4425
vn 0.4155 0.0849 -0.9056
vn -0.7475 0.0337 -0.6635
vn -0.7707 0.1153 -0.6267
vn -0.7883 0.2007 -0.5816
vn -0.4286 0.1502 -0.8909
vn -0.4206 0.0815 -0.9036
vn -0.4145 0.0091 -0.9100
vn -0.0120 0.0015 -0.9999
vn -0.0163 0.0711 -0.9973
vn -0.0342 0.1411 -0.9894
vn 0.4051 0.1278 -0.9053
vn 0.4131 0.0644 -0.9084
vn 0.3997 -0.0013 -0.9166
vn 0.7615 0.0294 -0.6475
vn 0.7962 0.1026 -0.5963
vn 0.8266 0.1824 -0.5324
vn 0.9425 0.3245 0.0792
vn 0.9663 0.2450 -0.0786
vn 0.9649 0.1606 -0.2076
vn -0.9559 0.1561 -0.2487
vn -0.9585 0.2454 -0.1451
vn -0.9460 0.3241 0.0084
vn 0.4324 0.0149 0.9016
vn 0.0218 0.0167 0.9996
vn -0.4108 0.0163 0.9116
vn -0.0693 0.0427 -0.9967
vn -0.4535 0.0367 -0.8905
vn -0.8380 0.0313 -0.5448
vn -0.9675 0.0175 0.2524
vn 0.9303 0.0116 0.3665
vn 0.9161 0.0317 -0.3996
vn 0.4135 0.0426 -0.9095
vn 0.0082 -0.6789 -0.7342
vn 0.3088 -0.6939 -0.6505
vn 0.5248 -0.7144 -0.4628
vn 0.6591 -0.7197 -0.2184
vn 0.6656 -0.7420 -0.0799
vn 0.6788 -0.7341 -0.0200
vn 0.6688 -0.7407 0.0642
vn 0.6488 -0.7464 0.1480
vn 0.6211 -0.7288 0.2881
vn 0.5284 -0.7032 0.4757
vn 0.2458 -0.6703 0.7002
vn 0.0044 -0.6406 0.7679
vn -0.2549 -0.6669 0.7002
vn -0.4400 -0.6871 0.5782
vn -0.6427 -0.7270 0.2417
vn -0.6857 -0.7267 0.0409
vn -0.6730 -0.7383 -0.0451
vn -0.6617 -0.7495 0.0208
vn -0.6896 -0.7238 0.0230
vn -0.6734 -0.7129 -0.1955
vn -0.5205 -0.7190 -0.4606
vn -0.3016 -0.6924 -0.6554
vn -0.0038 -0.9999 0.0120
vn -0.0109 -0.9999 -0.0030
vn -0.0058 -0.9998 -0.0178
vn -0.0021 -1.0000 -0.0088
vn -0.0007 -1.0000 0.0011
vn -0.0020 -1.0000 0.0004
vn -0.0008 -1.0000 -0.0011
vn 0.0030 -1.0000 0.0071
vn 0.0144 -0.9999 0.0054
vn 0.0151 -0.9998 -0.0090
vn 0.0042 -1.0000 -0.0088
vn -0.8832 0.4622 0.0802
vn 0.5284 0.8123 0.2468
vn -0.5611 0.8093 0.1735
vn 0.8611 0.4640 0.2080
vn -0.7154 0.6899 0.1101
vn -0.2954 0.9314 0.2128
vn -0.0041 0.9775 0.2111
vn 0.2610 0.9344 0.2424
vn 0.6981 0.6839 0.2120
vn 0.0095 0.5314 -0.8471
vn 0.3589 0.5324 -0.7666
vn 0.6321 0.5435 -0.5524
vn 0.7940 0.5616 -0.2327
vn 0.8136 0.5768 -0.0737
vn 0.7916 0.6109 -0.0148
vn 0.7868 0.6137 0.0656
vn 0.7744 0.6099 0.1683
vn 0.7199 0.6141 0.3234
vn 0.5946 0.6136 0.5196
vn 0.2570 0.6112 0.7486
vn 0.0122 0.6303 0.7762
vn -0.2657 0.5920 0.7609
vn -0.5071 0.5683 0.6480
vn -0.7576 0.6010 0.2545
vn -0.8064 0.5902 0.0379
vn -0.8325 0.5523 -0.0434
vn -0.8496 0.5265 0.0311
vn -0.8366 0.5469 0.0330
vn -0.7938 0.5771 -0.1920
vn -0.6242 0.5544 -0.5505
vn -0.3484 0.5346 -0.7699
vn 0.7155 -0.1485 -0.6827
vn 0.9272 -0.1246 -0.3531
vn -0.9955 -0.0885 0.0343
vn -0.9953 -0.0955 0.0178
vn 0.3190 -0.1273 0.9392
vn 0.0049 -0.1294 0.9916
vn 0.9869 -0.1051 -0.1222
vn -0.9359 -0.1263 -0.3290
vn -0.3290 -0.1285 0.9355
vn 0.9942 -0.1025 -0.0323
vn -0.7123 -0.1519 -0.6853
vn -0.5863 -0.1247 0.8004
vn 0.9907 -0.1021 0.0894
vn -0.3868 -0.1643 -0.9074
vn -0.9227 -0.1142 0.3682
vn 0.9661 -0.1105 0.2334
vn 0.0098 -0.1676 -0.9858
vn -0.9910 -0.1009 0.0885
vn 0.8873 -0.1267 0.4434
vn 0.3970 -0.1630 -0.9032
vn -0.9939 -0.0881 -0.0671
vn 0.7229 -0.1431 0.6760
vn 0.7283 -0.0000 -0.6852
vn -0.9994 0.0004 0.0336
vn 0.3235 -0.0000 0.9462
vn 0.9375 -0.0004 -0.3480
vn -0.9997 0.0002 0.0228
vn 0.0050 -0.0000 1.0000
vn 0.9925 -0.0007 -0.1219
vn -0.9466 -0.0000 -0.3225
vn -0.3337 -0.0000 0.9427
vn 0.9995 -0.0003 -0.0319
vn -0.7246 -0.0001 -0.6891
vn -0.5937 -0.0000 0.8047
vn 0.9959 0.0001 0.0904
vn -0.3961 -0.0000 -0.9182
vn -0.9310 0.0001 0.3649
vn 0.9728 -0.0002 0.2315
vn 0.0101 -0.0000 -0.9999
vn -0.9966 -0.0002 0.0824
vn 0.8991 0.0014 0.4377
vn 0.4066 -0.0000 -0.9136
vn -0.9978 -0.0000 -0.0658
vn 0.7124 0.0032 0.7017
vn 0.0095 0.2795 -0.9601
vn 0.0074 0.7492 -0.6623
vn 0.2867 0.7449 -0.6024
vn 0.3835 0.2801 -0.8800
vn 0.5133 0.7273 -0.4556
vn 0.6922 0.2709 -0.6690
vn 0.6888 0.6855 -0.2360
vn 0.9029 0.2430 -0.3545
vn 0.7501 0.6549 -0.0918
vn 0.9691 0.2149 -0.1215
vn 0.7622 0.6469 -0.0240
vn 0.9764 0.2135 -0.0329
vn 0.7570 0.6495 0.0716
vn 0.9723 0.2152 0.0912
vn 0.7304 0.6618 0.1691
vn 0.9468 0.2232 0.2318
vn 0.6642 0.6781 0.3147
vn 0.8654 0.2450 0.4372
vn 0.5426 0.6784 0.4953
vn 0.7032 0.2587 0.6623
vn 0.2424 0.6782 0.6938
vn 0.3109 0.2345 0.9211
vn 0.0043 0.6713 0.7412
vn 0.0046 0.2327 0.9725
vn -0.2502 0.6794 0.6898
vn -0.3206 0.2359 0.9174
vn -0.4431 0.6783 0.5861
vn -0.5713 0.2354 0.7863
vn -0.6951 0.6708 0.2586
vn -0.9021 0.2307 0.3648
vn -0.7744 0.6303 0.0549
vn -0.9735 0.2083 0.0944
vn -0.7918 0.6088 -0.0496
vn -0.9794 0.1913 -0.0643
vn -0.7908 0.6115 0.0276
vn -0.9808 0.1917 0.0357
vn -0.7853 0.6187 0.0236
vn -0.9800 0.1986 0.0126
vn -0.6928 0.6893 -0.2119
vn -0.9089 0.2489 -0.3345
vn -0.5017 0.7341 -0.4577
vn -0.6875 0.2744 -0.6723
vn -0.2791 0.7464 -0.6042
vn -0.3737 0.2810 -0.8840
vn 0.3918 -0.6893 0.6094
vn -0.5684 -0.7131 0.4105
vn -0.0002 -1.0000 -0.0026
vn 0.0008 -1.0000 -0.0032
vn 0.4359 0.5869 0.6823
vn -0.6617 0.5895 0.4633
vn 0.5191 -0.1360 0.8438
vn -0.7918 -0.1203 0.5989
vn 0.5206 0.0018 0.8538
vn -0.7998 -0.0000 0.6003
vn 0.5050 0.2475 0.8269
vn 0.3958 0.6775 0.6200
vn -0.7723 0.2342 0.5905
vn -0.5924 0.6785 0.4344
vn -0.8434 0.4258 0.3277
vn 0.4929 0.7955 0.3526
vn -0.5116 0.8061 0.2973
vn 0.8087 0.4272 0.4043
vn -0.6712 0.6753 0.3059
vn -0.3041 0.9071 0.2912
vn -0.0050 0.9528 0.3035
vn 0.2904 0.9003 0.3241
vn 0.6472 0.6624 0.3773
vn -0.7440 0.3688 0.5572
vn 0.4277 0.6953 0.5776
vn -0.4610 0.7119 0.5298
vn 0.6809 0.3819 0.6249
vn -0.5920 0.5980 0.5403
vn -0.2790 0.8083 0.5185
vn -0.0114 0.8488 0.5285
vn 0.2538 0.7974 0.5475
vn 0.5512 0.5788 0.6010
vn -0.5513 0.3107 0.7743
vn 0.3222 0.5332 0.7822
vn -0.3572 0.5509 0.7542
vn 0.4854 0.3093 0.8177
vn -0.4492 0.4607 0.7655
vn -0.2224 0.6219 0.7509
vn -0.0112 0.6543 0.7561
vn 0.1980 0.6095 0.7677
vn 0.4051 0.4495 0.7962
vn -0.4435 0.2161 0.8698
vn 0.2661 0.3290 0.9061
vn -0.3053 0.3299 0.8933
vn 0.3730 0.2807 0.8844
vn -0.1905 0.3587 0.9138
vn -0.0114 0.3998 0.9166
vn 0.1769 0.3695 0.9122
vn -0.5437 0.4363 0.7170
vn -0.0189 0.4639 0.8857
vn 0.4957 0.4751 0.7270
vn -0.0071 0.9608 0.2772
vn -0.0082 0.9254 0.3789
vn 0.8113 0.5320 0.2425
vn 0.8966 0.4323 0.0964
vn 0.2474 0.9088 0.3360
vn 0.2016 0.9369 0.2856
vn -0.2949 0.9180 0.2650
vn -0.3532 0.8742 0.3333
vn 0.9452 0.3260 -0.0181
vn 0.5804 0.7796 0.2353
vn 0.7638 0.6303 0.1391
vn 0.8849 0.4572 0.0891
vn 0.9079 0.4191 0.0104
vn 0.8294 0.5538 0.0732
vn 0.6880 0.7025 0.1822
vn -0.9029 0.4290 -0.0270
vn -0.7760 0.6289 0.0488
vn -0.6540 0.7384 0.1647
vn -0.9231 0.3797 0.0605
vn -0.8291 0.5489 0.1058
vn -0.7512 0.6346 0.1814
vn -0.9488 0.3080 0.0698
vn -0.8868 0.4308 0.1671
vn -0.8228 0.5010 0.2684
vn 0.0540 0.0999 -0.9935
vn 0.4463 0.0954 -0.8898
vn 0.8185 0.1304 -0.5595
vn 0.9629 0.2096 0.1697
vn -0.9377 0.2058 0.2799
vn -0.8896 0.1130 -0.4425
vn -0.4155 0.0849 -0.9056
vn 0.7475 0.0337 -0.6635
vn 0.7707 0.1153 -0.6267
vn 0.7883 0.2007 -0.5816
vn 0.4286 0.1502 -0.8909
vn 0.4206 0.0815 -0.9036
vn 0.4145 0.0091 -0.9100
vn 0.0120 0.0015 -0.9999
vn 0.0163 0.0711 -0.9973
vn 0.0342 0.1411 -0.9894
vn -0.4051 0.1278 -0.9053
vn -0.4132 0.0644 -0.9084
vn -0.3997 -0.0013 -0.9166
vn -0.7615 0.0294 -0.6475
vn -0.7962 0.1026 -0.5963
vn -0.8266 0.1824 -0.5324
vn -0.9425 0.3245 0.0792
vn -0.9663 0.2450 -0.0786
vn -0.9649 0.1606 -0.2076
vn 0.9559 0.1561 -0.2487
vn 0.9585 0.2454 -0.1451
vn 0.9460 0.3241 0.0084
vn -0.4324 0.0149 0.9016
vn -0.0218 0.0167 0.9996
vn 0.4108 0.0163 0.9116
vn 0.0693 0.0427 -0.9967
vn 0.4535 0.0367 -0.8905
vn 0.8380 0.0313 -0.5448
vn 0.9675 0.0175 0.2524
vn -0.9303 0.0116 0.3665
vn -0.9161 0.0317 -0.3996
vn -0.4135 0.0426 -0.9095
vt 0.238082 0.507711
vt 0.248970 0.482161
vt 0.269919 0.460205
vt 0.270214 0.486151
vt 0.292102 0.452355
vt 0.304169 0.476272
vt 0.320615 0.479425
vt 0.317437 0.452355
vt 0.338865 0.466168
vt 0.354490 0.490542
vt 0.235035 0.542018
vt 0.272741 0.518772
vt 0.312345 0.505253
vt 0.322290 0.511058
vt 0.362176 0.513071
vt 0.231607 0.589507
vt 0.270894 0.566376
vt 0.312323 0.548199
vt 0.319166 0.554989
vt 0.361378 0.550629
vt 0.232058 0.631868
vt 0.269644 0.619103
vt 0.309404 0.605215
vt 0.316653 0.611884
vt 0.357100 0.598338
vt 0.234383 0.666176
vt 0.271399 0.664701
vt 0.310821 0.651754
vt 0.320253 0.657484
vt 0.359654 0.639409
vt 0.240510 0.697095
vt 0.275472 0.697507
vt 0.312306 0.690182
vt 0.324621 0.695209
vt 0.362176 0.670541
vt 0.249184 0.717475
vt 0.280982 0.724314
vt 0.312345 0.717884
vt 0.327869 0.722673
vt 0.357688 0.700113
vt 0.259736 0.730357
vt 0.285398 0.737138
vt 0.309725 0.733252
vt 0.327704 0.738215
vt 0.349964 0.722253
vt 0.369745 0.380770
vt 0.369920 0.382152
vt 0.352865 0.382176
vt 0.352643 0.380810
vt 0.223811 0.420988
vt 0.223734 0.419645
vt 0.265229 0.419656
vt 0.265107 0.420999
vt 0.108396 0.381949
vt 0.108087 0.383345
vt 0.077359 0.383241
vt 0.077606 0.381808
vt 0.330347 0.382394
vt 0.330027 0.381033
vt 0.296728 0.420401
vt 0.296445 0.421783
vt 0.053585 0.383187
vt 0.053780 0.381728
vt 0.298228 0.382105
vt 0.297974 0.380717
vt 0.326977 0.419950
vt 0.326666 0.421309
vt 0.053775 0.421894
vt 0.053592 0.420433
vt 0.079666 0.420315
vt 0.079893 0.421751
vt 0.263108 0.382972
vt 0.263009 0.381623
vt 0.350469 0.421461
vt 0.350708 0.420099
vt 0.367112 0.420259
vt 0.366915 0.421637
vt 0.110385 0.420126
vt 0.110685 0.421527
vt 0.219767 0.383191
vt 0.219828 0.381841
vt 0.384524 0.420507
vt 0.384309 0.421894
vt 0.135589 0.419779
vt 0.135948 0.421140
vt 0.171185 0.383388
vt 0.171436 0.382036
vt 0.424223 0.382027
vt 0.424136 0.383424
vt 0.403575 0.382641
vt 0.403623 0.381238
vt 0.174678 0.419861
vt 0.174967 0.421205
vt 0.136234 0.383383
vt 0.136565 0.382020
vt 0.385753 0.382257
vt 0.385650 0.380861
vt 0.370026 0.389857
vt 0.354201 0.389894
vt 0.223630 0.411961
vt 0.265324 0.411975
vt 0.107867 0.391028
vt 0.077165 0.390907
vt 0.330623 0.390071
vt 0.296950 0.412525
vt 0.053431 0.390926
vt 0.298458 0.389986
vt 0.327225 0.412271
vt 0.053431 0.412698
vt 0.079466 0.412651
vt 0.263216 0.390653
vt 0.350919 0.412417
vt 0.367334 0.412591
vt 0.110156 0.412438
vt 0.219706 0.390871
vt 0.384766 0.412802
vt 0.135328 0.412103
vt 0.171032 0.391073
vt 0.423837 0.391126
vt 0.403349 0.390311
vt 0.174420 0.412183
vt 0.136013 0.391061
vt 0.385721 0.389946
vt 0.077299 0.397578
vt 0.077804 0.399321
vt 0.053933 0.399494
vt 0.053538 0.397675
vt 0.108026 0.397720
vt 0.108685 0.399347
vt 0.136207 0.397745
vt 0.136956 0.399257
vt 0.171001 0.397765
vt 0.171595 0.399248
vt 0.219742 0.397558
vt 0.219910 0.399050
vt 0.263203 0.397342
vt 0.262991 0.398838
vt 0.298375 0.396852
vt 0.297814 0.398401
vt 0.330501 0.396760
vt 0.329812 0.398293
vt 0.352965 0.396644
vt 0.352501 0.398175
vt 0.369914 0.396573
vt 0.369531 0.398147
vt 0.403144 0.396966
vt 0.403096 0.398608
vt 0.385288 0.398256
vt 0.385570 0.396646
vt 0.423564 0.397853
vt 0.423561 0.399494
vt 0.367293 0.405914
vt 0.366914 0.404337
vt 0.384339 0.404481
vt 0.384735 0.406080
vt 0.350848 0.405723
vt 0.350345 0.404202
vt 0.296817 0.405666
vt 0.296155 0.404147
vt 0.326385 0.404059
vt 0.327083 0.405582
vt 0.265270 0.405285
vt 0.264976 0.403812
vt 0.223635 0.405270
vt 0.223815 0.403802
vt 0.174363 0.405495
vt 0.175018 0.404032
vt 0.135512 0.405420
vt 0.136302 0.403908
vt 0.110291 0.405739
vt 0.110919 0.404095
vt 0.079570 0.405981
vt 0.080023 0.404225
vt 0.053510 0.405952
vt 0.053866 0.404125
vt 0.224488 0.458380
vt 0.220245 0.460131
vt 0.218940 0.437035
vt 0.223483 0.435484
vt 0.110815 0.762128
vt 0.106260 0.760608
vt 0.108002 0.735281
vt 0.112295 0.736962
vt 0.223530 0.487749
vt 0.220004 0.489816
vt 0.221741 0.514378
vt 0.218992 0.516516
vt 0.219161 0.546824
vt 0.216918 0.548547
vt 0.221321 0.592699
vt 0.219168 0.593270
vt 0.223350 0.634481
vt 0.221149 0.633939
vt 0.224488 0.668903
vt 0.222127 0.667141
vt 0.222124 0.700937
vt 0.219833 0.698364
vt 0.216982 0.723338
vt 0.214854 0.720996
vt 0.210048 0.739095
vt 0.207960 0.736486
vt 0.189539 0.765271
vt 0.187570 0.762215
vt 0.199290 0.749566
vt 0.201433 0.752353
vt 0.088720 0.442218
vt 0.086848 0.445254
vt 0.070959 0.432521
vt 0.072372 0.429157
vt 0.099491 0.457487
vt 0.097496 0.460180
vt 0.088751 0.442288
vt 0.106065 0.473548
vt 0.104011 0.475943
vt 0.112295 0.528497
vt 0.110060 0.530401
vt 0.108616 0.500336
vt 0.110864 0.497822
vt 0.108507 0.559332
vt 0.106493 0.559990
vt 0.106050 0.599486
vt 0.104132 0.598941
vt 0.107224 0.646404
vt 0.105102 0.644561
vt 0.110254 0.683509
vt 0.107499 0.681148
vt 0.111654 0.707494
vt 0.108071 0.705435
vt 0.328158 0.746993
vt 0.341355 0.735923
vt 0.288491 0.745791
vt 0.308574 0.742047
vt 0.272082 0.739770
vt 0.147932 0.675941
vt 0.167721 0.671889
vt 0.172775 0.701223
vt 0.154952 0.705755
vt 0.055992 0.524529
vt 0.036313 0.520060
vt 0.043501 0.490840
vt 0.061214 0.495424
vt 0.081740 0.528331
vt 0.084891 0.499350
vt 0.096412 0.500181
vt 0.094836 0.529541
vt 0.181915 0.669577
vt 0.185633 0.698709
vt 0.206773 0.667239
vt 0.207839 0.696761
vt 0.196422 0.697384
vt 0.193609 0.668331
vt 0.074084 0.497973
vt 0.070125 0.526953
vt 0.075830 0.476504
vt 0.084484 0.477539
vt 0.176172 0.722747
vt 0.162102 0.727592
vt 0.094390 0.478208
vt 0.195189 0.718968
vt 0.186477 0.720184
vt 0.205204 0.718171
vt 0.065542 0.474218
vt 0.051203 0.469722
vt 0.178877 0.736948
vt 0.168835 0.741278
vt 0.082294 0.462791
vt 0.089729 0.463013
vt 0.192921 0.733866
vt 0.186440 0.734757
vt 0.200337 0.733393
vt 0.068169 0.460339
vt 0.075808 0.462160
vt 0.057887 0.456418
vt 0.079534 0.451235
vt 0.089200 0.457105
vt 0.185629 0.748833
vt 0.177805 0.753986
vt 0.191352 0.745460
vt 0.197508 0.738633
vt 0.073687 0.448247
vt 0.065611 0.443671
vt 0.174704 0.637829
vt 0.159461 0.639437
vt 0.150599 0.600818
vt 0.166895 0.598876
vt 0.131773 0.606109
vt 0.118968 0.568589
vt 0.138050 0.558680
vt 0.049119 0.557130
vt 0.029960 0.551864
vt 0.040298 0.595523
vt 0.021482 0.589003
vt 0.200776 0.594190
vt 0.196485 0.549432
vt 0.140283 0.643805
vt 0.158213 0.556341
vt 0.027201 0.637256
vt 0.009255 0.626733
vt 0.183445 0.597720
vt 0.177506 0.553527
vt 0.204855 0.634269
vt 0.189747 0.637061
vt 0.055685 0.594914
vt 0.063593 0.556295
vt 0.048502 0.637542
vt 0.085914 0.641359
vt 0.088166 0.595074
vt 0.066442 0.639525
vt 0.070611 0.595154
vt 0.092279 0.556999
vt 0.077123 0.556388
vt 0.175554 0.462689
vt 0.176132 0.489989
vt 0.156956 0.489039
vt 0.155679 0.464949
vt 0.063723 0.732552
vt 0.061775 0.757357
vt 0.044240 0.755406
vt 0.045797 0.730158
vt 0.062767 0.680956
vt 0.063447 0.704480
vt 0.045451 0.703997
vt 0.043457 0.679536
vt 0.173355 0.515434
vt 0.154069 0.515259
vt 0.174255 0.440458
vt 0.156828 0.443332
vt 0.093207 0.734843
vt 0.093514 0.705234
vt 0.079201 0.733463
vt 0.078738 0.704481
vt 0.205465 0.460356
vt 0.204170 0.437477
vt 0.190746 0.461100
vt 0.189512 0.438020
vt 0.202633 0.515801
vt 0.205280 0.489609
vt 0.189357 0.514849
vt 0.190600 0.490085
vt 0.090983 0.682105
vt 0.076607 0.681626
vt 0.091558 0.759862
vt 0.077006 0.759018
vt 0.034096 0.704410
vt 0.032386 0.681484
vt 0.144235 0.465258
vt 0.145523 0.444093
vt 0.017098 0.644412
vt 0.034406 0.729642
vt 0.002857 0.634525
vt 0.145691 0.488637
vt 0.128051 0.551229
vt 0.143032 0.513062
vt 0.032909 0.754511
vt 0.113088 0.560513
s 1
f 1667/1122/1513 1666/1123/1512 1665/1124/1511 1686/1125/1532
f 1686/1125/1532 1665/1124/1511 1664/1126/1510 1693/1127/1537
f 1693/1128/1537 1664/1129/1510 1685/1130/1531 1684/1131/1530
f 1668/1132/1514 1667/1122/1513 1686/1125/1532 1687/1133/1532
f 1687/1133/1532 1686/1125/1532 1693/1127/1537 1694/1134/1538
f 1694/1135/1538 1693/1128/1537 1684/1131/1530 1683/1136/1529
f 1669/1137/1515 1668/1132/1514 1687/1133/1532 1688/1138/1532
f 1688/1138/1532 1687/1133/1532 1694/1134/1538 1695/1139/1539
f 1695/1140/1539 1694/1135/1538 1683/1136/1529 1682/1141/1528
f 1670/1142/1516 1669/1137/1515 1688/1138/1532 1689/1143/1533
f 1689/1143/1533 1688/1138/1532 1695/1139/1539 1696/1144/1540
f 1696/1145/1540 1695/1140/1539 1682/1141/1528 1681/1146/1527
f 1671/1147/1517 1670/1142/1516 1689/1143/1533 1690/1148/1534
f 1690/1148/1534 1689/1143/1533 1696/1144/1540 1697/1149/1541
f 1697/1150/1541 1696/1145/1540 1681/1146/1527 1680/1151/1526
f 1672/1152/1518 1671/1147/1517 1690/1148/1534 1691/1153/1535
f 1691/1153/1535 1690/1148/1534 1697/1149/1541 1698/1154/1542
f 1698/1155/1542 1697/1150/1541 1680/1151/1526 1679/1156/1525
f 1673/1157/1519 1672/1152/1518 1691/1153/1535 1692/1158/1536
f 1692/1158/1536 1691/1153/1535 1698/1154/1542 1699/1159/1543
f 1699/1160/1543 1698/1155/1542 1679/1156/1525 1678/1161/1524
f 1819/1162/1663 1673/1157/1519 1692/1158/1536 1821/1163/1665
f 1821/1163/1665 1692/1158/1536 1699/1159/1543 1822/1164/1666
f 1822/1165/1666 1699/1160/1543 1678/1161/1524 1820/1166/1664
f 1819/1167/1663 1825/1168/1669 1752/1169/1596 1673/1170/1519
f 1681/1171/1527 1733/1172/1577 1751/1173/1595 1680/1174/1526
f 1666/1175/1512 1731/1176/1575 1750/1177/1594 1665/1178/1511
f 1673/1170/1519 1752/1169/1596 1749/1179/1593 1672/1180/1518
f 1680/1174/1526 1751/1173/1595 1748/1181/1592 1679/1182/1525
f 1665/1178/1511 1750/1177/1594 1747/1183/1591 1664/1184/1510
f 1672/1180/1518 1749/1179/1593 1746/1185/1590 1671/1186/1517
f 1679/1182/1525 1748/1181/1592 1745/1187/1589 1678/1188/1524
f 1664/1189/1510 1747/1190/1591 1744/1191/1588 1685/1192/1531
f 1671/1186/1517 1746/1185/1590 1743/1193/1587 1670/1194/1516
f 1820/1195/1664 1826/1196/1670 1742/1197/1586 1677/1198/1523
f 1685/1192/1531 1744/1191/1588 1741/1199/1585 1684/1200/1530
f 1670/1194/1516 1743/1193/1587 1740/1201/1584 1669/1202/1515
f 1677/1198/1523 1742/1197/1586 1739/1203/1583 1676/1204/1522
f 1684/1200/1530 1741/1199/1585 1738/1205/1582 1683/1206/1529
f 1669/1202/1515 1740/1201/1584 1737/1207/1581 1668/1208/1514
f 1676/1209/1522 1739/1210/1583 1736/1211/1580 1675/1212/1521
f 1683/1206/1529 1738/1205/1582 1734/1213/1578 1682/1214/1528
f 1668/1208/1514 1737/1207/1581 1732/1215/1576 1667/1216/1513
f 1675/1212/1521 1736/1211/1580 1735/1217/1579 1674/1218/1520
f 1682/1214/1528 1734/1213/1578 1733/1172/1577 1681/1171/1527
f 1667/1216/1513 1732/1215/1576 1731/1176/1575 1666/1175/1512
f 1825/1168/1669 1827/1219/1671 1774/1220/1618 1752/1169/1596
f 1733/1172/1577 1754/1221/1598 1773/1222/1617 1751/1173/1595
f 1731/1176/1575 1753/1223/1597 1772/1224/1616 1750/1177/1594
f 1752/1169/1596 1774/1220/1618 1771/1225/1615 1749/1179/1593
f 1751/1173/1595 1773/1222/1617 1770/1226/1614 1748/1181/1592
f 1750/1177/1594 1772/1224/1616 1769/1227/1613 1747/1183/1591
f 1749/1179/1593 1771/1225/1615 1768/1228/1612 1746/1185/1590
f 1748/1181/1592 1770/1226/1614 1767/1229/1611 1745/1187/1589
f 1747/1190/1591 1769/1230/1613 1766/1231/1610 1744/1191/1588
f 1746/1185/1590 1768/1228/1612 1765/1232/1609 1743/1193/1587
f 1826/1196/1670 1828/1233/1672 1764/1234/1608 1742/1197/1586
f 1744/1191/1588 1766/1231/1610 1763/1235/1607 1741/1199/1585
f 1743/1193/1587 1765/1232/1609 1762/1236/1606 1740/1201/1584
f 1742/1197/1586 1764/1234/1608 1761/1237/1605 1739/1203/1583
f 1741/1199/1585 1763/1235/1607 1760/1238/1604 1738/1205/1582
f 1740/1201/1584 1762/1236/1606 1759/1239/1603 1737/1207/1581
f 1739/1210/1583 1761/1240/1605 1758/1241/1602 1736/1211/1580
f 1738/1205/1582 1760/1238/1604 1757/1242/1601 1734/1213/1578
f 1737/1207/1581 1759/1239/1603 1756/1243/1600 1732/1215/1576
f 1736/1211/1580 1758/1241/1602 1755/1244/1599 1735/1217/1579
f 1734/1213/1578 1757/1242/1601 1754/1221/1598 1733/1172/1577
f 1732/1215/1576 1756/1243/1600 1753/1223/1597 1731/1176/1575
f 1778/1245/1622 1777/1246/1621 1776/1247/1620 1775/1248/1619
f 1780/1249/1624 1779/1250/1623 1777/1246/1621 1778/1245/1622
f 1782/1251/1626 1781/1252/1625 1779/1250/1623 1780/1249/1624
f 1784/1253/1628 1783/1254/1627 1781/1252/1625 1782/1251/1626
f 1786/1255/1630 1785/1256/1629 1783/1254/1627 1784/1253/1628
f 1788/1257/1632 1787/1258/1631 1785/1256/1629 1786/1255/1630
f 1790/1259/1634 1789/1260/1633 1787/1258/1631 1788/1257/1632
f 1792/1261/1636 1791/1262/1635 1789/1260/1633 1790/1259/1634
f 1794/1263/1638 1793/1264/1637 1791/1262/1635 1792/1261/1636
f 1829/1265/1673 1830/1266/1674 1793/1264/1637 1794/1263/1638
f 1798/1267/1642 1797/1268/1641 1795/1269/1639 1796/1270/1640
f 1800/1271/1644 1799/1272/1643 1797/1268/1641 1798/1267/1642
f 1802/1273/1646 1801/1274/1645 1799/1275/1643 1800/1276/1644
f 1831/1277/1675 1832/1278/1676 1801/1274/1645 1802/1273/1646
f 1806/1279/1650 1805/1280/1649 1803/1281/1647 1804/1282/1648
f 1808/1283/1652 1807/1284/1651 1805/1280/1649 1806/1279/1650
f 1810/1285/1654 1809/1286/1653 1807/1284/1651 1808/1283/1652
f 1812/1287/1656 1811/1288/1655 1809/1286/1653 1810/1285/1654
f 1814/1289/1658 1813/1290/1657 1811/1288/1655 1812/1287/1656
f 1816/1291/1660 1815/1292/1659 1813/1290/1657 1814/1289/1658
f 1818/1293/1662 1817/1294/1661 1815/1292/1659 1816/1291/1660
f 1775/1295/1619 1776/1296/1620 1817/1294/1661 1818/1293/1662
f 1777/1297/1621 1710/1298/1554 1709/1299/1553 1776/1300/1620
f 1769/1230/1613 1775/1295/1619 1818/1293/1662 1766/1231/1610
f 1772/1224/1616 1778/1245/1622 1775/1248/1619 1769/1227/1613
f 1776/1301/1620 1709/1302/1553 1730/1303/1574 1817/1304/1661
f 1753/1223/1597 1780/1249/1624 1778/1245/1622 1772/1224/1616
f 1779/1305/1623 1711/1306/1555 1710/1298/1554 1777/1297/1621
f 1756/1243/1600 1782/1251/1626 1780/1249/1624 1753/1223/1597
f 1781/1307/1625 1712/1308/1556 1711/1306/1555 1779/1305/1623
f 1759/1239/1603 1784/1253/1628 1782/1251/1626 1756/1243/1600
f 1783/1309/1627 1713/1310/1557 1712/1308/1556 1781/1307/1625
f 1762/1236/1606 1786/1255/1630 1784/1253/1628 1759/1239/1603
f 1785/1311/1629 1714/1312/1558 1713/1310/1557 1783/1309/1627
f 1765/1232/1609 1788/1257/1632 1786/1255/1630 1762/1236/1606
f 1787/1313/1631 1715/1314/1559 1714/1312/1558 1785/1311/1629
f 1768/1228/1612 1790/1259/1634 1788/1257/1632 1765/1232/1609
f 1789/1315/1633 1716/1316/1560 1715/1314/1559 1787/1313/1631
f 1771/1225/1615 1792/1261/1636 1790/1259/1634 1768/1228/1612
f 1791/1317/1635 1717/1318/1561 1716/1316/1560 1789/1315/1633
f 1774/1220/1618 1794/1263/1638 1792/1261/1636 1771/1225/1615
f 1793/1319/1637 1718/1320/1562 1717/1318/1561 1791/1317/1635
f 1827/1219/1671 1829/1265/1673 1794/1263/1638 1774/1220/1618
f 1830/1321/1674 1823/1322/1667 1718/1320/1562 1793/1319/1637
f 1758/1241/1602 1798/1267/1642 1796/1270/1640 1755/1244/1599
f 1797/1323/1641 1720/1324/1564 1719/1325/1563 1795/1326/1639
f 1761/1240/1605 1800/1271/1644 1798/1267/1642 1758/1241/1602
f 1799/1327/1643 1721/1328/1565 1720/1329/1564 1797/1330/1641
f 1764/1234/1608 1802/1273/1646 1800/1276/1644 1761/1237/1605
f 1801/1331/1645 1722/1332/1566 1721/1328/1565 1799/1333/1643
f 1828/1233/1672 1831/1277/1675 1802/1273/1646 1764/1234/1608
f 1832/1334/1676 1824/1335/1668 1722/1332/1566 1801/1331/1645
f 1770/1226/1614 1806/1279/1650 1804/1282/1648 1767/1229/1611
f 1805/1336/1649 1724/1337/1568 1723/1338/1567 1803/1339/1647
f 1773/1222/1617 1808/1283/1652 1806/1279/1650 1770/1226/1614
f 1807/1340/1651 1725/1341/1569 1724/1337/1568 1805/1336/1649
f 1754/1221/1598 1810/1285/1654 1808/1283/1652 1773/1222/1617
f 1809/1342/1653 1726/1343/1570 1725/1341/1569 1807/1340/1651
f 1757/1242/1601 1812/1287/1656 1810/1285/1654 1754/1221/1598
f 1811/1344/1655 1727/1345/1571 1726/1343/1570 1809/1342/1653
f 1760/1238/1604 1814/1289/1658 1812/1287/1656 1757/1242/1601
f 1813/1346/1657 1728/1347/1572 1727/1345/1571 1811/1344/1655
f 1763/1235/1607 1816/1291/1660 1814/1289/1658 1760/1238/1604
f 1815/1348/1659 1729/1349/1573 1728/1347/1572 1813/1346/1657
f 1766/1231/1610 1818/1293/1662 1816/1291/1660 1763/1235/1607
f 1817/1304/1661 1730/1303/1574 1729/1349/1573 1815/1348/1659
f 1803/1339/1647 1723/1338/1567 1824/1335/1668 1832/1334/1676
f 1767/1229/1611 1804/1282/1648 1831/1277/1675 1828/1233/1672
f 1795/1326/1639 1719/1325/1563 1823/1322/1667 1830/1321/1674
f 1755/1244/1599 1796/1270/1640 1829/1265/1673 1827/1219/1671
f 1804/1282/1648 1803/1281/1647 1832/1278/1676 1831/1277/1675
f 1796/1270/1640 1795/1269/1639 1830/1266/1674 1829/1265/1673
f 1745/1187/1589 1767/1229/1611 1828/1233/1672 1826/1196/1670
f 1735/1217/1579 1755/1244/1599 1827/1219/1671 1825/1168/1669
f 1678/1188/1524 1745/1187/1589 1826/1196/1670 1820/1195/1664
f 1674/1218/1520 1735/1217/1579 1825/1168/1669 1819/1167/1663
f 1676/1350/1522 1822/1165/1666 1820/1166/1664 1677/1351/1523
f 1675/1352/1521 1821/1163/1665 1822/1164/1666 1676/1353/1522
f 1674/1354/1520 1819/1162/1663 1821/1163/1665 1675/1352/1521
f 1706/1355/1550 1707/1356/1551 1840/1357/1684 1839/1358/1683
f 1705/1359/1549 1706/1360/1550 1839/1361/1683 1838/1362/1682
f 1704/1363/1548 1837/1364/1681 1833/1365/1677 1700/1366/1544
f 1701/1367/1545 1834/1368/1678 1840/1357/1684 1707/1356/1551
f 1703/1369/1547 1836/1370/1680 1841/1371/1685 1708/1372/1552
f 1708/1372/1552 1841/1371/1685 1834/1368/1678 1701/1367/1545
f 1705/1359/1549 1838/1362/1682 1835/1373/1679 1702/1374/1546
f 1702/1374/1546 1835/1373/1679 1837/1364/1681 1704/1363/1548
f 1835/1373/1679 1844/1375/1688 1846/1376/1690 1837/1364/1681
f 1839/1358/1683 1840/1357/1684 1849/1377/1693 1848/1378/1692
f 1837/1364/1681 1846/1376/1690 1842/1379/1686 1833/1365/1677
f 1841/1371/1685 1850/1380/1694 1843/1381/1687 1834/1368/1678
f 1834/1368/1678 1843/1381/1687 1849/1377/1693 1840/1357/1684
f 1836/1370/1680 1845/1382/1689 1850/1380/1694 1841/1371/1685
f 1838/1362/1682 1847/1383/1691 1844/1375/1688 1835/1373/1679
f 1838/1362/1682 1839/1361/1683 1848/1384/1692 1847/1383/1691
f 1848/1378/1692 1849/1377/1693 1858/1385/1702 1857/1386/1701
f 1846/1376/1690 1855/1387/1699 1851/1388/1695 1842/1379/1686
f 1850/1380/1694 1859/1389/1703 1852/1390/1696 1843/1381/1687
f 1843/1381/1687 1852/1390/1696 1858/1385/1702 1849/1377/1693
f 1845/1382/1689 1854/1391/1698 1859/1389/1703 1850/1380/1694
f 1847/1383/1691 1856/1392/1700 1853/1393/1697 1844/1375/1688
f 1847/1383/1691 1848/1384/1692 1857/1394/1701 1856/1392/1700
f 1844/1375/1688 1853/1393/1697 1855/1387/1699 1846/1376/1690
f 1716/1316/1560 1717/1318/1561 1836/1370/1680 1703/1369/1547
f 1718/1320/1562 1845/1382/1689 1836/1370/1680 1717/1318/1561
f 1823/1322/1667 1854/1391/1698 1845/1382/1689 1718/1320/1562
f 1723/1338/1567 1724/1337/1568 1700/1366/1544 1833/1365/1677
f 1842/1379/1686 1824/1335/1668 1723/1338/1567 1833/1365/1677
f 1851/1388/1695 1722/1332/1566 1824/1335/1668 1842/1379/1686
f 1855/1387/1699 1862/1395/1706 1860/1396/1704
f 1857/1386/1701 1858/1385/1702 1866/1397/1710 1865/1398/1709
f 1855/1387/1699 1860/1396/1704 1851/1388/1695
f 1852/1390/1696 1859/1389/1703 1861/1399/1705
f 1852/1390/1696 1861/1399/1705 1866/1397/1710 1858/1385/1702
f 1854/1391/1698 1863/1400/1707 1859/1389/1703
f 1856/1392/1700 1864/1401/1708 1862/1395/1706 1853/1393/1697
f 1856/1392/1700 1857/1394/1701 1865/1402/1709 1864/1401/1708
f 1853/1393/1697 1862/1395/1706 1855/1387/1699
f 1861/1399/1705 1859/1389/1703 1863/1400/1707
f 1854/1391/1698 1823/1322/1667 1863/1400/1707
f 1823/1322/1667 1719/1325/1563 1863/1400/1707
f 1863/1400/1707 1719/1325/1563 1861/1399/1705
f 1720/1324/1564 1866/1397/1710 1861/1399/1705 1719/1325/1563
f 1866/1397/1710 1720/1324/1564 1865/1398/1709
f 1851/1388/1695 1860/1396/1704 1722/1332/1566
f 1721/1328/1565 1722/1332/1566 1860/1396/1704
f 1860/1396/1704 1862/1395/1706 1721/1328/1565
f 1720/1329/1564 1721/1328/1565 1864/1401/1708
f 1864/1401/1708 1721/1328/1565 1862/1395/1706
f 1865/1402/1709 1720/1329/1564 1864/1401/1708
f 1879/1403/1723 1875/1404/1719 1874/1405/1718 1884/1406/1728
f 1874/1405/1718 1871/1407/1715 1868/1408/1712 1869/1409/1713
f 1706/1360/1550 1705/1359/1549 1876/1410/1720 1870/1411/1714
f 1870/1411/1714 1876/1410/1720 1877/1412/1721 1871/1413/1715
f 1714/1312/1558 1882/1414/1726 1878/1415/1722 1713/1310/1557
f 1707/1356/1551 1706/1355/1550 1870/1416/1714 1875/1404/1719
f 1875/1404/1719 1870/1416/1714 1871/1407/1715 1874/1405/1718
f 1884/1406/1728 1874/1405/1718 1869/1409/1713 1872/1417/1716
f 1871/1413/1715 1877/1412/1721 1867/1418/1711 1868/1419/1712
f 1882/1414/1726 1883/1420/1727 1873/1421/1717 1878/1415/1722
f 1883/1420/1727 1884/1406/1728 1872/1417/1716 1873/1421/1717
f 1715/1314/1559 1881/1422/1725 1882/1414/1726 1714/1312/1558
f 1881/1422/1725 1880/1423/1724 1883/1420/1727 1882/1414/1726
f 1880/1423/1724 1879/1403/1723 1884/1406/1728 1883/1420/1727
f 1715/1314/1559 1716/1316/1560 1703/1369/1547 1881/1422/1725
f 1880/1423/1724 1881/1422/1725 1703/1369/1547 1708/1372/1552
f 1879/1403/1723 1880/1423/1724 1708/1372/1552 1701/1367/1545
f 1875/1404/1719 1879/1403/1723 1701/1367/1545 1707/1356/1551
f 1890/1424/1734 1877/1412/1721 1876/1410/1720 1887/1425/1731
f 1893/1426/1737 1867/1418/1711 1877/1412/1721 1890/1424/1734
f 1727/1345/1571 1891/1427/1735 1888/1428/1732 1726/1343/1570
f 1891/1427/1735 1892/1429/1736 1889/1430/1733 1888/1428/1732
f 1892/1429/1736 1893/1426/1737 1890/1424/1734 1889/1430/1733
f 1726/1343/1570 1888/1428/1732 1885/1431/1729 1725/1341/1569
f 1888/1428/1732 1889/1430/1733 1886/1432/1730 1885/1431/1729
f 1889/1430/1733 1890/1424/1734 1887/1425/1731 1886/1432/1730
f 1700/1366/1544 1724/1337/1568 1725/1341/1569 1885/1431/1729
f 1704/1363/1548 1700/1366/1544 1885/1431/1729 1886/1432/1730
f 1702/1374/1546 1704/1363/1548 1886/1432/1730 1887/1425/1731
f 1705/1359/1549 1702/1374/1546 1887/1425/1731 1876/1410/1720
f 1904/1433/1748 1903/1434/1747 1896/1435/1740 1895/1436/1739
f 1910/1437/1754 1909/1438/1753 1894/1439/1738 1900/1440/1744
f 1916/1441/1760 1915/1442/1759 1899/1443/1743 1898/1444/1742
f 1903/1434/1747 1921/1445/1765 1897/1446/1741 1896/1435/1740
f 1909/1447/1753 1904/1433/1748 1895/1436/1739 1894/1448/1738
f 1915/1442/1759 1910/1437/1754 1900/1440/1744 1899/1443/1743
f 1729/1349/1573 1730/1303/1574 1912/1449/1756 1913/1450/1757
f 1913/1450/1757 1912/1449/1756 1911/1451/1755 1914/1452/1758
f 1914/1452/1758 1911/1451/1755 1910/1437/1754 1915/1442/1759
f 1709/1299/1553 1710/1298/1554 1906/1453/1750 1907/1454/1751
f 1907/1454/1751 1906/1453/1750 1905/1455/1749 1908/1456/1752
f 1908/1456/1752 1905/1455/1749 1904/1433/1748 1909/1447/1753
f 1711/1306/1555 1712/1308/1556 1919/1457/1763 1901/1458/1745
f 1901/1458/1745 1919/1457/1763 1920/1459/1764 1902/1460/1746
f 1902/1460/1746 1920/1459/1764 1921/1445/1765 1903/1434/1747
f 1728/1347/1572 1729/1349/1573 1913/1450/1757 1918/1461/1762
f 1918/1461/1762 1913/1450/1757 1914/1452/1758 1917/1462/1761
f 1917/1462/1761 1914/1452/1758 1915/1442/1759 1916/1441/1760
f 1730/1303/1574 1709/1302/1553 1907/1463/1751 1912/1449/1756
f 1912/1449/1756 1907/1463/1751 1908/1464/1752 1911/1451/1755
f 1911/1451/1755 1908/1464/1752 1909/1438/1753 1910/1437/1754
f 1710/1298/1554 1711/1306/1555 1901/1458/1745 1906/1453/1750
f 1906/1453/1750 1901/1458/1745 1902/1460/1746 1905/1455/1749
f 1905/1455/1749 1902/1460/1746 1903/1434/1747 1904/1433/1748
f 1891/1427/1735 1727/1345/1571 1728/1347/1572 1918/1461/1762
f 1892/1429/1736 1891/1427/1735 1918/1461/1762 1917/1462/1761
f 1893/1426/1737 1892/1429/1736 1917/1462/1761 1916/1441/1760
f 1867/1418/1711 1893/1426/1737 1916/1441/1760 1898/1444/1742
f 1919/1457/1763 1712/1308/1556 1713/1310/1557 1878/1415/1722
f 1920/1459/1764 1919/1457/1763 1878/1415/1722 1873/1421/1717
f 1921/1445/1765 1920/1459/1764 1873/1421/1717 1872/1417/1716
f 1897/1446/1741 1921/1445/1765 1872/1417/1716 1869/1409/1713
f 1898/1444/1742 1899/1443/1743 1930/1465/1774 1929/1466/1773
f 1894/1448/1738 1895/1436/1739 1926/1467/1770 1925/1468/1769
f 1867/1418/1711 1898/1444/1742 1929/1466/1773 1922/1469/1766
f 1899/1443/1743 1900/1440/1744 1931/1470/1775 1930/1465/1774
f 1868/1419/1712 1867/1418/1711 1922/1469/1766 1923/1471/1767
f 1895/1436/1739 1896/1435/1740 1927/1472/1771 1926/1467/1770
f 1897/1446/1741 1869/1409/1713 1924/1473/1768 1928/1474/1772
f 1900/1440/1744 1894/1439/1738 1925/1475/1769 1931/1470/1775
f 1869/1409/1713 1868/1408/1712 1923/1476/1767 1924/1473/1768
f 1896/1435/1740 1897/1446/1741 1928/1474/1772 1927/1472/1771
f 1935/1122/1779 1954/1125/1532 1933/1124/1777 1934/1123/1778
f 1954/1125/1532 1961/1127/1802 1932/1126/1776 1933/1124/1777
f 1961/1128/1802 1952/1131/1796 1953/1130/1797 1932/1129/1776
f 1936/1132/1780 1955/1133/1532 1954/1125/1532 1935/1122/1779
f 1955/1133/1532 1962/1134/1803 1961/1127/1802 1954/1125/1532
f 1962/1135/1803 1951/1136/1795 1952/1131/1796 1961/1128/1802
f 1937/1137/1781 1956/1138/1532 1955/1133/1532 1936/1132/1780
f 1956/1138/1532 1963/1139/1804 1962/1134/1803 1955/1133/1532
f 1963/1140/1804 1950/1141/1794 1951/1136/1795 1962/1135/1803
f 1938/1142/1782 1957/1143/1798 1956/1138/1532 1937/1137/1781
f 1957/1143/1798 1964/1144/1805 1963/1139/1804 1956/1138/1532
f 1964/1145/1805 1949/1146/1793 1950/1141/1794 1963/1140/1804
f 1939/1147/1783 1958/1148/1799 1957/1143/1798 1938/1142/1782
f 1958/1148/1799 1965/1149/1806 1964/1144/1805 1957/1143/1798
f 1965/1150/1806 1948/1151/1792 1949/1146/1793 1964/1145/1805
f 1940/1152/1784 1959/1153/1800 1958/1148/1799 1939/1147/1783
f 1959/1153/1800 1966/1154/1807 1965/1149/1806 1958/1148/1799
f 1966/1155/1807 1947/1156/1791 1948/1151/1792 1965/1150/1806
f 1941/1157/1785 1960/1158/1801 1959/1153/1800 1940/1152/1784
f 1960/1158/1801 1967/1159/1808 1966/1154/1807 1959/1153/1800
f 1967/1160/1808 1946/1161/1790 1947/1156/1791 1966/1155/1807
f 2087/1162/1928 2089/1163/1930 1960/1158/1801 1941/1157/1785
f 2089/1163/1930 2090/1164/1931 1967/1159/1808 1960/1158/1801
f 2090/1165/1931 2088/1166/1929 1946/1161/1790 1967/1160/1808
f 2087/1167/1928 1941/1170/1785 2020/1169/1861 2093/1168/1934
f 1949/1171/1793 1948/1174/1792 2019/1173/1860 2001/1172/1842
f 1934/1175/1778 1933/1178/1777 2018/1177/1859 1999/1176/1840
f 1941/1170/1785 1940/1180/1784 2017/1179/1858 2020/1169/1861
f 1948/1174/1792 1947/1182/1791 2016/1181/1857 2019/1173/1860
f 1933/1178/1777 1932/1184/1776 2015/1183/1856 2018/1177/1859
f 1940/1180/1784 1939/1186/1783 2014/1185/1855 2017/1179/1858
f 1947/1182/1791 1946/1188/1790 2013/1187/1854 2016/1181/1857
f 1932/1189/1776 1953/1192/1797 2012/1191/1853 2015/1190/1856
f 1939/1186/1783 1938/1194/1782 2011/1193/1852 2014/1185/1855
f 2088/1195/1929 1945/1198/1789 2010/1197/1851 2094/1196/1935
f 1953/1192/1797 1952/1200/1796 2009/1199/1850 2012/1191/1853
f 1938/1194/1782 1937/1202/1781 2008/1201/1849 2011/1193/1852
f 1945/1198/1789 1944/1204/1788 2007/1203/1848 2010/1197/1851
f 1952/1200/1796 1951/1206/1795 2006/1205/1847 2009/1199/1850
f 1937/1202/1781 1936/1208/1780 2005/1207/1846 2008/1201/1849
f 1944/1209/1788 1943/1212/1787 2004/1211/1845 2007/1210/1848
f 1951/1206/1795 1950/1214/1794 2002/1213/1843 2006/1205/1847
f 1936/1208/1780 1935/1216/1779 2000/1215/1841 2005/1207/1846
f 1943/1212/1787 1942/1218/1786 2003/1217/1844 2004/1211/1845
f 1950/1214/1794 1949/1171/1793 2001/1172/1842 2002/1213/1843
f 1935/1216/1779 1934/1175/1778 1999/1176/1840 2000/1215/1841
f 2093/1168/1934 2020/1169/1861 2042/1220/1883 2095/1219/1936
f 2001/1172/1842 2019/1173/1860 2041/1222/1882 2022/1221/1863
f 1999/1176/1840 2018/1177/1859 2040/1224/1881 2021/1223/1862
f 2020/1169/1861 2017/1179/1858 2039/1225/1880 2042/1220/1883
f 2019/1173/1860 2016/1181/1857 2038/1226/1879 2041/1222/1882
f 2018/1177/1859 2015/1183/1856 2037/1227/1878 2040/1224/1881
f 2017/1179/1858 2014/1185/1855 2036/1228/1877 2039/1225/1880
f 2016/1181/1857 2013/1187/1854 2035/1229/1876 2038/1226/1879
f 2015/1190/1856 2012/1191/1853 2034/1231/1875 2037/1230/1878
f 2014/1185/1855 2011/1193/1852 2033/1232/1874 2036/1228/1877
f 2094/1196/1935 2010/1197/1851 2032/1234/1873 2096/1233/1937
f 2012/1191/1853 2009/1199/1850 2031/1235/1872 2034/1231/1875
f 2011/1193/1852 2008/1201/1849 2030/1236/1871 2033/1232/1874
f 2010/1197/1851 2007/1203/1848 2029/1237/1870 2032/1234/1873
f 2009/1199/1850 2006/1205/1847 2028/1238/1869 2031/1235/1872
f 2008/1201/1849 2005/1207/1846 2027/1239/1868 2030/1236/1871
f 2007/1210/1848 2004/1211/1845 2026/1241/1867 2029/1240/1870
f 2006/1205/1847 2002/1213/1843 2025/1242/1866 2028/1238/1869
f 2005/1207/1846 2000/1215/1841 2024/1243/1865 2027/1239/1868
f 2004/1211/1845 2003/1217/1844 2023/1244/1864 2026/1241/1867
f 2002/1213/1843 2001/1172/1842 2022/1221/1863 2025/1242/1866
f 2000/1215/1841 1999/1176/1840 2021/1223/1862 2024/1243/1865
f 2046/1245/1887 2043/1248/1884 2044/1247/1885 2045/1246/1886
f 2048/1249/1889 2046/1245/1887 2045/1246/1886 2047/1250/1888
f 2050/1251/1891 2048/1249/1889 2047/1250/1888 2049/1252/1890
f 2052/1253/1893 2050/1251/1891 2049/1252/1890 2051/1254/1892
f 2054/1255/1895 2052/1253/1893 2051/1254/1892 2053/1256/1894
f 2056/1257/1897 2054/1255/1895 2053/1256/1894 2055/1258/1896
f 2058/1259/1899 2056/1257/1897 2055/1258/1896 2057/1260/1898
f 2060/1261/1901 2058/1259/1899 2057/1260/1898 2059/1262/1900
f 2062/1263/1903 2060/1261/1901 2059/1262/1900 2061/1264/1902
f 2097/1265/1938 2062/1263/1903 2061/1264/1902 2098/1266/1939
f 2066/1267/1907 2064/1270/1905 2063/1269/1904 2065/1268/1906
f 2068/1271/1909 2066/1267/1907 2065/1268/1906 2067/1272/1908
f 2070/1273/1911 2068/1276/1909 2067/1275/1908 2069/1274/1910
f 2099/1277/1940 2070/1273/1911 2069/1274/1910 2100/1278/1941
f 2074/1279/1915 2072/1282/1913 2071/1281/1912 2073/1280/1914
f 2076/1283/1917 2074/1279/1915 2073/1280/1914 2075/1284/1916
f 2078/1285/1919 2076/1283/1917 2075/1284/1916 2077/1286/1918
f 2080/1287/1921 2078/1285/1919 2077/1286/1918 2079/1288/1920
f 2082/1289/1923 2080/1287/1921 2079/1288/1920 2081/1290/1922
f 2084/1291/1925 2082/1289/1923 2081/1290/1922 2083/1292/1924
f 2086/1293/1927 2084/1291/1925 2083/1292/1924 2085/1294/1926
f 2043/1295/1884 2086/1293/1927 2085/1294/1926 2044/1296/1885
f 2045/1297/1886 2044/1300/1885 1977/1299/1818 1978/1298/1819
f 2037/1230/1878 2034/1231/1875 2086/1293/1927 2043/1295/1884
f 2040/1224/1881 2037/1227/1878 2043/1248/1884 2046/1245/1887
f 2044/1301/1885 2085/1304/1926 1998/1303/1839 1977/1302/1818
f 2021/1223/1862 2040/1224/1881 2046/1245/1887 2048/1249/1889
f 2047/1305/1888 2045/1297/1886 1978/1298/1819 1979/1306/1820
f 2024/1243/1865 2021/1223/1862 2048/1249/1889 2050/1251/1891
f 2049/1307/1890 2047/1305/1888 1979/1306/1820 1980/1308/1821
f 2027/1239/1868 2024/1243/1865 2050/1251/1891 2052/1253/1893
f 2051/1309/1892 2049/1307/1890 1980/1308/1821 1981/1310/1822
f 2030/1236/1871 2027/1239/1868 2052/1253/1893 2054/1255/1895
f 2053/1311/1894 2051/1309/1892 1981/1310/1822 1982/1312/1823
f 2033/1232/1874 2030/1236/1871 2054/1255/1895 2056/1257/1897
f 2055/1313/1896 2053/1311/1894 1982/1312/1823 1983/1314/1824
f 2036/1228/1877 2033/1232/1874 2056/1257/1897 2058/1259/1899
f 2057/1315/1898 2055/1313/1896 1983/1314/1824 1984/1316/1825
f 2039/1225/1880 2036/1228/1877 2058/1259/1899 2060/1261/1901
f 2059/1317/1900 2057/1315/1898 1984/1316/1825 1985/1318/1826
f 2042/1220/1883 2039/1225/1880 2060/1261/1901 2062/1263/1903
f 2061/1319/1902 2059/1317/1900 1985/1318/1826 1986/1320/1827
f 2095/1219/1936 2042/1220/1883 2062/1263/1903 2097/1265/1938
f 2098/1321/1939 2061/1319/1902 1986/1320/1827 2091/1322/1932
f 2026/1241/1867 2023/1244/1864 2064/1270/1905 2066/1267/1907
f 2065/1323/1906 2063/1326/1904 1987/1325/1828 1988/1324/1829
f 2029/1240/1870 2026/1241/1867 2066/1267/1907 2068/1271/1909
f 2067/1327/1908 2065/1330/1906 1988/1329/1829 1989/1328/1830
f 2032/1234/1873 2029/1237/1870 2068/1276/1909 2070/1273/1911
f 2069/1331/1910 2067/1333/1908 1989/1328/1830 1990/1332/1831
f 2096/1233/1937 2032/1234/1873 2070/1273/1911 2099/1277/1940
f 2100/1334/1941 2069/1331/1910 1990/1332/1831 2092/1335/1933
f 2038/1226/1879 2035/1229/1876 2072/1282/1913 2074/1279/1915
f 2073/1336/1914 2071/1339/1912 1991/1338/1832 1992/1337/1833
f 2041/1222/1882 2038/1226/1879 2074/1279/1915 2076/1283/1917
f 2075/1340/1916 2073/1336/1914 1992/1337/1833 1993/1341/1834
f 2022/1221/1863 2041/1222/1882 2076/1283/1917 2078/1285/1919
f 2077/1342/1918 2075/1340/1916 1993/1341/1834 1994/1343/1835
f 2025/1242/1866 2022/1221/1863 2078/1285/1919 2080/1287/1921
f 2079/1344/1920 2077/1342/1918 1994/1343/1835 1995/1345/1836
f 2028/1238/1869 2025/1242/1866 2080/1287/1921 2082/1289/1923
f 2081/1346/1922 2079/1344/1920 1995/1345/1836 1996/1347/1837
f 2031/1235/1872 2028/1238/1869 2082/1289/1923 2084/1291/1925
f 2083/1348/1924 2081/1346/1922 1996/1347/1837 1997/1349/1838
f 2034/1231/1875 2031/1235/1872 2084/1291/1925 2086/1293/1927
f 2085/1304/1926 2083/1348/1924 1997/1349/1838 1998/1303/1839
f 2071/1339/1912 2100/1334/1941 2092/1335/1933 1991/1338/1832
f 2035/1229/1876 2096/1233/1937 2099/1277/1940 2072/1282/1913
f 2063/1326/1904 2098/1321/1939 2091/1322/1932 1987/1325/1828
f 2023/1244/1864 2095/1219/1936 2097/1265/1938 2064/1270/1905
f 2072/1282/1913 2099/1277/1940 2100/1278/1941 2071/1281/1912
f 2064/1270/1905 2097/1265/1938 2098/1266/1939 2063/1269/1904
f 2013/1187/1854 2094/1196/1935 2096/1233/1937 2035/1229/1876
f 2003/1217/1844 2093/1168/1934 2095/1219/1936 2023/1244/1864
f 1946/1188/1790 2088/1195/1929 2094/1196/1935 2013/1187/1854
f 1942/1218/1786 2087/1167/1928 2093/1168/1934 2003/1217/1844
f 1944/1350/1788 1945/1351/1789 2088/1166/1929 2090/1165/1931
f 1943/1352/1787 1944/1353/1788 2090/1164/1931 2089/1163/1930
f 1942/1354/1786 1943/1352/1787 2089/1163/1930 2087/1162/1928
f 1974/1355/1815 2107/1358/1948 2108/1357/1949 1975/1356/1816
f 1973/1359/1814 2106/1362/1947 2107/1361/1948 1974/1360/1815
f 1972/1363/1813 1968/1366/1809 2101/1365/1942 2105/1364/1946
f 1969/1367/1810 1975/1356/1816 2108/1357/1949 2102/1368/1943
f 1971/1369/1812 1976/1372/1817 2109/1371/1950 2104/1370/1945
f 1976/1372/1817 1969/1367/1810 2102/1368/1943 2109/1371/1950
f 1973/1359/1814 1970/1374/1811 2103/1373/1944 2106/1362/1947
f 1970/1374/1811 1972/1363/1813 2105/1364/1946 2103/1373/1944
f 2103/1373/1944 2105/1364/1946 2114/1376/1955 2112/1375/1953
f 2107/1358/1948 2116/1378/1957 2117/1377/1958 2108/1357/1949
f 2105/1364/1946 2101/1365/1942 2110/1379/1951 2114/1376/1955
f 2109/1371/1950 2102/1368/1943 2111/1381/1952 2118/1380/1959
f 2102/1368/1943 2108/1357/1949 2117/1377/1958 2111/1381/1952
f 2104/1370/1945 2109/1371/1950 2118/1380/1959 2113/1382/1954
f 2106/1362/1947 2103/1373/1944 2112/1375/1953 2115/1383/1956
f 2106/1362/1947 2115/1383/1956 2116/1384/1957 2107/1361/1948
f 2116/1378/1957 2125/1386/1966 2126/1385/1967 2117/1377/1958
f 2114/1376/1955 2110/1379/1951 2119/1388/1960 2123/1387/1964
f 2118/1380/1959 2111/1381/1952 2120/1390/1961 2127/1389/1968
f 2111/1381/1952 2117/1377/1958 2126/1385/1967 2120/1390/1961
f 2113/1382/1954 2118/1380/1959 2127/1389/1968 2122/1391/1963
f 2115/1383/1956 2112/1375/1953 2121/1393/1962 2124/1392/1965
f 2115/1383/1956 2124/1392/1965 2125/1394/1966 2116/1384/1957
f 2112/1375/1953 2114/1376/1955 2123/1387/1964 2121/1393/1962
f 1984/1316/1825 1971/1369/1812 2104/1370/1945 1985/1318/1826
f 1986/1320/1827 1985/1318/1826 2104/1370/1945 2113/1382/1954
f 2091/1322/1932 1986/1320/1827 2113/1382/1954 2122/1391/1963
f 1991/1338/1832 2101/1365/1942 1968/1366/1809 1992/1337/1833
f 2110/1379/1951 2101/1365/1942 1991/1338/1832 2092/1335/1933
f 2119/1388/1960 2110/1379/1951 2092/1335/1933 1990/1332/1831
f 2123/1387/1964 2128/1396/1969 2130/1395/1971
f 2125/1386/1966 2133/1398/1974 2134/1397/1975 2126/1385/1967
f 2123/1387/1964 2119/1388/1960 2128/1396/1969
f 2120/1390/1961 2129/1399/1970 2127/1389/1968
f 2120/1390/1961 2126/1385/1967 2134/1397/1975 2129/1399/1970
f 2122/1391/1963 2127/1389/1968 2131/1400/1972
f 2124/1392/1965 2121/1393/1962 2130/1395/1971 2132/1401/1973
f 2124/1392/1965 2132/1401/1973 2133/1402/1974 2125/1394/1966
f 2121/1393/1962 2123/1387/1964 2130/1395/1971
f 2129/1399/1970 2131/1400/1972 2127/1389/1968
f 2122/1391/1963 2131/1400/1972 2091/1322/1932
f 2091/1322/1932 2131/1400/1972 1987/1325/1828
f 2131/1400/1972 2129/1399/1970 1987/1325/1828
f 1988/1324/1829 1987/1325/1828 2129/1399/1970 2134/1397/1975
f 2134/1397/1975 2133/1398/1974 1988/1324/1829
f 2119/1388/1960 1990/1332/1831 2128/1396/1969
f 1989/1328/1830 2128/1396/1969 1990/1332/1831
f 2128/1396/1969 1989/1328/1830 2130/1395/1971
f 1988/1329/1829 2132/1401/1973 1989/1328/1830
f 2132/1401/1973 2130/1395/1971 1989/1328/1830
f 2133/1402/1974 2132/1401/1973 1988/1329/1829
f 2147/1403/1988 2152/1406/1993 2142/1405/1983 2143/1404/1984
f 2142/1405/1983 2137/1409/1978 2136/1408/1977 2139/1407/1980
f 1974/1360/1815 2138/1411/1979 2144/1410/1985 1973/1359/1814
f 2138/1411/1979 2139/1413/1980 2145/1412/1986 2144/1410/1985
f 1982/1312/1823 1981/1310/1822 2146/1415/1987 2150/1414/1991
f 1975/1356/1816 2143/1404/1984 2138/1416/1979 1974/1355/1815
f 2143/1404/1984 2142/1405/1983 2139/1407/1980 2138/1416/1979
f 2152/1406/1993 2140/1417/1981 2137/1409/1978 2142/1405/1983
f 2139/1413/1980 2136/1419/1977 2135/1418/1976 2145/1412/1986
f 2150/1414/1991 2146/1415/1987 2141/1421/1982 2151/1420/1992
f 2151/1420/1992 2141/1421/1982 2140/1417/1981 2152/1406/1993
f 1983/1314/1824 1982/1312/1823 2150/1414/1991 2149/1422/1990
f 2149/1422/1990 2150/1414/1991 2151/1420/1992 2148/1423/1989
f 2148/1423/1989 2151/1420/1992 2152/1406/1993 2147/1403/1988
f 1983/1314/1824 2149/1422/1990 1971/1369/1812 1984/1316/1825
f 2148/1423/1989 1976/1372/1817 1971/1369/1812 2149/1422/1990
f 2147/1403/1988 1969/1367/1810 1976/1372/1817 2148/1423/1989
f 2143/1404/1984 1975/1356/1816 1969/1367/1810 2147/1403/1988
f 2158/1424/1999 2155/1425/1996 2144/1410/1985 2145/1412/1986
f 2161/1426/2002 2158/1424/1999 2145/1412/1986 2135/1418/1976
f 1995/1345/1836 1994/1343/1835 2156/1428/1997 2159/1427/2000
f 2159/1427/2000 2156/1428/1997 2157/1430/1998 2160/1429/2001
f 2160/1429/2001 2157/1430/1998 2158/1424/1999 2161/1426/2002
f 1994/1343/1835 1993/1341/1834 2153/1431/1994 2156/1428/1997
f 2156/1428/1997 2153/1431/1994 2154/1432/1995 2157/1430/1998
f 2157/1430/1998 2154/1432/1995 2155/1425/1996 2158/1424/1999
f 1968/1366/1809 2153/1431/1994 1993/1341/1834 1992/1337/1833
f 1972/1363/1813 2154/1432/1995 2153/1431/1994 1968/1366/1809
f 1970/1374/1811 2155/1425/1996 2154/1432/1995 1972/1363/1813
f 1973/1359/1814 2144/1410/1985 2155/1425/1996 1970/1374/1811
f 2172/1433/2013 2163/1436/2004 2164/1435/2005 2171/1434/2012
f 2178/1437/2019 2168/1440/2009 2162/1439/2003 2177/1438/2018
f 2184/1441/2025 2166/1444/2007 2167/1443/2008 2183/1442/2024
f 2171/1434/2012 2164/1435/2005 2165/1446/2006 2189/1445/2030
f 2177/1447/2018 2162/1448/2003 2163/1436/2004 2172/1433/2013
f 2183/1442/2024 2167/1443/2008 2168/1440/2009 2178/1437/2019
f 1997/1349/1838 2181/1450/2022 2180/1449/2021 1998/1303/1839
f 2181/1450/2022 2182/1452/2023 2179/1451/2020 2180/1449/2021
f 2182/1452/2023 2183/1442/2024 2178/1437/2019 2179/1451/2020
f 1977/1299/1818 2175/1454/2016 2174/1453/2015 1978/1298/1819
f 2175/1454/2016 2176/1456/2017 2173/1455/2014 2174/1453/2015
f 2176/1456/2017 2177/1447/2018 2172/1433/2013 2173/1455/2014
f 1979/1306/1820 2169/1458/2010 2187/1457/2028 1980/1308/1821
f 2169/1458/2010 2170/1460/2011 2188/1459/2029 2187/1457/2028
f 2170/1460/2011 2171/1434/2012 2189/1445/2030 2188/1459/2029
f 1996/1347/1837 2186/1461/2027 2181/1450/2022 1997/1349/1838
f 2186/1461/2027 2185/1462/2026 2182/1452/2023 2181/1450/2022
f 2185/1462/2026 2184/1441/2025 2183/1442/2024 2182/1452/2023
f 1998/1303/1839 2180/1449/2021 2175/1463/2016 1977/1302/1818
f 2180/1449/2021 2179/1451/2020 2176/1464/2017 2175/1463/2016
f 2179/1451/2020 2178/1437/2019 2177/1438/2018 2176/1464/2017
f 1978/1298/1819 2174/1453/2015 2169/1458/2010 1979/1306/1820
f 2174/1453/2015 2173/1455/2014 2170/1460/2011 2169/1458/2010
f 2173/1455/2014 2172/1433/2013 2171/1434/2012 2170/1460/2011
f 2159/1427/2000 2186/1461/2027 1996/1347/1837 1995/1345/1836
f 2160/1429/2001 2185/1462/2026 2186/1461/2027 2159/1427/2000
f 2161/1426/2002 2184/1441/2025 2185/1462/2026 2160/1429/2001
f 2135/1418/1976 2166/1444/2007 2184/1441/2025 2161/1426/2002
f 2187/1457/2028 2146/1415/1987 1981/1310/1822 1980/1308/1821
f 2188/1459/2029 2141/1421/1982 2146/1415/1987 2187/1457/2028
f 2189/1445/2030 2140/1417/1981 2141/1421/1982 2188/1459/2029
f 2165/1446/2006 2137/1409/1978 2140/1417/1981 2189/1445/2030
f 2166/1444/2007 2197/1466/2038 2198/1465/2039 2167/1443/2008
f 2162/1448/2003 2193/1468/2034 2194/1467/2035 2163/1436/2004
f 2135/1418/1976 2190/1469/2031 2197/1466/2038 2166/1444/2007
f 2167/1443/2008 2198/1465/2039 2199/1470/2040 2168/1440/2009
f 2136/1419/1977 2191/1471/2032 2190/1469/2031 2135/1418/1976
f 2163/1436/2004 2194/1467/2035 2195/1472/2036 2164/1435/2005
f 2165/1446/2006 2196/1474/2037 2192/1473/2033 2137/1409/1978
f 2168/1440/2009 2199/1470/2040 2193/1475/2034 2162/1439/2003
f 2137/1409/1978 2192/1473/2033 2191/1476/2032 2136/1408/1977
f 2164/1435/2005 2195/1472/2036 2196/1474/2037 2165/1446/2006
o skirt
v 0.301716 1.326398 -0.134632
v 0.056765 1.326711 -0.262532
v 0.241362 1.326442 -0.201574
v 0.251336 1.328011 0.075115
v -0.026192 1.326666 -0.264935
v 0.038923 1.326699 0.149968
v 0.154714 1.326525 -0.243096
v 0.304248 1.326909 -0.021333
v 0.156141 1.322021 0.129992
v 0.152459 1.317943 -0.244071
v -0.050589 1.320173 0.148720
v 0.309269 1.321410 -0.024507
v 0.313040 1.246334 -0.135932
v 0.064182 1.246334 -0.267697
v 0.251162 1.246334 -0.203884
v 0.263468 1.246334 0.079890
v -0.029614 1.246334 -0.271386
v 0.044560 1.246334 0.157023
v 0.163391 1.246334 -0.246847
v 0.317945 1.246334 -0.020598
v 0.165003 1.241860 0.143828
v 0.161064 1.239379 -0.258984
v -0.054213 1.238269 0.166528
v 0.331726 1.240878 -0.025720
v 0.318775 1.197296 -0.137708
v 0.066013 1.197296 -0.274846
v 0.256292 1.197296 -0.207805
v 0.268595 1.197296 0.083171
v -0.030458 1.197296 -0.279039
v 0.045882 1.197296 0.164430
v 0.167151 1.197296 -0.252757
v 0.323598 1.197296 -0.019846
v 0.168710 1.192753 0.155046
v 0.164731 1.191620 -0.271768
v -0.055648 1.188274 0.180392
v 0.344095 1.190773 -0.026433
v 0.320966 1.161351 -0.138125
v 0.067789 1.161351 -0.277322
v 0.258581 1.161351 -0.208936
v 0.270795 1.161351 0.084021
v -0.031278 1.161351 -0.281780
v 0.047229 1.161351 0.167035
v 0.169296 1.161351 -0.254692
v 0.325708 1.161351 -0.019687
v 0.170910 1.156130 0.160953
v 0.166875 1.155955 -0.278808
v -0.056563 1.150956 0.187666
v 0.351034 1.153830 -0.027274
v -0.283303 1.321517 -0.161304
v -0.160842 1.324469 0.128627
v -0.029137 1.323363 -0.266037
v -0.280913 1.326412 -0.162136
v -0.258801 1.320289 0.082402
v 0.158136 1.161351 0.139207
v -0.198580 1.326470 -0.228133
v -0.301217 1.317981 0.005840
v -0.155309 1.319197 0.135495
v -0.117981 1.314774 -0.253973
v -0.316002 1.322870 -0.080313
v -0.302830 1.239678 -0.164914
v -0.169973 1.246334 0.134710
v -0.034957 1.242744 -0.281196
v -0.291625 1.246334 -0.163785
v -0.271058 1.239764 0.089915
v 0.156116 1.197296 0.137271
v -0.207804 1.246334 -0.231071
v -0.318831 1.239279 0.012708
v -0.164768 1.238074 0.149408
v -0.130379 1.235364 -0.266749
v -0.334457 1.241606 -0.078024
v -0.313810 1.189111 -0.168790
v -0.173811 1.197296 0.140516
v -0.037097 1.193657 -0.294303
v -0.297192 1.197296 -0.166389
v -0.277774 1.190131 0.096139
v 0.152687 1.246334 0.131385
v -0.212331 1.197296 -0.236151
v -0.328362 1.190647 0.017242
v -0.168894 1.188452 0.160997
v -0.136017 1.186919 -0.278472
v -0.344183 1.191220 -0.077371
v -0.319949 1.151763 -0.170375
v -0.175952 1.161351 0.142379
v -0.038878 1.156967 -0.301066
v -0.299440 1.161351 -0.167071
v -0.281072 1.153476 0.099327
v 0.144294 1.326562 0.126160
v -0.214591 1.161351 -0.237732
v -0.333403 1.154791 0.019884
v -0.171385 1.151500 0.167007
v -0.139941 1.150791 -0.284537
v -0.349306 1.154282 -0.075958
v 0.260207 1.323626 0.074831
v 0.275217 1.240607 0.082731
v 0.283626 1.189371 0.089206
v 0.288131 1.151507 0.092398
v 0.056944 1.149588 0.190560
v 0.055477 1.186384 0.183940
v 0.053899 1.235465 0.171187
v 0.047955 1.315655 0.155545
v -0.062362 1.326601 0.144735
v -0.061065 1.246334 0.156702
v -0.062546 1.197296 0.164248
v -0.063484 1.161351 0.166942
v -0.255987 1.326898 0.072527
v -0.265967 1.246334 0.076318
v -0.271117 1.197296 0.079502
v -0.273313 1.161351 0.080325
v -0.295989 1.323537 0.001357
v -0.310945 1.246334 0.004339
v -0.316526 1.197296 0.005640
v -0.318646 1.161351 0.005927
v -0.311875 1.326384 -0.082474
v -0.323752 1.246334 -0.082608
v -0.329506 1.197296 -0.083219
v -0.331631 1.161351 -0.083373
v -0.204007 1.318913 -0.227543
v -0.218937 1.238922 -0.235758
v -0.227039 1.189889 -0.244056
v -0.231867 1.153551 -0.248051
v -0.113872 1.326588 -0.253770
v -0.122043 1.246334 -0.258207
v -0.125042 1.197296 -0.264761
v -0.127056 1.161351 -0.266977
v 0.052881 1.325309 -0.264238
v 0.058993 1.241132 -0.277791
v 0.060032 1.189994 -0.290298
v 0.061218 1.151850 -0.296614
v 0.238246 1.318385 -0.205421
v 0.252260 1.240116 -0.217888
v 0.259841 1.192095 -0.228339
v 0.264110 1.156280 -0.234148
v 0.299133 1.314463 -0.143558
v 0.315449 1.235462 -0.148980
v 0.324343 1.186725 -0.153318
v 0.328874 1.150730 -0.155626
v 0.154714 1.326525 -0.243096
v 0.163391 1.246334 -0.246847
v 0.167151 1.197296 -0.252757
v 0.169296 1.161351 -0.254692
vn 0.9714 0.1968 -0.1329
vn 0.4794 0.1458 -0.8654
vn 0.8035 0.1589 -0.5738
vn 0.2999 0.1315 0.9449
vn 0.2624 0.1029 -0.9594
vn -0.2150 0.1286 0.9681
vn 0.5049 0.1537 -0.8494
vn 0.8060 0.1630 0.5690
vn -0.1023 0.1106 0.9886
vn 0.6602 0.1611 -0.7336
vn -0.2735 0.1643 0.9477
vn 0.7970 0.1711 0.5793
vn 0.9762 0.1810 -0.1195
vn 0.5000 0.1623 -0.8507
vn 0.8770 0.1603 -0.4530
vn 0.1997 0.1209 0.9724
vn 0.4589 0.1172 -0.8807
vn -0.3924 0.1315 0.9103
vn 0.6776 0.1670 -0.7162
vn 0.7140 0.1365 0.6867
vn -0.1004 0.1392 0.9852
vn 0.6649 0.1772 -0.7256
vn -0.4008 0.1856 0.8972
vn 0.8701 0.1725 0.4617
vn 0.9903 0.1389 0.0088
vn 0.5795 0.1568 -0.7997
vn 0.9308 0.1288 -0.3420
vn 0.1367 0.1014 0.9854
vn 0.5215 0.1236 -0.8442
vn -0.4677 0.1386 0.8730
vn 0.7576 0.1506 -0.6351
vn 0.7010 0.0990 0.7062
vn -0.1794 0.1162 0.9769
vn 0.6859 0.1615 -0.7096
vn -0.4897 0.1602 0.8570
vn 0.8795 0.1318 0.4573
vn 0.9909 0.1011 0.0888
vn 0.6371 0.1231 -0.7609
vn 0.9432 0.0972 -0.3178
vn 0.0341 0.0641 0.9974
vn 0.5651 0.0795 -0.8212
vn -0.5737 0.0825 0.8149
vn 0.7817 0.1182 -0.6124
vn 0.6803 0.0701 0.7295
vn -0.0877 0.0938 0.9917
vn 0.6213 0.1390 -0.7712
vn -0.3740 0.1371 0.9172
vn 0.9330 0.1150 0.3410
vn -0.4332 0.1118 -0.8943
vn -0.6290 0.1527 0.7622
vn 0.4850 0.0862 -0.8702
vn -0.5601 0.1345 -0.8174
vn -0.9467 0.1571 0.2814
vn -0.3514 0.0829 0.9326
vn -0.2047 0.1150 -0.9720
vn -0.9686 0.1776 -0.1740
vn -0.5715 0.1807 0.8005
vn 0.2669 0.0668 -0.9614
vn -0.8329 0.1636 -0.5286
vn -0.6008 0.1491 -0.7853
vn -0.6807 0.1567 0.7156
vn 0.4112 0.1394 -0.9008
vn -0.3615 0.1100 -0.9259
vn -0.9202 0.1559 0.3592
vn -0.2769 0.1234 0.9530
vn -0.0592 0.1134 -0.9918
vn -0.9855 0.1656 -0.0361
vn -0.6003 0.1865 0.7777
vn 0.1884 0.1341 -0.9729
vn -0.9079 0.1624 -0.3865
vn -0.6133 0.1170 -0.7811
vn -0.7506 0.1327 0.6473
vn 0.4339 0.1327 -0.8911
vn -0.3473 0.1028 -0.9321
vn -0.9257 0.1233 0.3575
vn -0.1790 0.1246 0.9759
vn -0.0084 0.1229 -0.9924
vn -0.9919 0.1259 -0.0192
vn -0.6366 0.1558 0.7553
vn 0.2166 0.1172 -0.9692
vn -0.9170 0.1106 -0.3832
vn -0.7468 0.1034 -0.6569
vn -0.7955 0.1001 0.5977
vn 0.3287 0.1100 -0.9380
vn -0.2941 0.0682 -0.9533
vn -0.8730 0.1022 0.4769
vn -0.0540 0.1151 0.9919
vn 0.0535 0.0813 -0.9953
vn -0.9888 0.1074 0.1040
vn -0.5623 0.1314 0.8164
vn 0.0218 0.1077 -0.9939
vn -0.9645 0.0932 -0.2473
vn 0.4231 0.1386 0.8954
vn 0.4785 0.1489 0.8654
vn 0.4388 0.1106 0.8918
vn 0.6004 0.0943 0.7941
vn -0.1853 0.1131 0.9762
vn -0.3635 0.1301 0.9225
vn -0.3061 0.1548 0.9393
vn -0.3586 0.1030 0.9278
vn -0.2718 0.1664 0.9478
vn -0.3677 0.1757 0.9132
vn -0.5412 0.1575 0.8260
vn -0.6366 0.1118 0.7630
vn -0.9491 0.1670 0.2671
vn -0.9722 0.1535 0.1767
vn -0.9779 0.1196 0.1713
vn -0.9875 0.0890 0.1299
vn -0.9793 0.1978 -0.0419
vn -0.9621 0.1618 -0.2194
vn -0.9699 0.1104 -0.2171
vn -0.9626 0.0821 -0.2581
vn -0.8322 0.1613 -0.5305
vn -0.7647 0.1383 -0.6293
vn -0.7801 0.1099 -0.6159
vn -0.7673 0.0762 -0.6367
vn -0.1322 0.0888 -0.9872
vn -0.2115 0.1353 -0.9680
vn -0.1815 0.1145 -0.9767
vn -0.3187 0.0977 -0.9428
vn -0.0938 0.1235 -0.9879
vn 0.2075 0.1089 -0.9722
vn 0.2815 0.1259 -0.9513
vn 0.3991 0.0712 -0.9142
vn 0.4300 0.1417 -0.8916
vn 0.4901 0.1627 -0.8563
vn 0.5174 0.1513 -0.8422
vn 0.4103 0.1292 -0.9027
vn 0.8058 0.1764 -0.5653
vn 0.8206 0.1840 -0.5411
vn 0.8484 0.1599 -0.5046
vn 0.8104 0.1365 -0.5697
vn 0.8883 0.1714 -0.4261
vn 0.9219 0.1665 -0.3498
vn 0.9542 0.1280 -0.2702
vn 0.9205 0.1063 -0.3760
vt 0.010175 0.193123
vt 0.028660 0.193625
vt 0.026813 0.169231
vt 0.009134 0.169614
vt 0.009708 0.050114
vt 0.027592 0.049277
vt 0.022909 0.029847
vt 0.005139 0.029406
vt 0.002154 0.438262
vt 0.019328 0.443219
vt 0.021611 0.441128
vt 0.004103 0.438011
vt 0.009102 0.080771
vt 0.027061 0.080105
vt 0.028760 0.076746
vt 0.010388 0.079307
vt 0.006798 0.028043
vt 0.024611 0.026832
vt 0.019574 0.004954
vt 0.002154 0.005626
vt 0.028532 0.135944
vt 0.039698 0.135615
vt 0.038445 0.107966
vt 0.027600 0.107963
vt 0.025066 0.052155
vt 0.007366 0.052711
vt 0.010328 0.106797
vt 0.029192 0.105185
vt 0.004557 0.412662
vt 0.023283 0.414971
vt 0.023067 0.393150
vt 0.005513 0.392373
vt 0.021642 0.417241
vt 0.004158 0.413693
vt 0.009524 0.140645
vt 0.027060 0.139917
vt 0.010759 0.137388
vt 0.047896 0.135484
vt 0.046372 0.107999
vt 0.040046 0.075377
vt 0.035971 0.051767
vt 0.040698 0.104524
vt 0.037960 0.080079
vt 0.034840 0.415541
vt 0.033931 0.394029
vt 0.032463 0.442455
vt 0.032464 0.418690
vt 0.037918 0.140124
vt 0.040069 0.193405
vt 0.037678 0.169582
vt 0.038508 0.048381
vt 0.033891 0.029505
vt 0.029984 0.446006
vt 0.035478 0.025179
vt 0.030187 0.003275
vt 0.046506 0.047815
vt 0.041852 0.029254
vt 0.037821 0.448047
vt 0.040435 0.443272
vt 0.045894 0.080041
vt 0.048310 0.074574
vt 0.043466 0.024209
vt 0.038025 0.002154
vt 0.026480 0.196110
vt 0.008715 0.196359
vt 0.010663 0.220784
vt 0.028906 0.221615
vt 0.043910 0.051482
vt 0.049123 0.104185
vt 0.043329 0.416100
vt 0.041866 0.394548
vt 0.040336 0.419802
vt 0.045858 0.140193
vt 0.048448 0.193439
vt 0.045625 0.169780
vt 0.040141 0.221445
vt 0.037400 0.196765
vt 0.010138 0.318103
vt 0.008978 0.318621
vt 0.027062 0.318982
vt 0.028988 0.316544
vt 0.007605 0.345900
vt 0.008879 0.368401
vt 0.026930 0.366339
vt 0.025149 0.345635
vt 0.010223 0.275243
vt 0.010737 0.296006
vt 0.029143 0.295054
vt 0.027535 0.275904
vt 0.009357 0.344609
vt 0.027140 0.342951
vt 0.009416 0.222964
vt 0.011006 0.251023
vt 0.029030 0.251499
vt 0.026614 0.224858
vt 0.009840 0.297132
vt 0.027603 0.297637
vt 0.009319 0.253352
vt 0.011704 0.273732
vt 0.029608 0.273571
vt 0.027086 0.254512
vt 0.006298 0.391642
vt 0.024237 0.390766
vt 0.006201 0.369282
vt 0.024165 0.368765
vt 0.040111 0.251344
vt 0.037493 0.225535
vt 0.040410 0.316185
vt 0.038503 0.298110
vt 0.040565 0.273161
vt 0.037990 0.254889
vt 0.035451 0.390696
vt 0.034990 0.369210
vt 0.048406 0.221526
vt 0.045345 0.197258
vt 0.011676 0.167029
vt 0.029748 0.165710
vt 0.037869 0.319642
vt 0.037954 0.365829
vt 0.036026 0.346047
vt 0.040408 0.294781
vt 0.038489 0.276512
vt 0.038330 0.342614
vt 0.045782 0.320169
vt 0.048765 0.316080
vt 0.046073 0.365586
vt 0.043970 0.346388
vt 0.048629 0.294554
vt 0.046435 0.276886
vt 0.046482 0.342556
vt 0.048242 0.251298
vt 0.045427 0.226037
vt 0.046449 0.298414
vt 0.048575 0.272972
vt 0.045939 0.255130
vt 0.043682 0.390633
vt 0.042916 0.369552
vt 0.040887 0.165393
vt 0.049122 0.165238
vt 0.009177 0.109135
s 1
f 2210/1477/2051 2222/1478/2063 2217/1479/2058 2205/1480/2046
f 2332/1481/2173 2333/1482/2174 2214/1483/2055 2202/1484/2043
f 2206/1485/2047 2218/1486/2059 2221/1487/2062 2209/1488/2050
f 2207/1489/2048 2219/1490/2060 2223/1491/2064 2211/1492/2052
f 2328/1493/2169 2329/1494/2170 2218/1495/2059 2206/1496/2047
f 2220/1497/2061 2232/1498/2073 2227/1499/2068 2215/1500/2056
f 2211/1492/2052 2223/1491/2064 2212/1501/2053 2200/1502/2041
f 2292/1503/2133 2293/1504/2134 2219/1490/2060 2207/1489/2048
f 2324/1505/2165 2325/1506/2166 2216/1507/2057 2204/1508/2045
f 2209/1488/2050 2221/1487/2062 2213/1509/2054 2201/1510/2042
f 2286/1511/2127 2275/1512/2116 2220/1497/2061 2208/1513/2049
f 2232/1498/2073 2244/1514/2085 2239/1515/2080 2227/1499/2068
f 2223/1491/2064 2235/1516/2076 2224/1517/2065 2212/1501/2053
f 2293/1504/2134 2294/1518/2135 2231/1519/2072 2219/1490/2060
f 2325/1506/2166 2326/1520/2167 2228/1521/2069 2216/1507/2057
f 2221/1487/2062 2233/1522/2074 2225/1523/2066 2213/1509/2054
f 2275/1512/2116 2264/1524/2105 2232/1498/2073 2220/1497/2061
f 2222/1478/2063 2234/1525/2075 2229/1526/2070 2217/1479/2058
f 2333/1482/2174 2334/1527/2175 2226/1528/2067 2214/1483/2055
f 2218/1486/2059 2230/1529/2071 2233/1522/2074 2221/1487/2062
f 2219/1490/2060 2231/1519/2072 2235/1516/2076 2223/1491/2064
f 2329/1494/2170 2330/1530/2171 2230/1531/2071 2218/1495/2059
f 2334/1527/2175 2335/1532/2176 2238/1533/2079 2226/1528/2067
f 2230/1529/2071 2242/1534/2083 2245/1535/2086 2233/1522/2074
f 2231/1519/2072 2243/1536/2084 2247/1537/2088 2235/1516/2076
f 2330/1530/2171 2331/1538/2172 2242/1539/2083 2230/1531/2071
f 2301/1540/2142 2300/1541/2141 2256/1542/2097 2267/1543/2108
f 2235/1516/2076 2247/1537/2088 2236/1544/2077 2224/1517/2065
f 2294/1518/2135 2295/1545/2136 2243/1536/2084 2231/1519/2072
f 2326/1520/2167 2327/1546/2168 2240/1547/2081 2228/1521/2069
f 2233/1522/2074 2245/1535/2086 2237/1548/2078 2225/1523/2066
f 2264/1524/2105 2253/1549/2094 2244/1514/2085 2232/1498/2073
f 2234/1525/2075 2246/1550/2087 2241/1551/2082 2229/1526/2070
f 2301/1540/2142 2267/1543/2108 2278/1552/2119 2302/1553/2143
f 2248/1554/2089 2251/1555/2092 2262/1556/2103 2259/1557/2100
f 2254/1558/2095 2257/1559/2098 2268/1560/2109 2265/1561/2106
f 2308/1562/2149 2258/1563/2099 2269/1564/2110 2309/1565/2150
f 2316/1566/2157 2254/1558/2095 2265/1561/2106 2317/1567/2158
f 2249/1568/2090 2252/1569/2093 2263/1570/2104 2260/1571/2101
f 2312/1572/2153 2248/1554/2089 2259/1557/2100 2313/1573/2154
f 2256/1542/2097 2249/1568/2090 2260/1571/2101 2267/1543/2108
f 2304/1574/2145 2255/1575/2096 2266/1576/2107 2305/1577/2146
f 2250/1578/2091 2204/1508/2045 2216/1507/2057 2261/1579/2102
f 2320/1580/2161 2250/1578/2091 2261/1579/2102 2321/1581/2162
f 2260/1571/2101 2263/1570/2104 2274/1582/2115 2271/1583/2112
f 2313/1573/2154 2259/1557/2100 2270/1584/2111 2314/1585/2155
f 2267/1543/2108 2260/1571/2101 2271/1583/2112 2278/1552/2119
f 2305/1577/2146 2266/1576/2107 2277/1586/2118 2306/1587/2147
f 2261/1579/2102 2216/1507/2057 2228/1521/2069 2272/1588/2113
f 2321/1581/2162 2261/1579/2102 2272/1588/2113 2322/1589/2163
f 2302/1553/2143 2278/1552/2119 2289/1590/2130 2303/1591/2144
f 2299/1592/2140 2298/1593/2139 2275/1512/2116 2286/1511/2127
f 2259/1557/2100 2262/1556/2103 2273/1594/2114 2270/1584/2111
f 2265/1561/2106 2268/1560/2109 2279/1595/2120 2276/1596/2117
f 2309/1565/2150 2269/1564/2110 2280/1597/2121 2310/1598/2151
f 2317/1567/2158 2265/1561/2106 2276/1596/2117 2318/1599/2159
f 2270/1584/2111 2273/1594/2114 2284/1600/2125 2281/1601/2122
f 2276/1596/2117 2279/1595/2120 2290/1602/2131 2287/1603/2128
f 2310/1598/2151 2280/1597/2121 2291/1604/2132 2311/1605/2152
f 2318/1599/2159 2276/1596/2117 2287/1603/2128 2319/1606/2160
f 2271/1583/2112 2274/1582/2115 2285/1607/2126 2282/1608/2123
f 2314/1585/2155 2270/1584/2111 2281/1601/2122 2315/1609/2156
f 2278/1552/2119 2271/1583/2112 2282/1608/2123 2289/1590/2130
f 2306/1587/2147 2277/1586/2118 2288/1610/2129 2307/1611/2148
f 2272/1588/2113 2228/1521/2069 2240/1547/2081 2283/1612/2124
f 2322/1589/2163 2272/1588/2113 2283/1612/2124 2323/1613/2164
f 2297/1614/2138 2296/1615/2137 2253/1549/2094 2264/1524/2105
f 2298/1593/2139 2297/1614/2138 2264/1524/2105 2275/1512/2116
f 2227/1499/2068 2239/1515/2080 2295/1545/2136 2294/1518/2135
f 2215/1500/2056 2227/1499/2068 2294/1518/2135 2293/1504/2134
f 2203/1616/2044 2215/1500/2056 2293/1504/2134 2292/1503/2133
f 2208/1513/2049 2220/1497/2061 2215/1500/2056 2203/1616/2044
f 2217/1479/2058 2229/1526/2070 2297/1614/2138 2298/1593/2139
f 2229/1526/2070 2241/1551/2082 2296/1615/2137 2297/1614/2138
f 2205/1480/2046 2217/1479/2058 2298/1593/2139 2299/1592/2140
f 2234/1525/2075 2302/1553/2143 2303/1591/2144 2246/1550/2087
f 2222/1478/2063 2301/1540/2142 2302/1553/2143 2234/1525/2075
f 2222/1478/2063 2210/1477/2051 2300/1541/2141 2301/1540/2142
f 2274/1582/2115 2306/1587/2147 2307/1611/2148 2285/1607/2126
f 2263/1570/2104 2305/1577/2146 2306/1587/2147 2274/1582/2115
f 2252/1569/2093 2304/1574/2145 2305/1577/2146 2263/1570/2104
f 2277/1586/2118 2310/1598/2151 2311/1605/2152 2288/1610/2129
f 2266/1576/2107 2309/1565/2150 2310/1598/2151 2277/1586/2118
f 2255/1575/2096 2308/1562/2149 2309/1565/2150 2266/1576/2107
f 2280/1597/2121 2314/1585/2155 2315/1609/2156 2291/1604/2132
f 2269/1564/2110 2313/1573/2154 2314/1585/2155 2280/1597/2121
f 2258/1563/2099 2312/1572/2153 2313/1573/2154 2269/1564/2110
f 2273/1594/2114 2318/1599/2159 2319/1606/2160 2284/1600/2125
f 2262/1556/2103 2317/1567/2158 2318/1599/2159 2273/1594/2114
f 2251/1555/2092 2316/1566/2157 2317/1567/2158 2262/1556/2103
f 2279/1595/2120 2322/1589/2163 2323/1613/2164 2290/1602/2131
f 2268/1560/2109 2321/1581/2162 2322/1589/2163 2279/1595/2120
f 2257/1559/2098 2320/1580/2161 2321/1581/2162 2268/1560/2109
f 2225/1523/2066 2237/1548/2078 2327/1546/2168 2326/1520/2167
f 2213/1509/2054 2225/1523/2066 2326/1520/2167 2325/1506/2166
f 2201/1510/2042 2213/1509/2054 2325/1506/2166 2324/1505/2165
f 2226/1528/2067 2238/1533/2079 2331/1538/2172 2330/1530/2171
f 2214/1483/2055 2226/1528/2067 2330/1530/2171 2329/1494/2170
f 2202/1484/2043 2214/1483/2055 2329/1494/2170 2328/1493/2169
f 2224/1517/2065 2236/1544/2077 2335/1532/2176 2334/1527/2175
f 2212/1501/2053 2224/1517/2065 2334/1527/2175 2333/1482/2174
f 2200/1502/2041 2212/1501/2053 2333/1482/2174 2332/1481/2173
l 2337 2336
l 2338 2337
l 2339 2338
o socks_left
v 0.142135 0.391774 -0.129292
v 0.115246 0.391774 -0.124551
v 0.091600 0.391774 -0.110899
v 0.074050 0.391774 -0.089983
v 0.064711 0.391774 -0.064326
v 0.064711 0.391774 -0.037022
v 0.074050 0.391143 -0.011365
v 0.091600 0.388772 0.009551
v 0.115246 0.385890 0.023203
v 0.142089 0.384244 0.027953
v 0.168425 0.382696 0.023312
v 0.191054 0.379907 0.009846
v 0.207558 0.376525 -0.010880
v 0.216420 0.374693 -0.036450
v 0.216892 0.377573 -0.063840
v 0.208604 0.383344 -0.089688
v 0.192079 0.388745 -0.110791
v 0.168982 0.391580 -0.124543
v 0.142135 0.397236 -0.133916
v 0.113664 0.397236 -0.128896
v 0.088628 0.397236 -0.114441
v 0.070045 0.397236 -0.092295
v 0.060158 0.397236 -0.065129
v 0.060158 0.397236 -0.036219
v 0.070045 0.396769 -0.009053
v 0.088628 0.394456 0.013093
v 0.113664 0.391504 0.027548
v 0.142116 0.389812 0.032571
v 0.170079 0.388562 0.027644
v 0.194074 0.385672 0.013379
v 0.211541 0.381923 -0.008564
v 0.220902 0.379731 -0.035634
v 0.221429 0.382869 -0.064640
v 0.212670 0.388981 -0.092011
v 0.195135 0.394524 -0.114349
v 0.170591 0.397162 -0.128893
v 0.142135 0.398786 -0.138754
v 0.112010 0.398786 -0.133442
v 0.085518 0.398786 -0.118147
v 0.065855 0.398786 -0.094714
v 0.055393 0.398786 -0.065969
v 0.055393 0.398786 -0.035379
v 0.065855 0.398473 -0.006634
v 0.085518 0.396261 0.016800
v 0.112010 0.393177 0.032095
v 0.142132 0.391444 0.037407
v 0.171811 0.390620 0.032177
v 0.197253 0.387790 0.017073
v 0.215748 0.383678 -0.006148
v 0.225649 0.381166 -0.034790
v 0.226213 0.384501 -0.065483
v 0.216931 0.390868 -0.094444
v 0.198324 0.396461 -0.118069
v 0.172259 0.398790 -0.133442
v 0.142135 0.398304 -0.142109
v 0.110862 0.398304 -0.136595
v 0.083361 0.398304 -0.120717
v 0.062950 0.398304 -0.096391
v 0.052089 0.398304 -0.066551
v 0.052089 0.398304 -0.034796
v 0.062950 0.398083 -0.004956
v 0.083361 0.395957 0.019369
v 0.110862 0.392814 0.035247
v 0.142135 0.390979 0.040761
v 0.173008 0.390547 0.035320
v 0.199460 0.387771 0.019633
v 0.218678 0.383413 -0.004475
v 0.228953 0.380672 -0.034208
v 0.229540 0.384159 -0.066070
v 0.219886 0.390663 -0.096130
v 0.200528 0.396251 -0.120648
v 0.173407 0.398321 -0.136595
v 0.142135 0.395653 -0.145864
v 0.109578 0.395653 -0.140124
v 0.080948 0.395653 -0.123594
v 0.059697 0.395653 -0.098269
v 0.048390 0.395653 -0.067203
v 0.048390 0.395653 -0.034144
v 0.059697 0.395516 -0.003079
v 0.080948 0.393504 0.022246
v 0.109578 0.390301 0.038776
v 0.142135 0.388327 0.044517
v 0.174345 0.388381 0.038839
v 0.201932 0.385711 0.022500
v 0.221970 0.381088 -0.002604
v 0.232651 0.378006 -0.033556
v 0.233276 0.381761 -0.066729
v 0.223191 0.388373 -0.098017
v 0.202989 0.393906 -0.123533
v 0.174692 0.395662 -0.140124
v 0.142135 0.390097 -0.146228
v 0.109453 0.390097 -0.140466
v 0.080714 0.390097 -0.123873
v 0.059382 0.390097 -0.098451
v 0.048032 0.390097 -0.067267
v 0.048032 0.390097 -0.034081
v 0.059382 0.389966 -0.002897
v 0.080714 0.387961 0.022525
v 0.109453 0.384794 0.039118
v 0.142135 0.382771 0.044881
v 0.174470 0.382998 0.039181
v 0.202170 0.380362 0.022778
v 0.222304 0.375616 -0.002426
v 0.233009 0.372445 -0.033493
v 0.233651 0.376297 -0.066795
v 0.223500 0.382954 -0.098198
v 0.203215 0.388421 -0.123811
v 0.174816 0.390105 -0.140466
v 0.142135 0.371551 -0.146834
v 0.109246 0.371551 -0.141035
v 0.080324 0.371551 -0.124337
v 0.058858 0.371551 -0.098754
v 0.047436 0.371551 -0.067372
v 0.047436 0.371551 -0.033976
v 0.058858 0.371485 -0.002594
v 0.080324 0.369726 0.022989
v 0.109246 0.366692 0.039687
v 0.142135 0.364831 0.045486
v 0.174728 0.365318 0.039741
v 0.202683 0.362522 0.023219
v 0.222841 0.357135 -0.002125
v 0.233606 0.353853 -0.033387
v 0.234265 0.357734 -0.066904
v 0.224132 0.364836 -0.098520
v 0.203630 0.370317 -0.124279
v 0.175023 0.371552 -0.141035
v 0.142135 0.301663 -0.146815
v 0.109246 0.301661 -0.141008
v 0.080324 0.301669 -0.124337
v 0.058858 0.301669 -0.098754
v 0.047436 0.301669 -0.067372
v 0.047436 0.301669 -0.033976
v 0.058858 0.301669 -0.002594
v 0.080324 0.301669 0.022989
v 0.109246 0.301504 0.039687
v 0.142135 0.301178 0.045486
v 0.175004 0.301494 0.039691
v 0.203412 0.300178 0.023086
v 0.224176 0.296915 -0.002369
v 0.235289 0.295286 -0.033694
v 0.235597 0.296957 -0.067146
v 0.224879 0.300194 -0.098657
v 0.203925 0.301659 -0.124333
v 0.175023 0.301667 -0.141027
v 0.145865 0.268932 -0.152160
v 0.110978 0.270557 -0.146033
v 0.080299 0.272139 -0.128822
v 0.057529 0.273562 -0.102441
v 0.045413 0.274294 -0.068744
v 0.045413 0.274294 -0.032604
v 0.057529 0.273747 0.001357
v 0.080299 0.272719 0.029042
v 0.110971 0.271166 0.047114
v 0.145846 0.269258 0.053391
v 0.180747 0.268015 0.047116
v 0.211424 0.266794 0.029048
v 0.233972 0.265607 0.001403
v 0.245949 0.264807 -0.032534
v 0.246107 0.265126 -0.068705
v 0.234202 0.265449 -0.102109
v 0.211434 0.266042 -0.128323
v 0.180753 0.267330 -0.145802
v 0.147059 0.261460 -0.153376
v 0.111425 0.263108 -0.147141
v 0.080087 0.264738 -0.129702
v 0.056825 0.266291 -0.103191
v 0.044446 0.267184 -0.069133
v 0.044446 0.267191 -0.032215
v 0.056825 0.266638 0.002475
v 0.080087 0.265599 0.030753
v 0.111419 0.264030 0.049207
v 0.147040 0.262102 0.055613
v 0.182684 0.260847 0.049198
v 0.214021 0.259618 0.030739
v 0.237176 0.258530 0.002481
v 0.249452 0.257944 -0.032184
v 0.249563 0.257994 -0.069113
v 0.237274 0.258102 -0.102821
v 0.214021 0.258588 -0.129202
v 0.182690 0.259837 -0.146867
v 0.145894 0.249882 -0.151041
v 0.110460 0.251512 -0.144855
v 0.079300 0.253213 -0.127831
v 0.056172 0.254933 -0.102135
v 0.043866 0.256045 -0.069021
v 0.043866 0.256132 -0.032320
v 0.056172 0.255588 0.002173
v 0.079300 0.254565 0.030293
v 0.110454 0.253019 0.048646
v 0.145875 0.251121 0.055021
v 0.181322 0.249885 0.048646
v 0.212488 0.248675 0.030293
v 0.235614 0.247651 0.002174
v 0.247893 0.247110 -0.032315
v 0.247924 0.246968 -0.068924
v 0.235617 0.246794 -0.101563
v 0.212488 0.247098 -0.127176
v 0.181328 0.248279 -0.144564
v 0.145894 0.215275 -0.134630
v 0.114109 0.215254 -0.128841
v 0.086155 0.215714 -0.114086
v 0.065403 0.216828 -0.092764
v 0.054360 0.217992 -0.065546
v 0.054360 0.218790 -0.034205
v 0.065403 0.218955 -0.003264
v 0.086155 0.218955 0.021958
v 0.114103 0.218955 0.038419
v 0.145876 0.218955 0.044135
v 0.177673 0.218955 0.038419
v 0.205633 0.218955 0.021958
v 0.226390 0.218955 -0.003261
v 0.237445 0.218801 -0.034204
v 0.237445 0.218021 -0.065615
v 0.226390 0.216873 -0.092899
v 0.205633 0.215778 -0.114280
v 0.177679 0.215331 -0.129072
v 0.145894 0.238512 -0.142230
v 0.145894 0.232575 -0.139448
v 0.113484 0.234097 -0.133619
v 0.112830 0.240048 -0.136406
v 0.085066 0.235789 -0.118313
v 0.083764 0.241723 -0.120758
v 0.064009 0.237646 -0.095744
v 0.062193 0.243523 -0.097435
v 0.052814 0.239038 -0.066871
v 0.050716 0.244827 -0.067500
v 0.052814 0.239497 -0.033930
v 0.050716 0.245152 -0.033552
v 0.064009 0.239001 -0.002443
v 0.062193 0.244641 -0.001373
v 0.085066 0.238049 0.023282
v 0.083764 0.243679 0.024865
v 0.113472 0.236611 0.040188
v 0.112822 0.242226 0.042009
v 0.145876 0.234846 0.046245
v 0.145876 0.240441 0.048037
v 0.178437 0.233696 0.040561
v 0.179009 0.239280 0.042164
v 0.207183 0.232571 0.023842
v 0.208210 0.238144 0.025091
v 0.228610 0.231620 -0.001953
v 0.229943 0.237183 -0.001168
v 0.240043 0.231093 -0.033738
v 0.241530 0.236681 -0.033470
v 0.240039 0.230552 -0.066782
v 0.241527 0.236255 -0.067332
v 0.228609 0.230061 -0.095614
v 0.229942 0.235856 -0.097023
v 0.207183 0.230096 -0.118227
v 0.208210 0.235970 -0.120338
v 0.178435 0.231091 -0.133711
v 0.179011 0.237011 -0.136279
v 0.145894 0.209751 -0.137820
v 0.112720 0.209729 -0.131784
v 0.083545 0.210254 -0.116487
v 0.061889 0.211479 -0.094435
v 0.050365 0.212730 -0.066175
v 0.050365 0.213568 -0.033488
v 0.061889 0.213727 -0.001194
v 0.083545 0.213727 0.025131
v 0.112714 0.213727 0.042312
v 0.145876 0.213727 0.048279
v 0.179062 0.213727 0.042312
v 0.208243 0.213727 0.025131
v 0.229899 0.213727 -0.001194
v 0.241424 0.213578 -0.033489
v 0.241425 0.212756 -0.066235
v 0.229900 0.211521 -0.094558
v 0.208243 0.210315 -0.116672
v 0.179068 0.209804 -0.132007
v 0.179777 0.177022 -0.129969
v 0.209703 0.177758 -0.114929
v 0.231695 0.179066 -0.093324
v 0.243905 0.179121 -0.065485
v 0.243999 0.180395 -0.033004
v 0.231719 0.182133 -0.000135
v 0.209575 0.182283 0.026750
v 0.179585 0.183539 0.043380
v 0.144836 0.184426 0.045648
v 0.111724 0.184188 0.042905
v 0.082213 0.182283 0.026750
v 0.060095 0.182283 -0.000137
v 0.048324 0.181943 -0.032998
v 0.048324 0.180850 -0.065467
v 0.060095 0.179308 -0.093291
v 0.082213 0.177746 -0.114791
v 0.112011 0.176986 -0.129861
v 0.145894 0.176997 -0.135988
v 0.145894 0.184849 -0.143216
v 0.109818 0.184833 -0.136682
v 0.078093 0.185600 -0.120487
v 0.054545 0.187185 -0.097287
v 0.042016 0.188707 -0.067195
v 0.042016 0.189704 -0.031978
v 0.054545 0.189895 0.003132
v 0.078093 0.189895 0.031761
v 0.109746 0.190333 0.050126
v 0.145542 0.190370 0.055437
v 0.181948 0.190005 0.050367
v 0.213696 0.189895 0.031761
v 0.237243 0.189877 0.003132
v 0.249776 0.188719 -0.031978
v 0.249790 0.187596 -0.067194
v 0.237244 0.187157 -0.097349
v 0.213696 0.185634 -0.120594
v 0.181971 0.184882 -0.136826
v 0.145894 0.194333 -0.145107
v 0.145894 0.189500 -0.145136
v 0.109347 0.189482 -0.138511
v 0.109546 0.194313 -0.138512
v 0.077208 0.190225 -0.122016
v 0.077582 0.195015 -0.122023
v 0.053354 0.191781 -0.098346
v 0.053858 0.196517 -0.098335
v 0.040661 0.193270 -0.067656
v 0.041234 0.197962 -0.067673
v 0.040661 0.194218 -0.031744
v 0.041234 0.198875 -0.031847
v 0.053354 0.194366 0.003833
v 0.053858 0.199008 0.003536
v 0.077208 0.194367 0.032836
v 0.077582 0.199008 0.032381
v 0.109338 0.194384 0.051753
v 0.109539 0.199007 0.051208
v 0.145803 0.194408 0.058025
v 0.145874 0.199007 0.057747
v 0.182434 0.194367 0.051766
v 0.182236 0.199007 0.051208
v 0.214580 0.194367 0.032836
v 0.214206 0.199008 0.032381
v 0.238435 0.194366 0.003833
v 0.237931 0.199008 0.003536
v 0.251128 0.193594 -0.031744
v 0.250555 0.198575 -0.031847
v 0.251129 0.192550 -0.067667
v 0.250556 0.197592 -0.067700
v 0.238435 0.191806 -0.098421
v 0.237931 0.196546 -0.098423
v 0.214580 0.190265 -0.122139
v 0.214206 0.195061 -0.122164
v 0.182441 0.189538 -0.138673
v 0.182242 0.194374 -0.138692
v 0.050616 0.316922 -0.066811
v 0.051297 0.328683 -0.066691
v 0.051296 0.328684 -0.034657
v 0.050616 0.316923 -0.034537
v 0.220931 0.309200 -0.003903
v 0.220022 0.318705 -0.004191
v 0.230565 0.316316 -0.034219
v 0.231600 0.307185 -0.034165
v 0.062252 0.328665 -0.004554
v 0.061654 0.316904 -0.004208
v 0.230969 0.318882 -0.066326
v 0.231954 0.309372 -0.066501
v 0.082835 0.328131 0.019997
v 0.082379 0.316374 0.020540
v 0.220965 0.324144 -0.096601
v 0.221762 0.313784 -0.096981
v 0.110574 0.327092 0.036039
v 0.110320 0.315343 0.036736
v 0.142135 0.316920 -0.143605
v 0.142135 0.328682 -0.142913
v 0.110587 0.328683 -0.137351
v 0.110351 0.316921 -0.138000
v 0.201226 0.328150 -0.121296
v 0.201748 0.316778 -0.121839
v 0.142135 0.326297 0.041617
v 0.142135 0.314550 0.042378
v 0.082844 0.328683 -0.121333
v 0.082400 0.316921 -0.121863
v 0.173683 0.328683 -0.137351
v 0.173919 0.316921 -0.138000
v 0.173507 0.326568 0.036073
v 0.173841 0.315189 0.036755
v 0.062253 0.328683 -0.096794
v 0.061654 0.316921 -0.097139
v 0.200397 0.323508 0.020186
v 0.201057 0.313158 0.020692
v 0.180569 0.171515 -0.131167
v 0.211112 0.170335 -0.115568
v 0.233071 0.168797 -0.093694
v 0.246972 0.164836 -0.065824
v 0.248484 0.165966 -0.033053
v 0.234411 0.169513 -0.000245
v 0.210321 0.172775 0.027441
v 0.180115 0.178237 0.043777
v 0.144767 0.183356 0.045521
v 0.111239 0.181127 0.043778
v 0.081376 0.178597 0.028056
v 0.058886 0.178872 0.000715
v 0.046918 0.178696 -0.032715
v 0.046918 0.177596 -0.065783
v 0.058886 0.175880 -0.094069
v 0.081376 0.173997 -0.115887
v 0.111674 0.172833 -0.131171
v 0.146126 0.172411 -0.137368
v 0.178908 0.133313 -0.123924
v 0.208520 0.122803 -0.109373
v 0.234680 0.123853 -0.094992
v 0.245484 0.111908 -0.067279
v 0.247245 0.117299 -0.033614
v 0.237473 0.127690 0.000676
v 0.209695 0.136298 0.027115
v 0.179240 0.161770 0.042459
v 0.143746 0.171114 0.043005
v 0.110292 0.163056 0.042680
v 0.081178 0.148083 0.027405
v 0.063716 0.140833 -0.000458
v 0.053608 0.143714 -0.034162
v 0.051723 0.143230 -0.066464
v 0.058871 0.145223 -0.093110
v 0.079788 0.140099 -0.114456
v 0.111230 0.135992 -0.123364
v 0.145403 0.135576 -0.129511
v 0.180905 0.146735 -0.127638
v 0.180985 0.156451 -0.129927
v 0.215547 0.151792 -0.116558
v 0.215074 0.142317 -0.114121
v 0.238169 0.148949 -0.095946
v 0.238078 0.141020 -0.095907
v 0.254851 0.132163 -0.067987
v 0.255825 0.141024 -0.067954
v 0.255815 0.144568 -0.033658
v 0.254897 0.136513 -0.033546
v 0.240146 0.151083 0.000035
v 0.240179 0.144222 0.000103
v 0.212350 0.149645 0.028524
v 0.212334 0.156794 0.028463
v 0.180174 0.173584 0.043887
v 0.180174 0.166493 0.043982
v 0.144611 0.181252 0.045231
v 0.144481 0.179041 0.045009
v 0.110513 0.172554 0.043965
v 0.111049 0.179075 0.043827
v 0.080122 0.165746 0.029380
v 0.078208 0.154325 0.027970
v 0.057254 0.166028 0.001579
v 0.057132 0.158616 0.001597
v 0.044959 0.158377 -0.032313
v 0.045085 0.165820 -0.032359
v 0.045085 0.164761 -0.065979
v 0.044959 0.157284 -0.065814
v 0.057254 0.163005 -0.094821
v 0.057132 0.155593 -0.094744
v 0.079005 0.151295 -0.116666
v 0.079605 0.159850 -0.116781
v 0.110929 0.157827 -0.129920
v 0.110826 0.148106 -0.127627
v 0.145960 0.157407 -0.136226
v 0.145869 0.147687 -0.133937
v 0.177111 0.134524 -0.116111
v 0.229399 0.108954 -0.094630
v 0.236513 0.097153 -0.067131
v 0.238140 0.102406 -0.032879
v 0.234762 0.112963 0.001283
v 0.205222 0.127395 -0.102008
v 0.204735 0.136534 0.020588
v 0.176810 0.159890 0.034658
v 0.144265 0.168457 0.035158
v 0.113591 0.161069 0.034860
v 0.085096 0.143332 0.019418
v 0.070394 0.139395 -0.005782
v 0.059745 0.142123 -0.037611
v 0.057302 0.144041 -0.064563
v 0.066439 0.144248 -0.088404
v 0.085626 0.139501 -0.107864
v 0.114451 0.135755 -0.116106
v 0.147394 0.130606 -0.121427
v 0.221371 0.111400 -0.089150
v 0.228613 0.101159 -0.064657
v 0.229988 0.106116 -0.034381
v 0.226079 0.115558 -0.003721
v 0.224948 0.107306 -0.092089
v 0.206509 0.119841 -0.106647
v 0.111886 0.159198 0.039385
v 0.144168 0.166974 0.039699
v 0.233171 0.101681 -0.033817
v 0.231318 0.096204 -0.066107
v 0.057418 0.140271 -0.034659
v 0.067111 0.137473 -0.002268
v 0.230085 0.111321 -0.001219
v 0.178419 0.157958 0.039172
v 0.178075 0.130040 -0.120594
v 0.082402 0.136708 -0.111586
v 0.062265 0.141772 -0.091059
v 0.083792 0.144750 0.024645
v 0.145767 0.132270 -0.125965
v 0.112791 0.132674 -0.120034
v 0.055533 0.139762 -0.065560
v 0.207808 0.133377 0.024365
vn 0.0009 0.6441 0.7649
vn 0.2610 0.6461 0.7172
vn 0.4906 0.6461 0.5847
vn 0.6610 0.6461 0.3816
vn 0.7516 0.6461 0.1325
vn 0.7553 0.6428 -0.1280
vn 0.6831 0.6346 -0.3613
vn 0.5374 0.6316 -0.5588
vn 0.3064 0.6355 -0.7087
vn 0.0305 0.6326 -0.7739
vn -0.2310 0.6246 -0.7460
vn -0.4584 0.6302 -0.6267
vn -0.6357 0.6503 -0.4159
vn -0.7365 0.6656 -0.1205
vn -0.7281 0.6562 0.1983
vn -0.6181 0.6380 0.4593
vn -0.4460 0.6304 0.6353
vn -0.2413 0.6358 0.7332
vn 0.0005 0.8439 0.5364
vn 0.1826 0.8456 0.5017
vn 0.3432 0.8456 0.4090
vn 0.4623 0.8456 0.2669
vn 0.5257 0.8456 0.0927
vn 0.5315 0.8425 -0.0879
vn 0.4963 0.8337 -0.2422
vn 0.4160 0.8276 -0.3769
vn 0.2530 0.8320 -0.4937
vn 0.0401 0.8296 -0.5569
vn -0.1477 0.8147 -0.5607
vn -0.3034 0.8118 -0.4990
vn -0.4351 0.8317 -0.3449
vn -0.5218 0.8494 -0.0797
vn -0.5049 0.8365 0.2130
vn -0.4043 0.8186 0.4078
vn -0.2800 0.8213 0.4971
vn -0.1560 0.8355 0.5270
vn -0.0002 0.9981 0.0609
vn 0.0201 0.9983 0.0553
vn 0.0378 0.9983 0.0450
vn 0.0509 0.9983 0.0294
vn 0.0579 0.9983 0.0102
vn 0.0662 0.9978 -0.0076
vn 0.0968 0.9952 -0.0115
vn 0.1289 0.9914 -0.0219
vn 0.1039 0.9932 -0.0525
vn 0.0381 0.9947 -0.0955
vn -0.0007 0.9874 -0.1584
vn -0.0166 0.9804 -0.1963
vn -0.0385 0.9877 -0.1517
vn -0.0622 0.9981 0.0011
vn -0.0536 0.9842 0.1687
vn -0.0097 0.9745 0.2241
vn 0.0154 0.9850 0.1716
vn 0.0022 0.9956 0.0932
vn -0.0002 0.9202 -0.3915
vn -0.1340 0.9201 -0.3681
vn -0.2518 0.9201 -0.3000
vn -0.3392 0.9201 -0.1958
vn -0.3857 0.9201 -0.0680
vn -0.3801 0.9223 0.0694
vn -0.3021 0.9298 0.2104
vn -0.1727 0.9313 0.3208
vn -0.0590 0.9259 0.3731
vn 0.0289 0.9309 0.3642
vn 0.1456 0.9508 0.2735
vn 0.2712 0.9512 0.1473
vn 0.3490 0.9348 0.0664
vn 0.3771 0.9230 0.0763
vn 0.3783 0.9212 0.0915
vn 0.3705 0.9288 -0.0007
vn 0.2982 0.9372 -0.1810
vn 0.1523 0.9289 -0.3376
vn -0.0001 0.4694 -0.8830
vn -0.3020 0.4695 -0.8297
vn -0.5675 0.4695 -0.6763
vn -0.7646 0.4695 -0.4415
vn -0.8695 0.4695 -0.1533
vn -0.8682 0.4717 0.1540
vn -0.7508 0.4834 0.4502
vn -0.5350 0.4847 0.6920
vn -0.2696 0.4728 0.8389
vn 0.0122 0.4739 0.8805
vn 0.3166 0.5103 0.7996
vn 0.6016 0.5145 0.6110
vn 0.7896 0.4861 0.3746
vn 0.8755 0.4562 0.1592
vn 0.8789 0.4730 -0.0619
vn 0.8024 0.4937 -0.3353
vn 0.6054 0.5009 -0.6186
vn 0.3134 0.4822 -0.8181
vn -0.0000 0.0489 -0.9988
vn -0.3416 0.0489 -0.9386
vn -0.6420 0.0489 -0.7651
vn -0.8650 0.0489 -0.4994
vn -0.9836 0.0489 -0.1734
vn -0.9836 0.0490 0.1735
vn -0.8642 0.0494 0.5007
vn -0.6391 0.0495 0.7675
vn -0.3381 0.0493 0.9398
vn 0.0012 0.0495 0.9988
vn 0.3483 0.0514 0.9360
vn 0.6596 0.0523 0.7498
vn 0.8782 0.0508 0.4757
vn 0.9834 0.0488 0.1749
vn 0.9892 0.0506 -0.1378
vn 0.8849 0.0517 -0.4628
vn 0.6591 0.0508 -0.7504
vn 0.3458 0.0494 -0.9370
vn -0.0000 -0.0291 -0.9996
vn -0.3419 -0.0291 -0.9393
vn -0.6425 -0.0291 -0.7657
vn -0.8657 -0.0291 -0.4998
vn -0.9844 -0.0291 -0.1736
vn -0.9844 -0.0290 0.1736
vn -0.8659 -0.0283 0.4995
vn -0.6433 -0.0294 0.7650
vn -0.3431 -0.0324 0.9387
vn -0.0004 -0.0341 0.9994
vn 0.3457 -0.0297 0.9379
vn 0.6531 -0.0284 0.7567
vn 0.8734 -0.0293 0.4861
vn 0.9841 -0.0300 0.1748
vn 0.9882 -0.0275 -0.1510
vn 0.8790 -0.0254 -0.4761
vn 0.6535 -0.0251 -0.7565
vn 0.3444 -0.0281 -0.9384
vn -0.0038 0.1821 -0.9833
vn -0.3394 0.1695 -0.9252
vn -0.6347 0.1612 -0.7557
vn -0.8574 0.1526 -0.4915
vn -0.9750 0.1437 -0.1695
vn -0.9750 0.1442 0.1692
vn -0.8584 0.1586 0.4878
vn -0.6375 0.1837 0.7482
vn -0.3389 0.2111 0.9168
vn -0.0035 0.2313 0.9729
vn 0.3363 0.2464 0.9090
vn 0.6383 0.2686 0.7214
vn 0.8411 0.2955 0.4530
vn 0.9368 0.3086 0.1649
vn 0.9452 0.2963 -0.1368
vn 0.8488 0.2617 -0.4594
vn 0.6304 0.2226 -0.7437
vn 0.3319 0.1973 -0.9224
vn 0.0048 0.1603 -0.9871
vn -0.3301 0.1289 -0.9351
vn -0.6248 0.1170 -0.7720
vn -0.8548 0.1154 -0.5059
vn -0.9788 0.1097 -0.1729
vn -0.9788 0.1127 0.1711
vn -0.8595 0.1371 0.4924
vn -0.6342 0.1785 0.7523
vn -0.3310 0.2257 0.9162
vn 0.0058 0.2687 0.9632
vn 0.3355 0.3046 0.8914
vn 0.6202 0.3388 0.7075
vn 0.8140 0.3719 0.4462
vn 0.9075 0.3897 0.1567
vn 0.9146 0.3757 -0.1497
vn 0.8181 0.3284 -0.4721
vn 0.6144 0.2625 -0.7440
vn 0.3357 0.2044 -0.9195
vn 0.0168 -0.0159 -0.9997
vn -0.3220 -0.0136 -0.9466
vn -0.6181 0.0165 -0.7859
vn -0.8529 0.0626 -0.5183
vn -0.9801 0.0902 -0.1769
vn -0.9802 0.0959 0.1730
vn -0.8609 0.1000 0.4989
vn -0.6345 0.1075 0.7654
vn -0.3273 0.1161 0.9377
vn 0.0191 0.1221 0.9923
vn 0.3607 0.1289 0.9238
vn 0.6552 0.1354 0.7432
vn 0.8665 0.1453 0.4776
vn 0.9744 0.1518 0.1658
vn 0.9754 0.1416 -0.1689
vn 0.8578 0.1012 -0.5040
vn 0.6357 0.0465 -0.7705
vn 0.3512 0.0046 -0.9363
vn -0.0200 -0.4058 -0.9137
vn -0.3282 -0.3793 -0.8651
vn -0.6028 -0.3339 -0.7246
vn -0.8298 -0.2793 -0.4831
vn -0.9547 -0.2466 -0.1664
vn -0.9559 -0.2441 0.1634
vn -0.8456 -0.2528 0.4702
vn -0.6365 -0.2658 0.7240
vn -0.3509 -0.2834 0.8925
vn -0.0192 -0.3037 0.9526
vn 0.3138 -0.3182 0.8946
vn 0.6019 -0.3303 0.7271
vn 0.8146 -0.3364 0.4726
vn 0.9272 -0.3363 0.1650
vn 0.9249 -0.3413 -0.1674
vn 0.7935 -0.3675 -0.4851
vn 0.5634 -0.3997 -0.7231
vn 0.2893 -0.4137 -0.8632
vn -0.0068 0.1311 -0.9913
vn -0.3248 0.1524 -0.9334
vn -0.5859 0.1957 -0.7864
vn -0.8071 0.2512 -0.5343
vn -0.9384 0.2885 -0.1900
vn -0.9418 0.2970 0.1575
vn -0.8317 0.2976 0.4686
vn -0.6228 0.2953 0.7245
vn -0.3361 0.2889 0.8964
vn -0.0032 0.2787 0.9604
vn 0.3328 0.2667 0.9045
vn 0.6269 0.2535 0.7368
vn 0.8440 0.2405 0.4794
vn 0.9592 0.2315 0.1625
vn 0.9555 0.2233 -0.1926
vn 0.8169 0.1943 -0.5430
vn 0.5869 0.1550 -0.7947
vn 0.3170 0.1310 -0.9393
vn -0.0225 -0.5270 -0.8496
vn -0.0142 -0.3508 -0.9363
vn -0.3226 -0.3385 -0.8840
vn -0.3040 -0.5230 -0.7963
vn -0.5911 -0.3084 -0.7453
vn -0.5512 -0.5046 -0.6645
vn -0.8221 -0.2654 -0.5037
vn -0.7598 -0.4757 -0.4431
vn -0.9575 -0.2299 -0.1742
vn -0.8786 -0.4527 -0.1517
vn -0.9614 -0.2196 0.1659
vn -0.8809 -0.4488 0.1505
vn -0.8513 -0.2207 0.4761
vn -0.7818 -0.4506 0.4310
vn -0.6408 -0.2207 0.7353
vn -0.5936 -0.4492 0.6678
vn -0.3510 -0.2203 0.9101
vn -0.3334 -0.4444 0.8315
vn -0.0119 -0.2210 0.9752
vn -0.0216 -0.4364 0.8995
vn 0.3297 -0.2246 0.9170
vn 0.2984 -0.4282 0.8530
vn 0.6257 -0.2289 0.7458
vn 0.5784 -0.4192 0.6999
vn 0.8428 -0.2332 0.4851
vn 0.7882 -0.4105 0.4585
vn 0.9572 -0.2344 0.1700
vn 0.9006 -0.4035 0.1613
vn 0.9530 -0.2454 -0.1777
vn 0.8971 -0.4103 -0.1641
vn 0.8116 -0.2790 -0.5133
vn 0.7611 -0.4423 -0.4745
vn 0.5742 -0.3175 -0.7546
vn 0.5315 -0.4817 -0.6967
vn 0.2991 -0.3430 -0.8904
vn 0.2675 -0.5122 -0.8162
vn -0.0031 0.4619 -0.8869
vn -0.2825 0.4705 -0.8359
vn -0.5027 0.4999 -0.7052
vn -0.6892 0.5407 -0.4824
vn -0.8052 0.5658 -0.1773
vn -0.8097 0.5719 0.1315
vn -0.7134 0.5735 0.4027
vn -0.5314 0.5759 0.6213
vn -0.2838 0.5782 0.7649
vn -0.0001 0.5791 0.8152
vn 0.2837 0.5782 0.7650
vn 0.5313 0.5758 0.6214
vn 0.7145 0.5722 0.4027
vn 0.8125 0.5679 0.1315
vn 0.8086 0.5612 -0.1765
vn 0.6917 0.5383 -0.4814
vn 0.5043 0.4985 -0.7052
vn 0.2803 0.4694 -0.8373
vn 0.3101 -0.2561 -0.9156
vn 0.5688 -0.2775 -0.7742
vn 0.7961 -0.2781 -0.5375
vn 0.9553 -0.2160 -0.2019
vn 0.9638 -0.1962 0.1808
vn 0.8292 -0.2587 0.4955
vn 0.6066 -0.3145 0.7301
vn 0.2582 -0.4090 0.8752
vn -0.0085 -0.4221 0.9065
vn -0.2748 -0.3251 0.9049
vn -0.6309 -0.1828 0.7540
vn -0.8598 -0.1573 0.4858
vn -0.9736 -0.1509 0.1714
vn -0.9702 -0.1544 -0.1865
vn -0.8185 -0.1725 -0.5480
vn -0.5746 -0.1931 -0.7954
vn -0.3129 -0.2167 -0.9247
vn -0.0020 -0.2409 -0.9706
vn -0.0013 -0.5291 -0.8485
vn -0.2785 -0.5248 -0.8044
vn -0.5182 -0.5117 -0.6853
vn -0.7362 -0.4898 -0.4670
vn -0.8694 -0.4690 -0.1555
vn -0.8721 -0.4629 0.1585
vn -0.7676 -0.4692 0.4366
vn -0.5569 -0.5009 0.6625
vn -0.2664 -0.5884 0.7635
vn -0.0067 -0.6391 0.7691
vn 0.2675 -0.5730 0.7747
vn 0.5632 -0.4901 0.6653
vn 0.7708 -0.4550 0.4460
vn 0.8857 -0.4329 0.1680
vn 0.8822 -0.4403 -0.1669
vn 0.7386 -0.4744 -0.4789
vn 0.5189 -0.5093 -0.6865
vn 0.2772 -0.5251 -0.8046
vn -0.0026 0.2164 -0.9763
vn -0.0020 -0.1878 -0.9822
vn -0.3181 -0.1795 -0.9309
vn -0.3122 0.2258 -0.9228
vn -0.5856 -0.1551 -0.7956
vn -0.5647 0.2550 -0.7849
vn -0.8282 -0.1193 -0.5476
vn -0.7881 0.2955 -0.5401
vn -0.9773 -0.0911 -0.1914
vn -0.9262 0.3229 -0.1947
vn -0.9818 -0.0822 0.1712
vn -0.9306 0.3309 0.1564
vn -0.8667 -0.0846 0.4917
vn -0.8212 0.3310 0.4649
vn -0.6460 -0.0956 0.7574
vn -0.6127 0.3323 0.7171
vn -0.3377 -0.1480 0.9296
vn -0.3274 0.3258 0.8869
vn 0.0004 -0.1792 0.9838
vn 0.0007 0.3187 0.9478
vn 0.3391 -0.1348 0.9311
vn 0.3273 0.3256 0.8871
vn 0.6468 -0.0884 0.7575
vn 0.6126 0.3325 0.7171
vn 0.8664 -0.0815 0.4926
vn 0.8221 0.3295 0.4643
vn 0.9820 -0.0779 0.1723
vn 0.9331 0.3241 0.1558
vn 0.9774 -0.0873 -0.1924
vn 0.9291 0.3151 -0.1935
vn 0.8281 -0.1163 -0.5484
vn 0.7901 0.2927 -0.5386
vn 0.5862 -0.1570 -0.7948
vn 0.5660 0.2528 -0.7847
vn 0.3166 -0.1816 -0.9310
vn 0.3104 0.2239 -0.9239
vn -0.9759 0.1344 -0.1721
vn -0.9847 -0.0164 -0.1736
vn -0.9847 -0.0164 0.1736
vn -0.9759 0.1344 0.1721
vn 0.8647 0.1911 0.4644
vn 0.8740 0.0054 0.4859
vn 0.9845 0.0160 0.1746
vn 0.9637 0.2051 0.1709
vn -0.8663 -0.0169 0.4992
vn -0.8579 0.1349 0.4958
vn 0.9884 0.0105 -0.1512
vn 0.9714 0.1954 -0.1346
vn -0.6444 -0.0173 0.7645
vn -0.6356 0.1381 0.7595
vn 0.8783 -0.0037 -0.4780
vn 0.8727 0.1686 -0.4582
vn -0.3441 -0.0172 0.9388
vn -0.3366 0.1434 0.9307
vn -0.0001 0.1338 -0.9910
vn -0.0000 -0.0164 -0.9999
vn -0.3420 -0.0164 -0.9396
vn -0.3388 0.1338 -0.9313
vn 0.6516 -0.0142 -0.7584
vn 0.6490 0.1445 -0.7470
vn -0.0006 -0.0168 0.9999
vn 0.0003 0.1472 0.9891
vn -0.6427 -0.0164 -0.7659
vn -0.6369 0.1342 -0.7592
vn 0.3436 -0.0159 -0.9390
vn 0.3401 0.1356 -0.9306
vn 0.3457 -0.0185 0.9382
vn 0.3457 0.1492 0.9264
vn -0.8659 -0.0164 -0.4999
vn -0.8582 0.1344 -0.4955
vn 0.6528 -0.0101 0.7574
vn 0.6548 0.1658 0.7374
vn 0.3068 0.1077 -0.9457
vn 0.5643 0.1531 -0.8113
vn 0.7962 0.2187 -0.5641
vn 0.9318 0.2819 -0.2288
vn 0.9442 0.2875 0.1606
vn 0.8351 0.2168 0.5055
vn 0.6238 0.1321 0.7703
vn 0.2781 0.0558 0.9589
vn -0.0043 0.0445 0.9990
vn -0.2695 0.1553 0.9504
vn -0.6147 0.2496 0.7483
vn -0.8370 0.2671 0.4775
vn -0.9490 0.2716 0.1600
vn -0.9410 0.2703 -0.2037
vn -0.7891 0.2570 -0.5580
vn -0.5496 0.2088 -0.8089
vn -0.2988 0.1405 -0.9439
vn 0.0039 0.1022 -0.9948
vn 0.1722 -0.5104 -0.8425
vn 0.2672 -0.5124 -0.8161
vn 0.6843 -0.2973 -0.6659
vn 0.8783 -0.4244 -0.2200
vn 0.9051 -0.3848 0.1810
vn 0.8079 -0.2114 0.5501
vn 0.2677 -0.4561 0.8487
vn 0.0326 -0.4150 0.9092
vn -0.0092 -0.4043 0.9146
vn -0.1054 -0.4006 0.9102
vn -0.4365 -0.5135 0.7387
vn -0.7050 -0.6002 0.3778
vn -0.7903 -0.5995 0.1262
vn -0.8012 -0.5849 -0.1262
vn -0.7549 -0.4969 -0.4281
vn -0.5101 -0.5100 -0.6926
vn -0.2344 -0.5412 -0.8075
vn -0.0251 -0.5307 -0.8472
vn 0.2449 -0.2717 -0.9307
vn 0.2755 -0.1160 -0.9543
vn 0.5349 -0.0179 -0.8447
vn 0.4709 -0.2359 -0.8501
vn 0.7816 0.1009 -0.6156
vn 0.7251 -0.1810 -0.6644
vn 0.9366 -0.2371 -0.2580
vn 0.9603 0.1014 -0.2599
vn 0.9754 0.1176 0.1863
vn 0.9546 -0.2061 0.2150
vn 0.8357 0.1185 0.5363
vn 0.8181 -0.1087 0.5646
vn 0.5478 -0.0965 0.8310
vn 0.6033 0.0764 0.7939
vn 0.2560 0.0234 0.9664
vn 0.1989 -0.1171 0.9730
vn -0.0028 -0.0269 0.9996
vn -0.0099 -0.1001 0.9949
vn -0.2146 -0.0874 0.9728
vn -0.2539 0.0261 0.9669
vn -0.6115 0.0661 0.7885
vn -0.6344 -0.1560 0.7571
vn -0.8670 0.0849 0.4910
vn -0.8673 -0.1808 0.4637
vn -0.9611 -0.2194 0.1676
vn -0.9823 0.0805 0.1692
vn -0.9764 0.0776 -0.2017
vn -0.9658 -0.1990 -0.1662
vn -0.8221 0.0765 -0.5642
vn -0.8337 -0.1227 -0.5385
vn -0.5430 -0.1439 -0.8273
vn -0.5534 0.0167 -0.8328
vn -0.2862 -0.0966 -0.9533
vn -0.2584 -0.2355 -0.9369
vn -0.0030 -0.1513 -0.9885
vn -0.0065 -0.2766 -0.9610
vn -0.2858 -0.8124 0.5082
vn 0.4427 -0.6091 -0.6581
vn 0.5358 -0.8221 -0.1923
vn 0.5786 -0.7869 0.2145
vn 0.5372 -0.6219 0.5698
vn -0.6138 -0.5787 0.5369
vn -0.6843 -0.7270 -0.0570
vn -0.4367 -0.8728 -0.2179
vn -0.0137 -0.9504 -0.3107
vn 0.3325 -0.9341 -0.1299
vn 0.3107 -0.9473 0.0784
vn 0.3260 -0.9407 -0.0939
vn 0.7088 -0.6957 -0.1165
vn 0.7662 -0.6409 0.0478
vn 0.4819 -0.8136 0.3254
vn 0.1436 -0.8419 0.5202
vn 0.0014 -0.9224 0.3863
vn -0.0361 -0.9665 0.2540
vn -0.7961 -0.5684 0.2078
vn -0.8322 -0.5511 0.0612
vn -0.8079 -0.5781 0.1146
vn -0.7472 -0.6638 0.0334
vn -0.3711 -0.8772 -0.3045
vn -0.4027 -0.9020 -0.1558
vn 0.2034 -0.8645 0.4597
vn -0.0136 -0.9480 0.3180
vn -0.3609 -0.9115 0.1971
vn -0.3592 -0.9318 -0.0523
vn -0.1473 -0.9885 -0.0347
vn -0.1893 -0.9680 0.1647
vn -0.3106 -0.8908 0.3317
vn -0.3515 -0.8379 0.4176
vn -0.1147 -0.9755 -0.1877
vn -0.1954 -0.9771 -0.0843
vn -0.1831 -0.9824 -0.0366
vn 0.0145 -0.9047 0.4259
vn -0.0378 -0.9506 -0.3080
vn -0.1135 -0.9799 -0.1642
vn 0.0054 -0.9999 -0.0111
vn -0.3995 -0.8181 0.4137
vt 0.236724 0.956753
vt 0.237462 0.967341
vt 0.235053 0.967607
vt 0.234258 0.956935
vt 0.241138 0.797124
vt 0.238387 0.806612
vt 0.236033 0.805819
vt 0.238860 0.796046
vt 0.230712 0.868611
vt 0.231541 0.879623
vt 0.229010 0.879922
vt 0.228239 0.869092
vt 0.236082 0.945942
vt 0.233637 0.946092
vt 0.229601 0.857962
vt 0.227210 0.858339
vt 0.235528 0.934952
vt 0.233084 0.935116
vt 0.229239 0.847771
vt 0.226896 0.847607
vt 0.234900 0.923758
vt 0.232436 0.924059
vt 0.230676 0.837744
vt 0.228406 0.836952
vt 0.233869 0.912524
vt 0.231410 0.912971
vt 0.233275 0.827504
vt 0.231021 0.826430
vt 0.232658 0.901504
vt 0.230195 0.901902
vt 0.238636 0.977508
vt 0.240861 0.986929
vt 0.238543 0.987869
vt 0.236234 0.978009
vt 0.236082 0.817003
vt 0.233734 0.816057
vt 0.231824 0.890620
vt 0.229348 0.890864
vt 0.226710 0.836491
vt 0.229347 0.825822
vt 0.229672 0.913200
vt 0.228453 0.902106
vt 0.236893 0.988645
vt 0.234560 0.978376
vt 0.232053 0.815500
vt 0.227599 0.890992
vt 0.233322 0.967816
vt 0.234373 0.805288
vt 0.227236 0.880060
vt 0.232536 0.957080
vt 0.237266 0.795157
vt 0.226459 0.869322
vt 0.231909 0.946205
vt 0.225459 0.858512
vt 0.231357 0.935230
vt 0.225158 0.847486
vt 0.230707 0.924227
vt 0.235785 0.989173
vt 0.233441 0.978615
vt 0.228233 0.825521
vt 0.230943 0.815209
vt 0.227299 0.902193
vt 0.226437 0.891048
vt 0.232183 0.967954
vt 0.233284 0.804965
vt 0.226105 0.880100
vt 0.231389 0.957170
vt 0.236179 0.794559
vt 0.225310 0.869404
vt 0.230758 0.946275
vt 0.224305 0.858567
vt 0.230205 0.935294
vt 0.223984 0.847409
vt 0.229568 0.924301
vt 0.225568 0.836260
vt 0.228532 0.913294
vt 0.231917 0.978935
vt 0.230648 0.968145
vt 0.229482 0.814913
vt 0.231802 0.804558
vt 0.224854 0.891099
vt 0.224640 0.880116
vt 0.229818 0.957302
vt 0.234634 0.793828
vt 0.223851 0.869427
vt 0.229193 0.946379
vt 0.222781 0.858559
vt 0.228654 0.935382
vt 0.222367 0.847311
vt 0.228027 0.924379
vt 0.224038 0.836054
vt 0.227006 0.913368
vt 0.226749 0.825255
vt 0.225748 0.902261
vt 0.234220 0.989813
vt 0.228767 0.968379
vt 0.227924 0.957464
vt 0.229973 0.804118
vt 0.232658 0.793233
vt 0.222812 0.880122
vt 0.222028 0.869363
vt 0.227290 0.946503
vt 0.220894 0.858442
vt 0.226750 0.935488
vt 0.220412 0.847199
vt 0.226134 0.924459
vt 0.222150 0.835949
vt 0.225108 0.913412
vt 0.224910 0.825099
vt 0.223843 0.902293
vt 0.232232 0.990332
vt 0.230062 0.979277
vt 0.227664 0.814637
vt 0.222925 0.891137
vt 0.221627 0.958027
vt 0.220956 0.946937
vt 0.215952 0.869160
vt 0.214532 0.858139
vt 0.220423 0.935850
vt 0.213923 0.846819
vt 0.219838 0.924738
vt 0.215769 0.835490
vt 0.218873 0.913597
vt 0.218791 0.824509
vt 0.217599 0.902431
vt 0.225524 0.991529
vt 0.223791 0.980294
vt 0.221653 0.813763
vt 0.216715 0.891220
vt 0.222526 0.969131
vt 0.223785 0.802870
vt 0.216809 0.880095
vt 0.225993 0.791755
vt 0.194429 0.868496
vt 0.194759 0.879988
vt 0.182924 0.879239
vt 0.182561 0.867705
vt 0.197041 0.948701
vt 0.197758 0.960067
vt 0.188225 0.961575
vt 0.187745 0.949654
vt 0.193674 0.856985
vt 0.182422 0.856150
vt 0.196402 0.937350
vt 0.187085 0.937618
vt 0.193669 0.845364
vt 0.182541 0.844499
vt 0.195882 0.925979
vt 0.186293 0.925659
vt 0.194811 0.833728
vt 0.183427 0.832797
vt 0.195450 0.914572
vt 0.185410 0.913858
vt 0.196676 0.822184
vt 0.184441 0.821291
vt 0.195070 0.903108
vt 0.184444 0.902237
vt 0.199451 0.982880
vt 0.200555 0.994343
vt 0.188591 0.996937
vt 0.188627 0.984934
vt 0.198209 0.810690
vt 0.185734 0.809998
vt 0.194745 0.891581
vt 0.183498 0.890737
vt 0.198550 0.971458
vt 0.188484 0.973175
vt 0.199558 0.799160
vt 0.187383 0.798418
vt 0.201437 0.787855
vt 0.189435 0.786574
vt 0.179916 0.867443
vt 0.179770 0.855903
vt 0.185310 0.949885
vt 0.184640 0.937699
vt 0.179936 0.844279
vt 0.183830 0.925602
vt 0.180734 0.832603
vt 0.182917 0.913688
vt 0.181746 0.821273
vt 0.181915 0.901987
vt 0.185812 0.997492
vt 0.186040 0.985319
vt 0.183039 0.810127
vt 0.180934 0.890444
vt 0.185956 0.973456
vt 0.184684 0.798582
vt 0.180316 0.878947
vt 0.185742 0.961837
vt 0.186537 0.786531
vt 0.176040 0.855991
vt 0.176228 0.844128
vt 0.180869 0.937993
vt 0.180072 0.926004
vt 0.176988 0.832232
vt 0.179160 0.914164
vt 0.177868 0.820914
vt 0.178161 0.902493
vt 0.181440 0.997015
vt 0.181956 0.984839
vt 0.179028 0.809697
vt 0.177189 0.890930
vt 0.181976 0.973083
vt 0.180571 0.798014
vt 0.176559 0.879356
vt 0.181864 0.961688
vt 0.182086 0.785988
vt 0.176154 0.867728
vt 0.181514 0.950070
vt 0.176885 0.984592
vt 0.176259 0.996207
vt 0.173918 0.995934
vt 0.174565 0.984460
vt 0.177117 0.972939
vt 0.174873 0.972849
vt 0.177204 0.961637
vt 0.175033 0.961589
vt 0.177030 0.950244
vt 0.174931 0.950290
vt 0.176452 0.938257
vt 0.174398 0.938374
vt 0.175661 0.926272
vt 0.173614 0.926385
vt 0.174747 0.914417
vt 0.172703 0.914515
vt 0.173761 0.902702
vt 0.171729 0.902776
vt 0.172841 0.891059
vt 0.170836 0.891106
vt 0.172246 0.879405
vt 0.170248 0.879425
vt 0.171899 0.867697
vt 0.169919 0.867686
vt 0.171864 0.855872
vt 0.169914 0.855820
vt 0.172166 0.843903
vt 0.170223 0.843804
vt 0.172774 0.832028
vt 0.170792 0.831963
vt 0.173435 0.820786
vt 0.171367 0.820766
vt 0.174311 0.809557
vt 0.172132 0.809549
vt 0.175564 0.797934
vt 0.173258 0.797943
vt 0.176673 0.786297
vt 0.174257 0.786439
vt 0.167508 0.995529
vt 0.167713 0.984128
vt 0.167373 0.797968
vt 0.167714 0.786585
vt 0.167830 0.972486
vt 0.167853 0.961346
vt 0.167772 0.950333
vt 0.167329 0.938738
vt 0.166776 0.926692
vt 0.166151 0.914757
vt 0.165636 0.902941
vt 0.165360 0.891205
vt 0.165131 0.879469
vt 0.165194 0.867660
vt 0.165554 0.855708
vt 0.166023 0.843602
vt 0.166499 0.831892
vt 0.166746 0.820769
vt 0.166976 0.809595
vt 0.163819 0.843523
vt 0.164276 0.831807
vt 0.164530 0.926756
vt 0.163883 0.914801
vt 0.164517 0.820798
vt 0.163350 0.902971
vt 0.165242 0.995759
vt 0.165464 0.984047
vt 0.164735 0.809686
vt 0.163065 0.891245
vt 0.165613 0.972320
vt 0.165090 0.797972
vt 0.162846 0.879514
vt 0.165610 0.961253
vt 0.165429 0.786280
vt 0.162925 0.867685
vt 0.165517 0.950382
vt 0.163323 0.855692
vt 0.165102 0.938826
vt 0.159740 0.971971
vt 0.159710 0.961089
vt 0.159066 0.797934
vt 0.159243 0.785464
vt 0.156834 0.879622
vt 0.156947 0.867722
vt 0.159528 0.950507
vt 0.157451 0.855635
vt 0.159305 0.939047
vt 0.157984 0.843334
vt 0.158624 0.926946
vt 0.158258 0.831597
vt 0.157924 0.914932
vt 0.158652 0.820816
vt 0.157336 0.903059
vt 0.158783 0.809839
vt 0.156968 0.891351
vt 0.159526 0.983878
vt 0.155454 0.927103
vt 0.156083 0.939184
vt 0.152711 0.939299
vt 0.152091 0.927314
vt 0.154577 0.843215
vt 0.154288 0.855561
vt 0.150910 0.855461
vt 0.151213 0.843098
vt 0.156337 0.950537
vt 0.152843 0.950498
vt 0.153726 0.867703
vt 0.150297 0.867628
vt 0.156436 0.961050
vt 0.152903 0.961049
vt 0.153622 0.879657
vt 0.150176 0.879685
vt 0.155581 0.785534
vt 0.155594 0.797946
vt 0.151873 0.797970
vt 0.151669 0.786023
vt 0.156420 0.971868
vt 0.152855 0.971877
vt 0.153757 0.891517
vt 0.149846 0.891886
vt 0.155403 0.809842
vt 0.151775 0.809734
vt 0.156114 0.983745
vt 0.152471 0.983575
vt 0.154218 0.903179
vt 0.150907 0.903431
vt 0.155386 0.820768
vt 0.151764 0.820654
vt 0.155430 0.996144
vt 0.151538 0.995485
vt 0.154726 0.915055
vt 0.151335 0.915255
vt 0.154873 0.831508
vt 0.151425 0.831521
vt 0.159075 0.996360
vt 0.157286 0.996329
vt 0.157852 0.983815
vt 0.158101 0.971906
vt 0.158093 0.961067
vt 0.157937 0.950534
vt 0.157698 0.939114
vt 0.157039 0.927018
vt 0.156324 0.914986
vt 0.155726 0.903093
vt 0.155394 0.891401
vt 0.155218 0.879641
vt 0.155338 0.867717
vt 0.155873 0.855603
vt 0.156288 0.843275
vt 0.156573 0.831543
vt 0.157046 0.820799
vt 0.157117 0.809853
vt 0.157364 0.797938
vt 0.157447 0.785425
vt 0.199014 0.868645
vt 0.198049 0.857234
vt 0.201316 0.857447
vt 0.202565 0.868786
vt 0.203045 0.959652
vt 0.202321 0.948327
vt 0.206314 0.948032
vt 0.207039 0.959322
vt 0.199533 0.879993
vt 0.203422 0.880019
vt 0.204925 0.800084
vt 0.206798 0.789061
vt 0.210854 0.789801
vt 0.208988 0.800725
vt 0.203898 0.970998
vt 0.207915 0.970617
vt 0.199477 0.891481
vt 0.203522 0.891405
vt 0.203476 0.811411
vt 0.207353 0.811919
vt 0.204861 0.982290
vt 0.208969 0.981844
vt 0.199929 0.902938
vt 0.203961 0.902815
vt 0.201442 0.822708
vt 0.204971 0.823071
vt 0.206085 0.993396
vt 0.210241 0.992848
vt 0.200586 0.914333
vt 0.204607 0.914159
vt 0.199215 0.834130
vt 0.202472 0.834402
vt 0.201176 0.925682
vt 0.205183 0.925469
vt 0.197939 0.845686
vt 0.201084 0.845926
vt 0.201657 0.937012
vt 0.205649 0.936758
vt 0.149808 0.903573
vt 0.149475 0.891916
vt 0.148338 0.879498
vt 0.147006 0.867515
vt 0.149866 0.798092
vt 0.149926 0.786058
vt 0.149973 0.915272
vt 0.150831 0.927333
vt 0.151506 0.939345
vt 0.151644 0.950554
vt 0.151637 0.961057
vt 0.151503 0.971855
vt 0.148264 0.820645
vt 0.149145 0.809909
vt 0.146585 0.831363
vt 0.146622 0.854853
vt 0.146204 0.842614
vt 0.150955 0.983554
vt 0.149774 0.995505
vt 0.144539 0.798397
vt 0.142582 0.810764
vt 0.139145 0.810996
vt 0.141007 0.798654
vt 0.138199 0.831014
vt 0.138796 0.841769
vt 0.136092 0.841736
vt 0.135338 0.830842
vt 0.141477 0.867039
vt 0.146726 0.879442
vt 0.144266 0.879375
vt 0.138996 0.866948
vt 0.149106 0.903673
vt 0.145586 0.915611
vt 0.141807 0.916714
vt 0.146872 0.903977
vt 0.147068 0.939543
vt 0.147252 0.950652
vt 0.144707 0.950670
vt 0.144526 0.939659
vt 0.141269 0.820682
vt 0.138552 0.820573
vt 0.140240 0.853742
vt 0.137909 0.853653
vt 0.148742 0.891982
vt 0.147972 0.892039
vt 0.146456 0.927609
vt 0.143936 0.927776
vt 0.147194 0.961022
vt 0.144647 0.961005
vt 0.146657 0.971479
vt 0.145792 0.982894
vt 0.142394 0.982366
vt 0.143778 0.971225
vt 0.144306 0.994939
vt 0.140720 0.994341
vt 0.144483 0.786219
vt 0.140918 0.786494
vt 0.131734 0.810022
vt 0.136039 0.798536
vt 0.136396 0.786876
vt 0.132536 0.820087
vt 0.128209 0.830195
vt 0.129108 0.841705
vt 0.132219 0.853852
vt 0.134206 0.867129
vt 0.142523 0.879520
vt 0.145120 0.892352
vt 0.143612 0.904431
vt 0.139533 0.916277
vt 0.137471 0.927659
vt 0.138566 0.940039
vt 0.139488 0.951492
vt 0.140994 0.960928
vt 0.139967 0.970968
vt 0.138039 0.981603
vt 0.136219 0.993222
vt 0.122654 0.829421
vt 0.127225 0.819358
vt 0.127147 0.854011
vt 0.123079 0.841973
vt 0.130139 0.809802
vt 0.125515 0.818817
vt 0.123920 0.817536
vt 0.127584 0.808158
vt 0.143265 0.892255
vt 0.141798 0.904202
vt 0.140196 0.903405
vt 0.141591 0.892290
vt 0.120897 0.829247
vt 0.121295 0.841922
vt 0.119485 0.842503
vt 0.118912 0.829064
vt 0.135744 0.927731
vt 0.136784 0.940061
vt 0.135733 0.941114
vt 0.134079 0.928333
vt 0.125343 0.854394
vt 0.123649 0.855658
vt 0.140763 0.879599
vt 0.139354 0.880686
vt 0.134376 0.798579
vt 0.132157 0.798141
vt 0.139180 0.960974
vt 0.138269 0.971129
vt 0.136356 0.970992
vt 0.137283 0.960898
vt 0.137829 0.916243
vt 0.135998 0.916850
vt 0.136360 0.981592
vt 0.134550 0.992789
vt 0.132808 0.992799
vt 0.134586 0.981400
vt 0.137701 0.951447
vt 0.136091 0.951355
vt 0.132668 0.867282
vt 0.131460 0.868845
vt 0.134761 0.787286
vt 0.133218 0.788138
s 1
f 2343/1617/2180 2342/1618/2179 2360/1619/2197 2361/1620/2198
f 2340/1621/2177 2357/1622/2194 2375/1623/2212 2358/1624/2195
f 2351/1625/2188 2350/1626/2187 2368/1627/2205 2369/1628/2206
f 2344/1629/2181 2343/1617/2180 2361/1620/2198 2362/1630/2199
f 2352/1631/2189 2351/1625/2188 2369/1628/2206 2370/1632/2207
f 2345/1633/2182 2344/1629/2181 2362/1630/2199 2363/1634/2200
f 2353/1635/2190 2352/1631/2189 2370/1632/2207 2371/1636/2208
f 2346/1637/2183 2345/1633/2182 2363/1634/2200 2364/1638/2201
f 2354/1639/2191 2353/1635/2190 2371/1636/2208 2372/1640/2209
f 2347/1641/2184 2346/1637/2183 2364/1638/2201 2365/1642/2202
f 2355/1643/2192 2354/1639/2191 2372/1640/2209 2373/1644/2210
f 2348/1645/2185 2347/1641/2184 2365/1642/2202 2366/1646/2203
f 2341/1647/2178 2340/1648/2177 2358/1649/2195 2359/1650/2196
f 2356/1651/2193 2355/1643/2192 2373/1644/2210 2374/1652/2211
f 2349/1653/2186 2348/1645/2185 2366/1646/2203 2367/1654/2204
f 2342/1618/2179 2341/1647/2178 2359/1650/2196 2360/1619/2197
f 2357/1622/2194 2356/1651/2193 2374/1652/2211 2375/1623/2212
f 2350/1626/2187 2349/1653/2186 2367/1654/2204 2368/1627/2205
f 2373/1644/2210 2372/1640/2209 2390/1655/2227 2391/1656/2228
f 2366/1646/2203 2365/1642/2202 2383/1657/2220 2384/1658/2221
f 2359/1650/2196 2358/1649/2195 2376/1659/2213 2377/1660/2214
f 2374/1652/2211 2373/1644/2210 2391/1656/2228 2392/1661/2229
f 2367/1654/2204 2366/1646/2203 2384/1658/2221 2385/1662/2222
f 2360/1619/2197 2359/1650/2196 2377/1660/2214 2378/1663/2215
f 2375/1623/2212 2374/1652/2211 2392/1661/2229 2393/1664/2230
f 2368/1627/2205 2367/1654/2204 2385/1662/2222 2386/1665/2223
f 2361/1620/2198 2360/1619/2197 2378/1663/2215 2379/1666/2216
f 2358/1624/2195 2375/1623/2212 2393/1664/2230 2376/1667/2213
f 2369/1628/2206 2368/1627/2205 2386/1665/2223 2387/1668/2224
f 2362/1630/2199 2361/1620/2198 2379/1666/2216 2380/1669/2217
f 2370/1632/2207 2369/1628/2206 2387/1668/2224 2388/1670/2225
f 2363/1634/2200 2362/1630/2199 2380/1669/2217 2381/1671/2218
f 2371/1636/2208 2370/1632/2207 2388/1670/2225 2389/1672/2226
f 2364/1638/2201 2363/1634/2200 2381/1671/2218 2382/1673/2219
f 2372/1640/2209 2371/1636/2208 2389/1672/2226 2390/1655/2227
f 2365/1642/2202 2364/1638/2201 2382/1673/2219 2383/1657/2220
f 2377/1660/2214 2376/1659/2213 2394/1674/2231 2395/1675/2232
f 2392/1661/2229 2391/1656/2228 2409/1676/2246 2410/1677/2247
f 2385/1662/2222 2384/1658/2221 2402/1678/2239 2403/1679/2240
f 2378/1663/2215 2377/1660/2214 2395/1675/2232 2396/1680/2233
f 2393/1664/2230 2392/1661/2229 2410/1677/2247 2411/1681/2248
f 2386/1665/2223 2385/1662/2222 2403/1679/2240 2404/1682/2241
f 2379/1666/2216 2378/1663/2215 2396/1680/2233 2397/1683/2234
f 2376/1667/2213 2393/1664/2230 2411/1681/2248 2394/1684/2231
f 2387/1668/2224 2386/1665/2223 2404/1682/2241 2405/1685/2242
f 2380/1669/2217 2379/1666/2216 2397/1683/2234 2398/1686/2235
f 2388/1670/2225 2387/1668/2224 2405/1685/2242 2406/1687/2243
f 2381/1671/2218 2380/1669/2217 2398/1686/2235 2399/1688/2236
f 2389/1672/2226 2388/1670/2225 2406/1687/2243 2407/1689/2244
f 2382/1673/2219 2381/1671/2218 2399/1688/2236 2400/1690/2237
f 2390/1655/2227 2389/1672/2226 2407/1689/2244 2408/1691/2245
f 2383/1657/2220 2382/1673/2219 2400/1690/2237 2401/1692/2238
f 2391/1656/2228 2390/1655/2227 2408/1691/2245 2409/1676/2246
f 2384/1658/2221 2383/1657/2220 2401/1692/2238 2402/1678/2239
f 2396/1680/2233 2395/1675/2232 2413/1693/2250 2414/1694/2251
f 2411/1681/2248 2410/1677/2247 2428/1695/2265 2429/1696/2266
f 2404/1682/2241 2403/1679/2240 2421/1697/2258 2422/1698/2259
f 2397/1683/2234 2396/1680/2233 2414/1694/2251 2415/1699/2252
f 2394/1684/2231 2411/1681/2248 2429/1696/2266 2412/1700/2249
f 2405/1685/2242 2404/1682/2241 2422/1698/2259 2423/1701/2260
f 2398/1686/2235 2397/1683/2234 2415/1699/2252 2416/1702/2253
f 2406/1687/2243 2405/1685/2242 2423/1701/2260 2424/1703/2261
f 2399/1688/2236 2398/1686/2235 2416/1702/2253 2417/1704/2254
f 2407/1689/2244 2406/1687/2243 2424/1703/2261 2425/1705/2262
f 2400/1690/2237 2399/1688/2236 2417/1704/2254 2418/1706/2255
f 2408/1691/2245 2407/1689/2244 2425/1705/2262 2426/1707/2263
f 2401/1692/2238 2400/1690/2237 2418/1706/2255 2419/1708/2256
f 2409/1676/2246 2408/1691/2245 2426/1707/2263 2427/1709/2264
f 2402/1678/2239 2401/1692/2238 2419/1708/2256 2420/1710/2257
f 2395/1675/2232 2394/1674/2231 2412/1711/2249 2413/1693/2250
f 2410/1677/2247 2409/1676/2246 2427/1709/2264 2428/1695/2265
f 2403/1679/2240 2402/1678/2239 2420/1710/2257 2421/1697/2258
f 2415/1699/2252 2414/1694/2251 2432/1712/2269 2433/1713/2270
f 2412/1700/2249 2429/1696/2266 2447/1714/2284 2430/1715/2267
f 2423/1701/2260 2422/1698/2259 2440/1716/2277 2441/1717/2278
f 2416/1702/2253 2415/1699/2252 2433/1713/2270 2434/1718/2271
f 2424/1703/2261 2423/1701/2260 2441/1717/2278 2442/1719/2279
f 2417/1704/2254 2416/1702/2253 2434/1718/2271 2435/1720/2272
f 2425/1705/2262 2424/1703/2261 2442/1719/2279 2443/1721/2280
f 2418/1706/2255 2417/1704/2254 2435/1720/2272 2436/1722/2273
f 2426/1707/2263 2425/1705/2262 2443/1721/2280 2444/1723/2281
f 2419/1708/2256 2418/1706/2255 2436/1722/2273 2437/1724/2274
f 2427/1709/2264 2426/1707/2263 2444/1723/2281 2445/1725/2282
f 2420/1710/2257 2419/1708/2256 2437/1724/2274 2438/1726/2275
f 2413/1693/2250 2412/1711/2249 2430/1727/2267 2431/1728/2268
f 2428/1695/2265 2427/1709/2264 2445/1725/2282 2446/1729/2283
f 2421/1697/2258 2420/1710/2257 2438/1726/2275 2439/1730/2276
f 2414/1694/2251 2413/1693/2250 2431/1728/2268 2432/1712/2269
f 2429/1696/2266 2428/1695/2265 2446/1729/2283 2447/1714/2284
f 2422/1698/2259 2421/1697/2258 2439/1730/2276 2440/1716/2277
f 2434/1718/2271 2433/1713/2270 2451/1731/2288 2452/1732/2289
f 2442/1719/2279 2441/1717/2278 2459/1733/2296 2460/1734/2297
f 2435/1720/2272 2434/1718/2271 2452/1732/2289 2453/1735/2290
f 2443/1721/2280 2442/1719/2279 2460/1734/2297 2461/1736/2298
f 2436/1722/2273 2435/1720/2272 2453/1735/2290 2454/1737/2291
f 2444/1723/2281 2443/1721/2280 2461/1736/2298 2462/1738/2299
f 2437/1724/2274 2436/1722/2273 2454/1737/2291 2455/1739/2292
f 2445/1725/2282 2444/1723/2281 2462/1738/2299 2463/1740/2300
f 2438/1726/2275 2437/1724/2274 2455/1739/2292 2456/1741/2293
f 2431/1728/2268 2430/1727/2267 2448/1742/2285 2449/1743/2286
f 2446/1729/2283 2445/1725/2282 2463/1740/2300 2464/1744/2301
f 2439/1730/2276 2438/1726/2275 2456/1741/2293 2457/1745/2294
f 2432/1712/2269 2431/1728/2268 2449/1743/2286 2450/1746/2287
f 2447/1714/2284 2446/1729/2283 2464/1744/2301 2465/1747/2302
f 2440/1716/2277 2439/1730/2276 2457/1745/2294 2458/1748/2295
f 2433/1713/2270 2432/1712/2269 2450/1746/2287 2451/1731/2288
f 2430/1715/2267 2447/1714/2284 2465/1747/2302 2448/1749/2285
f 2441/1717/2278 2440/1716/2277 2458/1748/2295 2459/1733/2296
f 2477/1750/2314 2476/1751/2313 2494/1752/2331 2495/1753/2332
f 2470/1754/2307 2469/1755/2306 2487/1756/2324 2488/1757/2325
f 2478/1758/2315 2477/1750/2314 2495/1753/2332 2496/1759/2333
f 2471/1760/2308 2470/1754/2307 2488/1757/2325 2489/1761/2326
f 2479/1762/2316 2478/1758/2315 2496/1759/2333 2497/1763/2334
f 2472/1764/2309 2471/1760/2308 2489/1761/2326 2490/1765/2327
f 2480/1766/2317 2479/1762/2316 2497/1763/2334 2498/1767/2335
f 2473/1768/2310 2472/1764/2309 2490/1765/2327 2491/1769/2328
f 2481/1770/2318 2480/1766/2317 2498/1767/2335 2499/1771/2336
f 2474/1772/2311 2473/1768/2310 2491/1769/2328 2492/1773/2329
f 2467/1774/2304 2466/1775/2303 2484/1776/2321 2485/1777/2322
f 2482/1778/2319 2481/1770/2318 2499/1771/2336 2500/1779/2337
f 2475/1780/2312 2474/1772/2311 2492/1773/2329 2493/1781/2330
f 2468/1782/2305 2467/1774/2304 2485/1777/2322 2486/1783/2323
f 2483/1784/2320 2482/1778/2319 2500/1779/2337 2501/1785/2338
f 2476/1751/2313 2475/1780/2312 2493/1781/2330 2494/1752/2331
f 2469/1755/2306 2468/1782/2305 2486/1783/2323 2487/1756/2324
f 2466/1786/2303 2483/1784/2320 2501/1785/2338 2484/1787/2321
f 2496/1759/2333 2495/1753/2332 2513/1788/2350 2514/1789/2351
f 2489/1761/2326 2488/1757/2325 2506/1790/2343 2507/1791/2344
f 2497/1763/2334 2496/1759/2333 2514/1789/2351 2515/1792/2352
f 2490/1765/2327 2489/1761/2326 2507/1791/2344 2508/1793/2345
f 2498/1767/2335 2497/1763/2334 2515/1792/2352 2516/1794/2353
f 2491/1769/2328 2490/1765/2327 2508/1793/2345 2509/1795/2346
f 2499/1771/2336 2498/1767/2335 2516/1794/2353 2517/1796/2354
f 2492/1773/2329 2491/1769/2328 2509/1795/2346 2510/1797/2347
f 2485/1777/2322 2484/1776/2321 2502/1798/2339 2503/1799/2340
f 2500/1779/2337 2499/1771/2336 2517/1796/2354 2518/1800/2355
f 2493/1781/2330 2492/1773/2329 2510/1797/2347 2511/1801/2348
f 2486/1783/2323 2485/1777/2322 2503/1799/2340 2504/1802/2341
f 2501/1785/2338 2500/1779/2337 2518/1800/2355 2519/1803/2356
f 2494/1752/2331 2493/1781/2330 2511/1801/2348 2512/1804/2349
f 2487/1756/2324 2486/1783/2323 2504/1802/2341 2505/1805/2342
f 2484/1787/2321 2501/1785/2338 2519/1803/2356 2502/1806/2339
f 2495/1753/2332 2494/1752/2331 2512/1804/2349 2513/1788/2350
f 2488/1757/2325 2487/1756/2324 2505/1805/2342 2506/1790/2343
f 2515/1792/2352 2514/1789/2351 2532/1807/2369 2533/1808/2370
f 2508/1793/2345 2507/1791/2344 2525/1809/2362 2526/1810/2363
f 2516/1794/2353 2515/1792/2352 2533/1808/2370 2534/1811/2371
f 2509/1795/2346 2508/1793/2345 2526/1810/2363 2527/1812/2364
f 2517/1796/2354 2516/1794/2353 2534/1811/2371 2535/1813/2372
f 2510/1797/2347 2509/1795/2346 2527/1812/2364 2528/1814/2365
f 2503/1799/2340 2502/1798/2339 2520/1815/2357 2521/1816/2358
f 2518/1800/2355 2517/1796/2354 2535/1813/2372 2536/1817/2373
f 2511/1801/2348 2510/1797/2347 2528/1814/2365 2529/1818/2366
f 2504/1802/2341 2503/1799/2340 2521/1816/2358 2522/1819/2359
f 2519/1803/2356 2518/1800/2355 2536/1817/2373 2537/1820/2374
f 2512/1804/2349 2511/1801/2348 2529/1818/2366 2530/1821/2367
f 2505/1805/2342 2504/1802/2341 2522/1819/2359 2523/1822/2360
f 2502/1806/2339 2519/1803/2356 2537/1820/2374 2520/1823/2357
f 2513/1788/2350 2512/1804/2349 2530/1821/2367 2531/1824/2368
f 2506/1790/2343 2505/1805/2342 2523/1822/2360 2524/1825/2361
f 2514/1789/2351 2513/1788/2350 2531/1824/2368 2532/1807/2369
f 2507/1791/2344 2506/1790/2343 2524/1825/2361 2525/1809/2362
f 2559/1826/2396 2556/1827/2393 2557/1828/2394 2558/1829/2395
f 2561/1830/2398 2559/1826/2396 2558/1829/2395 2560/1831/2397
f 2563/1832/2400 2561/1830/2398 2560/1831/2397 2562/1833/2399
f 2565/1834/2402 2563/1832/2400 2562/1833/2399 2564/1835/2401
f 2567/1836/2404 2565/1834/2402 2564/1835/2401 2566/1837/2403
f 2569/1838/2406 2567/1836/2404 2566/1837/2403 2568/1839/2405
f 2571/1840/2408 2569/1838/2406 2568/1839/2405 2570/1841/2407
f 2573/1842/2410 2571/1840/2408 2570/1841/2407 2572/1843/2409
f 2575/1844/2412 2573/1842/2410 2572/1843/2409 2574/1845/2411
f 2577/1846/2414 2575/1844/2412 2574/1845/2411 2576/1847/2413
f 2579/1848/2416 2577/1846/2414 2576/1847/2413 2578/1849/2415
f 2581/1850/2418 2579/1848/2416 2578/1849/2415 2580/1851/2417
f 2583/1852/2420 2581/1850/2418 2580/1851/2417 2582/1853/2419
f 2585/1854/2422 2583/1852/2420 2582/1853/2419 2584/1855/2421
f 2587/1856/2424 2585/1854/2422 2584/1855/2421 2586/1857/2423
f 2589/1858/2426 2587/1856/2424 2586/1857/2423 2588/1859/2425
f 2591/1860/2428 2589/1858/2426 2588/1859/2425 2590/1861/2427
f 2556/1862/2393 2591/1860/2428 2590/1861/2427 2557/1863/2394
f 2558/1829/2395 2557/1828/2394 2538/1864/2375 2539/1865/2376
f 2521/1816/2358 2520/1815/2357 2556/1827/2393 2559/1826/2396
f 2557/1863/2394 2590/1861/2427 2555/1866/2392 2538/1867/2375
f 2520/1823/2357 2537/1820/2374 2591/1860/2428 2556/1862/2393
f 2522/1819/2359 2521/1816/2358 2559/1826/2396 2561/1830/2398
f 2560/1831/2397 2558/1829/2395 2539/1865/2376 2540/1868/2377
f 2523/1822/2360 2522/1819/2359 2561/1830/2398 2563/1832/2400
f 2562/1833/2399 2560/1831/2397 2540/1868/2377 2541/1869/2378
f 2524/1825/2361 2523/1822/2360 2563/1832/2400 2565/1834/2402
f 2564/1835/2401 2562/1833/2399 2541/1869/2378 2542/1870/2379
f 2525/1809/2362 2524/1825/2361 2565/1834/2402 2567/1836/2404
f 2566/1837/2403 2564/1835/2401 2542/1870/2379 2543/1871/2380
f 2526/1810/2363 2525/1809/2362 2567/1836/2404 2569/1838/2406
f 2568/1839/2405 2566/1837/2403 2543/1871/2380 2544/1872/2381
f 2527/1812/2364 2526/1810/2363 2569/1838/2406 2571/1840/2408
f 2570/1841/2407 2568/1839/2405 2544/1872/2381 2545/1873/2382
f 2528/1814/2365 2527/1812/2364 2571/1840/2408 2573/1842/2410
f 2572/1843/2409 2570/1841/2407 2545/1873/2382 2546/1874/2383
f 2529/1818/2366 2528/1814/2365 2573/1842/2410 2575/1844/2412
f 2574/1845/2411 2572/1843/2409 2546/1874/2383 2547/1875/2384
f 2530/1821/2367 2529/1818/2366 2575/1844/2412 2577/1846/2414
f 2576/1847/2413 2574/1845/2411 2547/1875/2384 2548/1876/2385
f 2531/1824/2368 2530/1821/2367 2577/1846/2414 2579/1848/2416
f 2578/1849/2415 2576/1847/2413 2548/1876/2385 2549/1877/2386
f 2532/1807/2369 2531/1824/2368 2579/1848/2416 2581/1850/2418
f 2580/1851/2417 2578/1849/2415 2549/1877/2386 2550/1878/2387
f 2533/1808/2370 2532/1807/2369 2581/1850/2418 2583/1852/2420
f 2582/1853/2419 2580/1851/2417 2550/1878/2387 2551/1879/2388
f 2534/1811/2371 2533/1808/2370 2583/1852/2420 2585/1854/2422
f 2584/1855/2421 2582/1853/2419 2551/1879/2388 2552/1880/2389
f 2535/1813/2372 2534/1811/2371 2585/1854/2422 2587/1856/2424
f 2586/1857/2423 2584/1855/2421 2552/1880/2389 2553/1881/2390
f 2536/1817/2373 2535/1813/2372 2587/1856/2424 2589/1858/2426
f 2588/1859/2425 2586/1857/2423 2553/1881/2390 2554/1882/2391
f 2537/1820/2374 2536/1817/2373 2589/1858/2426 2591/1860/2428
f 2590/1861/2427 2588/1859/2425 2554/1882/2391 2555/1866/2392
f 2552/1880/2389 2551/1879/2388 2605/1883/2442 2606/1884/2443
f 2545/1873/2382 2544/1872/2381 2598/1885/2435 2599/1886/2436
f 2553/1881/2390 2552/1880/2389 2606/1884/2443 2607/1887/2444
f 2546/1874/2383 2545/1873/2382 2599/1886/2436 2600/1888/2437
f 2539/1865/2376 2538/1864/2375 2592/1889/2429 2593/1890/2430
f 2554/1882/2391 2553/1881/2390 2607/1887/2444 2608/1891/2445
f 2547/1875/2384 2546/1874/2383 2600/1888/2437 2601/1892/2438
f 2540/1868/2377 2539/1865/2376 2593/1890/2430 2594/1893/2431
f 2555/1866/2392 2554/1882/2391 2608/1891/2445 2609/1894/2446
f 2548/1876/2385 2547/1875/2384 2601/1892/2438 2602/1895/2439
f 2541/1869/2378 2540/1868/2377 2594/1893/2431 2595/1896/2432
f 2538/1867/2375 2555/1866/2392 2609/1894/2446 2592/1897/2429
f 2549/1877/2386 2548/1876/2385 2602/1895/2439 2603/1898/2440
f 2542/1870/2379 2541/1869/2378 2595/1896/2432 2596/1899/2433
f 2550/1878/2387 2549/1877/2386 2603/1898/2440 2604/1900/2441
f 2543/1871/2380 2542/1870/2379 2596/1899/2433 2597/1901/2434
f 2551/1879/2388 2550/1878/2387 2604/1900/2441 2605/1883/2442
f 2544/1872/2381 2543/1871/2380 2597/1901/2434 2598/1885/2435
f 2594/1893/2431 2651/1902/2488 2653/1903/2490 2595/1896/2432
f 2609/1894/2446 2681/1904/2518 2646/1905/2483 2592/1897/2429
f 2602/1895/2439 2667/1906/2504 2669/1907/2506 2603/1898/2440
f 2595/1896/2432 2653/1903/2490 2655/1908/2492 2596/1899/2433
f 2603/1898/2440 2669/1907/2506 2671/1909/2508 2604/1900/2441
f 2596/1899/2433 2655/1908/2492 2657/1910/2494 2597/1901/2434
f 2604/1900/2441 2671/1909/2508 2673/1911/2510 2605/1883/2442
f 2597/1901/2434 2657/1910/2494 2659/1912/2496 2598/1885/2435
f 2605/1883/2442 2673/1911/2510 2675/1913/2512 2606/1884/2443
f 2598/1885/2435 2659/1912/2496 2661/1914/2498 2599/1886/2436
f 2606/1884/2443 2675/1913/2512 2677/1915/2514 2607/1887/2444
f 2599/1886/2436 2661/1914/2498 2663/1916/2500 2600/1888/2437
f 2607/1887/2444 2677/1915/2514 2679/1917/2516 2608/1891/2445
f 2600/1888/2437 2663/1916/2500 2665/1918/2502 2601/1892/2438
f 2593/1890/2430 2649/1919/2486 2651/1902/2488 2594/1893/2431
f 2608/1891/2445 2679/1917/2516 2681/1904/2518 2609/1894/2446
f 2601/1892/2438 2665/1918/2502 2667/1906/2504 2602/1895/2439
f 2634/1920/2471 2633/1921/2470 2622/1922/2459 2621/1923/2458
f 2641/1924/2478 2640/1925/2477 2615/1926/2452 2614/1927/2451
f 2633/1921/2470 2632/1928/2469 2623/1929/2460 2622/1922/2459
f 2640/1925/2477 2639/1930/2476 2616/1931/2453 2615/1926/2452
f 2632/1928/2469 2631/1932/2468 2624/1933/2461 2623/1929/2460
f 2639/1930/2476 2638/1934/2475 2617/1935/2454 2616/1931/2453
f 2628/1936/2465 2645/1937/2482 2610/1938/2447 2627/1939/2464
f 2631/1932/2468 2630/1940/2467 2625/1941/2462 2624/1933/2461
f 2638/1934/2475 2637/1942/2474 2618/1943/2455 2617/1935/2454
f 2645/1937/2482 2644/1944/2481 2611/1945/2448 2610/1938/2447
f 2630/1940/2467 2629/1946/2466 2626/1947/2463 2625/1941/2462
f 2637/1942/2474 2636/1948/2473 2619/1949/2456 2618/1943/2455
f 2644/1944/2481 2643/1950/2480 2612/1951/2449 2611/1945/2448
f 2629/1946/2466 2628/1952/2465 2627/1953/2464 2626/1947/2463
f 2636/1948/2473 2635/1954/2472 2620/1955/2457 2619/1949/2456
f 2643/1950/2480 2642/1956/2479 2613/1957/2450 2612/1951/2449
f 2635/1954/2472 2634/1920/2471 2621/1923/2458 2620/1955/2457
f 2642/1956/2479 2641/1924/2478 2614/1927/2451 2613/1957/2450
f 2649/1919/2486 2646/1958/2483 2647/1959/2484 2648/1960/2485
f 2651/1902/2488 2649/1919/2486 2648/1960/2485 2650/1961/2487
f 2653/1903/2490 2651/1902/2488 2650/1961/2487 2652/1962/2489
f 2655/1908/2492 2653/1903/2490 2652/1962/2489 2654/1963/2491
f 2657/1910/2494 2655/1908/2492 2654/1963/2491 2656/1964/2493
f 2659/1912/2496 2657/1910/2494 2656/1964/2493 2658/1965/2495
f 2661/1914/2498 2659/1912/2496 2658/1965/2495 2660/1966/2497
f 2663/1916/2500 2661/1914/2498 2660/1966/2497 2662/1967/2499
f 2665/1918/2502 2663/1916/2500 2662/1967/2499 2664/1968/2501
f 2667/1906/2504 2665/1918/2502 2664/1968/2501 2666/1969/2503
f 2669/1907/2506 2667/1906/2504 2666/1969/2503 2668/1970/2505
f 2671/1909/2508 2669/1907/2506 2668/1970/2505 2670/1971/2507
f 2673/1911/2510 2671/1909/2508 2670/1971/2507 2672/1972/2509
f 2675/1913/2512 2673/1911/2510 2672/1972/2509 2674/1973/2511
f 2677/1915/2514 2675/1913/2512 2674/1973/2511 2676/1974/2513
f 2679/1917/2516 2677/1915/2514 2676/1974/2513 2678/1975/2515
f 2681/1904/2518 2679/1917/2516 2678/1975/2515 2680/1976/2517
f 2646/1905/2483 2681/1904/2518 2680/1976/2517 2647/1977/2484
f 2647/1977/2484 2680/1976/2517 2645/1937/2482 2628/1936/2465
f 2648/1960/2485 2647/1959/2484 2628/1952/2465 2629/1946/2466
f 2650/1961/2487 2648/1960/2485 2629/1946/2466 2630/1940/2467
f 2652/1962/2489 2650/1961/2487 2630/1940/2467 2631/1932/2468
f 2654/1963/2491 2652/1962/2489 2631/1932/2468 2632/1928/2469
f 2656/1964/2493 2654/1963/2491 2632/1928/2469 2633/1921/2470
f 2658/1965/2495 2656/1964/2493 2633/1921/2470 2634/1920/2471
f 2660/1966/2497 2658/1965/2495 2634/1920/2471 2635/1954/2472
f 2662/1967/2499 2660/1966/2497 2635/1954/2472 2636/1948/2473
f 2664/1968/2501 2662/1967/2499 2636/1948/2473 2637/1942/2474
f 2666/1969/2503 2664/1968/2501 2637/1942/2474 2638/1934/2475
f 2668/1970/2505 2666/1969/2503 2638/1934/2475 2639/1930/2476
f 2670/1971/2507 2668/1970/2505 2639/1930/2476 2640/1925/2477
f 2672/1972/2509 2670/1971/2507 2640/1925/2477 2641/1924/2478
f 2674/1973/2511 2672/1972/2509 2641/1924/2478 2642/1956/2479
f 2676/1974/2513 2674/1973/2511 2642/1956/2479 2643/1950/2480
f 2678/1975/2515 2676/1974/2513 2643/1950/2480 2644/1944/2481
f 2680/1976/2517 2678/1975/2515 2644/1944/2481 2645/1937/2482
f 2717/1978/2554 2686/1979/2523 2687/1980/2524 2716/1981/2553
f 2715/1982/2552 2682/1983/2519 2683/1984/2520 2714/1985/2551
f 2713/1986/2550 2717/1978/2554 2716/1981/2553 2712/1987/2549
f 2711/1988/2548 2700/1989/2537 2701/1990/2538 2710/1991/2547
f 2709/1992/2546 2715/1982/2552 2714/1985/2551 2708/1993/2545
f 2707/1994/2544 2713/1986/2550 2712/1987/2549 2706/1995/2543
f 2705/1996/2542 2711/1988/2548 2710/1991/2547 2704/1997/2541
f 2703/1998/2540 2709/1992/2546 2708/1993/2545 2702/1999/2539
f 2699/2000/2536 2707/1994/2544 2706/1995/2543 2698/2001/2535
f 2697/2002/2534 2705/1996/2542 2704/1997/2541 2696/2003/2533
f 2700/2004/2537 2703/1998/2540 2702/1999/2539 2701/2005/2538
f 2695/2006/2532 2699/2000/2536 2698/2001/2535 2694/2007/2531
f 2693/2008/2530 2697/2002/2534 2696/2003/2533 2692/2009/2529
f 2691/2010/2528 2695/2006/2532 2694/2007/2531 2690/2011/2527
f 2689/2012/2526 2693/2008/2530 2692/2009/2529 2688/2013/2525
f 2685/2014/2522 2691/2010/2528 2690/2011/2527 2684/2015/2521
f 2686/1979/2523 2689/2012/2526 2688/2013/2525 2687/1980/2524
f 2682/1983/2519 2685/2014/2522 2684/2015/2521 2683/1984/2520
f 2682/1983/2519 2715/1982/2552 2469/1755/2306 2470/1754/2307
f 2453/1735/2290 2452/1732/2289 2683/1984/2520 2684/2015/2521
f 2685/2014/2522 2682/1983/2519 2470/1754/2307 2471/1760/2308
f 2452/1732/2289 2451/1731/2288 2714/1985/2551 2683/1984/2520
f 2691/2010/2528 2685/2014/2522 2471/1760/2308 2472/1764/2309
f 2454/1737/2291 2453/1735/2290 2684/2015/2521 2690/2011/2527
f 2686/1979/2523 2717/1978/2554 2477/1750/2314 2478/1758/2315
f 2461/1736/2298 2460/1734/2297 2687/1980/2524 2688/2013/2525
f 2689/2012/2526 2686/1979/2523 2478/1758/2315 2479/1762/2316
f 2460/1734/2297 2459/1733/2296 2716/1981/2553 2687/1980/2524
f 2693/2008/2530 2689/2012/2526 2479/1762/2316 2480/1766/2317
f 2462/1738/2299 2461/1736/2298 2688/2013/2525 2692/2009/2529
f 2695/2006/2532 2691/2010/2528 2472/1764/2309 2473/1768/2310
f 2455/1739/2292 2454/1737/2291 2690/2011/2527 2694/2007/2531
f 2697/2002/2534 2693/2008/2530 2480/1766/2317 2481/1770/2318
f 2463/1740/2300 2462/1738/2299 2692/2009/2529 2696/2003/2533
f 2699/2000/2536 2695/2006/2532 2473/1768/2310 2474/1772/2311
f 2456/1741/2293 2455/1739/2292 2694/2007/2531 2698/2001/2535
f 2705/1996/2542 2697/2002/2534 2481/1770/2318 2482/1778/2319
f 2464/1744/2301 2463/1740/2300 2696/2003/2533 2704/1997/2541
f 2707/1994/2544 2699/2000/2536 2474/1772/2311 2475/1780/2312
f 2457/1745/2294 2456/1741/2293 2698/2001/2535 2706/1995/2543
f 2700/1989/2537 2711/1988/2548 2483/1784/2320 2466/1786/2303
f 2449/1743/2286 2448/1742/2285 2701/2005/2538 2702/1999/2539
f 2703/1998/2540 2700/2004/2537 2466/1775/2303 2467/1774/2304
f 2448/1749/2285 2465/1747/2302 2710/1991/2547 2701/1990/2538
f 2709/1992/2546 2703/1998/2540 2467/1774/2304 2468/1782/2305
f 2450/1746/2287 2449/1743/2286 2702/1999/2539 2708/1993/2545
f 2711/1988/2548 2705/1996/2542 2482/1778/2319 2483/1784/2320
f 2465/1747/2302 2464/1744/2301 2704/1997/2541 2710/1991/2547
f 2713/1986/2550 2707/1994/2544 2475/1780/2312 2476/1751/2313
f 2458/1748/2295 2457/1745/2294 2706/1995/2543 2712/1987/2549
f 2715/1982/2552 2709/1992/2546 2468/1782/2305 2469/1755/2306
f 2451/1731/2288 2450/1746/2287 2708/1993/2545 2714/1985/2551
f 2717/1978/2554 2713/1986/2550 2476/1751/2313 2477/1750/2314
f 2459/1733/2296 2458/1748/2295 2712/1987/2549 2716/1981/2553
f 2618/1943/2455 2619/1949/2456 2727/2016/2564 2726/2017/2563
f 2616/1931/2453 2617/1935/2454 2725/2018/2562 2724/2019/2561
f 2627/1939/2464 2610/1938/2447 2718/2020/2555 2735/2021/2572
f 2619/1949/2456 2620/1955/2457 2728/2022/2565 2727/2016/2564
f 2620/1955/2457 2621/1923/2458 2729/2023/2566 2728/2022/2565
f 2621/1923/2458 2622/1922/2459 2730/2024/2567 2729/2023/2566
f 2622/1922/2459 2623/1929/2460 2731/2025/2568 2730/2024/2567
f 2623/1929/2460 2624/1933/2461 2732/2026/2569 2731/2025/2568
f 2624/1933/2461 2625/1941/2462 2733/2027/2570 2732/2026/2569
f 2611/1945/2448 2612/1951/2449 2720/2028/2557 2719/2029/2556
f 2612/1951/2449 2613/1957/2450 2721/2030/2558 2720/2028/2557
f 2614/1927/2451 2615/1926/2452 2723/2031/2560 2722/2032/2559
f 2610/1938/2447 2611/1945/2448 2719/2029/2556 2718/2020/2555
f 2615/1926/2452 2616/1931/2453 2724/2019/2561 2723/2031/2560
f 2625/1941/2462 2626/1947/2463 2734/2033/2571 2733/2027/2570
f 2626/1947/2463 2627/1953/2464 2735/2034/2572 2734/2033/2571
f 2613/1957/2450 2614/1927/2451 2722/2032/2559 2721/2030/2558
f 2617/1935/2454 2618/1943/2455 2726/2017/2563 2725/2018/2562
f 2755/2035/2592 2756/2036/2593 2757/2037/2594 2754/2038/2591
f 2761/2039/2598 2762/2040/2599 2763/2041/2600 2760/2042/2597
f 2767/2043/2604 2768/2044/2605 2769/2045/2606 2766/2046/2603
f 2773/2047/2610 2774/2048/2611 2775/2049/2612 2772/2050/2609
f 2779/2051/2616 2780/2052/2617 2781/2053/2618 2778/2054/2615
f 2756/2036/2593 2758/2055/2595 2759/2056/2596 2757/2037/2594
f 2762/2040/2599 2764/2057/2601 2765/2058/2602 2763/2041/2600
f 2768/2044/2605 2770/2059/2607 2771/2060/2608 2769/2045/2606
f 2774/2048/2611 2776/2061/2613 2777/2062/2614 2775/2049/2612
f 2780/2052/2617 2782/2063/2619 2783/2064/2620 2781/2053/2618
f 2785/2065/2622 2786/2066/2623 2787/2067/2624 2784/2068/2621
f 2758/2055/2595 2761/2039/2598 2760/2042/2597 2759/2056/2596
f 2764/2057/2601 2767/2043/2604 2766/2046/2603 2765/2058/2602
f 2770/2059/2607 2773/2047/2610 2772/2050/2609 2771/2060/2608
f 2776/2061/2613 2779/2051/2616 2778/2054/2615 2777/2062/2614
f 2782/2063/2619 2785/2065/2622 2784/2068/2621 2783/2064/2620
f 2786/2066/2623 2788/2069/2625 2789/2070/2626 2787/2067/2624
f 2788/2071/2625 2755/2035/2592 2754/2038/2591 2789/2072/2626
f 2754/2038/2591 2757/2037/2594 2737/2073/2574 2736/2074/2573
f 2735/2021/2572 2718/2020/2555 2755/2035/2592 2788/2071/2625
f 2718/2020/2555 2719/2029/2556 2756/2036/2593 2755/2035/2592
f 2789/2072/2626 2754/2038/2591 2736/2074/2573 2753/2075/2590
f 2757/2037/2594 2759/2056/2596 2738/2076/2575 2737/2073/2574
f 2719/2029/2556 2720/2028/2557 2758/2055/2595 2756/2036/2593
f 2759/2056/2596 2760/2042/2597 2739/2077/2576 2738/2076/2575
f 2720/2028/2557 2721/2030/2558 2761/2039/2598 2758/2055/2595
f 2760/2042/2597 2763/2041/2600 2740/2078/2577 2739/2077/2576
f 2721/2030/2558 2722/2032/2559 2762/2040/2599 2761/2039/2598
f 2763/2041/2600 2765/2058/2602 2741/2079/2578 2740/2078/2577
f 2722/2032/2559 2723/2031/2560 2764/2057/2601 2762/2040/2599
f 2765/2058/2602 2766/2046/2603 2742/2080/2579 2741/2079/2578
f 2723/2031/2560 2724/2019/2561 2767/2043/2604 2764/2057/2601
f 2766/2046/2603 2769/2045/2606 2743/2081/2580 2742/2080/2579
f 2724/2019/2561 2725/2018/2562 2768/2044/2605 2767/2043/2604
f 2769/2045/2606 2771/2060/2608 2744/2082/2581 2743/2081/2580
f 2725/2018/2562 2726/2017/2563 2770/2059/2607 2768/2044/2605
f 2771/2060/2608 2772/2050/2609 2745/2083/2582 2744/2082/2581
f 2726/2017/2563 2727/2016/2564 2773/2047/2610 2770/2059/2607
f 2772/2050/2609 2775/2049/2612 2746/2084/2583 2745/2083/2582
f 2727/2016/2564 2728/2022/2565 2774/2048/2611 2773/2047/2610
f 2775/2049/2612 2777/2062/2614 2747/2085/2584 2746/2084/2583
f 2728/2022/2565 2729/2023/2566 2776/2061/2613 2774/2048/2611
f 2777/2062/2614 2778/2054/2615 2748/2086/2585 2747/2085/2584
f 2729/2023/2566 2730/2024/2567 2779/2051/2616 2776/2061/2613
f 2778/2054/2615 2781/2053/2618 2749/2087/2586 2748/2086/2585
f 2730/2024/2567 2731/2025/2568 2780/2052/2617 2779/2051/2616
f 2781/2053/2618 2783/2064/2620 2750/2088/2587 2749/2087/2586
f 2731/2025/2568 2732/2026/2569 2782/2063/2619 2780/2052/2617
f 2783/2064/2620 2784/2068/2621 2751/2089/2588 2750/2088/2587
f 2732/2026/2569 2733/2027/2570 2785/2065/2622 2782/2063/2619
f 2784/2068/2621 2787/2067/2624 2752/2090/2589 2751/2089/2588
f 2733/2027/2570 2734/2033/2571 2786/2066/2623 2785/2065/2622
f 2787/2067/2624 2789/2070/2626 2753/2091/2590 2752/2090/2589
f 2734/2033/2571 2735/2034/2572 2788/2069/2625 2786/2066/2623
f 2738/2076/2575 2739/2077/2576 2792/2092/2629 2791/2093/2628
f 2740/2078/2577 2741/2079/2578 2794/2094/2631 2793/2095/2630
f 2739/2077/2576 2740/2078/2577 2793/2095/2630 2792/2092/2629
f 2738/2076/2575 2791/2093/2628 2737/2073/2574
f 2742/2080/2579 2794/2094/2631 2741/2079/2578
f 2813/2096/2650 2812/2097/2649 2808/2098/2645 2795/2099/2632
f 2815/2100/2652 2814/2101/2651 2799/2102/2636 2798/2103/2635
f 2817/2104/2654 2816/2105/2653 2810/2106/2647 2809/2107/2646
f 2819/2108/2656 2818/2109/2655 2802/2110/2639 2801/2111/2638
f 2816/2105/2653 2820/2112/2657 2811/2113/2648 2810/2106/2647
f 2821/2114/2658 2815/2100/2652 2798/2103/2635 2797/2115/2634
f 2822/2116/2659 2813/2096/2650 2795/2099/2632 2790/2117/2627
f 2824/2118/2661 2823/2119/2660 2805/2120/2642 2804/2121/2641
f 2812/2097/2649 2817/2104/2654 2809/2107/2646 2808/2098/2645
f 2825/2122/2662 2819/2108/2656 2801/2111/2638 2800/2123/2637
f 2827/2124/2664 2826/2125/2663 2807/2126/2644 2806/2127/2643
f 2828/2128/2665 2824/2118/2661 2804/2121/2641 2803/2129/2640
f 2829/2130/2666 2821/2114/2658 2797/2115/2634 2796/2131/2633
f 2826/2132/2663 2822/2116/2659 2790/2117/2627 2807/2133/2644
f 2823/2119/2660 2827/2124/2664 2806/2127/2643 2805/2120/2642
f 2814/2101/2651 2825/2122/2662 2800/2123/2637 2799/2102/2636
f 2818/2109/2655 2828/2128/2665 2803/2129/2640 2802/2110/2639
f 2820/2112/2657 2829/2130/2666 2796/2131/2633 2811/2113/2648
f 2794/2094/2631 2742/2080/2579 2829/2130/2666 2820/2112/2657
f 2748/2086/2585 2749/2087/2586 2828/2128/2665 2818/2109/2655
f 2745/2083/2582 2746/2084/2583 2825/2122/2662 2814/2101/2651
f 2751/2089/2588 2752/2090/2589 2827/2124/2664 2823/2119/2660
f 2753/2075/2590 2736/2074/2573 2822/2116/2659 2826/2132/2663
f 2742/2080/2579 2743/2081/2580 2821/2114/2658 2829/2130/2666
f 2749/2087/2586 2750/2088/2587 2824/2118/2661 2828/2128/2665
f 2752/2090/2589 2753/2091/2590 2826/2125/2663 2827/2124/2664
f 2746/2084/2583 2747/2085/2584 2819/2108/2656 2825/2122/2662
f 2791/2093/2628 2792/2092/2629 2817/2104/2654 2812/2097/2649
f 2750/2088/2587 2751/2089/2588 2823/2119/2660 2824/2118/2661
f 2736/2074/2573 2737/2073/2574 2813/2096/2650 2822/2116/2659
f 2743/2081/2580 2744/2082/2581 2815/2100/2652 2821/2114/2658
f 2793/2095/2630 2794/2094/2631 2820/2112/2657 2816/2105/2653
f 2747/2085/2584 2748/2086/2585 2818/2109/2655 2819/2108/2656
f 2792/2092/2629 2793/2095/2630 2816/2105/2653 2817/2104/2654
f 2744/2082/2581 2745/2083/2582 2814/2101/2651 2815/2100/2652
f 2737/2073/2574 2791/2093/2628 2812/2097/2649 2813/2096/2650
f 2592/1889/2429 2646/1958/2483 2649/1919/2486 2593/1890/2430
o socks_right
v -0.140059 0.391774 -0.129292
v -0.113170 0.391774 -0.124551
v -0.089524 0.391774 -0.110899
v -0.071973 0.391774 -0.089983
v -0.062635 0.391774 -0.064326
v -0.062635 0.391774 -0.037022
v -0.071973 0.391143 -0.011365
v -0.089524 0.388772 0.009551
v -0.113170 0.385890 0.023203
v -0.140059 0.384448 0.027944
v -0.166948 0.385890 0.023203
v -0.190593 0.388820 0.009551
v -0.208144 0.391433 -0.011365
v -0.217482 0.392372 -0.037022
v -0.217482 0.392528 -0.064326
v -0.208144 0.392372 -0.089983
v -0.190593 0.392064 -0.110899
v -0.166948 0.391822 -0.124551
v -0.140059 0.397236 -0.133916
v -0.111588 0.397236 -0.128896
v -0.086552 0.397236 -0.114441
v -0.067969 0.397236 -0.092295
v -0.058081 0.397236 -0.065129
v -0.058081 0.397236 -0.036219
v -0.067969 0.396769 -0.009053
v -0.086552 0.394456 0.013093
v -0.111588 0.391504 0.027548
v -0.140059 0.389910 0.032568
v -0.168529 0.391504 0.027548
v -0.193565 0.394492 0.013093
v -0.212148 0.397045 -0.009053
v -0.222036 0.397834 -0.036219
v -0.222036 0.398001 -0.065129
v -0.212148 0.397834 -0.092295
v -0.193565 0.397512 -0.114441
v -0.168529 0.397272 -0.128896
v -0.140059 0.398786 -0.138754
v -0.109933 0.398786 -0.133442
v -0.083442 0.398786 -0.118147
v -0.063779 0.398786 -0.094714
v -0.053316 0.398786 -0.065969
v -0.053316 0.398786 -0.035379
v -0.063779 0.398473 -0.006634
v -0.083442 0.396261 0.016800
v -0.109933 0.393177 0.032095
v -0.140059 0.391460 0.037407
v -0.170184 0.393177 0.032095
v -0.196676 0.396285 0.016800
v -0.216338 0.398729 -0.006634
v -0.226801 0.399372 -0.035379
v -0.226801 0.399551 -0.065969
v -0.216338 0.399372 -0.094714
v -0.196676 0.399041 -0.118147
v -0.170184 0.398810 -0.133442
v -0.140059 0.398304 -0.142109
v -0.108786 0.398304 -0.136595
v -0.081285 0.398304 -0.120717
v -0.060873 0.398304 -0.096391
v -0.050013 0.398304 -0.066551
v -0.050013 0.398304 -0.034796
v -0.060873 0.398083 -0.004956
v -0.081285 0.395957 0.019369
v -0.108786 0.392814 0.035247
v -0.140059 0.390979 0.040761
v -0.171331 0.392814 0.035247
v -0.198832 0.395973 0.019369
v -0.219244 0.398322 -0.004956
v -0.230104 0.398878 -0.034796
v -0.230104 0.399069 -0.066551
v -0.219244 0.398878 -0.096391
v -0.198832 0.398543 -0.120717
v -0.171331 0.398321 -0.136595
v -0.140059 0.395653 -0.145864
v -0.107501 0.395653 -0.140124
v -0.078871 0.395653 -0.123594
v -0.057621 0.395653 -0.098269
v -0.046314 0.395653 -0.067203
v -0.046314 0.395653 -0.034144
v -0.057621 0.395516 -0.003079
v -0.078871 0.393504 0.022246
v -0.107501 0.390301 0.038776
v -0.140059 0.388327 0.044517
v -0.172616 0.390301 0.038776
v -0.201246 0.393513 0.022246
v -0.222496 0.395734 -0.003079
v -0.233803 0.396212 -0.034144
v -0.233803 0.396418 -0.067203
v -0.222496 0.396212 -0.098269
v -0.201246 0.395872 -0.123594
v -0.172616 0.395662 -0.140124
v -0.140059 0.390097 -0.146228
v -0.107377 0.390097 -0.140466
v -0.078637 0.390097 -0.123873
v -0.057306 0.390097 -0.098451
v -0.045956 0.390097 -0.067267
v -0.045956 0.390097 -0.034081
v -0.057306 0.389966 -0.002897
v -0.078637 0.387961 0.022525
v -0.107377 0.384794 0.039118
v -0.140059 0.382771 0.044881
v -0.172740 0.384794 0.039118
v -0.201480 0.387968 0.022525
v -0.222811 0.390179 -0.002897
v -0.234161 0.390651 -0.034081
v -0.234161 0.390862 -0.067267
v -0.222811 0.390651 -0.098451
v -0.201480 0.390310 -0.123873
v -0.172740 0.390105 -0.140466
v -0.140059 0.371551 -0.146834
v -0.107170 0.371551 -0.141035
v -0.078248 0.371551 -0.124337
v -0.056782 0.371551 -0.098754
v -0.045359 0.371551 -0.067372
v -0.045359 0.371551 -0.033976
v -0.056782 0.371485 -0.002594
v -0.078248 0.369726 0.022989
v -0.107170 0.366692 0.039687
v -0.140059 0.364831 0.045486
v -0.172947 0.366692 0.039687
v -0.201869 0.369727 0.022989
v -0.223336 0.371654 -0.002594
v -0.234758 0.372058 -0.033976
v -0.234758 0.372253 -0.067372
v -0.223336 0.372058 -0.098754
v -0.201869 0.371720 -0.124337
v -0.172947 0.371552 -0.141035
v -0.140059 0.301663 -0.146815
v -0.107170 0.301661 -0.141008
v -0.078248 0.301669 -0.124337
v -0.056782 0.301669 -0.098754
v -0.045359 0.301669 -0.067372
v -0.045359 0.301669 -0.033976
v -0.056782 0.301669 -0.002594
v -0.078248 0.301669 0.022989
v -0.106777 0.302090 0.039729
v -0.138642 0.303291 0.045638
v -0.172224 0.302583 0.039765
v -0.201869 0.301669 0.022989
v -0.223336 0.301669 -0.002594
v -0.234758 0.301687 -0.033976
v -0.234758 0.301721 -0.067372
v -0.223336 0.301687 -0.098754
v -0.201869 0.301669 -0.124337
v -0.172947 0.301667 -0.141027
v -0.143789 0.268932 -0.152160
v -0.108901 0.270557 -0.146033
v -0.078223 0.272139 -0.128822
v -0.055453 0.273562 -0.102441
v -0.043337 0.274294 -0.068744
v -0.043337 0.274294 -0.032604
v -0.055453 0.273747 0.001357
v -0.078223 0.272719 0.029042
v -0.107294 0.273553 0.047286
v -0.140342 0.274371 0.053759
v -0.176856 0.270722 0.047311
v -0.209350 0.266810 0.029047
v -0.232130 0.265771 0.001360
v -0.244248 0.265241 -0.032602
v -0.244249 0.265266 -0.068745
v -0.232131 0.265452 -0.102110
v -0.209358 0.266042 -0.128323
v -0.178677 0.267330 -0.145802
v -0.144983 0.261460 -0.153376
v -0.109349 0.263108 -0.147141
v -0.078010 0.264738 -0.129702
v -0.054748 0.266291 -0.103191
v -0.042370 0.267184 -0.069133
v -0.042370 0.267191 -0.032215
v -0.054748 0.266638 0.002475
v -0.078010 0.265599 0.030753
v -0.107601 0.266627 0.049394
v -0.141426 0.267380 0.055993
v -0.178866 0.263446 0.049385
v -0.211944 0.259618 0.030739
v -0.235198 0.258580 0.002463
v -0.247570 0.258045 -0.032220
v -0.247572 0.258037 -0.069128
v -0.235198 0.258102 -0.102821
v -0.211945 0.258588 -0.129202
v -0.180614 0.259837 -0.146867
v -0.143818 0.249882 -0.151041
v -0.108384 0.251512 -0.144855
v -0.077224 0.253213 -0.127831
v -0.054096 0.254933 -0.102135
v -0.041790 0.256045 -0.069021
v -0.041790 0.256132 -0.032320
v -0.054096 0.255588 0.002173
v -0.077224 0.254565 0.030293
v -0.106791 0.255387 0.048817
v -0.140487 0.256061 0.055376
v -0.177564 0.252393 0.048827
v -0.210412 0.248675 0.030293
v -0.233540 0.247652 0.002173
v -0.245847 0.247125 -0.032320
v -0.245848 0.246969 -0.068924
v -0.233541 0.246794 -0.101563
v -0.210412 0.247098 -0.127176
v -0.179252 0.248279 -0.144564
v -0.143818 0.215275 -0.134630
v -0.112033 0.215254 -0.128841
v -0.084078 0.215714 -0.114086
v -0.063327 0.216828 -0.092764
v -0.052284 0.217992 -0.065546
v -0.052284 0.218790 -0.034205
v -0.063327 0.218955 -0.003264
v -0.084078 0.218955 0.021958
v -0.111637 0.219536 0.038461
v -0.142570 0.221761 0.044202
v -0.174813 0.220482 0.038379
v -0.203557 0.218955 0.021958
v -0.224314 0.218955 -0.003261
v -0.235368 0.218801 -0.034204
v -0.235369 0.218021 -0.065615
v -0.224314 0.216873 -0.092899
v -0.203557 0.215778 -0.114280
v -0.175603 0.215331 -0.129072
v -0.143818 0.238512 -0.142230
v -0.143818 0.232575 -0.139448
v -0.111408 0.234097 -0.133619
v -0.110753 0.240048 -0.136406
v -0.082990 0.235789 -0.118313
v -0.081688 0.241723 -0.120758
v -0.061933 0.237646 -0.095744
v -0.060117 0.243523 -0.097435
v -0.050737 0.239038 -0.066871
v -0.048640 0.244827 -0.067500
v -0.050737 0.239497 -0.033930
v -0.048640 0.245152 -0.033552
v -0.061933 0.239001 -0.002443
v -0.060116 0.244641 -0.001373
v -0.082990 0.238049 0.023282
v -0.081688 0.243679 0.024865
v -0.110279 0.238277 0.040307
v -0.109415 0.244212 0.042152
v -0.141518 0.238250 0.046490
v -0.141118 0.244441 0.048325
v -0.175241 0.235377 0.040678
v -0.175579 0.241301 0.042310
v -0.205107 0.232571 0.023842
v -0.206134 0.238144 0.025091
v -0.226534 0.231620 -0.001953
v -0.227866 0.237183 -0.001168
v -0.237967 0.231093 -0.033738
v -0.239454 0.236681 -0.033470
v -0.237963 0.230552 -0.066782
v -0.239451 0.236255 -0.067332
v -0.226532 0.230061 -0.095614
v -0.227865 0.235856 -0.097023
v -0.205107 0.230096 -0.118227
v -0.206133 0.235970 -0.120338
v -0.176359 0.231091 -0.133711
v -0.176935 0.237011 -0.136279
v -0.143818 0.209751 -0.137820
v -0.110644 0.209729 -0.131784
v -0.081469 0.210254 -0.116487
v -0.059813 0.211479 -0.094435
v -0.048289 0.212730 -0.066175
v -0.048289 0.213568 -0.033488
v -0.059813 0.213727 -0.001194
v -0.081469 0.213727 0.025131
v -0.110413 0.214088 0.042335
v -0.142749 0.217327 0.048256
v -0.176129 0.215658 0.042184
v -0.206153 0.213762 0.025128
v -0.227823 0.213727 -0.001194
v -0.239348 0.213578 -0.033489
v -0.239349 0.212756 -0.066235
v -0.227824 0.211521 -0.094558
v -0.206167 0.210315 -0.116672
v -0.176992 0.209804 -0.132007
v -0.177701 0.177022 -0.129969
v -0.207627 0.177758 -0.114929
v -0.229618 0.179066 -0.093324
v -0.241829 0.179121 -0.065485
v -0.241922 0.180395 -0.033004
v -0.229643 0.182133 -0.000135
v -0.207450 0.182408 0.026737
v -0.176599 0.186263 0.043123
v -0.142268 0.189583 0.045390
v -0.109603 0.184695 0.042881
v -0.080137 0.182283 0.026750
v -0.058018 0.182283 -0.000137
v -0.046248 0.181943 -0.032998
v -0.046248 0.180850 -0.065467
v -0.058018 0.179308 -0.093291
v -0.080137 0.177746 -0.114791
v -0.109935 0.176986 -0.129861
v -0.143818 0.176997 -0.135988
v -0.143818 0.184849 -0.143216
v -0.107742 0.184833 -0.136682
v -0.076016 0.185600 -0.120487
v -0.052469 0.187185 -0.097287
v -0.039940 0.188707 -0.067195
v -0.039940 0.189704 -0.031978
v -0.052469 0.189895 0.003132
v -0.076016 0.189895 0.031761
v -0.107621 0.190890 0.050099
v -0.142862 0.196583 0.055124
v -0.178732 0.193321 0.050048
v -0.211543 0.190093 0.031740
v -0.235167 0.189877 0.003132
v -0.247699 0.188719 -0.031978
v -0.247714 0.187596 -0.067194
v -0.235168 0.187157 -0.097349
v -0.211620 0.185634 -0.120594
v -0.179895 0.184882 -0.136826
v -0.143818 0.194333 -0.145107
v -0.143818 0.189500 -0.145136
v -0.107271 0.189482 -0.138511
v -0.107470 0.194313 -0.138512
v -0.075132 0.190225 -0.122016
v -0.075506 0.195015 -0.122023
v -0.051278 0.191781 -0.098346
v -0.051782 0.196517 -0.098335
v -0.038585 0.193270 -0.067656
v -0.039158 0.197962 -0.067673
v -0.038585 0.194218 -0.031744
v -0.039158 0.198875 -0.031847
v -0.051278 0.194366 0.003833
v -0.051782 0.199008 0.003536
v -0.075132 0.194367 0.032836
v -0.075506 0.199008 0.032381
v -0.107217 0.194889 0.051729
v -0.107425 0.199437 0.051188
v -0.143118 0.200448 0.057727
v -0.143135 0.204712 0.057487
v -0.179191 0.197707 0.051441
v -0.179032 0.202192 0.050896
v -0.212425 0.194571 0.032814
v -0.212054 0.199204 0.032361
v -0.236358 0.194366 0.003833
v -0.235854 0.199008 0.003536
v -0.249052 0.193594 -0.031744
v -0.248479 0.198575 -0.031847
v -0.249053 0.192550 -0.067667
v -0.248480 0.197592 -0.067700
v -0.236359 0.191806 -0.098421
v -0.235855 0.196546 -0.098423
v -0.212504 0.190265 -0.122139
v -0.212130 0.195061 -0.122164
v -0.180365 0.189538 -0.138673
v -0.180166 0.194374 -0.138692
v -0.048540 0.316922 -0.066811
v -0.049220 0.328683 -0.066691
v -0.049220 0.328684 -0.034657
v -0.048540 0.316923 -0.034537
v -0.220537 0.316955 -0.004210
v -0.219940 0.328716 -0.004554
v -0.230893 0.328850 -0.034657
v -0.231569 0.317088 -0.034538
v -0.060176 0.328665 -0.004554
v -0.059578 0.316904 -0.004208
v -0.230892 0.328932 -0.066690
v -0.231566 0.317170 -0.066809
v -0.080759 0.328131 0.019997
v -0.080303 0.316374 0.020540
v -0.219937 0.328849 -0.096792
v -0.220532 0.317086 -0.097135
v -0.108498 0.327092 0.036039
v -0.108206 0.315399 0.036740
v -0.140059 0.316920 -0.143605
v -0.140059 0.328682 -0.142913
v -0.108511 0.328683 -0.137351
v -0.108274 0.316921 -0.138000
v -0.199348 0.328734 -0.121332
v -0.199792 0.316971 -0.121861
v -0.139992 0.326397 0.041624
v -0.139534 0.315333 0.042434
v -0.080768 0.328683 -0.121333
v -0.080324 0.316921 -0.121863
v -0.171606 0.328683 -0.137351
v -0.171843 0.316921 -0.138000
v -0.171619 0.327092 0.036039
v -0.171714 0.315579 0.036753
v -0.060177 0.328683 -0.096794
v -0.059578 0.316921 -0.097139
v -0.199358 0.328131 0.019997
v -0.199814 0.316374 0.020540
v -0.178493 0.171515 -0.131167
v -0.209036 0.170335 -0.115568
v -0.230995 0.168797 -0.093694
v -0.244896 0.164836 -0.065824
v -0.246408 0.165966 -0.033053
v -0.232335 0.169513 -0.000245
v -0.208242 0.172784 0.027440
v -0.177296 0.180392 0.043569
v -0.142213 0.188392 0.045269
v -0.109126 0.181543 0.043758
v -0.079300 0.178597 0.028056
v -0.056809 0.178872 0.000715
v -0.044842 0.178696 -0.032715
v -0.044842 0.177596 -0.065783
v -0.056809 0.175880 -0.094069
v -0.079300 0.173997 -0.115887
v -0.109598 0.172833 -0.131171
v -0.144050 0.172411 -0.137368
v -0.176832 0.133313 -0.123924
v -0.206444 0.122803 -0.109373
v -0.232604 0.123853 -0.094992
v -0.243408 0.111908 -0.067279
v -0.245169 0.117299 -0.033614
v -0.235397 0.127690 0.000676
v -0.207619 0.136298 0.027115
v -0.177016 0.162152 0.042419
v -0.141418 0.173979 0.042865
v -0.108216 0.163056 0.042680
v -0.079102 0.148083 0.027405
v -0.061640 0.140833 -0.000458
v -0.051532 0.143714 -0.034162
v -0.049646 0.143230 -0.066464
v -0.056794 0.145223 -0.093110
v -0.077712 0.140099 -0.114456
v -0.109153 0.135992 -0.123364
v -0.143326 0.135576 -0.129511
v -0.178829 0.146735 -0.127638
v -0.178908 0.156451 -0.129927
v -0.213471 0.151792 -0.116558
v -0.212998 0.142317 -0.114121
v -0.236093 0.148949 -0.095946
v -0.236002 0.141020 -0.095907
v -0.252775 0.132163 -0.067987
v -0.253749 0.141024 -0.067954
v -0.253739 0.144568 -0.033658
v -0.252821 0.136513 -0.033546
v -0.238070 0.151083 0.000035
v -0.238102 0.144222 0.000103
v -0.210274 0.149645 0.028524
v -0.210257 0.156794 0.028463
v -0.177530 0.175173 0.043730
v -0.177795 0.167281 0.043900
v -0.142089 0.186005 0.044995
v -0.141997 0.183460 0.044790
v -0.108427 0.172666 0.043960
v -0.108943 0.179417 0.043810
v -0.078045 0.165746 0.029380
v -0.076131 0.154325 0.027970
v -0.055177 0.166028 0.001579
v -0.055056 0.158616 0.001597
v -0.042882 0.158377 -0.032313
v -0.043008 0.165820 -0.032359
v -0.043008 0.164761 -0.065979
v -0.042882 0.157284 -0.065814
v -0.055177 0.163005 -0.094821
v -0.055056 0.155593 -0.094744
v -0.076928 0.151295 -0.116666
v -0.077529 0.159850 -0.116781
v -0.108853 0.157827 -0.129920
v -0.108750 0.148106 -0.127627
v -0.143884 0.157407 -0.136226
v -0.143793 0.147687 -0.133937
v -0.175035 0.134524 -0.116111
v -0.227323 0.108954 -0.094630
v -0.234437 0.097153 -0.067131
v -0.236064 0.102406 -0.032879
v -0.232686 0.112963 0.001283
v -0.203146 0.127395 -0.102008
v -0.202658 0.136534 0.020588
v -0.174690 0.160003 0.034646
v -0.142055 0.169985 0.035084
v -0.111515 0.161069 0.034860
v -0.083019 0.143332 0.019418
v -0.068318 0.139395 -0.005782
v -0.057669 0.142123 -0.037611
v -0.055226 0.144041 -0.064563
v -0.064363 0.144248 -0.088404
v -0.083549 0.139501 -0.107864
v -0.112375 0.135755 -0.116106
v -0.145318 0.130606 -0.121427
v -0.219295 0.111400 -0.089150
v -0.226536 0.101159 -0.064657
v -0.227912 0.106116 -0.034381
v -0.224002 0.115558 -0.003721
v -0.222871 0.107306 -0.092089
v -0.204432 0.119841 -0.106647
v -0.109810 0.159198 0.039385
v -0.141931 0.168806 0.039609
v -0.231095 0.101681 -0.033817
v -0.229242 0.096204 -0.066107
v -0.055342 0.140271 -0.034659
v -0.065035 0.137473 -0.002268
v -0.228009 0.111321 -0.001219
v -0.176297 0.158077 0.039160
v -0.175999 0.130040 -0.120594
v -0.080326 0.136708 -0.111586
v -0.060189 0.141772 -0.091059
v -0.081716 0.144750 0.024645
v -0.143690 0.132270 -0.125965
v -0.110715 0.132674 -0.120034
v -0.053457 0.139762 -0.065560
v -0.205731 0.133377 0.024365
vn 0.0004 0.6464 0.7630
vn -0.2610 0.6461 0.7172
vn -0.4906 0.6461 0.5847
vn -0.6610 0.6461 0.3816
vn -0.7516 0.6461 0.1325
vn -0.7553 0.6428 -0.1280
vn -0.6831 0.6346 -0.3613
vn -0.5374 0.6316 -0.5588
vn -0.3046 0.6378 -0.7074
vn -0.0000 0.6439 -0.7651
vn 0.3049 0.6380 -0.7071
vn 0.5391 0.6322 -0.5565
vn 0.6854 0.6352 -0.3560
vn 0.7562 0.6426 -0.1232
vn 0.7522 0.6454 0.1326
vn 0.6635 0.6460 0.3774
vn 0.4946 0.6469 0.5805
vn 0.2635 0.6470 0.7156
vn 0.0004 0.8458 0.5335
vn -0.1826 0.8456 0.5017
vn -0.3432 0.8456 0.4090
vn -0.4623 0.8456 0.2669
vn -0.5257 0.8456 0.0927
vn -0.5315 0.8425 -0.0879
vn -0.4963 0.8337 -0.2422
vn -0.4160 0.8276 -0.3769
vn -0.2513 0.8339 -0.4914
vn -0.0000 0.8412 -0.5408
vn 0.2516 0.8341 -0.4909
vn 0.4181 0.8282 -0.3733
vn 0.4988 0.8345 -0.2341
vn 0.5318 0.8430 -0.0805
vn 0.5255 0.8457 0.0927
vn 0.4651 0.8462 0.2600
vn 0.3483 0.8467 0.4022
vn 0.1858 0.8465 0.4990
vn 0.0003 0.9983 0.0582
vn -0.0201 0.9983 0.0553
vn -0.0378 0.9983 0.0450
vn -0.0509 0.9983 0.0294
vn -0.0579 0.9983 0.0102
vn -0.0662 0.9978 -0.0076
vn -0.0968 0.9952 -0.0115
vn -0.1289 0.9914 -0.0219
vn -0.1030 0.9934 -0.0503
vn -0.0000 0.9979 -0.0647
vn 0.1030 0.9934 -0.0496
vn 0.1302 0.9913 -0.0172
vn 0.0979 0.9952 -0.0018
vn 0.0654 0.9979 0.0011
vn 0.0573 0.9983 0.0101
vn 0.0532 0.9984 0.0210
vn 0.0423 0.9984 0.0363
vn 0.0229 0.9984 0.0513
vn 0.0002 0.9199 -0.3921
vn 0.1340 0.9201 -0.3681
vn 0.2518 0.9201 -0.3000
vn 0.3392 0.9201 -0.1958
vn 0.3857 0.9201 -0.0680
vn 0.3801 0.9223 0.0694
vn 0.3021 0.9298 0.2104
vn 0.1727 0.9313 0.3208
vn 0.0592 0.9257 0.3736
vn -0.0000 0.9213 0.3890
vn -0.0592 0.9255 0.3741
vn -0.1718 0.9301 0.3246
vn -0.3011 0.9282 0.2188
vn -0.3807 0.9215 0.0771
vn -0.3860 0.9200 -0.0681
vn -0.3371 0.9193 -0.2033
vn -0.2480 0.9187 -0.3075
vn -0.1318 0.9191 -0.3713
vn 0.0001 0.4694 -0.8830
vn 0.3020 0.4695 -0.8297
vn 0.5675 0.4695 -0.6763
vn 0.7646 0.4695 -0.4415
vn 0.8695 0.4695 -0.1533
vn 0.8682 0.4717 0.1540
vn 0.7508 0.4834 0.4502
vn 0.5350 0.4847 0.6920
vn 0.2696 0.4728 0.8389
vn -0.0000 0.4596 0.8881
vn -0.2696 0.4726 0.8390
vn -0.5345 0.4833 0.6934
vn -0.7497 0.4817 0.4538
vn -0.8678 0.4713 0.1575
vn -0.8690 0.4706 -0.1532
vn -0.7630 0.4692 -0.4446
vn -0.5654 0.4679 -0.6793
vn -0.3009 0.4681 -0.8308
vn -0.0000 0.0489 -0.9988
vn 0.3416 0.0489 -0.9386
vn 0.6420 0.0489 -0.7651
vn 0.8650 0.0489 -0.4994
vn 0.9836 0.0489 -0.1734
vn 0.9836 0.0490 0.1735
vn 0.8642 0.0494 0.5007
vn 0.6391 0.0495 0.7675
vn 0.3381 0.0493 0.9398
vn -0.0000 0.0489 0.9988
vn -0.3381 0.0493 0.9398
vn -0.6390 0.0494 0.7676
vn -0.8640 0.0493 0.5011
vn -0.9835 0.0489 0.1739
vn -0.9836 0.0489 -0.1734
vn -0.8648 0.0489 -0.4997
vn -0.6417 0.0488 -0.7654
vn -0.3415 0.0489 -0.9386
vn -0.0000 -0.0291 -0.9996
vn 0.3419 -0.0291 -0.9393
vn 0.6425 -0.0291 -0.7657
vn 0.8657 -0.0291 -0.4998
vn 0.9844 -0.0291 -0.1736
vn 0.9844 -0.0290 0.1736
vn 0.8659 -0.0283 0.4995
vn 0.6433 -0.0294 0.7650
vn 0.3432 -0.0323 0.9387
vn -0.0000 -0.0348 0.9994
vn -0.3431 -0.0324 0.9387
vn -0.6434 -0.0295 0.7650
vn -0.8659 -0.0283 0.4994
vn -0.9844 -0.0287 0.1734
vn -0.9844 -0.0285 -0.1736
vn -0.8657 -0.0287 -0.4997
vn -0.6426 -0.0291 -0.7656
vn -0.3419 -0.0292 -0.9393
vn 0.0038 0.1821 -0.9833
vn 0.3394 0.1695 -0.9252
vn 0.6347 0.1612 -0.7557
vn 0.8574 0.1526 -0.4915
vn 0.9750 0.1437 -0.1695
vn 0.9750 0.1442 0.1692
vn 0.8584 0.1586 0.4878
vn 0.6426 0.1895 0.7424
vn 0.3543 0.2319 0.9059
vn 0.0112 0.2541 0.9671
vn -0.3320 0.2463 0.9106
vn -0.6245 0.2383 0.7438
vn -0.8427 0.2347 0.4845
vn -0.9581 0.2320 0.1682
vn -0.9582 0.2309 -0.1691
vn -0.8416 0.2259 -0.4905
vn -0.6231 0.2122 -0.7528
vn -0.3315 0.1965 -0.9228
vn -0.0048 0.1603 -0.9871
vn 0.3301 0.1289 -0.9351
vn 0.6248 0.1170 -0.7720
vn 0.8548 0.1154 -0.5059
vn 0.9788 0.1097 -0.1729
vn 0.9788 0.1127 0.1711
vn 0.8595 0.1371 0.4924
vn 0.6468 0.1827 0.7404
vn 0.3619 0.2390 0.9011
vn 0.0058 0.2820 0.9594
vn -0.3404 0.3054 0.8893
vn -0.6177 0.3260 0.7157
vn -0.8197 0.3379 0.4625
vn -0.9256 0.3433 0.1598
vn -0.9263 0.3391 -0.1641
vn -0.8175 0.3122 -0.4839
vn -0.6126 0.2592 -0.7467
vn -0.3357 0.2043 -0.9195
vn -0.0168 -0.0159 -0.9997
vn 0.3220 -0.0136 -0.9466
vn 0.6181 0.0165 -0.7859
vn 0.8529 0.0626 -0.5183
vn 0.9801 0.0902 -0.1769
vn 0.9802 0.0959 0.1730
vn 0.8609 0.1000 0.4989
vn 0.6493 0.1049 0.7532
vn 0.3561 0.1161 0.9272
vn -0.0101 0.1330 0.9911
vn -0.3579 0.1321 0.9244
vn -0.6509 0.1279 0.7483
vn -0.8666 0.1330 0.4809
vn -0.9770 0.1335 0.1661
vn -0.9767 0.1284 -0.1721
vn -0.8574 0.0973 -0.5054
vn -0.6357 0.0464 -0.7705
vn -0.3512 0.0046 -0.9363
vn 0.0200 -0.4058 -0.9137
vn 0.3282 -0.3793 -0.8651
vn 0.6028 -0.3339 -0.7246
vn 0.8298 -0.2793 -0.4831
vn 0.9547 -0.2466 -0.1664
vn 0.9559 -0.2441 0.1634
vn 0.8456 -0.2528 0.4702
vn 0.6387 -0.2718 0.7198
vn 0.3534 -0.2799 0.8926
vn 0.0259 -0.2822 0.9590
vn -0.2887 -0.3066 0.9070
vn -0.5871 -0.3314 0.7386
vn -0.8131 -0.3393 0.4729
vn -0.9254 -0.3412 0.1648
vn -0.9235 -0.3448 -0.1680
vn -0.7930 -0.3683 -0.4852
vn -0.5634 -0.3997 -0.7231
vn -0.2893 -0.4137 -0.8632
vn 0.0068 0.1311 -0.9913
vn 0.3248 0.1524 -0.9334
vn 0.5859 0.1957 -0.7864
vn 0.8071 0.2512 -0.5343
vn 0.9384 0.2885 -0.1900
vn 0.9418 0.2970 0.1575
vn 0.8317 0.2976 0.4686
vn 0.6284 0.2905 0.7216
vn 0.3581 0.2885 0.8880
vn 0.0121 0.2822 0.9593
vn -0.3409 0.2817 0.8969
vn -0.6261 0.2632 0.7340
vn -0.8440 0.2407 0.4793
vn -0.9592 0.2315 0.1625
vn -0.9555 0.2233 -0.1926
vn -0.8169 0.1943 -0.5430
vn -0.5869 0.1550 -0.7947
vn -0.3170 0.1310 -0.9393
vn 0.0225 -0.5270 -0.8496
vn 0.0142 -0.3508 -0.9363
vn 0.3226 -0.3385 -0.8840
vn 0.3040 -0.5230 -0.7963
vn 0.5911 -0.3084 -0.7453
vn 0.5512 -0.5046 -0.6645
vn 0.8221 -0.2654 -0.5037
vn 0.7598 -0.4757 -0.4431
vn 0.9575 -0.2299 -0.1742
vn 0.8786 -0.4527 -0.1517
vn 0.9614 -0.2196 0.1659
vn 0.8809 -0.4488 0.1505
vn 0.8513 -0.2207 0.4761
vn 0.7818 -0.4506 0.4310
vn 0.6433 -0.2211 0.7330
vn 0.5924 -0.4470 0.6703
vn 0.3525 -0.2236 0.9087
vn 0.3245 -0.4383 0.8382
vn 0.0163 -0.2171 0.9760
vn 0.0268 -0.4204 0.9069
vn -0.3141 -0.2137 0.9250
vn -0.2702 -0.4083 0.8719
vn -0.6169 -0.2245 0.7544
vn -0.5654 -0.4118 0.7146
vn -0.8428 -0.2332 0.4851
vn -0.7881 -0.4106 0.4586
vn -0.9572 -0.2344 0.1700
vn -0.9005 -0.4039 0.1614
vn -0.9530 -0.2454 -0.1777
vn -0.8970 -0.4105 -0.1641
vn -0.8116 -0.2790 -0.5133
vn -0.7611 -0.4423 -0.4745
vn -0.5742 -0.3175 -0.7546
vn -0.5315 -0.4817 -0.6967
vn -0.2991 -0.3430 -0.8904
vn -0.2675 -0.5122 -0.8162
vn 0.0031 0.4619 -0.8869
vn 0.2825 0.4705 -0.8359
vn 0.5027 0.4999 -0.7052
vn 0.6892 0.5407 -0.4824
vn 0.8052 0.5658 -0.1773
vn 0.8097 0.5719 0.1315
vn 0.7134 0.5735 0.4027
vn 0.5367 0.5717 0.6206
vn 0.3180 0.5795 0.7503
vn 0.0157 0.6121 0.7907
vn -0.3045 0.6024 0.7378
vn -0.5378 0.5801 0.6117
vn -0.7144 0.5725 0.4023
vn -0.8125 0.5679 0.1315
vn -0.8086 0.5612 -0.1765
vn -0.6917 0.5383 -0.4814
vn -0.5043 0.4985 -0.7052
vn -0.2803 0.4694 -0.8373
vn -0.3101 -0.2561 -0.9156
vn -0.5688 -0.2775 -0.7742
vn -0.7961 -0.2781 -0.5375
vn -0.9553 -0.2160 -0.2019
vn -0.9638 -0.1962 0.1808
vn -0.8288 -0.2572 0.4969
vn -0.5915 -0.2982 0.7491
vn -0.2218 -0.3796 0.8982
vn -0.0112 -0.4196 0.9076
vn 0.2428 -0.3002 0.9224
vn 0.6296 -0.1811 0.7555
vn 0.8598 -0.1573 0.4858
vn 0.9736 -0.1509 0.1714
vn 0.9702 -0.1544 -0.1865
vn 0.8185 -0.1725 -0.5480
vn 0.5746 -0.1931 -0.7954
vn 0.3129 -0.2167 -0.9247
vn 0.0020 -0.2409 -0.9706
vn 0.0013 -0.5291 -0.8485
vn 0.2785 -0.5248 -0.8044
vn 0.5182 -0.5117 -0.6853
vn 0.7362 -0.4898 -0.4670
vn 0.8694 -0.4690 -0.1555
vn 0.8721 -0.4629 0.1585
vn 0.7676 -0.4692 0.4366
vn 0.5535 -0.5022 0.6644
vn 0.2129 -0.5938 0.7759
vn -0.0206 -0.6116 0.7909
vn -0.2228 -0.5553 0.8012
vn -0.5403 -0.4882 0.6853
vn -0.7700 -0.4545 0.4478
vn -0.8857 -0.4329 0.1680
vn -0.8822 -0.4403 -0.1669
vn -0.7386 -0.4744 -0.4789
vn -0.5189 -0.5093 -0.6865
vn -0.2772 -0.5251 -0.8046
vn 0.0026 0.2164 -0.9763
vn 0.0020 -0.1878 -0.9822
vn 0.3181 -0.1795 -0.9309
vn 0.3122 0.2258 -0.9228
vn 0.5856 -0.1551 -0.7956
vn 0.5647 0.2550 -0.7849
vn 0.8282 -0.1193 -0.5476
vn 0.7881 0.2955 -0.5401
vn 0.9773 -0.0911 -0.1914
vn 0.9262 0.3229 -0.1947
vn 0.9818 -0.0822 0.1712
vn 0.9306 0.3309 0.1564
vn 0.8667 -0.0846 0.4917
vn 0.8212 0.3310 0.4649
vn 0.6453 -0.0969 0.7578
vn 0.6146 0.3311 0.7160
vn 0.3180 -0.1663 0.9334
vn 0.3461 0.3201 0.8819
vn -0.0099 -0.1648 0.9863
vn 0.0069 0.3514 0.9362
vn -0.3202 -0.1371 0.9374
vn -0.3385 0.3387 0.8779
vn -0.6346 -0.0935 0.7672
vn -0.6144 0.3300 0.7167
vn -0.8658 -0.0819 0.4936
vn -0.8221 0.3293 0.4645
vn -0.9820 -0.0779 0.1723
vn -0.9331 0.3241 0.1558
vn -0.9774 -0.0873 -0.1924
vn -0.9291 0.3151 -0.1935
vn -0.8281 -0.1163 -0.5484
vn -0.7901 0.2927 -0.5386
vn -0.5862 -0.1570 -0.7948
vn -0.5660 0.2528 -0.7847
vn -0.3166 -0.1816 -0.9310
vn -0.3104 0.2239 -0.9239
vn 0.9759 0.1344 -0.1721
vn 0.9847 -0.0164 -0.1736
vn 0.9847 -0.0164 0.1736
vn 0.9759 0.1344 0.1721
vn -0.8579 0.1346 0.4959
vn -0.8664 -0.0168 0.4990
vn -0.9847 -0.0163 0.1734
vn -0.9760 0.1335 0.1723
vn 0.8663 -0.0169 0.4992
vn 0.8579 0.1349 0.4958
vn -0.9847 -0.0164 -0.1736
vn -0.9760 0.1332 -0.1721
vn 0.6445 -0.0170 0.7644
vn 0.6366 0.1412 0.7581
vn -0.8660 -0.0163 -0.4997
vn -0.8582 0.1335 -0.4957
vn 0.3448 -0.0148 0.9386
vn 0.3409 0.1566 0.9270
vn 0.0001 0.1338 -0.9910
vn -0.0000 -0.0164 -0.9999
vn 0.3420 -0.0164 -0.9396
vn 0.3388 0.1338 -0.9313
vn -0.6429 -0.0163 -0.7658
vn -0.6369 0.1340 -0.7592
vn -0.0014 -0.0143 0.9999
vn 0.0015 0.1594 0.9872
vn 0.6427 -0.0164 -0.7659
vn 0.6369 0.1342 -0.7592
vn -0.3420 -0.0163 -0.9395
vn -0.3388 0.1341 -0.9313
vn -0.3446 -0.0176 0.9386
vn -0.3387 0.1465 0.9294
vn 0.8659 -0.0164 -0.4999
vn 0.8582 0.1344 -0.4955
vn -0.6443 -0.0178 0.7646
vn -0.6353 0.1373 0.7599
vn -0.3068 0.1077 -0.9457
vn -0.5643 0.1531 -0.8113
vn -0.7962 0.2187 -0.5641
vn -0.9318 0.2819 -0.2288
vn -0.9442 0.2875 0.1606
vn -0.8351 0.2171 0.5055
vn -0.6205 0.1344 0.7726
vn -0.2737 0.0615 0.9599
vn 0.0066 0.0546 0.9985
vn 0.2708 0.1504 0.9508
vn 0.6159 0.2479 0.7478
vn 0.8370 0.2671 0.4775
vn 0.9490 0.2716 0.1600
vn 0.9410 0.2703 -0.2037
vn 0.7891 0.2570 -0.5580
vn 0.5496 0.2088 -0.8089
vn 0.2988 0.1405 -0.9439
vn -0.0039 0.1022 -0.9948
vn -0.1722 -0.5104 -0.8425
vn -0.2672 -0.5124 -0.8161
vn -0.6843 -0.2973 -0.6659
vn -0.8783 -0.4244 -0.2200
vn -0.9051 -0.3848 0.1810
vn -0.8079 -0.2114 0.5501
vn -0.2703 -0.4498 0.8512
vn -0.0282 -0.3851 0.9225
vn 0.0038 -0.3513 0.9363
vn 0.0928 -0.3862 0.9177
vn 0.4367 -0.5132 0.7388
vn 0.7050 -0.6002 0.3778
vn 0.7903 -0.5995 0.1262
vn 0.8012 -0.5849 -0.1262
vn 0.7549 -0.4969 -0.4281
vn 0.5101 -0.5100 -0.6926
vn 0.2344 -0.5412 -0.8075
vn 0.0251 -0.5307 -0.8472
vn -0.2449 -0.2717 -0.9307
vn -0.2755 -0.1160 -0.9543
vn -0.5349 -0.0179 -0.8447
vn -0.4709 -0.2359 -0.8501
vn -0.7816 0.1009 -0.6156
vn -0.7251 -0.1810 -0.6644
vn -0.9366 -0.2371 -0.2580
vn -0.9603 0.1014 -0.2599
vn -0.9754 0.1176 0.1863
vn -0.9546 -0.2061 0.2150
vn -0.8357 0.1185 0.5363
vn -0.8181 -0.1087 0.5646
vn -0.5470 -0.0920 0.8320
vn -0.6015 0.0804 0.7949
vn -0.2533 0.0336 0.9668
vn -0.1941 -0.1003 0.9758
vn -0.0019 -0.0192 0.9998
vn 0.0055 -0.0768 0.9970
vn 0.2065 -0.0841 0.9748
vn 0.2499 0.0294 0.9678
vn 0.6116 0.0659 0.7884
vn 0.6345 -0.1557 0.7571
vn 0.8670 0.0849 0.4910
vn 0.8673 -0.1808 0.4637
vn 0.9611 -0.2194 0.1676
vn 0.9823 0.0805 0.1692
vn 0.9764 0.0776 -0.2017
vn 0.9658 -0.1990 -0.1662
vn 0.8221 0.0765 -0.5642
vn 0.8337 -0.1227 -0.5385
vn 0.5430 -0.1439 -0.8273
vn 0.5534 0.0167 -0.8328
vn 0.2862 -0.0966 -0.9533
vn 0.2584 -0.2355 -0.9369
vn 0.0030 -0.1513 -0.9885
vn 0.0065 -0.2766 -0.9610
vn 0.2858 -0.8124 0.5082
vn -0.4427 -0.6091 -0.6581
vn -0.5358 -0.8221 -0.1923
vn -0.5786 -0.7869 0.2145
vn -0.5372 -0.6219 0.5698
vn 0.6138 -0.5787 0.5369
vn 0.6848 -0.7266 -0.0563
vn 0.4580 -0.8674 -0.1945
vn 0.0115 -0.9618 -0.2737
vn -0.3586 -0.9275 -0.1057
vn -0.3107 -0.9473 0.0784
vn -0.3260 -0.9407 -0.0939
vn -0.7088 -0.6957 -0.1165
vn -0.7662 -0.6409 0.0478
vn -0.4819 -0.8136 0.3254
vn -0.1436 -0.8419 0.5202
vn -0.0014 -0.9224 0.3863
vn 0.0361 -0.9665 0.2540
vn 0.7961 -0.5684 0.2078
vn 0.8322 -0.5511 0.0612
vn 0.8079 -0.5781 0.1146
vn 0.7472 -0.6638 0.0334
vn 0.3711 -0.8772 -0.3045
vn 0.4027 -0.9020 -0.1558
vn -0.2230 -0.8490 0.4791
vn 0.0074 -0.9232 0.3841
vn 0.3609 -0.9115 0.1971
vn 0.3592 -0.9318 -0.0523
vn 0.1473 -0.9885 -0.0347
vn 0.1893 -0.9680 0.1647
vn 0.3106 -0.8908 0.3317
vn 0.3638 -0.8198 0.4422
vn 0.1147 -0.9755 -0.1877
vn 0.1954 -0.9771 -0.0843
vn 0.1831 -0.9824 -0.0366
vn -0.0145 -0.9047 0.4259
vn 0.0378 -0.9506 -0.3080
vn 0.1135 -0.9799 -0.1642
vn -0.0054 -0.9999 -0.0111
vn 0.3982 -0.8169 0.4173
vt 0.004711 0.985509
vt 0.006952 0.975832
vt 0.009400 0.976331
vt 0.007098 0.986443
vt 0.008997 0.954362
vt 0.009679 0.943186
vt 0.012184 0.943316
vt 0.011501 0.954548
vt 0.013418 0.874274
vt 0.014436 0.863069
vt 0.016967 0.863404
vt 0.015942 0.874716
vt 0.009558 0.797718
vt 0.007348 0.788024
vt 0.009735 0.787080
vt 0.012027 0.797218
vt 0.012467 0.885809
vt 0.014991 0.886132
vt 0.010717 0.808239
vt 0.013212 0.807926
vt 0.011826 0.897401
vt 0.014333 0.897586
vt 0.011661 0.819281
vt 0.014179 0.818898
vt 0.011211 0.908946
vt 0.013754 0.909063
vt 0.012873 0.830484
vt 0.015388 0.829991
vt 0.010749 0.920454
vt 0.013259 0.920532
vt 0.014164 0.841497
vt 0.016686 0.841107
vt 0.008145 0.965317
vt 0.010636 0.965591
vt 0.010253 0.931870
vt 0.012759 0.931960
vt 0.014896 0.852250
vt 0.017412 0.852222
vt 0.015549 0.909146
vt 0.015033 0.920598
vt 0.017166 0.829727
vt 0.018468 0.840906
vt 0.013269 0.954690
vt 0.012375 0.965802
vt 0.014531 0.932035
vt 0.019194 0.852199
vt 0.011145 0.976702
vt 0.013955 0.943417
vt 0.018754 0.863558
vt 0.008773 0.987226
vt 0.017728 0.874929
vt 0.011432 0.786296
vt 0.013765 0.796845
vt 0.016765 0.886298
vt 0.014969 0.807695
vt 0.016107 0.897698
vt 0.015945 0.818668
vt 0.014447 0.954795
vt 0.013545 0.965950
vt 0.016216 0.920657
vt 0.015714 0.932100
vt 0.019647 0.840819
vt 0.020403 0.852182
vt 0.012297 0.976952
vt 0.015136 0.943498
vt 0.019937 0.863610
vt 0.009920 0.987746
vt 0.018900 0.875008
vt 0.012572 0.785763
vt 0.014916 0.796606
vt 0.017938 0.886366
vt 0.016138 0.807550
vt 0.017293 0.897753
vt 0.017109 0.818548
vt 0.016720 0.909200
vt 0.018331 0.829609
vt 0.015131 0.966148
vt 0.013851 0.977281
vt 0.017325 0.932195
vt 0.016741 0.943612
vt 0.022047 0.852158
vt 0.021525 0.863632
vt 0.011524 0.988380
vt 0.016061 0.954939
vt 0.020469 0.875056
vt 0.014180 0.785117
vt 0.016483 0.796286
vt 0.019528 0.886425
vt 0.017711 0.807353
vt 0.018907 0.897820
vt 0.018681 0.818409
vt 0.018312 0.909273
vt 0.019890 0.829503
vt 0.017827 0.920740
vt 0.021231 0.840747
vt 0.015762 0.977644
vt 0.013556 0.988876
vt 0.018692 0.943751
vt 0.018007 0.955117
vt 0.023475 0.863606
vt 0.022420 0.875059
vt 0.016222 0.784598
vt 0.018395 0.795945
vt 0.021477 0.886471
vt 0.019638 0.807119
vt 0.020871 0.897898
vt 0.020611 0.818254
vt 0.020266 0.909363
vt 0.021830 0.829418
vt 0.019786 0.920844
vt 0.023177 0.840705
vt 0.017056 0.966394
vt 0.019281 0.932314
vt 0.024035 0.852125
vt 0.023096 0.783420
vt 0.024822 0.794949
vt 0.028832 0.875084
vt 0.027976 0.886610
vt 0.026069 0.806374
vt 0.027422 0.898143
vt 0.027021 0.817725
vt 0.026796 0.909663
vt 0.028188 0.829088
vt 0.026323 0.921192
vt 0.029548 0.840500
vt 0.024470 0.955746
vt 0.023491 0.967203
vt 0.025800 0.932730
vt 0.030428 0.851997
vt 0.022185 0.978646
vt 0.025177 0.944248
vt 0.029874 0.863544
vt 0.020401 0.990174
vt 0.052980 0.875157
vt 0.052648 0.863011
vt 0.064281 0.863354
vt 0.065679 0.875706
vt 0.049821 0.792344
vt 0.048605 0.780654
vt 0.058879 0.778582
vt 0.059588 0.791064
vt 0.052781 0.887068
vt 0.065853 0.887615
vt 0.050771 0.804045
vt 0.060427 0.803561
vt 0.052338 0.898965
vt 0.065708 0.899576
vt 0.051510 0.815789
vt 0.061350 0.815970
vt 0.051808 0.910857
vt 0.064989 0.911527
vt 0.052085 0.827578
vt 0.062362 0.828177
vt 0.051122 0.922729
vt 0.064122 0.923233
vt 0.052365 0.839303
vt 0.062594 0.839783
vt 0.048094 0.969845
vt 0.048790 0.958092
vt 0.060338 0.957874
vt 0.059115 0.969669
vt 0.050354 0.934557
vt 0.063024 0.934626
vt 0.052227 0.850858
vt 0.062763 0.851059
vt 0.047333 0.981555
vt 0.058063 0.981610
vt 0.049583 0.946338
vt 0.061691 0.946194
vt 0.046153 0.993211
vt 0.056901 0.993718
vt 0.068404 0.875971
vt 0.068612 0.887829
vt 0.062147 0.790798
vt 0.062956 0.803453
vt 0.068492 0.899750
vt 0.063877 0.816006
vt 0.067763 0.911660
vt 0.064915 0.828344
vt 0.066884 0.923177
vt 0.065090 0.840005
vt 0.062981 0.957690
vt 0.061751 0.969566
vt 0.065752 0.934421
vt 0.065348 0.851307
vt 0.060744 0.981605
vt 0.064369 0.945965
vt 0.067016 0.863660
vt 0.059783 0.993842
vt 0.061584 0.778227
vt 0.072483 0.887701
vt 0.072358 0.899850
vt 0.066860 0.803133
vt 0.067724 0.815560
vt 0.071650 0.911981
vt 0.068765 0.827845
vt 0.070858 0.923463
vt 0.068964 0.839498
vt 0.067046 0.958361
vt 0.065835 0.970313
vt 0.069817 0.934782
vt 0.069324 0.850848
vt 0.064897 0.982298
vt 0.068465 0.946491
vt 0.070930 0.863228
vt 0.064247 0.994260
vt 0.072259 0.875663
vt 0.065829 0.778409
vt 0.066140 0.790646
vt 0.070969 0.970706
vt 0.072029 0.958668
vt 0.074306 0.958774
vt 0.073301 0.970861
vt 0.070027 0.982563
vt 0.072418 0.982685
vt 0.069501 0.993846
vt 0.071914 0.993750
vt 0.070904 0.790589
vt 0.070899 0.779140
vt 0.073212 0.779440
vt 0.073149 0.790592
vt 0.071453 0.802867
vt 0.073594 0.802750
vt 0.072243 0.815264
vt 0.074340 0.815148
vt 0.073208 0.827558
vt 0.075288 0.827451
vt 0.073631 0.839327
vt 0.075815 0.839290
vt 0.074087 0.850844
vt 0.076359 0.850913
vt 0.075518 0.863219
vt 0.077690 0.863279
vt 0.076644 0.875667
vt 0.078685 0.875679
vt 0.076798 0.887804
vt 0.078814 0.887852
vt 0.076566 0.900047
vt 0.078575 0.900139
vt 0.075998 0.912147
vt 0.078044 0.912200
vt 0.075392 0.923545
vt 0.077507 0.923553
vt 0.074567 0.934899
vt 0.076755 0.934904
vt 0.073357 0.946696
vt 0.075600 0.946745
vt 0.080612 0.959014
vt 0.080153 0.971291
vt 0.081305 0.946785
vt 0.079927 0.983176
vt 0.079746 0.993991
vt 0.080874 0.779866
vt 0.080838 0.790530
vt 0.080951 0.802405
vt 0.081343 0.814862
vt 0.081944 0.827214
vt 0.082404 0.839297
vt 0.082237 0.851140
vt 0.083020 0.863398
vt 0.083557 0.875721
vt 0.083327 0.887961
vt 0.082920 0.900339
vt 0.082472 0.912267
vt 0.082231 0.923553
vt 0.081933 0.934880
vt 0.085199 0.900422
vt 0.084766 0.912359
vt 0.083640 0.814816
vt 0.084256 0.827192
vt 0.084512 0.923538
vt 0.084781 0.839319
vt 0.082815 0.959066
vt 0.082408 0.971435
vt 0.084191 0.934803
vt 0.084335 0.851168
vt 0.082298 0.983431
vt 0.083534 0.946759
vt 0.085242 0.863351
vt 0.082180 0.994512
vt 0.085902 0.875701
vt 0.083297 0.779563
vt 0.083249 0.790409
vt 0.085636 0.887978
vt 0.083263 0.802319
vt 0.088533 0.983961
vt 0.088793 0.995543
vt 0.089517 0.946769
vt 0.088634 0.959185
vt 0.091031 0.863150
vt 0.092101 0.875645
vt 0.089872 0.778730
vt 0.089537 0.790160
vt 0.091714 0.888042
vt 0.089249 0.802133
vt 0.091232 0.900637
vt 0.089664 0.814712
vt 0.090966 0.912626
vt 0.090331 0.827126
vt 0.090520 0.923601
vt 0.090946 0.839328
vt 0.090225 0.934741
vt 0.089729 0.851195
vt 0.088428 0.971712
vt 0.092895 0.814616
vt 0.092551 0.802084
vt 0.096002 0.802103
vt 0.096321 0.814487
vt 0.094751 0.900783
vt 0.094986 0.888128
vt 0.098476 0.888242
vt 0.098221 0.900939
vt 0.092876 0.790214
vt 0.096514 0.790434
vt 0.095408 0.875652
vt 0.098957 0.875698
vt 0.093641 0.778899
vt 0.097579 0.779634
vt 0.094297 0.863080
vt 0.097906 0.863031
vt 0.092065 0.959241
vt 0.092993 0.946847
vt 0.096698 0.946995
vt 0.095813 0.959287
vt 0.092486 0.995429
vt 0.092011 0.983968
vt 0.095769 0.983711
vt 0.096418 0.994735
vt 0.092880 0.851034
vt 0.097164 0.850758
vt 0.093664 0.934825
vt 0.097356 0.935052
vt 0.091886 0.971736
vt 0.095556 0.971639
vt 0.094055 0.839208
vt 0.097440 0.839007
vt 0.093867 0.923716
vt 0.097582 0.923920
vt 0.093591 0.827032
vt 0.097043 0.826878
vt 0.094451 0.912763
vt 0.098002 0.912808
vt 0.090313 0.959214
vt 0.090126 0.971737
vt 0.090250 0.984003
vt 0.090624 0.995575
vt 0.091739 0.778728
vt 0.091202 0.790157
vt 0.090898 0.802105
vt 0.091280 0.814668
vt 0.091963 0.827084
vt 0.092543 0.839293
vt 0.091236 0.851151
vt 0.092645 0.863104
vt 0.093750 0.875645
vt 0.093348 0.888082
vt 0.092985 0.900709
vt 0.092701 0.912702
vt 0.092165 0.923650
vt 0.091920 0.934765
vt 0.091221 0.946799
vt 0.047676 0.875154
vt 0.047277 0.886968
vt 0.043128 0.886900
vt 0.043526 0.875153
vt 0.042962 0.781565
vt 0.044260 0.792960
vt 0.040052 0.793413
vt 0.038730 0.782122
vt 0.047948 0.863278
vt 0.043885 0.863398
vt 0.044172 0.945859
vt 0.043414 0.957568
vt 0.039310 0.957172
vt 0.040105 0.945495
vt 0.041711 0.980884
vt 0.040459 0.992273
vt 0.036184 0.991718
vt 0.037488 0.980368
vt 0.047846 0.851314
vt 0.043933 0.851597
vt 0.044937 0.934121
vt 0.040847 0.933804
vt 0.042634 0.969265
vt 0.038510 0.968822
vt 0.047558 0.839660
vt 0.043465 0.839877
vt 0.045643 0.922362
vt 0.041531 0.922095
vt 0.046838 0.827923
vt 0.042735 0.828189
vt 0.046316 0.910579
vt 0.042194 0.910376
vt 0.046085 0.816217
vt 0.041984 0.816541
vt 0.046825 0.898776
vt 0.042689 0.898642
vt 0.045333 0.804541
vt 0.041209 0.804922
vt 0.098583 0.838856
vt 0.097585 0.850725
vt 0.100016 0.863281
vt 0.102392 0.875839
vt 0.098716 0.946963
vt 0.097484 0.959220
vt 0.098431 0.826880
vt 0.097603 0.814505
vt 0.097233 0.802109
vt 0.097776 0.790454
vt 0.099020 0.779602
vt 0.097189 0.983626
vt 0.097826 0.994724
vt 0.101172 0.924034
vt 0.100047 0.934978
vt 0.102978 0.913069
vt 0.102908 0.888895
vt 0.103388 0.901499
vt 0.097081 0.971542
vt 0.104119 0.946998
vt 0.106794 0.934425
vt 0.110323 0.934370
vt 0.107727 0.947034
vt 0.111584 0.913614
vt 0.111017 0.902480
vt 0.113798 0.902553
vt 0.114519 0.913857
vt 0.108105 0.876348
vt 0.101883 0.863392
vt 0.104705 0.863535
vt 0.110666 0.876444
vt 0.099322 0.838749
vt 0.102903 0.826593
vt 0.106750 0.825520
vt 0.101672 0.838423
vt 0.101765 0.802145
vt 0.102356 0.790690
vt 0.104971 0.790957
vt 0.104358 0.802199
vt 0.108341 0.924230
vt 0.111119 0.924432
vt 0.109501 0.890089
vt 0.111905 0.890199
vt 0.098433 0.850653
vt 0.099338 0.850591
vt 0.102052 0.814363
vt 0.104623 0.814277
vt 0.104048 0.779939
vt 0.106878 0.780315
vt 0.102258 0.983475
vt 0.102343 0.971665
vt 0.105836 0.971725
vt 0.105251 0.983324
vt 0.102745 0.994477
vt 0.105547 0.994134
vt 0.102708 0.959320
vt 0.106188 0.959405
vt 0.117848 0.935769
vt 0.112776 0.947670
vt 0.110692 0.959681
vt 0.117270 0.925131
vt 0.121820 0.914679
vt 0.120974 0.902690
vt 0.117764 0.890043
vt 0.115610 0.876250
vt 0.106624 0.863428
vt 0.102798 0.850261
vt 0.105027 0.837934
vt 0.109080 0.825992
vt 0.111239 0.814616
vt 0.110415 0.802268
vt 0.110386 0.790908
vt 0.110763 0.781276
vt 0.109186 0.982926
vt 0.109509 0.993383
vt 0.110356 0.971772
vt 0.127506 0.915581
vt 0.122687 0.926026
vt 0.122988 0.889926
vt 0.127165 0.902500
vt 0.119471 0.936070
vt 0.124429 0.926622
vt 0.126043 0.927991
vt 0.122012 0.937928
vt 0.105019 0.850349
vt 0.106871 0.838149
vt 0.108492 0.838990
vt 0.106712 0.850285
vt 0.129305 0.915785
vt 0.128996 0.902579
vt 0.130858 0.902002
vt 0.131336 0.916000
vt 0.113009 0.814590
vt 0.112241 0.802374
vt 0.113370 0.801421
vt 0.114722 0.814029
vt 0.124845 0.889547
vt 0.126589 0.888258
vt 0.108496 0.863372
vt 0.109872 0.862184
vt 0.114468 0.947807
vt 0.116658 0.948505
vt 0.111365 0.992698
vt 0.110908 0.982459
vt 0.112874 0.982267
vt 0.113305 0.992262
vt 0.110825 0.826047
vt 0.112697 0.825455
vt 0.112083 0.971495
vt 0.112386 0.959648
vt 0.114100 0.959131
vt 0.113928 0.971381
vt 0.112188 0.791264
vt 0.112600 0.781922
vt 0.114487 0.782582
vt 0.113812 0.791640
vt 0.117194 0.876086
vt 0.118414 0.874462
s 1
f 2833/2134/2670 2851/2137/2688 2850/2136/2687 2832/2135/2669
f 2830/2138/2667 2848/2141/2685 2865/2140/2702 2847/2139/2684
f 2841/2142/2678 2859/2145/2696 2858/2144/2695 2840/2143/2677
f 2834/2146/2671 2852/2149/2689 2851/2148/2688 2833/2147/2670
f 2842/2150/2679 2860/2151/2697 2859/2145/2696 2841/2142/2678
f 2835/2152/2672 2853/2153/2690 2852/2149/2689 2834/2146/2671
f 2843/2154/2680 2861/2155/2698 2860/2151/2697 2842/2150/2679
f 2836/2156/2673 2854/2157/2691 2853/2153/2690 2835/2152/2672
f 2844/2158/2681 2862/2159/2699 2861/2155/2698 2843/2154/2680
f 2837/2160/2674 2855/2161/2692 2854/2157/2691 2836/2156/2673
f 2845/2162/2682 2863/2163/2700 2862/2159/2699 2844/2158/2681
f 2838/2164/2675 2856/2165/2693 2855/2161/2692 2837/2160/2674
f 2831/2166/2668 2849/2167/2686 2848/2141/2685 2830/2138/2667
f 2846/2168/2683 2864/2169/2701 2863/2163/2700 2845/2162/2682
f 2839/2170/2676 2857/2171/2694 2856/2165/2693 2838/2164/2675
f 2832/2135/2669 2850/2136/2687 2849/2167/2686 2831/2166/2668
f 2847/2139/2684 2865/2140/2702 2864/2169/2701 2846/2168/2683
f 2840/2143/2677 2858/2144/2695 2857/2171/2694 2839/2170/2676
f 2863/2163/2700 2881/2173/2718 2880/2172/2717 2862/2159/2699
f 2856/2165/2693 2874/2175/2711 2873/2174/2710 2855/2161/2692
f 2849/2167/2686 2867/2177/2704 2866/2176/2703 2848/2141/2685
f 2864/2169/2701 2882/2178/2719 2881/2173/2718 2863/2163/2700
f 2857/2171/2694 2875/2179/2712 2874/2175/2711 2856/2165/2693
f 2850/2136/2687 2868/2180/2705 2867/2177/2704 2849/2167/2686
f 2865/2140/2702 2883/2181/2720 2882/2178/2719 2864/2169/2701
f 2858/2144/2695 2876/2182/2713 2875/2179/2712 2857/2171/2694
f 2851/2137/2688 2869/2183/2706 2868/2180/2705 2850/2136/2687
f 2848/2141/2685 2866/2176/2703 2883/2181/2720 2865/2140/2702
f 2859/2145/2696 2877/2184/2714 2876/2182/2713 2858/2144/2695
f 2852/2149/2689 2870/2186/2707 2869/2185/2706 2851/2148/2688
f 2860/2151/2697 2878/2187/2715 2877/2184/2714 2859/2145/2696
f 2853/2153/2690 2871/2188/2708 2870/2186/2707 2852/2149/2689
f 2861/2155/2698 2879/2189/2716 2878/2187/2715 2860/2151/2697
f 2854/2157/2691 2872/2190/2709 2871/2188/2708 2853/2153/2690
f 2862/2159/2699 2880/2172/2717 2879/2189/2716 2861/2155/2698
f 2855/2161/2692 2873/2174/2710 2872/2190/2709 2854/2157/2691
f 2867/2177/2704 2885/2192/2722 2884/2191/2721 2866/2176/2703
f 2882/2178/2719 2900/2194/2737 2899/2193/2736 2881/2173/2718
f 2875/2179/2712 2893/2196/2730 2892/2195/2729 2874/2175/2711
f 2868/2180/2705 2886/2197/2723 2885/2192/2722 2867/2177/2704
f 2883/2181/2720 2901/2198/2738 2900/2194/2737 2882/2178/2719
f 2876/2182/2713 2894/2199/2731 2893/2196/2730 2875/2179/2712
f 2869/2183/2706 2887/2200/2724 2886/2197/2723 2868/2180/2705
f 2866/2176/2703 2884/2191/2721 2901/2198/2738 2883/2181/2720
f 2877/2184/2714 2895/2201/2732 2894/2199/2731 2876/2182/2713
f 2870/2186/2707 2888/2203/2725 2887/2202/2724 2869/2185/2706
f 2878/2187/2715 2896/2204/2733 2895/2201/2732 2877/2184/2714
f 2871/2188/2708 2889/2205/2726 2888/2203/2725 2870/2186/2707
f 2879/2189/2716 2897/2206/2734 2896/2204/2733 2878/2187/2715
f 2872/2190/2709 2890/2207/2727 2889/2205/2726 2871/2188/2708
f 2880/2172/2717 2898/2208/2735 2897/2206/2734 2879/2189/2716
f 2873/2174/2710 2891/2209/2728 2890/2207/2727 2872/2190/2709
f 2881/2173/2718 2899/2193/2736 2898/2208/2735 2880/2172/2717
f 2874/2175/2711 2892/2195/2729 2891/2209/2728 2873/2174/2710
f 2886/2197/2723 2904/2211/2741 2903/2210/2740 2885/2192/2722
f 2901/2198/2738 2919/2213/2756 2918/2212/2755 2900/2194/2737
f 2894/2199/2731 2912/2215/2749 2911/2214/2748 2893/2196/2730
f 2887/2200/2724 2905/2216/2742 2904/2211/2741 2886/2197/2723
f 2884/2191/2721 2902/2217/2739 2919/2213/2756 2901/2198/2738
f 2895/2201/2732 2913/2218/2750 2912/2215/2749 2894/2199/2731
f 2888/2203/2725 2906/2220/2743 2905/2219/2742 2887/2202/2724
f 2896/2204/2733 2914/2221/2751 2913/2218/2750 2895/2201/2732
f 2889/2205/2726 2907/2222/2744 2906/2220/2743 2888/2203/2725
f 2897/2206/2734 2915/2223/2752 2914/2221/2751 2896/2204/2733
f 2890/2207/2727 2908/2224/2745 2907/2222/2744 2889/2205/2726
f 2898/2208/2735 2916/2225/2753 2915/2223/2752 2897/2206/2734
f 2891/2209/2728 2909/2226/2746 2908/2224/2745 2890/2207/2727
f 2899/2193/2736 2917/2227/2754 2916/2225/2753 2898/2208/2735
f 2892/2195/2729 2910/2228/2747 2909/2226/2746 2891/2209/2728
f 2885/2192/2722 2903/2210/2740 2902/2217/2739 2884/2191/2721
f 2900/2194/2737 2918/2212/2755 2917/2227/2754 2899/2193/2736
f 2893/2196/2730 2911/2214/2748 2910/2228/2747 2892/2195/2729
f 2905/2216/2742 2923/2230/2760 2922/2229/2759 2904/2211/2741
f 2902/2217/2739 2920/2232/2757 2937/2231/2774 2919/2213/2756
f 2913/2218/2750 2931/2234/2768 2930/2233/2767 2912/2215/2749
f 2906/2220/2743 2924/2236/2761 2923/2235/2760 2905/2219/2742
f 2914/2221/2751 2932/2237/2769 2931/2234/2768 2913/2218/2750
f 2907/2222/2744 2925/2238/2762 2924/2236/2761 2906/2220/2743
f 2915/2223/2752 2933/2239/2770 2932/2237/2769 2914/2221/2751
f 2908/2224/2745 2926/2240/2763 2925/2238/2762 2907/2222/2744
f 2916/2225/2753 2934/2241/2771 2933/2239/2770 2915/2223/2752
f 2909/2226/2746 2927/2242/2764 2926/2240/2763 2908/2224/2745
f 2917/2227/2754 2935/2243/2772 2934/2241/2771 2916/2225/2753
f 2910/2228/2747 2928/2244/2765 2927/2242/2764 2909/2226/2746
f 2903/2210/2740 2921/2245/2758 2920/2232/2757 2902/2217/2739
f 2918/2212/2755 2936/2246/2773 2935/2243/2772 2917/2227/2754
f 2911/2214/2748 2929/2247/2766 2928/2244/2765 2910/2228/2747
f 2904/2211/2741 2922/2229/2759 2921/2245/2758 2903/2210/2740
f 2919/2213/2756 2937/2231/2774 2936/2246/2773 2918/2212/2755
f 2912/2215/2749 2930/2233/2767 2929/2247/2766 2911/2214/2748
f 2924/2236/2761 2942/2249/2779 2941/2248/2778 2923/2235/2760
f 2932/2237/2769 2950/2251/2787 2949/2250/2786 2931/2234/2768
f 2925/2238/2762 2943/2252/2780 2942/2249/2779 2924/2236/2761
f 2933/2239/2770 2951/2253/2788 2950/2251/2787 2932/2237/2769
f 2926/2240/2763 2944/2254/2781 2943/2252/2780 2925/2238/2762
f 2934/2241/2771 2952/2255/2789 2951/2253/2788 2933/2239/2770
f 2927/2242/2764 2945/2256/2782 2944/2254/2781 2926/2240/2763
f 2935/2243/2772 2953/2257/2790 2952/2255/2789 2934/2241/2771
f 2928/2244/2765 2946/2258/2783 2945/2256/2782 2927/2242/2764
f 2921/2245/2758 2939/2260/2776 2938/2259/2775 2920/2232/2757
f 2936/2246/2773 2954/2261/2791 2953/2257/2790 2935/2243/2772
f 2929/2247/2766 2947/2262/2784 2946/2258/2783 2928/2244/2765
f 2922/2229/2759 2940/2263/2777 2939/2260/2776 2921/2245/2758
f 2937/2231/2774 2955/2264/2792 2954/2261/2791 2936/2246/2773
f 2930/2233/2767 2948/2265/2785 2947/2262/2784 2929/2247/2766
f 2923/2230/2760 2941/2266/2778 2940/2263/2777 2922/2229/2759
f 2920/2232/2757 2938/2259/2775 2955/2264/2792 2937/2231/2774
f 2931/2234/2768 2949/2250/2786 2948/2265/2785 2930/2233/2767
f 2967/2267/2804 2985/2270/2822 2984/2269/2821 2966/2268/2803
f 2960/2271/2797 2978/2274/2815 2977/2273/2814 2959/2272/2796
f 2968/2275/2805 2986/2276/2823 2985/2270/2822 2967/2267/2804
f 2961/2277/2798 2979/2278/2816 2978/2274/2815 2960/2271/2797
f 2969/2279/2806 2987/2280/2824 2986/2276/2823 2968/2275/2805
f 2962/2281/2799 2980/2282/2817 2979/2278/2816 2961/2277/2798
f 2970/2283/2807 2988/2284/2825 2987/2280/2824 2969/2279/2806
f 2963/2285/2800 2981/2286/2818 2980/2282/2817 2962/2281/2799
f 2971/2287/2808 2989/2288/2826 2988/2284/2825 2970/2283/2807
f 2964/2289/2801 2982/2290/2819 2981/2286/2818 2963/2285/2800
f 2957/2291/2794 2975/2294/2812 2974/2293/2811 2956/2292/2793
f 2972/2295/2809 2990/2296/2827 2989/2288/2826 2971/2287/2808
f 2965/2297/2802 2983/2298/2820 2982/2290/2819 2964/2289/2801
f 2958/2299/2795 2976/2300/2813 2975/2294/2812 2957/2291/2794
f 2973/2301/2810 2991/2302/2828 2990/2296/2827 2972/2295/2809
f 2966/2268/2803 2984/2269/2821 2983/2298/2820 2965/2297/2802
f 2959/2303/2796 2977/2304/2814 2976/2300/2813 2958/2299/2795
f 2956/2292/2793 2974/2293/2811 2991/2302/2828 2973/2301/2810
f 2986/2276/2823 3004/2306/2841 3003/2305/2840 2985/2270/2822
f 2979/2278/2816 2997/2308/2834 2996/2307/2833 2978/2274/2815
f 2987/2280/2824 3005/2309/2842 3004/2306/2841 2986/2276/2823
f 2980/2282/2817 2998/2310/2835 2997/2308/2834 2979/2278/2816
f 2988/2284/2825 3006/2311/2843 3005/2309/2842 2987/2280/2824
f 2981/2286/2818 2999/2312/2836 2998/2310/2835 2980/2282/2817
f 2989/2288/2826 3007/2313/2844 3006/2311/2843 2988/2284/2825
f 2982/2290/2819 3000/2314/2837 2999/2312/2836 2981/2286/2818
f 2975/2294/2812 2993/2316/2830 2992/2315/2829 2974/2293/2811
f 2990/2296/2827 3008/2317/2845 3007/2313/2844 2989/2288/2826
f 2983/2298/2820 3001/2318/2838 3000/2314/2837 2982/2290/2819
f 2976/2300/2813 2994/2319/2831 2993/2316/2830 2975/2294/2812
f 2991/2302/2828 3009/2320/2846 3008/2317/2845 2990/2296/2827
f 2984/2269/2821 3002/2321/2839 3001/2318/2838 2983/2298/2820
f 2977/2304/2814 2995/2322/2832 2994/2319/2831 2976/2300/2813
f 2974/2293/2811 2992/2315/2829 3009/2320/2846 2991/2302/2828
f 2985/2270/2822 3003/2305/2840 3002/2321/2839 2984/2269/2821
f 2978/2274/2815 2996/2307/2833 2995/2323/2832 2977/2273/2814
f 3005/2309/2842 3023/2325/2860 3022/2324/2859 3004/2306/2841
f 2998/2310/2835 3016/2327/2853 3015/2326/2852 2997/2308/2834
f 3006/2311/2843 3024/2328/2861 3023/2325/2860 3005/2309/2842
f 2999/2312/2836 3017/2329/2854 3016/2327/2853 2998/2310/2835
f 3007/2313/2844 3025/2330/2862 3024/2328/2861 3006/2311/2843
f 3000/2314/2837 3018/2331/2855 3017/2329/2854 2999/2312/2836
f 2993/2316/2830 3011/2333/2848 3010/2332/2847 2992/2315/2829
f 3008/2317/2845 3026/2334/2863 3025/2330/2862 3007/2313/2844
f 3001/2318/2838 3019/2335/2856 3018/2331/2855 3000/2314/2837
f 2994/2319/2831 3012/2336/2849 3011/2333/2848 2993/2316/2830
f 3009/2320/2846 3027/2337/2864 3026/2334/2863 3008/2317/2845
f 3002/2321/2839 3020/2338/2857 3019/2335/2856 3001/2318/2838
f 2995/2322/2832 3013/2339/2850 3012/2336/2849 2994/2319/2831
f 2992/2315/2829 3010/2332/2847 3027/2337/2864 3009/2320/2846
f 3003/2305/2840 3021/2340/2858 3020/2338/2857 3002/2321/2839
f 2996/2307/2833 3014/2342/2851 3013/2341/2850 2995/2323/2832
f 3004/2306/2841 3022/2324/2859 3021/2340/2858 3003/2305/2840
f 2997/2308/2834 3015/2326/2852 3014/2342/2851 2996/2307/2833
f 3049/2343/2886 3048/2346/2885 3047/2345/2884 3046/2344/2883
f 3051/2347/2888 3050/2348/2887 3048/2346/2885 3049/2343/2886
f 3053/2349/2890 3052/2350/2889 3050/2348/2887 3051/2347/2888
f 3055/2351/2892 3054/2354/2891 3052/2353/2889 3053/2352/2890
f 3057/2355/2894 3056/2356/2893 3054/2354/2891 3055/2351/2892
f 3059/2357/2896 3058/2358/2895 3056/2356/2893 3057/2355/2894
f 3061/2359/2898 3060/2360/2897 3058/2358/2895 3059/2357/2896
f 3063/2361/2900 3062/2362/2899 3060/2360/2897 3061/2359/2898
f 3065/2363/2902 3064/2364/2901 3062/2362/2899 3063/2361/2900
f 3067/2365/2904 3066/2366/2903 3064/2364/2901 3065/2363/2902
f 3069/2367/2906 3068/2368/2905 3066/2366/2903 3067/2365/2904
f 3071/2369/2908 3070/2370/2907 3068/2368/2905 3069/2367/2906
f 3073/2371/2910 3072/2372/2909 3070/2370/2907 3071/2369/2908
f 3075/2373/2912 3074/2374/2911 3072/2372/2909 3073/2371/2910
f 3077/2375/2914 3076/2376/2913 3074/2374/2911 3075/2373/2912
f 3079/2377/2916 3078/2378/2915 3076/2376/2913 3077/2375/2914
f 3081/2379/2918 3080/2380/2917 3078/2378/2915 3079/2377/2916
f 3046/2344/2883 3047/2345/2884 3080/2380/2917 3081/2379/2918
f 3048/2346/2885 3029/2382/2866 3028/2381/2865 3047/2345/2884
f 3011/2333/2848 3049/2343/2886 3046/2344/2883 3010/2332/2847
f 3047/2345/2884 3028/2381/2865 3045/2383/2882 3080/2380/2917
f 3010/2332/2847 3046/2344/2883 3081/2379/2918 3027/2337/2864
f 3012/2336/2849 3051/2347/2888 3049/2343/2886 3011/2333/2848
f 3050/2348/2887 3030/2384/2867 3029/2382/2866 3048/2346/2885
f 3013/2339/2850 3053/2349/2890 3051/2347/2888 3012/2336/2849
f 3052/2350/2889 3031/2385/2868 3030/2384/2867 3050/2348/2887
f 3014/2342/2851 3055/2351/2892 3053/2352/2890 3013/2341/2850
f 3054/2354/2891 3032/2387/2869 3031/2386/2868 3052/2353/2889
f 3015/2326/2852 3057/2355/2894 3055/2351/2892 3014/2342/2851
f 3056/2356/2893 3033/2388/2870 3032/2387/2869 3054/2354/2891
f 3016/2327/2853 3059/2357/2896 3057/2355/2894 3015/2326/2852
f 3058/2358/2895 3034/2389/2871 3033/2388/2870 3056/2356/2893
f 3017/2329/2854 3061/2359/2898 3059/2357/2896 3016/2327/2853
f 3060/2360/2897 3035/2390/2872 3034/2389/2871 3058/2358/2895
f 3018/2331/2855 3063/2361/2900 3061/2359/2898 3017/2329/2854
f 3062/2362/2899 3036/2391/2873 3035/2390/2872 3060/2360/2897
f 3019/2335/2856 3065/2363/2902 3063/2361/2900 3018/2331/2855
f 3064/2364/2901 3037/2392/2874 3036/2391/2873 3062/2362/2899
f 3020/2338/2857 3067/2365/2904 3065/2363/2902 3019/2335/2856
f 3066/2366/2903 3038/2393/2875 3037/2392/2874 3064/2364/2901
f 3021/2340/2858 3069/2367/2906 3067/2365/2904 3020/2338/2857
f 3068/2368/2905 3039/2394/2876 3038/2393/2875 3066/2366/2903
f 3022/2324/2859 3071/2369/2908 3069/2367/2906 3021/2340/2858
f 3070/2370/2907 3040/2395/2877 3039/2394/2876 3068/2368/2905
f 3023/2325/2860 3073/2371/2910 3071/2369/2908 3022/2324/2859
f 3072/2372/2909 3041/2396/2878 3040/2395/2877 3070/2370/2907
f 3024/2328/2861 3075/2373/2912 3073/2371/2910 3023/2325/2860
f 3074/2374/2911 3042/2397/2879 3041/2396/2878 3072/2372/2909
f 3025/2330/2862 3077/2375/2914 3075/2373/2912 3024/2328/2861
f 3076/2376/2913 3043/2398/2880 3042/2397/2879 3074/2374/2911
f 3026/2334/2863 3079/2377/2916 3077/2375/2914 3025/2330/2862
f 3078/2378/2915 3044/2399/2881 3043/2398/2880 3076/2376/2913
f 3027/2337/2864 3081/2379/2918 3079/2377/2916 3026/2334/2863
f 3080/2380/2917 3045/2383/2882 3044/2399/2881 3078/2378/2915
f 3042/2397/2879 3096/2401/2933 3095/2400/2932 3041/2396/2878
f 3035/2390/2872 3089/2403/2926 3088/2402/2925 3034/2389/2871
f 3043/2398/2880 3097/2404/2934 3096/2401/2933 3042/2397/2879
f 3036/2391/2873 3090/2405/2927 3089/2403/2926 3035/2390/2872
f 3029/2382/2866 3083/2407/2920 3082/2406/2919 3028/2381/2865
f 3044/2399/2881 3098/2408/2935 3097/2404/2934 3043/2398/2880
f 3037/2392/2874 3091/2409/2928 3090/2405/2927 3036/2391/2873
f 3030/2384/2867 3084/2410/2921 3083/2407/2920 3029/2382/2866
f 3045/2383/2882 3099/2411/2936 3098/2408/2935 3044/2399/2881
f 3038/2393/2875 3092/2412/2929 3091/2409/2928 3037/2392/2874
f 3031/2385/2868 3085/2413/2922 3084/2410/2921 3030/2384/2867
f 3028/2381/2865 3082/2406/2919 3099/2411/2936 3045/2383/2882
f 3039/2394/2876 3093/2414/2930 3092/2412/2929 3038/2393/2875
f 3032/2387/2869 3086/2416/2923 3085/2415/2922 3031/2386/2868
f 3040/2395/2877 3094/2417/2931 3093/2414/2930 3039/2394/2876
f 3033/2388/2870 3087/2418/2924 3086/2416/2923 3032/2387/2869
f 3041/2396/2878 3095/2400/2932 3094/2417/2931 3040/2395/2877
f 3034/2389/2871 3088/2402/2925 3087/2418/2924 3033/2388/2870
f 3084/2410/2921 3085/2413/2922 3143/2420/2980 3141/2419/2978
f 3099/2411/2936 3082/2406/2919 3136/2422/2973 3171/2421/3008
f 3092/2412/2929 3093/2414/2930 3159/2424/2996 3157/2423/2994
f 3085/2415/2922 3086/2416/2923 3145/2426/2982 3143/2425/2980
f 3093/2414/2930 3094/2417/2931 3161/2427/2998 3159/2424/2996
f 3086/2416/2923 3087/2418/2924 3147/2428/2984 3145/2426/2982
f 3094/2417/2931 3095/2400/2932 3163/2429/3000 3161/2427/2998
f 3087/2418/2924 3088/2402/2925 3149/2430/2986 3147/2428/2984
f 3095/2400/2932 3096/2401/2933 3165/2431/3002 3163/2429/3000
f 3088/2402/2925 3089/2403/2926 3151/2432/2988 3149/2430/2986
f 3096/2401/2933 3097/2404/2934 3167/2433/3004 3165/2431/3002
f 3089/2403/2926 3090/2405/2927 3153/2434/2990 3151/2432/2988
f 3097/2404/2934 3098/2408/2935 3169/2435/3006 3167/2433/3004
f 3090/2405/2927 3091/2409/2928 3155/2436/2992 3153/2434/2990
f 3083/2407/2920 3084/2410/2921 3141/2419/2978 3139/2437/2976
f 3098/2408/2935 3099/2411/2936 3171/2421/3008 3169/2435/3006
f 3091/2409/2928 3092/2412/2929 3157/2423/2994 3155/2436/2992
f 3124/2438/2961 3111/2441/2948 3112/2440/2949 3123/2439/2960
f 3131/2442/2968 3104/2445/2941 3105/2444/2942 3130/2443/2967
f 3123/2439/2960 3112/2440/2949 3113/2447/2950 3122/2446/2959
f 3130/2443/2967 3105/2444/2942 3106/2449/2943 3129/2448/2966
f 3122/2446/2959 3113/2447/2950 3114/2451/2951 3121/2450/2958
f 3129/2448/2966 3106/2449/2943 3107/2453/2944 3128/2452/2965
f 3118/2454/2955 3117/2457/2954 3100/2456/2937 3135/2455/2972
f 3121/2458/2958 3114/2461/2951 3115/2460/2952 3120/2459/2957
f 3128/2452/2965 3107/2453/2944 3108/2463/2945 3127/2462/2964
f 3135/2455/2972 3100/2456/2937 3101/2465/2938 3134/2464/2971
f 3120/2459/2957 3115/2460/2952 3116/2467/2953 3119/2466/2956
f 3127/2462/2964 3108/2463/2945 3109/2469/2946 3126/2468/2963
f 3134/2464/2971 3101/2465/2938 3102/2471/2939 3133/2470/2970
f 3119/2466/2956 3116/2467/2953 3117/2457/2954 3118/2454/2955
f 3126/2468/2963 3109/2469/2946 3110/2473/2947 3125/2472/2962
f 3133/2470/2970 3102/2471/2939 3103/2475/2940 3132/2474/2969
f 3125/2472/2962 3110/2473/2947 3111/2441/2948 3124/2438/2961
f 3132/2474/2969 3103/2475/2940 3104/2445/2941 3131/2442/2968
f 3139/2437/2976 3138/2477/2975 3137/2476/2974 3136/2422/2973
f 3141/2419/2978 3140/2478/2977 3138/2477/2975 3139/2437/2976
f 3143/2420/2980 3142/2479/2979 3140/2478/2977 3141/2419/2978
f 3145/2426/2982 3144/2481/2981 3142/2480/2979 3143/2425/2980
f 3147/2428/2984 3146/2482/2983 3144/2481/2981 3145/2426/2982
f 3149/2430/2986 3148/2483/2985 3146/2482/2983 3147/2428/2984
f 3151/2432/2988 3150/2484/2987 3148/2483/2985 3149/2430/2986
f 3153/2434/2990 3152/2485/2989 3150/2484/2987 3151/2432/2988
f 3155/2436/2992 3154/2486/2991 3152/2485/2989 3153/2434/2990
f 3157/2423/2994 3156/2487/2993 3154/2486/2991 3155/2436/2992
f 3159/2424/2996 3158/2488/2995 3156/2487/2993 3157/2423/2994
f 3161/2427/2998 3160/2489/2997 3158/2488/2995 3159/2424/2996
f 3163/2429/3000 3162/2490/2999 3160/2489/2997 3161/2427/2998
f 3165/2431/3002 3164/2491/3001 3162/2490/2999 3163/2429/3000
f 3167/2433/3004 3166/2492/3003 3164/2491/3001 3165/2431/3002
f 3169/2435/3006 3168/2493/3005 3166/2492/3003 3167/2433/3004
f 3171/2421/3008 3170/2494/3007 3168/2493/3005 3169/2435/3006
f 3136/2422/2973 3137/2476/2974 3170/2494/3007 3171/2421/3008
f 3137/2476/2974 3118/2454/2955 3135/2455/2972 3170/2494/3007
f 3138/2477/2975 3119/2466/2956 3118/2454/2955 3137/2476/2974
f 3140/2478/2977 3120/2459/2957 3119/2466/2956 3138/2477/2975
f 3142/2479/2979 3121/2458/2958 3120/2459/2957 3140/2478/2977
f 3144/2481/2981 3122/2446/2959 3121/2450/2958 3142/2480/2979
f 3146/2482/2983 3123/2439/2960 3122/2446/2959 3144/2481/2981
f 3148/2483/2985 3124/2438/2961 3123/2439/2960 3146/2482/2983
f 3150/2484/2987 3125/2472/2962 3124/2438/2961 3148/2483/2985
f 3152/2485/2989 3126/2468/2963 3125/2472/2962 3150/2484/2987
f 3154/2486/2991 3127/2462/2964 3126/2468/2963 3152/2485/2989
f 3156/2487/2993 3128/2452/2965 3127/2462/2964 3154/2486/2991
f 3158/2488/2995 3129/2448/2966 3128/2452/2965 3156/2487/2993
f 3160/2489/2997 3130/2443/2967 3129/2448/2966 3158/2488/2995
f 3162/2490/2999 3131/2442/2968 3130/2443/2967 3160/2489/2997
f 3164/2491/3001 3132/2474/2969 3131/2442/2968 3162/2490/2999
f 3166/2492/3003 3133/2470/2970 3132/2474/2969 3164/2491/3001
f 3168/2493/3005 3134/2464/2971 3133/2470/2970 3166/2492/3003
f 3170/2494/3007 3135/2455/2972 3134/2464/2971 3168/2493/3005
f 3207/2495/3044 3206/2498/3043 3177/2497/3014 3176/2496/3013
f 3205/2499/3042 3204/2502/3041 3173/2501/3010 3172/2500/3009
f 3203/2503/3040 3202/2504/3039 3206/2498/3043 3207/2495/3044
f 3201/2505/3038 3200/2508/3037 3191/2507/3028 3190/2506/3027
f 3199/2509/3036 3198/2512/3035 3204/2511/3041 3205/2510/3042
f 3197/2513/3034 3196/2514/3033 3202/2504/3039 3203/2503/3040
f 3195/2515/3032 3194/2516/3031 3200/2508/3037 3201/2505/3038
f 3193/2517/3030 3192/2518/3029 3198/2512/3035 3199/2509/3036
f 3189/2519/3026 3188/2520/3025 3196/2514/3033 3197/2513/3034
f 3187/2521/3024 3186/2522/3023 3194/2516/3031 3195/2515/3032
f 3190/2506/3027 3191/2507/3028 3192/2518/3029 3193/2517/3030
f 3185/2523/3022 3184/2524/3021 3188/2520/3025 3189/2519/3026
f 3183/2525/3020 3182/2526/3019 3186/2522/3023 3187/2521/3024
f 3181/2527/3018 3180/2528/3017 3184/2524/3021 3185/2523/3022
f 3179/2529/3016 3178/2530/3015 3182/2526/3019 3183/2525/3020
f 3175/2531/3012 3174/2532/3011 3180/2528/3017 3181/2527/3018
f 3176/2496/3013 3177/2497/3014 3178/2530/3015 3179/2529/3016
f 3172/2500/3009 3173/2501/3010 3174/2532/3011 3175/2531/3012
f 3172/2500/3009 2960/2271/2797 2959/2272/2796 3205/2499/3042
f 2943/2252/2780 3174/2532/3011 3173/2501/3010 2942/2249/2779
f 3175/2531/3012 2961/2277/2798 2960/2271/2797 3172/2500/3009
f 2942/2249/2779 3173/2501/3010 3204/2502/3041 2941/2248/2778
f 3181/2527/3018 2962/2281/2799 2961/2277/2798 3175/2531/3012
f 2944/2254/2781 3180/2528/3017 3174/2532/3011 2943/2252/2780
f 3176/2496/3013 2968/2275/2805 2967/2267/2804 3207/2495/3044
f 2951/2253/2788 3178/2530/3015 3177/2497/3014 2950/2251/2787
f 3179/2529/3016 2969/2279/2806 2968/2275/2805 3176/2496/3013
f 2950/2251/2787 3177/2497/3014 3206/2498/3043 2949/2250/2786
f 3183/2525/3020 2970/2283/2807 2969/2279/2806 3179/2529/3016
f 2952/2255/2789 3182/2526/3019 3178/2530/3015 2951/2253/2788
f 3185/2523/3022 2963/2285/2800 2962/2281/2799 3181/2527/3018
f 2945/2256/2782 3184/2524/3021 3180/2528/3017 2944/2254/2781
f 3187/2521/3024 2971/2287/2808 2970/2283/2807 3183/2525/3020
f 2953/2257/2790 3186/2522/3023 3182/2526/3019 2952/2255/2789
f 3189/2519/3026 2964/2289/2801 2963/2285/2800 3185/2523/3022
f 2946/2258/2783 3188/2520/3025 3184/2524/3021 2945/2256/2782
f 3195/2515/3032 2972/2295/2809 2971/2287/2808 3187/2521/3024
f 2954/2261/2791 3194/2516/3031 3186/2522/3023 2953/2257/2790
f 3197/2513/3034 2965/2297/2802 2964/2289/2801 3189/2519/3026
f 2947/2262/2784 3196/2514/3033 3188/2520/3025 2946/2258/2783
f 3190/2506/3027 2956/2292/2793 2973/2301/2810 3201/2505/3038
f 2939/2260/2776 3192/2518/3029 3191/2507/3028 2938/2259/2775
f 3193/2517/3030 2957/2291/2794 2956/2292/2793 3190/2506/3027
f 2938/2259/2775 3191/2507/3028 3200/2508/3037 2955/2264/2792
f 3199/2509/3036 2958/2299/2795 2957/2291/2794 3193/2517/3030
f 2940/2263/2777 3198/2512/3035 3192/2518/3029 2939/2260/2776
f 3201/2505/3038 2973/2301/2810 2972/2295/2809 3195/2515/3032
f 2955/2264/2792 3200/2508/3037 3194/2516/3031 2954/2261/2791
f 3203/2503/3040 2966/2268/2803 2965/2297/2802 3197/2513/3034
f 2948/2265/2785 3202/2504/3039 3196/2514/3033 2947/2262/2784
f 3205/2510/3042 2959/2303/2796 2958/2299/2795 3199/2509/3036
f 2941/2266/2778 3204/2511/3041 3198/2512/3035 2940/2263/2777
f 3207/2495/3044 2967/2267/2804 2966/2268/2803 3203/2503/3040
f 2949/2250/2786 3206/2498/3043 3202/2504/3039 2948/2265/2785
f 3108/2463/2945 3216/2534/3053 3217/2533/3054 3109/2469/2946
f 3106/2449/2943 3214/2536/3051 3215/2535/3052 3107/2453/2944
f 3117/2457/2954 3225/2538/3062 3208/2537/3045 3100/2456/2937
f 3109/2469/2946 3217/2533/3054 3218/2539/3055 3110/2473/2947
f 3110/2473/2947 3218/2539/3055 3219/2540/3056 3111/2441/2948
f 3111/2441/2948 3219/2540/3056 3220/2541/3057 3112/2440/2949
f 3112/2440/2949 3220/2541/3057 3221/2542/3058 3113/2447/2950
f 3113/2447/2950 3221/2542/3058 3222/2543/3059 3114/2451/2951
f 3114/2461/2951 3222/2545/3059 3223/2544/3060 3115/2460/2952
f 3101/2465/2938 3209/2547/3046 3210/2546/3047 3102/2471/2939
f 3102/2471/2939 3210/2546/3047 3211/2548/3048 3103/2475/2940
f 3104/2445/2941 3212/2550/3049 3213/2549/3050 3105/2444/2942
f 3100/2456/2937 3208/2537/3045 3209/2547/3046 3101/2465/2938
f 3105/2444/2942 3213/2549/3050 3214/2536/3051 3106/2449/2943
f 3115/2460/2952 3223/2544/3060 3224/2551/3061 3116/2467/2953
f 3116/2467/2953 3224/2551/3061 3225/2538/3062 3117/2457/2954
f 3103/2475/2940 3211/2548/3048 3212/2550/3049 3104/2445/2941
f 3107/2453/2944 3215/2535/3052 3216/2534/3053 3108/2463/2945
f 3245/2552/3082 3244/2555/3081 3247/2554/3084 3246/2553/3083
f 3251/2556/3088 3250/2559/3087 3253/2558/3090 3252/2557/3089
f 3257/2560/3094 3256/2563/3093 3259/2562/3096 3258/2561/3095
f 3263/2564/3100 3262/2567/3099 3265/2566/3102 3264/2565/3101
f 3269/2568/3106 3268/2571/3105 3271/2570/3108 3270/2569/3107
f 3246/2553/3083 3247/2554/3084 3249/2573/3086 3248/2572/3085
f 3252/2557/3089 3253/2558/3090 3255/2575/3092 3254/2574/3091
f 3258/2561/3095 3259/2562/3096 3261/2577/3098 3260/2576/3097
f 3264/2565/3101 3265/2566/3102 3267/2579/3104 3266/2578/3103
f 3270/2569/3107 3271/2570/3108 3273/2581/3110 3272/2580/3109
f 3275/2582/3112 3274/2585/3111 3277/2584/3114 3276/2583/3113
f 3248/2572/3085 3249/2573/3086 3250/2559/3087 3251/2556/3088
f 3254/2574/3091 3255/2575/3092 3256/2563/3093 3257/2560/3094
f 3260/2576/3097 3261/2577/3098 3262/2567/3099 3263/2564/3100
f 3266/2578/3103 3267/2579/3104 3268/2571/3105 3269/2568/3106
f 3272/2586/3109 3273/2587/3110 3274/2585/3111 3275/2582/3112
f 3276/2583/3113 3277/2584/3114 3279/2589/3116 3278/2588/3115
f 3278/2588/3115 3279/2589/3116 3244/2555/3081 3245/2552/3082
f 3244/2555/3081 3226/2591/3063 3227/2590/3064 3247/2554/3084
f 3225/2538/3062 3278/2588/3115 3245/2552/3082 3208/2537/3045
f 3208/2537/3045 3245/2552/3082 3246/2553/3083 3209/2547/3046
f 3279/2589/3116 3243/2592/3080 3226/2591/3063 3244/2555/3081
f 3247/2554/3084 3227/2590/3064 3228/2593/3065 3249/2573/3086
f 3209/2547/3046 3246/2553/3083 3248/2572/3085 3210/2546/3047
f 3249/2573/3086 3228/2593/3065 3229/2594/3066 3250/2559/3087
f 3210/2546/3047 3248/2572/3085 3251/2556/3088 3211/2548/3048
f 3250/2559/3087 3229/2594/3066 3230/2595/3067 3253/2558/3090
f 3211/2548/3048 3251/2556/3088 3252/2557/3089 3212/2550/3049
f 3253/2558/3090 3230/2595/3067 3231/2596/3068 3255/2575/3092
f 3212/2550/3049 3252/2557/3089 3254/2574/3091 3213/2549/3050
f 3255/2575/3092 3231/2596/3068 3232/2597/3069 3256/2563/3093
f 3213/2549/3050 3254/2574/3091 3257/2560/3094 3214/2536/3051
f 3256/2563/3093 3232/2597/3069 3233/2598/3070 3259/2562/3096
f 3214/2536/3051 3257/2560/3094 3258/2561/3095 3215/2535/3052
f 3259/2562/3096 3233/2598/3070 3234/2599/3071 3261/2577/3098
f 3215/2535/3052 3258/2561/3095 3260/2576/3097 3216/2534/3053
f 3261/2577/3098 3234/2599/3071 3235/2600/3072 3262/2567/3099
f 3216/2534/3053 3260/2576/3097 3263/2564/3100 3217/2533/3054
f 3262/2567/3099 3235/2600/3072 3236/2601/3073 3265/2566/3102
f 3217/2533/3054 3263/2564/3100 3264/2565/3101 3218/2539/3055
f 3265/2566/3102 3236/2601/3073 3237/2602/3074 3267/2579/3104
f 3218/2539/3055 3264/2565/3101 3266/2578/3103 3219/2540/3056
f 3267/2579/3104 3237/2602/3074 3238/2603/3075 3268/2571/3105
f 3219/2540/3056 3266/2578/3103 3269/2568/3106 3220/2541/3057
f 3268/2571/3105 3238/2603/3075 3239/2604/3076 3271/2570/3108
f 3220/2541/3057 3269/2568/3106 3270/2569/3107 3221/2542/3058
f 3271/2570/3108 3239/2604/3076 3240/2605/3077 3273/2581/3110
f 3221/2542/3058 3270/2569/3107 3272/2580/3109 3222/2543/3059
f 3273/2587/3110 3240/2607/3077 3241/2606/3078 3274/2585/3111
f 3222/2545/3059 3272/2586/3109 3275/2582/3112 3223/2544/3060
f 3274/2585/3111 3241/2606/3078 3242/2608/3079 3277/2584/3114
f 3223/2544/3060 3275/2582/3112 3276/2583/3113 3224/2551/3061
f 3277/2584/3114 3242/2608/3079 3243/2592/3080 3279/2589/3116
f 3224/2551/3061 3276/2583/3113 3278/2588/3115 3225/2538/3062
f 3228/2593/3065 3281/2610/3118 3282/2609/3119 3229/2594/3066
f 3230/2595/3067 3283/2612/3120 3284/2611/3121 3231/2596/3068
f 3229/2594/3066 3282/2609/3119 3283/2612/3120 3230/2595/3067
f 3228/2593/3065 3227/2590/3064 3281/2610/3118
f 3232/2597/3069 3231/2596/3068 3284/2611/3121
f 3303/2613/3140 3285/2616/3122 3298/2615/3135 3302/2614/3139
f 3305/2617/3142 3288/2620/3125 3289/2619/3126 3304/2618/3141
f 3307/2621/3144 3299/2624/3136 3300/2623/3137 3306/2622/3143
f 3309/2625/3146 3291/2628/3128 3292/2627/3129 3308/2626/3145
f 3306/2622/3143 3300/2623/3137 3301/2630/3138 3310/2629/3147
f 3311/2631/3148 3287/2632/3124 3288/2620/3125 3305/2617/3142
f 3312/2633/3149 3280/2634/3117 3285/2616/3122 3303/2613/3140
f 3314/2635/3151 3294/2638/3131 3295/2637/3132 3313/2636/3150
f 3302/2614/3139 3298/2615/3135 3299/2624/3136 3307/2621/3144
f 3315/2639/3152 3290/2640/3127 3291/2628/3128 3309/2625/3146
f 3317/2641/3154 3296/2644/3133 3297/2643/3134 3316/2642/3153
f 3318/2645/3155 3293/2648/3130 3294/2647/3131 3314/2646/3151
f 3319/2649/3156 3286/2650/3123 3287/2632/3124 3311/2631/3148
f 3316/2642/3153 3297/2643/3134 3280/2634/3117 3312/2633/3149
f 3313/2636/3150 3295/2637/3132 3296/2644/3133 3317/2641/3154
f 3304/2618/3141 3289/2619/3126 3290/2640/3127 3315/2639/3152
f 3308/2626/3145 3292/2627/3129 3293/2648/3130 3318/2645/3155
f 3310/2629/3147 3301/2630/3138 3286/2650/3123 3319/2649/3156
f 3284/2611/3121 3310/2629/3147 3319/2649/3156 3232/2597/3069
f 3238/2603/3075 3308/2626/3145 3318/2645/3155 3239/2604/3076
f 3235/2600/3072 3304/2618/3141 3315/2639/3152 3236/2601/3073
f 3241/2606/3078 3313/2636/3150 3317/2641/3154 3242/2608/3079
f 3243/2592/3080 3316/2642/3153 3312/2633/3149 3226/2591/3063
f 3232/2597/3069 3319/2649/3156 3311/2631/3148 3233/2598/3070
f 3239/2604/3076 3318/2645/3155 3314/2646/3151 3240/2605/3077
f 3242/2608/3079 3317/2641/3154 3316/2642/3153 3243/2592/3080
f 3236/2601/3073 3315/2639/3152 3309/2625/3146 3237/2602/3074
f 3281/2610/3118 3302/2614/3139 3307/2621/3144 3282/2609/3119
f 3240/2607/3077 3314/2635/3151 3313/2636/3150 3241/2606/3078
f 3226/2591/3063 3312/2633/3149 3303/2613/3140 3227/2590/3064
f 3233/2598/3070 3311/2631/3148 3305/2617/3142 3234/2599/3071
f 3283/2612/3120 3306/2622/3143 3310/2629/3147 3284/2611/3121
f 3237/2602/3074 3309/2625/3146 3308/2626/3145 3238/2603/3075
f 3282/2609/3119 3307/2621/3144 3306/2622/3143 3283/2612/3120
f 3234/2599/3071 3305/2617/3142 3304/2618/3141 3235/2600/3072
f 3227/2590/3064 3303/2613/3140 3302/2614/3139 3281/2610/3118
f 3082/2406/2919 3083/2407/2920 3139/2437/2976 3136/2422/2973
o sweater
v 0.000000 1.293907 -0.291158
v 0.203301 1.838066 -0.166369
v 0.249448 1.834372 -0.125418
v 0.270906 1.829976 -0.068914
v 0.259779 1.832844 0.015312
v 0.250946 1.831038 0.054153
v 0.198209 1.835864 0.122032
v 0.139895 1.839379 0.159296
v 0.071589 1.842706 0.166200
v 0.000000 1.845384 0.154110
v 0.000000 1.847522 -0.206399
v 0.000000 1.300701 0.176457
v 0.091128 1.302236 0.159897
v 0.170157 1.301843 0.154379
v 0.234191 1.296402 0.126974
v 0.294207 1.294236 0.065653
v 0.316676 1.294408 0.014910
v 0.334913 1.294072 -0.081286
v 0.308094 1.293907 -0.157058
v 0.254921 1.293907 -0.222211
v 0.180591 1.293907 -0.256854
v 0.091128 1.293907 -0.279891
v 0.143127 1.844264 -0.186478
v 0.069264 1.847522 -0.198862
v 0.060432 2.144413 -0.169531
v 0.119281 2.134384 -0.163642
v 0.000000 2.147786 -0.174965
v 0.000000 2.030804 0.133127
v 0.061765 2.077456 0.108719
v 0.118718 2.104722 0.088303
v 0.162347 2.116178 0.061534
v 0.195405 2.126878 0.032365
v 0.218590 2.137303 -0.001440
v 0.222785 2.138895 -0.081618
v 0.202837 2.132834 -0.118159
v 0.167945 2.128985 -0.148050
v 0.043849 2.187929 -0.139941
v 0.085142 2.184580 -0.128351
v 0.000000 2.189067 -0.144062
v 0.099392 2.115784 0.082078
v 0.121118 2.136985 0.054831
v 0.139848 2.149502 0.023560
v 0.153632 2.160202 -0.012021
v 0.149977 2.173043 -0.068423
v 0.133884 2.177945 -0.095209
v 0.112953 2.181388 -0.114301
v 0.207118 1.940982 -0.196730
v 0.144399 1.944405 -0.219494
v 0.075325 1.933331 0.174109
v 0.140334 1.930258 0.170779
v 0.275106 1.946575 0.083177
v 0.313091 1.894854 0.013338
v 0.276484 1.959183 -0.179418
v 0.000000 1.927793 0.158029
v 0.073677 1.947844 -0.227319
v 0.000000 1.948009 -0.234412
v 0.202161 1.928618 0.134428
v 0.313116 1.893304 -0.093367
v 0.207061 2.073147 -0.190157
v 0.073620 2.050442 0.124367
v 0.283318 2.068607 0.062703
v 0.276124 2.052952 -0.176760
v 0.000000 1.991356 0.152147
v 0.072110 2.098317 -0.210191
v 0.200404 2.073532 0.087100
v 0.275899 2.116816 -0.104473
v 0.143975 2.088615 -0.205703
v 0.136288 2.067464 0.106477
v 0.277555 2.120139 0.015007
v 0.000000 2.098792 -0.217422
v 0.144694 1.893913 -0.202066
v 0.141353 1.887916 0.172895
v 0.275278 1.863063 0.011139
v 0.000000 1.899093 -0.219068
v 0.205434 1.888081 -0.180113
v 0.075286 1.892477 0.176342
v 0.260113 1.884841 0.055295
v 0.258917 1.884914 -0.134122
v 0.000000 1.896000 0.158712
v 0.073083 1.898969 -0.211692
v 0.201964 1.884763 0.135889
v 0.284446 1.861979 -0.072352
v 0.143923 2.006276 -0.228574
v 0.137047 2.004041 0.145254
v 0.536064 1.943352 -0.146743
v 0.000000 2.007303 -0.242429
v 0.208151 2.006337 -0.204391
v 0.074075 1.995522 0.156195
v 0.273894 2.004905 0.088528
v 0.276304 2.006068 -0.181311
v 0.000000 1.962632 0.155544
v 0.073767 2.007210 -0.235547
v 0.199931 2.005986 0.113206
v 0.538425 1.893819 0.015013
v 0.268195 1.831265 -0.034905
v 0.331770 1.294363 -0.043712
v 0.228506 2.141677 -0.041178
v 0.156518 2.167392 -0.041794
v 0.317827 1.880069 -0.039237
v 0.275867 2.136602 -0.042124
v 0.284111 1.862206 -0.039662
v 0.539643 1.936026 0.060312
v 0.536359 1.898049 -0.104531
v 0.540904 2.055568 0.064530
v 0.537325 2.062893 -0.142525
v 0.538543 2.105100 -0.097225
v 0.540609 2.100871 0.022318
v 0.540550 1.995230 0.078437
v 0.536418 2.003689 -0.160650
v 0.537223 1.879918 -0.045324
v 0.539745 2.119001 -0.036888
v 0.319969 1.378240 -0.080828
v 0.227118 1.379852 0.121766
v 0.091442 1.377931 -0.271960
v 0.295048 1.377931 -0.152011
v 0.283974 1.378869 0.058393
v 0.000000 1.377931 -0.282972
v 0.091442 1.384411 0.172939
v 0.245149 1.377931 -0.213662
v 0.304419 1.378929 0.010385
v 0.165653 1.384062 0.156445
v 0.175397 1.377931 -0.250229
v 0.000000 1.383336 0.184120
v 0.317391 1.378655 -0.045351
v 0.327811 1.370298 -0.081665
v 0.232330 1.371601 0.126051
v 0.093103 1.370060 -0.277275
v 0.302073 1.370060 -0.154685
v 0.290722 1.370680 0.061164
v 0.000000 1.370252 -0.287954
v 0.093103 1.376425 0.176518
v 0.250859 1.370060 -0.217869
v 0.311808 1.370799 0.011948
v 0.169240 1.376078 0.160563
v 0.179270 1.370060 -0.254936
v 0.000000 1.374741 0.188358
v 0.325230 1.370642 -0.045203
v 0.000000 1.285663 -0.285407
v 0.000000 1.293360 0.169337
v 0.093678 1.294861 0.152941
v 0.170703 1.294081 0.148873
v 0.232806 1.288468 0.122375
v 0.291608 1.286138 0.063056
v 0.313632 1.286275 0.013499
v 0.331811 1.285857 -0.080297
v 0.305754 1.285663 -0.154289
v 0.253780 1.285663 -0.218022
v 0.181126 1.285663 -0.251781
v 0.093678 1.285663 -0.274394
v 0.328581 1.286172 -0.043672
v 0.255617 1.595196 0.007074
v 0.138915 1.594178 0.131688
v 0.146381 1.594147 -0.188562
v 0.000000 1.594350 0.159145
v 0.263068 1.594603 -0.036699
v 0.263800 1.593991 -0.064498
v 0.193747 1.594860 0.096444
v 0.078465 1.594350 -0.204186
v 0.243238 1.593529 -0.118049
v 0.241036 1.595110 0.043769
v 0.000000 1.594350 -0.212098
v 0.078481 1.594350 0.151965
v 0.202734 1.593760 -0.162261
v 0.000000 2.058041 0.098551
v 0.047793 2.100559 0.084008
v 0.035541 2.186378 -0.115124
v 0.067816 2.183758 -0.106080
v 0.000000 2.187265 -0.118382
v 0.078191 2.131017 0.060847
v 0.096194 2.146841 0.037967
v 0.110578 2.156338 0.012951
v 0.121287 2.164351 -0.014952
v 0.118509 2.174755 -0.058830
v 0.105916 2.178571 -0.079896
v 0.089551 2.181258 -0.094872
v 0.123608 2.170295 -0.037987
v 0.109411 2.148262 0.046842
v 0.125988 2.159259 0.018506
v 0.040104 2.193640 -0.127888
v 0.000000 2.194075 -0.131365
v 0.000000 2.046755 0.116457
v 0.054905 2.095179 0.097798
v 0.120652 2.184705 -0.087618
v 0.101923 2.187783 -0.104704
v 0.089758 2.128592 0.071291
v 0.138274 2.168463 -0.013340
v 0.077045 2.190642 -0.117528
v 0.140902 2.175233 -0.039769
v 0.135060 2.180331 -0.063522
v 0.298139 1.471017 -0.078459
v 0.215945 1.470876 0.107161
v 0.090405 1.471062 -0.247401
v 0.275515 1.470720 -0.141499
v 0.268247 1.471665 0.046386
v 0.000000 1.472281 -0.255839
v 0.090420 1.472860 0.171294
v 0.230090 1.470809 -0.195330
v 0.285953 1.471747 0.003643
v 0.158145 1.472506 0.150131
v 0.166721 1.470975 -0.227991
v 0.000000 1.472560 0.182669
v 0.296349 1.471447 -0.046556
v 0.241778 1.700127 0.008285
v 0.127195 1.703151 0.125976
v 0.134285 1.703194 -0.176416
v 0.000000 1.704047 0.148913
v 0.248470 1.699701 -0.034539
v 0.249154 1.699358 -0.062416
v 0.181243 1.701478 0.092675
v 0.068021 1.704072 -0.190255
v 0.228989 1.700528 -0.113502
v 0.229022 1.699659 0.042692
v 0.000000 1.704076 -0.197697
v 0.068085 1.704031 0.144328
v 0.189038 1.701527 -0.153670
v 0.248509 1.760568 0.011030
v 0.133701 1.765846 0.138044
v 0.138704 1.768258 -0.175322
v 0.000000 1.769398 0.145400
v 0.256032 1.759505 -0.034242
v 0.257857 1.758637 -0.064570
v 0.188731 1.762977 0.103691
v 0.069881 1.770452 -0.187681
v 0.237497 1.761597 -0.116636
v 0.238251 1.759352 0.046299
v 0.000000 1.771518 -0.195433
v 0.071072 1.768079 0.149876
v 0.195080 1.764085 -0.155312
v 0.269975 1.534175 0.003194
v 0.148302 1.533456 0.137874
v 0.156140 1.533006 -0.204731
v 0.000000 1.533870 0.167053
v 0.278499 1.533666 -0.042164
v 0.279807 1.533110 -0.070951
v 0.205029 1.533372 0.098025
v 0.084397 1.533132 -0.221079
v 0.259788 1.532585 -0.127140
v 0.254694 1.534167 0.041551
v 0.000000 1.533222 -0.228405
v 0.082776 1.533516 0.158344
v 0.216283 1.532747 -0.176062
v 0.316186 1.416890 -0.079928
v 0.226381 1.417451 0.117759
v 0.092667 1.416725 -0.262958
v 0.291819 1.416591 -0.148078
v 0.282200 1.417531 0.054023
v 0.000000 1.416703 -0.272886
v 0.092764 1.421113 0.174847
v 0.242993 1.416627 -0.206816
v 0.301823 1.417597 0.007955
v 0.165414 1.420799 0.156177
v 0.174784 1.416691 -0.242096
v 0.000000 1.420529 0.186763
v 0.313905 1.417312 -0.045763
v 0.254300 1.647989 -0.063327
v 0.185487 1.649580 0.094766
v 0.070600 1.651088 -0.197264
v 0.233686 1.648651 -0.115791
v 0.233363 1.648843 0.043622
v 0.000000 1.651078 -0.204939
v 0.070639 1.651012 0.148005
v 0.193408 1.649346 -0.157985
v 0.246985 1.649126 0.008036
v 0.130487 1.650413 0.128688
v 0.137779 1.650487 -0.182526
v 0.000000 1.651024 0.153913
v 0.255627 1.648504 -0.035385
v 0.375810 2.128655 -0.039589
v 0.463775 2.123904 -0.041695
v 0.463775 2.107370 0.018981
v 0.375810 2.111526 0.018004
v 0.375810 1.881672 -0.041670
v 0.463775 1.879349 -0.042422
v 0.463775 1.895643 -0.102875
v 0.375810 1.896649 -0.097261
v 0.463775 2.062138 0.063780
v 0.375810 2.062633 0.064181
v 0.375810 2.006186 -0.175209
v 0.463775 2.001915 -0.165638
v 0.463775 2.061780 -0.149882
v 0.375810 2.056726 -0.165467
v 0.375810 1.942172 0.076060
v 0.463775 1.940198 0.064857
v 0.463775 1.895278 0.018054
v 0.375810 1.894936 0.013540
v 0.375810 2.000341 0.086335
v 0.463775 2.000915 0.080672
v 0.463775 2.107603 -0.102897
v 0.375810 2.112057 -0.101315
v 0.375810 1.955107 -0.169009
v 0.463775 1.941942 -0.150525
v 0.733040 2.097500 -0.034292
v 0.728901 1.876939 -0.046761
v 0.727606 2.001432 -0.158711
v 0.733827 1.988833 0.077657
v 0.733396 2.078473 0.023964
v 0.730591 2.084916 -0.094219
v 0.728060 2.053645 -0.139760
v 0.733157 2.042555 0.064940
v 0.727595 1.895924 -0.105018
v 0.732560 1.930597 0.058706
v 0.730719 1.889630 0.013166
v 0.727149 1.941499 -0.145994
v 0.612343 1.990694 0.077657
v 0.611532 2.112364 -0.034292
v 0.606095 2.003283 -0.158711
v 0.612447 2.093355 0.023964
v 0.609453 2.099713 -0.094219
v 0.607185 2.060792 -0.139760
v 0.609130 1.891461 0.013166
v 0.612442 2.049752 0.064940
v 0.606006 1.897756 -0.105018
v 0.607313 1.878770 -0.046761
v 0.610971 1.932428 0.058706
v 0.605560 1.943331 -0.145994
v 0.669710 2.002354 -0.158711
v 0.670206 2.056045 -0.139760
v 0.675305 2.044982 0.064940
v 0.671005 1.877811 -0.046761
v 0.669252 1.942371 -0.145994
v 0.675931 1.989764 0.077657
v 0.675260 2.101266 -0.034292
v 0.675615 2.082239 0.023964
v 0.672810 2.088682 -0.094219
v 0.672822 1.890502 0.013166
v 0.669698 1.896796 -0.105018
v 0.674663 1.931469 0.058706
v 0.675932 2.002574 -0.165065
v 0.676568 2.059551 -0.145096
v 0.681671 2.047944 0.070612
v 0.677094 1.871364 -0.047097
v 0.675384 1.939393 -0.151666
v 0.682159 1.989316 0.084011
v 0.681810 2.107207 -0.033957
v 0.682102 2.087162 0.027433
v 0.679318 2.093940 -0.097107
v 0.678920 1.884739 0.016053
v 0.675800 1.891369 -0.108487
v 0.680788 1.927910 0.064042
v 0.724171 2.001834 -0.165065
v 0.724774 2.057635 -0.145096
v 0.729864 2.045949 0.070612
v 0.725333 1.870637 -0.047097
v 0.723623 1.938666 -0.151666
v 0.730395 1.988570 0.084011
v 0.729952 2.104069 -0.033957
v 0.730244 2.084024 0.027433
v 0.727460 2.090802 -0.097107
v 0.727158 1.884012 0.016053
v 0.724039 1.890643 -0.108487
v 0.729027 1.927183 0.064042
v 0.731663 2.073260 -0.035150
v 0.729164 1.893208 -0.045903
v 0.727843 2.000388 -0.142446
v 0.733177 1.989505 0.061393
v 0.732067 2.057360 0.015089
v 0.729617 2.062735 -0.086830
v 0.727956 2.036020 -0.126103
v 0.732386 2.026987 0.050426
v 0.728037 1.909581 -0.096143
v 0.732319 1.939482 0.045050
v 0.730731 1.904153 0.005777
v 0.727653 1.948884 -0.131480
v 0.871413 2.054592 -0.035856
v 0.868556 1.898860 -0.045198
v 0.867644 1.985089 -0.129079
v 0.872325 1.975656 0.048025
v 0.872392 2.041138 0.007795
v 0.870051 2.045598 -0.080758
v 0.868672 2.016566 -0.114880
v 0.872726 2.008839 0.038497
v 0.867577 1.913086 -0.088849
v 0.871298 1.939065 0.033826
v 0.869918 1.908370 -0.000296
v 0.867243 1.947234 -0.119551
v 1.035274 2.031763 -0.036647
v 1.032901 1.902406 -0.044407
v 1.032143 1.974031 -0.114081
v 1.036031 1.966196 0.033028
v 1.036087 2.020587 -0.000389
v 1.034142 2.024292 -0.073944
v 1.032996 2.000177 -0.102287
v 1.036364 1.993759 0.025113
v 1.032087 1.914223 -0.080665
v 1.035178 1.935802 0.021233
v 1.034032 1.910305 -0.007110
v 1.031810 1.942587 -0.106167
v -0.203301 1.838066 -0.166369
v -0.249448 1.834372 -0.125418
v -0.270906 1.829976 -0.068914
v -0.259779 1.832844 0.015312
v -0.250946 1.831038 0.054153
v -0.198209 1.835864 0.122032
v -0.139895 1.839379 0.159296
v -0.071589 1.842706 0.166200
v -0.091128 1.302236 0.159897
v -0.170157 1.301843 0.154379
v -0.234191 1.296402 0.126974
v -0.294207 1.294236 0.065653
v -0.316676 1.294408 0.014910
v -0.334913 1.294072 -0.081286
v -0.308094 1.293907 -0.157058
v -0.254921 1.293907 -0.222211
v -0.180591 1.293907 -0.256854
v -0.091128 1.293907 -0.279891
v -0.143127 1.844264 -0.186478
v -0.069264 1.847522 -0.198862
v -0.060432 2.144413 -0.169531
v -0.119281 2.134384 -0.163642
v -0.061765 2.077456 0.108719
v -0.118718 2.104722 0.088303
v -0.162347 2.116178 0.061534
v -0.195405 2.126878 0.032365
v -0.218590 2.137303 -0.001440
v -0.222785 2.138895 -0.081618
v -0.202837 2.132834 -0.118159
v -0.167945 2.128985 -0.148050
v -0.043849 2.187929 -0.139941
v -0.085142 2.184580 -0.128351
v -0.099392 2.115784 0.082078
v -0.121118 2.136985 0.054831
v -0.139848 2.149502 0.023560
v -0.153632 2.160202 -0.012021
v -0.149977 2.173043 -0.068423
v -0.133884 2.177945 -0.095209
v -0.112953 2.181388 -0.114301
v -0.207118 1.940982 -0.196730
v -0.144399 1.944405 -0.219494
v -0.075325 1.933331 0.174109
v -0.140334 1.930258 0.170779
v -0.275106 1.946575 0.083177
v -0.313091 1.894854 0.013338
v -0.276484 1.959183 -0.179418
v -0.073677 1.947844 -0.227319
v -0.202161 1.928618 0.134428
v -0.313116 1.893304 -0.093367
v -0.207061 2.073147 -0.190157
v -0.073620 2.050442 0.124367
v -0.283318 2.068607 0.062703
v -0.276124 2.052952 -0.176760
v -0.072110 2.098317 -0.210191
v -0.200404 2.073532 0.087100
v -0.275899 2.116816 -0.104473
v -0.143975 2.088615 -0.205703
v -0.136288 2.067464 0.106477
v -0.277555 2.120139 0.015007
v -0.144694 1.893913 -0.202066
v -0.141353 1.887916 0.172895
v -0.275278 1.863063 0.011139
v -0.205434 1.888081 -0.180113
v -0.075286 1.892477 0.176342
v -0.260113 1.884841 0.055295
v -0.258917 1.884914 -0.134122
v -0.073083 1.898969 -0.211692
v -0.201964 1.884763 0.135889
v -0.284446 1.861979 -0.072352
v -0.143923 2.006276 -0.228574
v -0.137047 2.004041 0.145254
v -0.536064 1.943352 -0.146743
v -0.208151 2.006337 -0.204391
v -0.074075 1.995522 0.156195
v -0.273894 2.004905 0.088528
v -0.276304 2.006068 -0.181311
v -0.073767 2.007210 -0.235547
v -0.199931 2.005986 0.113206
v -0.538425 1.893819 0.015013
v -0.268195 1.831265 -0.034905
v -0.331770 1.294363 -0.043712
v -0.228506 2.141677 -0.041178
v -0.156518 2.167392 -0.041794
v -0.317827 1.880069 -0.039237
v -0.275867 2.136602 -0.042124
v -0.284111 1.862206 -0.039662
v -0.539643 1.936026 0.060312
v -0.536359 1.898049 -0.104531
v -0.540904 2.055568 0.064530
v -0.537325 2.062893 -0.142525
v -0.538543 2.105100 -0.097225
v -0.540609 2.100871 0.022318
v -0.540550 1.995230 0.078437
v -0.536418 2.003689 -0.160650
v -0.537223 1.879918 -0.045324
v -0.539745 2.119001 -0.036888
v -0.319969 1.378240 -0.080828
v -0.227118 1.379852 0.121766
v -0.091442 1.377931 -0.271960
v -0.295048 1.377931 -0.152011
v -0.283974 1.378869 0.058393
v -0.091442 1.384411 0.172939
v -0.245149 1.377931 -0.213662
v -0.304419 1.378929 0.010385
v -0.165653 1.384062 0.156445
v -0.175397 1.377931 -0.250229
v -0.317391 1.378655 -0.045351
v -0.327811 1.370298 -0.081665
v -0.232330 1.371601 0.126051
v -0.093103 1.370060 -0.277275
v -0.302073 1.370060 -0.154685
v -0.290722 1.370680 0.061164
v -0.093103 1.376425 0.176518
v -0.250859 1.370060 -0.217869
v -0.311808 1.370799 0.011948
v -0.169240 1.376078 0.160563
v -0.179270 1.370060 -0.254936
v -0.325230 1.370642 -0.045203
v -0.093678 1.294861 0.152941
v -0.170703 1.294081 0.148873
v -0.232806 1.288468 0.122375
v -0.291608 1.286138 0.063056
v -0.313632 1.286275 0.013499
v -0.331811 1.285857 -0.080297
v -0.305754 1.285663 -0.154289
v -0.253780 1.285663 -0.218022
v -0.181126 1.285663 -0.251781
v -0.093678 1.285663 -0.274394
v -0.328581 1.286172 -0.043672
v -0.255617 1.595196 0.007074
v -0.138915 1.594178 0.131688
v -0.146381 1.594147 -0.188562
v -0.263068 1.594603 -0.036699
v -0.263800 1.593991 -0.064498
v -0.193747 1.594860 0.096444
v -0.078465 1.594350 -0.204186
v -0.243238 1.593529 -0.118049
v -0.241036 1.595110 0.043769
v -0.078481 1.594350 0.151965
v -0.202734 1.593760 -0.162261
v -0.047793 2.100559 0.084008
v -0.035541 2.186378 -0.115124
v -0.067816 2.183758 -0.106080
v -0.078191 2.131017 0.060847
v -0.096194 2.146841 0.037967
v -0.110578 2.156338 0.012951
v -0.121287 2.164351 -0.014952
v -0.118509 2.174755 -0.058830
v -0.105916 2.178571 -0.079896
v -0.089551 2.181258 -0.094872
v -0.123608 2.170295 -0.037987
v -0.109411 2.148262 0.046842
v -0.125988 2.159259 0.018506
v -0.040104 2.193640 -0.127888
v -0.054905 2.095179 0.097798
v -0.120652 2.184705 -0.087618
v -0.101923 2.187783 -0.104704
v -0.089758 2.128592 0.071291
v -0.138274 2.168463 -0.013340
v -0.077045 2.190642 -0.117528
v -0.140902 2.175233 -0.039769
v -0.135060 2.180331 -0.063522
v -0.298139 1.471017 -0.078459
v -0.215945 1.470876 0.107161
v -0.090405 1.471062 -0.247401
v -0.275515 1.470720 -0.141499
v -0.268247 1.471665 0.046386
v -0.090420 1.472860 0.171294
v -0.230090 1.470809 -0.195330
v -0.285953 1.471747 0.003643
v -0.158145 1.472506 0.150131
v -0.166721 1.470975 -0.227991
v -0.296349 1.471447 -0.046556
v -0.241778 1.700127 0.008285
v -0.127195 1.703151 0.125976
v -0.134285 1.703194 -0.176416
v -0.248470 1.699701 -0.034539
v -0.249154 1.699358 -0.062416
v -0.181243 1.701478 0.092675
v -0.068021 1.704072 -0.190255
v -0.228989 1.700528 -0.113502
v -0.229022 1.699659 0.042692
v -0.068085 1.704031 0.144328
v -0.189038 1.701527 -0.153670
v -0.248509 1.760568 0.011030
v -0.133701 1.765846 0.138044
v -0.138704 1.768258 -0.175322
v -0.256032 1.759505 -0.034242
v -0.257857 1.758637 -0.064570
v -0.188731 1.762977 0.103691
v -0.069881 1.770452 -0.187681
v -0.237497 1.761597 -0.116636
v -0.238251 1.759352 0.046299
v -0.071072 1.768079 0.149876
v -0.195080 1.764085 -0.155312
v -0.269975 1.534175 0.003194
v -0.148302 1.533456 0.137874
v -0.156140 1.533006 -0.204731
v -0.278499 1.533666 -0.042164
v -0.279807 1.533110 -0.070951
v -0.205029 1.533372 0.098025
v -0.084397 1.533132 -0.221079
v -0.259788 1.532585 -0.127140
v -0.254694 1.534167 0.041551
v -0.082776 1.533516 0.158344
v -0.216283 1.532747 -0.176062
v -0.316186 1.416890 -0.079928
v -0.226381 1.417451 0.117759
v -0.092667 1.416725 -0.262958
v -0.291819 1.416591 -0.148078
v -0.282200 1.417531 0.054023
v -0.092764 1.421113 0.174847
v -0.242993 1.416627 -0.206816
v -0.301823 1.417597 0.007955
v -0.165414 1.420799 0.156177
v -0.174784 1.416691 -0.242096
v -0.313905 1.417312 -0.045763
v -0.254300 1.647989 -0.063327
v -0.185487 1.649580 0.094766
v -0.070600 1.651088 -0.197264
v -0.233686 1.648651 -0.115791
v -0.233363 1.648843 0.043622
v -0.070639 1.651012 0.148005
v -0.193408 1.649346 -0.157985
v -0.246985 1.649126 0.008036
v -0.130487 1.650413 0.128688
v -0.137779 1.650487 -0.182526
v -0.255627 1.648504 -0.035385
v -0.375810 2.128655 -0.039589
v -0.463775 2.123904 -0.041695
v -0.463775 2.107370 0.018981
v -0.375810 2.111526 0.018004
v -0.375810 1.881672 -0.041670
v -0.463775 1.879349 -0.042422
v -0.463775 1.895643 -0.102875
v -0.375810 1.896649 -0.097261
v -0.463775 2.062138 0.063780
v -0.375810 2.062633 0.064181
v -0.375810 2.006186 -0.175209
v -0.463775 2.001915 -0.165638
v -0.463775 2.061780 -0.149882
v -0.375810 2.056726 -0.165467
v -0.375810 1.942172 0.076060
v -0.463775 1.940198 0.064857
v -0.463775 1.895278 0.018054
v -0.375810 1.894936 0.013540
v -0.375810 2.000341 0.086335
v -0.463775 2.000915 0.080672
v -0.463775 2.107603 -0.102897
v -0.375810 2.112057 -0.101315
v -0.375810 1.955107 -0.169009
v -0.463775 1.941942 -0.150525
v -0.733040 2.097500 -0.034292
v -0.728901 1.876939 -0.046761
v -0.727606 2.001432 -0.158711
v -0.733827 1.988833 0.077657
v -0.733396 2.078473 0.023964
v -0.730591 2.084916 -0.094219
v -0.728060 2.053645 -0.139760
v -0.733157 2.042555 0.064940
v -0.727595 1.895924 -0.105018
v -0.732560 1.930597 0.058706
v -0.730719 1.889630 0.013166
v -0.727149 1.941499 -0.145994
v -0.612343 1.990694 0.077657
v -0.611532 2.112364 -0.034292
v -0.606095 2.003283 -0.158711
v -0.612447 2.093355 0.023964
v -0.609453 2.099713 -0.094219
v -0.607185 2.060792 -0.139760
v -0.609130 1.891461 0.013166
v -0.612442 2.049752 0.064940
v -0.606006 1.897756 -0.105018
v -0.607313 1.878770 -0.046761
v -0.610971 1.932428 0.058706
v -0.605560 1.943331 -0.145994
v -0.669710 2.002354 -0.158711
v -0.670206 2.056045 -0.139760
v -0.675305 2.044982 0.064940
v -0.671005 1.877811 -0.046761
v -0.669252 1.942371 -0.145994
v -0.675931 1.989764 0.077657
v -0.675260 2.101266 -0.034292
v -0.675615 2.082239 0.023964
v -0.672810 2.088682 -0.094219
v -0.672822 1.890502 0.013166
v -0.669698 1.896796 -0.105018
v -0.674663 1.931469 0.058706
v -0.675932 2.002574 -0.165065
v -0.676568 2.059551 -0.145096
v -0.681671 2.047944 0.070612
v -0.677094 1.871364 -0.047097
v -0.675384 1.939393 -0.151666
v -0.682159 1.989316 0.084011
v -0.681810 2.107207 -0.033957
v -0.682102 2.087162 0.027433
v -0.679318 2.093940 -0.097107
v -0.678920 1.884739 0.016053
v -0.675800 1.891369 -0.108487
v -0.680788 1.927910 0.064042
v -0.724171 2.001834 -0.165065
v -0.724774 2.057635 -0.145096
v -0.729864 2.045949 0.070612
v -0.725333 1.870637 -0.047097
v -0.723623 1.938666 -0.151666
v -0.730395 1.988570 0.084011
v -0.729952 2.104069 -0.033957
v -0.730244 2.084024 0.027433
v -0.727460 2.090802 -0.097107
v -0.727158 1.884012 0.016053
v -0.724039 1.890643 -0.108487
v -0.729027 1.927183 0.064042
v -0.731663 2.073260 -0.035150
v -0.729164 1.893208 -0.045903
v -0.727843 2.000388 -0.142446
v -0.733177 1.989505 0.061393
v -0.732067 2.057360 0.015089
v -0.729617 2.062735 -0.086830
v -0.727956 2.036020 -0.126103
v -0.732386 2.026987 0.050426
v -0.728037 1.909581 -0.096143
v -0.732319 1.939482 0.045050
v -0.730731 1.904153 0.005777
v -0.727653 1.948884 -0.131480
v -0.871413 2.054592 -0.035856
v -0.868556 1.898860 -0.045198
v -0.867644 1.985089 -0.129079
v -0.872325 1.975656 0.048025
v -0.872392 2.041138 0.007795
v -0.870051 2.045598 -0.080758
v -0.868672 2.016566 -0.114880
v -0.872726 2.008839 0.038497
v -0.867577 1.913086 -0.088849
v -0.871298 1.939065 0.033826
v -0.869918 1.908370 -0.000296
v -0.867243 1.947234 -0.119551
v -1.035274 2.031763 -0.036647
v -1.032901 1.902406 -0.044407
v -1.032143 1.974031 -0.114081
v -1.036031 1.966196 0.033028
v -1.036087 2.020587 -0.000389
v -1.034142 2.024292 -0.073944
v -1.032996 2.000177 -0.102287
v -1.036364 1.993759 0.025113
v -1.032087 1.914223 -0.080665
v -1.035178 1.935802 0.021233
v -1.034032 1.910305 -0.007110
v -1.031810 1.942587 -0.106167
vn -0.0000 -0.2655 -0.9641
vn 0.4878 -0.2218 -0.8443
vn 0.7841 -0.2379 -0.5732
vn 0.9452 -0.2809 -0.1663
vn 0.9389 -0.2548 0.2315
vn 0.8647 -0.2152 0.4539
vn 0.6498 -0.2385 0.7218
vn 0.3109 -0.2616 0.9137
vn -0.0373 -0.1966 0.9798
vn -0.0000 -0.1507 0.9886
vn -0.0000 -0.1942 -0.9810
vn -0.0000 -0.4426 0.8967
vn 0.1278 -0.4309 0.8933
vn 0.2375 -0.3384 0.9105
vn 0.5503 -0.2446 0.7984
vn 0.8166 -0.1807 0.5481
vn 0.9351 -0.1507 0.3208
vn 0.9825 -0.1350 -0.1280
vn 0.8615 -0.1493 -0.4853
vn 0.6054 -0.1860 -0.7739
vn 0.3294 -0.2272 -0.9164
vn 0.1717 -0.2580 -0.9508
vn 0.2253 -0.2192 -0.9493
vn 0.1246 -0.2025 -0.9713
vn 0.1461 0.6468 -0.7485
vn 0.2526 0.6954 -0.6727
vn -0.0000 0.6299 -0.7767
vn -0.0000 0.5058 0.8626
vn -0.0340 0.5415 0.8400
vn 0.1647 0.6000 0.7829
vn 0.2554 0.7058 0.6607
vn 0.2535 0.7900 0.5582
vn 0.2367 0.8940 0.3805
vn 0.3189 0.9064 -0.2769
vn 0.3654 0.8029 -0.4710
vn 0.3521 0.7404 -0.5725
vn 0.1400 0.7826 -0.6065
vn 0.2510 0.8026 -0.5412
vn -0.0000 0.7795 -0.6264
vn 0.1021 0.6256 0.7734
vn 0.2537 0.7392 0.6239
vn 0.3294 0.8165 0.4742
vn 0.3579 0.8770 0.3205
vn 0.4238 0.9016 -0.0861
vn 0.4053 0.8714 -0.2765
vn 0.3419 0.8353 -0.4306
vn 0.3575 -0.2566 -0.8980
vn 0.2129 -0.2209 -0.9518
vn -0.0568 0.1548 0.9863
vn 0.2887 0.1703 0.9422
vn 0.3950 -0.2831 0.8740
vn 0.2958 -0.8325 0.4684
vn 0.2707 -0.3556 -0.8946
vn -0.0000 0.1199 0.9928
vn 0.0960 -0.2224 -0.9702
vn -0.0000 -0.2188 -0.9758
vn 0.5586 0.0295 0.8289
vn 0.2983 -0.8263 -0.4777
vn 0.3377 0.4922 -0.8023
vn 0.0366 0.4758 0.8788
vn 0.1412 0.5523 0.8216
vn 0.2011 0.4666 -0.8613
vn -0.0000 0.4090 0.9125
vn 0.1168 0.4957 -0.8606
vn 0.2854 0.5331 0.7965
vn 0.1610 0.8710 -0.4641
vn 0.2368 0.5000 -0.8330
vn 0.1988 0.5082 0.8380
vn 0.1256 0.8615 0.4920
vn -0.0000 0.4732 -0.8810
vn 0.2085 -0.2941 -0.9328
vn 0.2954 -0.1034 0.9498
vn 0.7884 -0.5165 0.3343
vn -0.0000 -0.2737 -0.9618
vn 0.4228 -0.3266 -0.8453
vn -0.0736 -0.0704 0.9948
vn 0.7397 -0.3455 0.5774
vn 0.6225 -0.4350 -0.6506
vn -0.0000 -0.0472 0.9989
vn 0.1048 -0.2841 -0.9531
vn 0.6346 -0.1732 0.7532
vn 0.7741 -0.5706 -0.2743
vn 0.2159 0.0585 -0.9747
vn 0.2469 0.3872 0.8883
vn 0.0289 -0.4733 -0.8804
vn -0.0000 0.0663 -0.9978
vn 0.3100 0.0470 -0.9496
vn -0.0074 0.3600 0.9329
vn 0.2202 0.1791 0.9589
vn 0.1861 0.0353 -0.9819
vn -0.0000 0.2752 0.9614
vn 0.0979 0.0664 -0.9930
vn 0.3820 0.2914 0.8770
vn -0.0058 -0.8826 0.4701
vn 0.9467 -0.2997 0.1177
vn 0.9776 -0.1366 0.1604
vn 0.2629 0.9638 0.0445
vn 0.3993 0.9087 0.1219
vn 0.3146 -0.9491 0.0168
vn 0.1349 0.9908 -0.0039
vn 0.7625 -0.6434 0.0678
vn 0.0043 -0.5294 0.8484
vn 0.0068 -0.8499 -0.5269
vn 0.0364 0.4756 0.8789
vn 0.0640 0.5327 -0.8439
vn 0.0745 0.8818 -0.4657
vn 0.0607 0.8493 0.5244
vn 0.0185 -0.0294 0.9994
vn 0.0508 0.0342 -0.9981
vn -0.0048 -0.9994 -0.0329
vn 0.0765 0.9965 0.0323
vn 0.8893 0.4398 -0.1252
vn 0.5882 0.3729 0.7176
vn 0.1639 0.4045 -0.8997
vn 0.7804 0.4366 -0.4475
vn 0.7682 0.4035 0.4970
vn -0.0000 0.4092 -0.9125
vn 0.1659 0.2112 0.9632
vn 0.5574 0.4344 -0.7076
vn 0.8687 0.4044 0.2862
vn 0.3490 0.2848 0.8928
vn 0.3176 0.4117 -0.8542
vn -0.0000 0.1971 0.9804
vn 0.9005 0.4137 0.1339
vn 0.9109 0.3941 -0.1224
vn 0.5876 0.3196 0.7434
vn 0.1780 0.3090 -0.9343
vn 0.8068 0.3888 -0.4449
vn 0.7869 0.3634 0.4987
vn -0.0000 0.3051 -0.9523
vn 0.1551 0.1522 0.9761
vn 0.5932 0.3657 -0.7172
vn 0.8761 0.3857 0.2893
vn 0.3267 0.2416 0.9137
vn 0.3391 0.3302 -0.8809
vn -0.0000 0.1227 0.9924
vn 0.9067 0.3988 0.1376
vn -0.0000 -0.5529 -0.8332
vn -0.0000 -0.6783 0.7348
vn 0.0813 -0.6471 0.7580
vn 0.1867 -0.5777 0.7946
vn 0.4903 -0.4896 0.7210
vn 0.7533 -0.4191 0.5068
vn 0.8756 -0.3756 0.3038
vn 0.9251 -0.3639 -0.1085
vn 0.8127 -0.3819 -0.4401
vn 0.5726 -0.4354 -0.6946
vn 0.3072 -0.4805 -0.8214
vn 0.1721 -0.5189 -0.8373
vn 0.9190 -0.3594 0.1624
vn 0.9469 0.1734 0.2708
vn 0.4294 0.1252 0.8944
vn 0.3175 0.2180 -0.9229
vn -0.0000 0.1037 0.9946
vn 0.9770 0.1921 0.0923
vn 0.9613 0.2195 -0.1664
vn 0.6441 0.1329 0.7533
vn 0.1584 0.2057 -0.9657
vn 0.8301 0.2346 -0.5058
vn 0.8393 0.1507 0.5224
vn -0.0000 0.1994 -0.9799
vn 0.2051 0.1114 0.9724
vn 0.5793 0.2312 -0.7817
vn -0.0000 0.8287 0.5598
vn -0.4169 0.7526 0.5096
vn -0.0430 0.8783 0.4762
vn -0.0870 0.8832 0.4609
vn -0.0000 0.8795 0.4759
vn -0.3255 0.8185 0.4734
vn -0.2737 0.9051 0.3254
vn -0.2496 0.9474 0.2002
vn -0.2472 0.9489 0.1963
vn -0.2331 0.9304 0.2828
vn -0.2041 0.9179 0.3403
vn -0.1490 0.9001 0.4094
vn -0.2447 0.9400 0.2379
vn 0.0140 0.8741 0.4855
vn 0.0933 0.9288 0.3586
vn 0.0392 0.9988 0.0277
vn -0.0000 0.9997 0.0256
vn -0.0000 0.6815 0.7318
vn -0.2455 0.6880 0.6829
vn 0.1181 0.9906 0.0684
vn 0.0924 0.9949 0.0393
vn -0.0994 0.7643 0.6372
vn 0.1320 0.9476 0.2909
vn 0.0724 0.9969 0.0321
vn 0.1554 0.9650 0.2111
vn 0.1432 0.9814 0.1279
vn 0.9413 0.3058 -0.1432
vn 0.6533 0.2366 0.7192
vn 0.1609 0.3380 -0.9273
vn 0.8193 0.3163 -0.4782
vn 0.8238 0.2542 0.5067
vn -0.0000 0.3451 -0.9386
vn 0.2032 0.1647 0.9652
vn 0.5851 0.3267 -0.7422
vn 0.9218 0.2675 0.2806
vn 0.4300 0.2012 0.8801
vn 0.3298 0.3302 -0.8844
vn -0.0000 0.1550 0.9879
vn 0.9508 0.2855 0.1200
vn 0.9679 -0.0151 0.2510
vn 0.3978 -0.0552 0.9158
vn 0.2868 0.0602 -0.9561
vn -0.0000 0.0339 0.9994
vn 0.9956 -0.0049 0.0933
vn 0.9839 -0.0152 -0.1778
vn 0.6321 -0.0605 0.7725
vn 0.1536 0.0802 -0.9849
vn 0.8340 -0.0133 -0.5516
vn 0.8543 -0.0382 0.5184
vn -0.0000 0.0856 -0.9963
vn 0.1523 -0.0021 0.9883
vn 0.5477 0.0227 -0.8364
vn 0.9641 -0.1516 0.2182
vn 0.3529 -0.2276 0.9075
vn 0.2578 -0.0835 -0.9626
vn -0.0000 -0.0904 0.9959
vn 0.9827 -0.1473 0.1124
vn 0.9743 -0.1648 -0.1534
vn 0.6312 -0.2266 0.7418
vn 0.1440 -0.0597 -0.9878
vn 0.8154 -0.1643 -0.5552
vn 0.8655 -0.1861 0.4650
vn -0.0000 -0.0554 -0.9985
vn 0.0628 -0.1483 0.9869
vn 0.5159 -0.1277 -0.8471
vn 0.9361 0.2251 0.2703
vn 0.4377 0.1895 0.8789
vn 0.3174 0.3347 -0.8872
vn -0.0000 0.1783 0.9840
vn 0.9623 0.2499 0.1074
vn 0.9480 0.2826 -0.1464
vn 0.6583 0.1874 0.7291
vn 0.1529 0.3362 -0.9293
vn 0.8211 0.3098 -0.4795
vn 0.8378 0.2002 0.5080
vn -0.0000 0.3370 -0.9415
vn 0.2023 0.1816 0.9623
vn 0.5767 0.3297 -0.7475
vn 0.9696 0.2056 -0.1330
vn 0.6484 0.1620 0.7439
vn 0.1740 0.2514 -0.9521
vn 0.8532 0.2144 -0.4756
vn 0.8362 0.1857 0.5161
vn -0.0000 0.2615 -0.9652
vn 0.1911 0.0261 0.9812
vn 0.6206 0.2302 -0.7496
vn 0.9361 0.1886 0.2969
vn 0.4072 0.0957 0.9083
vn 0.3507 0.2396 -0.9053
vn -0.0000 0.0061 1.0000
vn 0.9708 0.1970 0.1366
vn 0.9720 0.1395 -0.1892
vn 0.6325 0.0989 0.7682
vn 0.1578 0.1347 -0.9782
vn 0.8361 0.1380 -0.5309
vn 0.8437 0.1089 0.5257
vn -0.0000 0.1330 -0.9911
vn 0.1923 0.0869 0.9775
vn 0.5696 0.1370 -0.8104
vn 0.9558 0.1219 0.2674
vn 0.4180 0.0928 0.9037
vn 0.3069 0.1363 -0.9419
vn -0.0000 0.0851 0.9964
vn 0.9877 0.1338 0.0813
vn 0.0616 0.9981 0.0074
vn 0.0561 0.9984 0.0066
vn 0.0421 0.8579 0.5121
vn 0.0449 0.8525 0.5208
vn 0.0003 -1.0000 -0.0058
vn -0.0076 -0.9999 -0.0112
vn -0.0000 -0.8702 -0.4927
vn 0.0019 -0.8878 -0.4602
vn 0.0303 0.5034 0.8635
vn 0.0271 0.5175 0.8552
vn 0.1108 0.0279 -0.9934
vn 0.1066 0.0145 -0.9942
vn 0.0848 0.5153 -0.8528
vn 0.0863 0.4882 -0.8684
vn 0.0412 -0.5116 0.8583
vn 0.0366 -0.5189 0.8540
vn 0.0035 -0.8809 0.4733
vn 0.0058 -0.8967 0.4426
vn 0.0483 0.0764 0.9959
vn 0.0463 0.0219 0.9987
vn 0.0587 0.8722 -0.4856
vn 0.0555 0.8773 -0.4767
vn 0.0650 -0.4740 -0.8781
vn 0.0522 -0.5089 -0.8592
vn 0.9741 0.2260 -0.0089
vn 0.9548 -0.2946 -0.0390
vn 0.9589 0.0105 -0.2835
vn 0.9658 -0.0166 0.2589
vn 0.9743 0.1964 0.1107
vn 0.9719 0.1979 -0.1276
vn 0.9630 0.1412 -0.2295
vn 0.9677 0.1295 0.2161
vn 0.9538 -0.2447 -0.1743
vn 0.9606 -0.1713 0.2188
vn 0.9570 -0.2699 0.1061
vn 0.9548 -0.1358 -0.2643
vn 0.0056 -0.0491 0.9988
vn 0.1308 0.9902 0.0483
vn 0.0175 0.0527 -0.9985
vn 0.1014 0.8460 0.5235
vn 0.1089 0.8935 -0.4357
vn 0.0567 0.5620 -0.8252
vn -0.0155 -0.8900 0.4556
vn 0.0447 0.4746 0.8791
vn -0.0100 -0.8402 -0.5421
vn -0.0161 -0.9986 -0.0498
vn -0.0082 -0.5437 0.8392
vn 0.0013 -0.4569 -0.8895
vn -0.4196 0.0609 -0.9057
vn -0.3869 0.5510 -0.7394
vn -0.3940 0.4516 0.8005
vn -0.4361 -0.8992 -0.0363
vn -0.4276 -0.4097 -0.8058
vn -0.4238 -0.0386 0.9050
vn -0.3138 0.9476 0.0594
vn -0.3327 0.8090 0.4846
vn -0.3259 0.8665 -0.3781
vn -0.4353 -0.7962 0.4202
vn -0.4335 -0.7589 -0.4860
vn -0.4308 -0.4820 0.7630
vn -0.3759 0.0636 -0.9245
vn -0.3609 0.5690 -0.7389
vn -0.3607 0.4742 0.8031
vn -0.3931 -0.9186 -0.0406
vn -0.3868 -0.4173 -0.8223
vn -0.3727 -0.0383 0.9272
vn -0.3170 0.9467 0.0570
vn -0.3335 0.8161 0.4720
vn -0.3309 0.8694 -0.3669
vn -0.3906 -0.8159 0.4264
vn -0.3919 -0.7734 -0.4982
vn -0.3845 -0.4955 0.7789
vn 0.5012 0.0511 -0.8638
vn 0.5132 0.5065 -0.6929
vn 0.5142 0.4336 0.7400
vn 0.4834 -0.8736 -0.0561
vn 0.4892 -0.3970 -0.7766
vn 0.5056 -0.0419 0.8618
vn 0.5527 0.8326 0.0354
vn 0.5459 0.7244 0.4211
vn 0.5481 0.7577 -0.3541
vn 0.4859 -0.7844 0.3856
vn 0.4843 -0.7308 -0.4809
vn 0.4921 -0.4839 0.7237
vn 0.8476 0.5306 0.0047
vn 0.8057 -0.5897 -0.0557
vn 0.8357 0.0571 -0.5462
vn 0.8454 -0.0084 0.5341
vn 0.8406 0.4691 0.2709
vn 0.8330 0.4876 -0.2616
vn 0.8385 0.3262 -0.4365
vn 0.8528 0.2840 0.4383
vn 0.8045 -0.4890 -0.3371
vn 0.8207 -0.3339 0.4637
vn 0.8121 -0.5314 0.2410
vn 0.8081 -0.2676 -0.5247
vn 0.1346 0.9898 0.0475
vn 0.0313 -0.9981 -0.0539
vn 0.1017 0.0883 -0.9909
vn 0.0923 -0.0415 0.9949
vn 0.1331 0.8499 0.5099
vn 0.1353 0.8957 -0.4236
vn 0.1295 0.6033 -0.7869
vn 0.1234 0.5026 0.8557
vn 0.0414 -0.8370 -0.5457
vn 0.0563 -0.5614 0.8256
vn 0.0381 -0.8909 0.4525
vn 0.0630 -0.4641 -0.8835
vn 0.1381 0.9891 0.0515
vn 0.0218 -0.9986 -0.0484
vn 0.0958 0.0796 -0.9922
vn 0.0880 -0.0537 0.9947
vn 0.1318 0.8403 0.5258
vn 0.1337 0.8912 -0.4335
vn 0.1202 0.5941 -0.7953
vn 0.1158 0.4888 0.8647
vn 0.0326 -0.8421 -0.5384
vn 0.0516 -0.5713 0.8192
vn 0.0293 -0.8909 0.4533
vn 0.0579 -0.4770 -0.8770
vn -0.4878 -0.2218 -0.8443
vn -0.7841 -0.2379 -0.5732
vn -0.9452 -0.2809 -0.1663
vn -0.9389 -0.2548 0.2315
vn -0.8647 -0.2152 0.4539
vn -0.6498 -0.2385 0.7218
vn -0.3109 -0.2616 0.9137
vn 0.0373 -0.1966 0.9798
vn -0.1278 -0.4309 0.8933
vn -0.2375 -0.3384 0.9105
vn -0.5503 -0.2446 0.7984
vn -0.8166 -0.1807 0.5481
vn -0.9351 -0.1507 0.3208
vn -0.9825 -0.1350 -0.1280
vn -0.8615 -0.1493 -0.4853
vn -0.6054 -0.1860 -0.7739
vn -0.3294 -0.2272 -0.9164
vn -0.1717 -0.2580 -0.9508
vn -0.2253 -0.2192 -0.9493
vn -0.1246 -0.2025 -0.9713
vn -0.1461 0.6468 -0.7485
vn -0.2526 0.6954 -0.6727
vn 0.0340 0.5415 0.8400
vn -0.1647 0.6000 0.7829
vn -0.2554 0.7058 0.6607
vn -0.2535 0.7900 0.5582
vn -0.2367 0.8940 0.3805
vn -0.3189 0.9064 -0.2769
vn -0.3654 0.8029 -0.4710
vn -0.3521 0.7404 -0.5725
vn -0.1400 0.7826 -0.6065
vn -0.2510 0.8026 -0.5412
vn -0.1021 0.6256 0.7734
vn -0.2537 0.7392 0.6239
vn -0.3294 0.8165 0.4742
vn -0.3579 0.8770 0.3205
vn -0.4238 0.9016 -0.0861
vn -0.4053 0.8714 -0.2765
vn -0.3419 0.8353 -0.4306
vn -0.3575 -0.2566 -0.8980
vn -0.2129 -0.2209 -0.9518
vn 0.0568 0.1548 0.9863
vn -0.2887 0.1703 0.9422
vn -0.3950 -0.2831 0.8740
vn -0.2958 -0.8325 0.4684
vn -0.2707 -0.3556 -0.8946
vn -0.0960 -0.2224 -0.9702
vn -0.5586 0.0295 0.8289
vn -0.2983 -0.8263 -0.4777
vn -0.3377 0.4922 -0.8023
vn -0.0366 0.4758 0.8788
vn -0.1412 0.5523 0.8216
vn -0.2011 0.4666 -0.8613
vn -0.1168 0.4957 -0.8606
vn -0.2854 0.5331 0.7965
vn -0.1610 0.8710 -0.4641
vn -0.2368 0.5000 -0.8330
vn -0.1988 0.5082 0.8380
vn -0.1256 0.8615 0.4920
vn -0.2085 -0.2941 -0.9328
vn -0.2954 -0.1034 0.9498
vn -0.7884 -0.5165 0.3343
vn -0.4228 -0.3266 -0.8453
vn 0.0736 -0.0704 0.9948
vn -0.7397 -0.3455 0.5774
vn -0.6225 -0.4350 -0.6506
vn -0.1048 -0.2841 -0.9531
vn -0.6346 -0.1732 0.7532
vn -0.7741 -0.5706 -0.2743
vn -0.2159 0.0585 -0.9747
vn -0.2469 0.3872 0.8883
vn -0.0289 -0.4733 -0.8804
vn -0.3100 0.0470 -0.9496
vn 0.0074 0.3600 0.9329
vn -0.2202 0.1791 0.9589
vn -0.1861 0.0353 -0.9819
vn -0.0979 0.0664 -0.9930
vn -0.3820 0.2914 0.8770
vn 0.0058 -0.8826 0.4701
vn -0.9467 -0.2997 0.1177
vn -0.9776 -0.1366 0.1604
vn -0.2629 0.9638 0.0445
vn -0.3993 0.9087 0.1219
vn -0.3146 -0.9491 0.0168
vn -0.1349 0.9908 -0.0039
vn -0.7625 -0.6434 0.0678
vn -0.0043 -0.5294 0.8484
vn -0.0068 -0.8499 -0.5269
vn -0.0364 0.4756 0.8789
vn -0.0640 0.5327 -0.8439
vn -0.0745 0.8818 -0.4657
vn -0.0607 0.8493 0.5244
vn -0.0185 -0.0294 0.9994
vn -0.0508 0.0342 -0.9981
vn 0.0048 -0.9994 -0.0329
vn -0.0765 0.9965 0.0323
vn -0.8893 0.4398 -0.1252
vn -0.5882 0.3729 0.7176
vn -0.1639 0.4045 -0.8997
vn -0.7804 0.4366 -0.4475
vn -0.7682 0.4035 0.4970
vn -0.1659 0.2112 0.9632
vn -0.5574 0.4344 -0.7076
vn -0.8687 0.4044 0.2862
vn -0.3490 0.2848 0.8928
vn -0.3176 0.4117 -0.8542
vn -0.9005 0.4137 0.1339
vn -0.9109 0.3941 -0.1224
vn -0.5876 0.3196 0.7434
vn -0.1780 0.3090 -0.9343
vn -0.8068 0.3888 -0.4449
vn -0.7869 0.3634 0.4987
vn -0.1551 0.1522 0.9761
vn -0.5932 0.3657 -0.7172
vn -0.8761 0.3857 0.2893
vn -0.3267 0.2416 0.9137
vn -0.3391 0.3302 -0.8809
vn -0.9067 0.3988 0.1376
vn -0.0813 -0.6471 0.7580
vn -0.1867 -0.5777 0.7946
vn -0.4903 -0.4896 0.7210
vn -0.7533 -0.4191 0.5068
vn -0.8756 -0.3756 0.3038
vn -0.9251 -0.3639 -0.1085
vn -0.8127 -0.3819 -0.4401
vn -0.5726 -0.4354 -0.6946
vn -0.3072 -0.4805 -0.8214
vn -0.1721 -0.5189 -0.8373
vn -0.9190 -0.3594 0.1624
vn -0.9469 0.1734 0.2708
vn -0.4294 0.1252 0.8944
vn -0.3175 0.2180 -0.9229
vn -0.9770 0.1921 0.0923
vn -0.9613 0.2195 -0.1664
vn -0.6441 0.1329 0.7533
vn -0.1584 0.2057 -0.9657
vn -0.8301 0.2346 -0.5058
vn -0.8393 0.1507 0.5224
vn -0.2051 0.1114 0.9724
vn -0.5793 0.2312 -0.7817
vn 0.4169 0.7526 0.5096
vn 0.0430 0.8783 0.4762
vn 0.0870 0.8832 0.4609
vn 0.3255 0.8185 0.4734
vn 0.2737 0.9051 0.3254
vn 0.2496 0.9474 0.2002
vn 0.2472 0.9489 0.1963
vn 0.2331 0.9304 0.2828
vn 0.2041 0.9179 0.3403
vn 0.1490 0.9001 0.4094
vn 0.2447 0.9400 0.2379
vn -0.0140 0.8741 0.4855
vn -0.0933 0.9288 0.3586
vn -0.0392 0.9988 0.0277
vn 0.2455 0.6880 0.6829
vn -0.1181 0.9906 0.0684
vn -0.0924 0.9949 0.0393
vn 0.0994 0.7643 0.6372
vn -0.1320 0.9476 0.2909
vn -0.0724 0.9969 0.0321
vn -0.1554 0.9650 0.2111
vn -0.1432 0.9814 0.1279
vn -0.9413 0.3058 -0.1432
vn -0.6533 0.2366 0.7192
vn -0.1609 0.3380 -0.9273
vn -0.8193 0.3163 -0.4782
vn -0.8238 0.2542 0.5067
vn -0.2032 0.1647 0.9652
vn -0.5851 0.3267 -0.7422
vn -0.9218 0.2675 0.2806
vn -0.4300 0.2012 0.8801
vn -0.3298 0.3302 -0.8844
vn -0.9508 0.2855 0.1200
vn -0.9679 -0.0151 0.2510
vn -0.3978 -0.0552 0.9158
vn -0.2868 0.0602 -0.9561
vn -0.9956 -0.0049 0.0933
vn -0.9839 -0.0152 -0.1778
vn -0.6321 -0.0605 0.7725
vn -0.1536 0.0802 -0.9849
vn -0.8340 -0.0133 -0.5516
vn -0.8543 -0.0382 0.5184
vn -0.1523 -0.0021 0.9883
vn -0.5477 0.0227 -0.8364
vn -0.9641 -0.1516 0.2182
vn -0.3529 -0.2276 0.9075
vn -0.2578 -0.0835 -0.9626
vn -0.9827 -0.1473 0.1124
vn -0.9743 -0.1648 -0.1534
vn -0.6312 -0.2266 0.7418
vn -0.1440 -0.0597 -0.9878
vn -0.8154 -0.1643 -0.5552
vn -0.8655 -0.1861 0.4650
vn -0.0628 -0.1483 0.9869
vn -0.5159 -0.1277 -0.8471
vn -0.9361 0.2251 0.2703
vn -0.4377 0.1895 0.8789
vn -0.3174 0.3347 -0.8872
vn -0.9623 0.2499 0.1074
vn -0.9480 0.2826 -0.1464
vn -0.6583 0.1874 0.7291
vn -0.1529 0.3362 -0.9293
vn -0.8211 0.3098 -0.4795
vn -0.8378 0.2002 0.5080
vn -0.2023 0.1816 0.9623
vn -0.5767 0.3297 -0.7475
vn -0.9696 0.2056 -0.1330
vn -0.6484 0.1620 0.7439
vn -0.1740 0.2514 -0.9521
vn -0.8532 0.2144 -0.4756
vn -0.8362 0.1857 0.5161
vn -0.1911 0.0261 0.9812
vn -0.6206 0.2302 -0.7496
vn -0.9361 0.1886 0.2969
vn -0.4072 0.0957 0.9083
vn -0.3507 0.2396 -0.9053
vn -0.9708 0.1970 0.1366
vn -0.9720 0.1395 -0.1892
vn -0.6325 0.0989 0.7682
vn -0.1578 0.1347 -0.9782
vn -0.8361 0.1380 -0.5309
vn -0.8437 0.1089 0.5257
vn -0.1923 0.0869 0.9775
vn -0.5696 0.1370 -0.8104
vn -0.9558 0.1219 0.2674
vn -0.4180 0.0928 0.9037
vn -0.3069 0.1363 -0.9419
vn -0.9877 0.1338 0.0813
vn -0.0616 0.9981 0.0074
vn -0.0561 0.9984 0.0066
vn -0.0421 0.8579 0.5121
vn -0.0449 0.8525 0.5208
vn -0.0003 -1.0000 -0.0058
vn 0.0076 -0.9999 -0.0112
vn -0.0019 -0.8878 -0.4602
vn -0.0303 0.5034 0.8635
vn -0.0271 0.5175 0.8552
vn -0.1108 0.0279 -0.9934
vn -0.1066 0.0145 -0.9942
vn -0.0848 0.5153 -0.8528
vn -0.0863 0.4882 -0.8684
vn -0.0412 -0.5116 0.8583
vn -0.0366 -0.5189 0.8540
vn -0.0035 -0.8809 0.4733
vn -0.0058 -0.8967 0.4426
vn -0.0483 0.0764 0.9959
vn -0.0463 0.0219 0.9987
vn -0.0587 0.8722 -0.4856
vn -0.0555 0.8773 -0.4767
vn -0.0650 -0.4740 -0.8781
vn -0.0522 -0.5089 -0.8592
vn -0.9741 0.2260 -0.0089
vn -0.9548 -0.2946 -0.0390
vn -0.9589 0.0105 -0.2835
vn -0.9658 -0.0166 0.2589
vn -0.9743 0.1964 0.1107
vn -0.9719 0.1979 -0.1276
vn -0.9630 0.1412 -0.2295
vn -0.9677 0.1295 0.2161
vn -0.9538 -0.2447 -0.1743
vn -0.9606 -0.1713 0.2188
vn -0.9570 -0.2699 0.1062
vn -0.9548 -0.1358 -0.2643
vn -0.0056 -0.0491 0.9988
vn -0.1308 0.9902 0.0483
vn -0.0175 0.0527 -0.9985
vn -0.1014 0.8460 0.5235
vn -0.1089 0.8935 -0.4357
vn -0.0567 0.5620 -0.8252
vn 0.0155 -0.8900 0.4556
vn -0.0447 0.4746 0.8791
vn 0.0100 -0.8402 -0.5421
vn 0.0161 -0.9986 -0.0498
vn 0.0082 -0.5437 0.8392
vn -0.0013 -0.4569 -0.8895
vn 0.4196 0.0609 -0.9057
vn 0.3869 0.5510 -0.7394
vn 0.3940 0.4516 0.8005
vn 0.4361 -0.8992 -0.0363
vn 0.4276 -0.4097 -0.8058
vn 0.4238 -0.0386 0.9050
vn 0.3138 0.9476 0.0594
vn 0.3327 0.8090 0.4846
vn 0.3259 0.8665 -0.3781
vn 0.4353 -0.7962 0.4202
vn 0.4335 -0.7589 -0.4860
vn 0.4308 -0.4820 0.7630
vn 0.3759 0.0636 -0.9245
vn 0.3609 0.5690 -0.7389
vn 0.3607 0.4742 0.8031
vn 0.3931 -0.9186 -0.0406
vn 0.3868 -0.4173 -0.8223
vn 0.3727 -0.0383 0.9272
vn 0.3170 0.9467 0.0570
vn 0.3335 0.8161 0.4720
vn 0.3309 0.8694 -0.3669
vn 0.3906 -0.8159 0.4264
vn 0.3919 -0.7734 -0.4982
vn 0.3845 -0.4955 0.7789
vn -0.5012 0.0511 -0.8638
vn -0.5132 0.5065 -0.6929
vn -0.5142 0.4336 0.7400
vn -0.4834 -0.8736 -0.0561
vn -0.4892 -0.3970 -0.7766
vn -0.5056 -0.0419 0.8618
vn -0.5527 0.8326 0.0354
vn -0.5459 0.7244 0.4211
vn -0.5481 0.7577 -0.3541
vn -0.4859 -0.7844 0.3856
vn -0.4843 -0.7308 -0.4809
vn -0.4921 -0.4839 0.7237
vn -0.8476 0.5306 0.0047
vn -0.8057 -0.5897 -0.0557
vn -0.8357 0.0571 -0.5462
vn -0.8454 -0.0084 0.5341
vn -0.8406 0.4691 0.2709
vn -0.8330 0.4876 -0.2616
vn -0.8385 0.3262 -0.4365
vn -0.8528 0.2840 0.4383
vn -0.8045 -0.4890 -0.3371
vn -0.8207 -0.3339 0.4637
vn -0.8121 -0.5314 0.2410
vn -0.8081 -0.2676 -0.5247
vn -0.1346 0.9898 0.0475
vn -0.0313 -0.9981 -0.0539
vn -0.1017 0.0883 -0.9909
vn -0.0923 -0.0415 0.9949
vn -0.1331 0.8499 0.5099
vn -0.1353 0.8957 -0.4236
vn -0.1295 0.6033 -0.7869
vn -0.1234 0.5026 0.8557
vn -0.0414 -0.8370 -0.5457
vn -0.0563 -0.5614 0.8256
vn -0.0381 -0.8909 0.4525
vn -0.0630 -0.4641 -0.8835
vn -0.1381 0.9891 0.0515
vn -0.0218 -0.9986 -0.0484
vn -0.0958 0.0796 -0.9922
vn -0.0880 -0.0537 0.9947
vn -0.1318 0.8403 0.5258
vn -0.1337 0.8912 -0.4335
vn -0.1202 0.5941 -0.7953
vn -0.1158 0.4888 0.8647
vn -0.0326 -0.8421 -0.5384
vn -0.0516 -0.5713 0.8192
vn -0.0293 -0.8909 0.4533
vn -0.0579 -0.4770 -0.8770
vt 0.848056 0.445809
vt 0.828888 0.449444
vt 0.826057 0.435781
vt 0.846495 0.433191
vt 0.845005 0.400795
vt 0.823771 0.400182
vt 0.823642 0.379708
vt 0.844655 0.381006
vt 0.805650 0.193683
vt 0.805492 0.174524
vt 0.826274 0.175812
vt 0.825025 0.195356
vt 0.856717 0.199268
vt 0.860078 0.180311
vt 0.874772 0.184864
vt 0.870510 0.202282
vt 0.846083 0.422947
vt 0.825162 0.424732
vt 0.786328 0.192321
vt 0.786131 0.174255
vt 0.845057 0.361099
vt 0.824169 0.358732
vt 0.825161 0.336658
vt 0.846112 0.339143
vt 0.841503 0.197327
vt 0.843768 0.177837
vt 0.824065 0.113292
vt 0.818915 0.097443
vt 0.833100 0.097291
vt 0.841959 0.116131
vt 0.758267 0.377300
vt 0.746874 0.372066
vt 0.755538 0.354123
vt 0.764189 0.357475
vt 0.733607 0.423435
vt 0.724968 0.406130
vt 0.733592 0.397630
vt 0.753403 0.423842
vt 0.844378 0.092588
vt 0.861527 0.120260
vt 0.770080 0.334695
vt 0.782601 0.334425
vt 0.784515 0.110559
vt 0.785726 0.094342
vt 0.802507 0.095241
vt 0.804483 0.110674
vt 0.740597 0.386342
vt 0.754948 0.397527
vt 0.852195 0.085164
vt 0.865036 0.095965
vt 0.717210 0.425550
vt 0.714651 0.411244
vt 0.734299 0.373703
vt 0.743166 0.366286
vt 0.798828 0.081931
vt 0.810613 0.081558
vt 0.826169 0.078157
vt 0.832992 0.073875
vt 0.726000 0.380700
vt 0.786702 0.081409
vt 0.819023 0.080476
vt 0.716678 0.386602
vt 0.708569 0.389127
vt 0.820462 0.453702
vt 0.810339 0.458873
vt 0.803564 0.445771
vt 0.816749 0.439555
vt 0.809768 0.398532
vt 0.797516 0.398336
vt 0.799097 0.377259
vt 0.810234 0.378192
vt 0.805885 0.161478
vt 0.805225 0.148858
vt 0.824815 0.149474
vt 0.825947 0.162710
vt 0.862342 0.166918
vt 0.861999 0.144438
vt 0.880317 0.164691
vt 0.877835 0.176446
vt 0.809487 0.426731
vt 0.789743 0.423757
vt 0.785620 0.161555
vt 0.784815 0.149076
vt 0.810234 0.358565
vt 0.799140 0.357899
vt 0.801336 0.334629
vt 0.810645 0.335249
vt 0.843629 0.164442
vt 0.842875 0.150253
vt 0.839003 0.548911
vt 0.838193 0.530236
vt 0.851920 0.530347
vt 0.852797 0.549176
vt 0.775120 0.397611
vt 0.778312 0.376637
vt 0.804556 0.134079
vt 0.823779 0.134152
vt 0.866720 0.549464
vt 0.865603 0.530655
vt 0.879232 0.531091
vt 0.880642 0.549726
vt 0.773031 0.421277
vt 0.784203 0.134258
vt 0.781565 0.357228
vt 0.791048 0.334363
vt 0.842209 0.133411
vt 0.861685 0.132464
vt 0.824772 0.548520
vt 0.824431 0.530283
vt 0.908270 0.549466
vt 0.906429 0.531353
vt 0.920027 0.530871
vt 0.922678 0.548812
vt 0.892832 0.531392
vt 0.894402 0.549775
vt 0.811088 0.548433
vt 0.810661 0.530581
vt 0.797401 0.548664
vt 0.796923 0.531043
vt 0.885035 0.180330
vt 0.882769 0.187885
vt 0.933610 0.529866
vt 0.936254 0.547576
vt 0.890752 0.172445
vt 0.837546 0.068574
vt 0.856872 0.075995
vt 0.869226 0.080173
vt 0.877888 0.203959
vt 0.769235 0.549015
vt 0.769607 0.531520
vt 0.783230 0.531484
vt 0.782822 0.549108
vt 0.958361 0.462374
vt 0.954880 0.461767
vt 0.955039 0.445722
vt 0.958282 0.446174
vt 0.957215 0.406771
vt 0.954269 0.406358
vt 0.952299 0.385473
vt 0.954922 0.385963
vt 0.791504 0.294892
vt 0.791656 0.292506
vt 0.814880 0.295945
vt 0.815121 0.298407
vt 0.856337 0.302993
vt 0.856077 0.300205
vt 0.875335 0.300965
vt 0.875516 0.303993
vt 0.958220 0.431442
vt 0.955141 0.430883
vt 0.766106 0.291064
vt 0.766631 0.288755
vt 0.953773 0.362707
vt 0.951325 0.362473
vt 0.950685 0.334327
vt 0.953382 0.334068
vt 0.835959 0.301258
vt 0.835647 0.298625
vt 0.884428 0.300784
vt 0.884498 0.304170
vt 0.874217 0.323427
vt 0.883505 0.324411
vt 0.812593 0.317033
vt 0.833794 0.319955
vt 0.975377 0.385734
vt 0.974769 0.362025
vt 0.979657 0.445345
vt 0.979391 0.430115
vt 0.854710 0.321903
vt 0.974436 0.334049
vt 0.763541 0.310383
vt 0.788282 0.313585
vt 0.977848 0.405969
vt 0.980291 0.462088
vt 0.980403 0.406119
vt 0.981867 0.430015
vt 0.788937 0.316091
vt 0.763473 0.312909
vt 0.977260 0.334396
vt 0.977536 0.363001
vt 0.854646 0.324149
vt 0.833809 0.322264
vt 0.982116 0.445199
vt 0.977986 0.386097
vt 0.812791 0.319446
vt 0.982749 0.461596
vt 0.883160 0.326647
vt 0.873933 0.325632
vt 0.908663 0.452742
vt 0.891681 0.447849
vt 0.892805 0.435472
vt 0.910044 0.439867
vt 0.910824 0.405884
vt 0.893378 0.403342
vt 0.893384 0.383540
vt 0.910543 0.384912
vt 0.799975 0.252748
vt 0.802182 0.237152
vt 0.821507 0.239910
vt 0.820243 0.255957
vt 0.855938 0.259713
vt 0.854807 0.243305
vt 0.869559 0.243029
vt 0.871107 0.259021
vt 0.910700 0.428102
vt 0.893334 0.424254
vt 0.776937 0.248264
vt 0.780601 0.233452
vt 0.909844 0.363774
vt 0.892991 0.363917
vt 0.892109 0.339684
vt 0.908400 0.338241
vt 0.838524 0.258489
vt 0.838724 0.242127
vt 0.876385 0.241895
vt 0.878102 0.257456
vt 0.722881 0.376430
vt 0.720882 0.371756
vt 0.727926 0.366207
vt 0.730360 0.370283
vt 0.787135 0.077998
vt 0.787615 0.074360
vt 0.797603 0.074731
vt 0.798270 0.078524
vt 0.749707 0.352292
vt 0.745831 0.349758
vt 0.757589 0.334049
vt 0.763526 0.334640
vt 0.816651 0.076985
vt 0.814196 0.073163
vt 0.820097 0.071124
vt 0.823127 0.074832
vt 0.738409 0.363580
vt 0.735554 0.359980
vt 0.714616 0.381724
vt 0.713396 0.376485
vt 0.808967 0.078108
vt 0.807215 0.074274
vt 0.829284 0.070958
vt 0.825661 0.067586
vt 0.829350 0.063432
vt 0.833416 0.066289
vt 0.707431 0.384042
vt 0.707054 0.378568
vt 0.874998 0.290856
vt 0.872927 0.275874
vt 0.880718 0.274325
vt 0.883456 0.289852
vt 0.816923 0.286423
vt 0.818308 0.272529
vt 0.837403 0.275103
vt 0.837235 0.289139
vt 0.942270 0.386053
vt 0.927910 0.385481
vt 0.926991 0.363990
vt 0.941237 0.363436
vt 0.944103 0.445555
vt 0.928055 0.443501
vt 0.928662 0.430331
vt 0.944426 0.431548
vt 0.855833 0.276270
vt 0.856863 0.290590
vt 0.925631 0.336167
vt 0.940173 0.334817
vt 0.768720 0.278605
vt 0.772426 0.264246
vt 0.796963 0.269222
vt 0.794138 0.282937
vt 0.928663 0.406878
vt 0.943960 0.407215
vt 0.943370 0.460764
vt 0.926729 0.457819
vt 0.877220 0.445486
vt 0.863762 0.444266
vt 0.863427 0.432114
vt 0.877693 0.433110
vt 0.877744 0.401530
vt 0.862908 0.400774
vt 0.862639 0.381036
vt 0.877495 0.381753
vt 0.802641 0.222956
vt 0.803833 0.209886
vt 0.822661 0.211846
vt 0.821664 0.225355
vt 0.853900 0.228814
vt 0.854303 0.215220
vt 0.868356 0.216782
vt 0.868264 0.229483
vt 0.877982 0.422319
vt 0.863359 0.421614
vt 0.783125 0.220224
vt 0.784842 0.207908
vt 0.877320 0.362281
vt 0.862728 0.361568
vt 0.863326 0.340272
vt 0.877168 0.340397
vt 0.838394 0.227435
vt 0.839132 0.213684
vt 0.875462 0.217367
vt 0.875197 0.229083
vt 0.776905 0.595030
vt 0.778283 0.570746
vt 0.798444 0.570008
vt 0.799887 0.585155
vt 0.853087 0.595521
vt 0.852579 0.570697
vt 0.866794 0.570820
vt 0.867662 0.593279
vt 0.766629 0.594976
vt 0.767016 0.570592
vt 0.895122 0.595521
vt 0.894436 0.571155
vt 0.908383 0.570852
vt 0.909124 0.595211
vt 0.929982 0.594563
vt 0.926886 0.570273
vt 0.938124 0.569393
vt 0.940250 0.593771
vt 0.810931 0.569800
vt 0.811488 0.583861
vt 0.823184 0.569836
vt 0.822731 0.585105
vt 0.882470 0.595017
vt 0.881367 0.571076
vt 0.839956 0.570483
vt 0.840620 0.595035
vt 0.852246 0.483324
vt 0.838108 0.483275
vt 0.837885 0.481562
vt 0.852308 0.481733
vt 0.917290 0.484890
vt 0.904983 0.484811
vt 0.904995 0.482831
vt 0.917140 0.483276
vt 0.877282 0.484135
vt 0.864856 0.483987
vt 0.864911 0.482443
vt 0.877403 0.482632
vt 0.782396 0.485585
vt 0.768427 0.485799
vt 0.768445 0.484224
vt 0.782068 0.483981
vt 0.891174 0.484671
vt 0.891205 0.482927
vt 0.810073 0.484085
vt 0.796188 0.484854
vt 0.796121 0.483375
vt 0.810020 0.482460
vt 0.824072 0.483622
vt 0.824056 0.482117
vt 0.929845 0.483475
vt 0.929193 0.481890
vt 0.824105 0.512995
vt 0.837808 0.512714
vt 0.918449 0.513820
vt 0.931730 0.512980
vt 0.810431 0.513474
vt 0.783217 0.514611
vt 0.796791 0.514071
vt 0.891748 0.513994
vt 0.905240 0.514152
vt 0.851503 0.512699
vt 0.864968 0.513142
vt 0.878227 0.513614
vt 0.769670 0.514939
vt 0.824161 0.497414
vt 0.838009 0.497108
vt 0.917889 0.498461
vt 0.930595 0.497633
vt 0.810353 0.497915
vt 0.782835 0.499183
vt 0.796582 0.498579
vt 0.891303 0.498360
vt 0.905194 0.498548
vt 0.851884 0.497164
vt 0.864754 0.497762
vt 0.877361 0.498073
vt 0.769280 0.499720
vt 0.824148 0.495372
vt 0.838028 0.495063
vt 0.917864 0.496406
vt 0.930935 0.495548
vt 0.810320 0.495873
vt 0.782739 0.497175
vt 0.796534 0.496551
vt 0.891278 0.496323
vt 0.905212 0.496531
vt 0.851925 0.495082
vt 0.864776 0.495691
vt 0.877282 0.496012
vt 0.768798 0.497723
vt 0.809996 0.482225
vt 0.795992 0.482959
vt 0.795859 0.479489
vt 0.809773 0.478826
vt 0.851900 0.481480
vt 0.838109 0.481162
vt 0.838085 0.477762
vt 0.852339 0.477981
vt 0.891201 0.482695
vt 0.877399 0.482394
vt 0.876758 0.477424
vt 0.891184 0.477269
vt 0.782350 0.483612
vt 0.782245 0.480201
vt 0.824009 0.481653
vt 0.823855 0.477987
vt 0.929509 0.481612
vt 0.917293 0.482889
vt 0.918314 0.478495
vt 0.927652 0.478446
vt 0.768827 0.483931
vt 0.769801 0.480363
vt 0.864744 0.482147
vt 0.863463 0.477899
vt 0.904889 0.482416
vt 0.905591 0.477395
vt 0.399049 0.538765
vt 0.397268 0.528434
vt 0.431124 0.522325
vt 0.432797 0.531993
vt 0.396972 0.451987
vt 0.398195 0.440379
vt 0.431731 0.446352
vt 0.430781 0.456367
vt 0.394955 0.486630
vt 0.395486 0.475138
vt 0.429514 0.476459
vt 0.429178 0.485062
vt 0.395964 0.516884
vt 0.395003 0.505356
vt 0.429356 0.502390
vt 0.429993 0.512367
vt 0.400001 0.428817
vt 0.433069 0.436385
vt 0.396108 0.463577
vt 0.430084 0.466408
vt 0.401498 0.547014
vt 0.434509 0.539379
vt 0.402559 0.417475
vt 0.434652 0.427974
vt 0.394595 0.495162
vt 0.429132 0.492631
vt 0.469652 0.477595
vt 0.469381 0.484818
vt 0.469504 0.499389
vt 0.470007 0.507790
vt 0.472306 0.444062
vt 0.471375 0.452391
vt 0.470085 0.469163
vt 0.472172 0.524283
vt 0.473354 0.530506
vt 0.473354 0.437025
vt 0.470663 0.460762
vt 0.469341 0.491179
vt 0.470894 0.516168
s 1
f 3539/2651/3376 3414/2652/3251 3324/2653/3161 3535/2654/3372
f 3541/2655/3378 3326/2656/3163 3327/2657/3164 3536/2658/3373
f 3542/2659/3379 3343/2660/3180 3342/2661/3179 3537/2662/3374
f 3543/2663/3380 3322/2664/3159 3323/2665/3160 3540/2666/3377
f 3544/2667/3381 3325/2668/3162 3326/2656/3163 3541/2655/3378
f 3545/2669/3382 3330/2670/3167 3343/2660/3180 3542/2659/3379
f 3546/2671/3383 3328/2672/3165 3329/2673/3166 3538/2674/3375
f 3547/2675/3384 3321/2676/3158 3322/2664/3159 3543/2663/3380
f 3535/2654/3372 3324/2653/3161 3325/2668/3162 3544/2667/3381
f 3536/2658/3373 3327/2657/3164 3328/2672/3165 3546/2671/3383
f 3537/2662/3374 3342/2661/3179 3321/2676/3158 3547/2675/3384
f 3386/2677/3223 3345/2678/3182 3355/2679/3192 3378/2680/3215
f 3387/2681/3224 3349/2682/3186 3348/2683/3185 3379/2684/3216
f 3388/2685/3225 3352/2686/3189 3351/2687/3188 3380/2688/3217
f 3378/2680/3215 3355/2679/3192 3354/2689/3191 3381/2690/3218
f 3379/2684/3216 3348/2683/3185 3347/2691/3184 3382/2692/3219
f 3389/2693/3226 3346/2694/3183 3344/2695/3181 3383/2696/3220
f 3380/2688/3217 3351/2687/3188 3350/2697/3187 3384/2698/3221
f 3381/2690/3218 3354/2689/3191 3353/2699/3190 3385/2700/3222
f 3383/2696/3220 3344/2695/3181 3345/2678/3182 3386/2677/3223
f 3384/2698/3221 3350/2697/3187 3349/2682/3186 3387/2681/3224
f 3419/2701/3256 3416/2702/3253 3352/2686/3189 3388/2685/3225
f 3350/2697/3187 3360/2703/3197 3359/2704/3196 3349/2682/3186
f 3344/2695/3181 3356/2705/3193 3357/2706/3194 3345/2678/3182
f 3354/2689/3191 3364/2707/3201 3363/2708/3200 3353/2699/3190
f 3351/2687/3188 3361/2709/3198 3360/2703/3197 3350/2697/3187
f 3346/2694/3183 3358/2710/3195 3356/2705/3193 3344/2695/3181
f 3355/2679/3192 3365/2711/3202 3364/2707/3201 3354/2689/3191
f 3352/2686/3189 3362/2712/3199 3361/2709/3198 3351/2687/3188
f 3348/2683/3185 3349/2682/3186 3359/2704/3196
f 3345/2678/3182 3357/2706/3194 3365/2711/3202 3355/2679/3192
f 3416/2702/3253 3417/2713/3254 3362/2712/3199 3352/2686/3189
f 3420/2714/3257 3418/2715/3255 3371/2716/3208 3392/2717/3229
f 3400/2718/3237 3376/2719/3213 3369/2720/3206 3391/2721/3228
f 3399/2722/3236 3374/2723/3211 3367/2724/3204 3390/2725/3227
f 3397/2726/3234 3372/2727/3209 3377/2728/3214 3401/2729/3238
f 3396/2730/3233 3370/2731/3207 3376/2719/3213 3400/2718/3237
f 3393/2732/3230 3375/2733/3212 3374/2723/3211 3399/2722/3236
f 3395/2734/3232 3368/2735/3205 3373/2736/3210 3398/2737/3235
f 3394/2738/3231 3366/2739/3203 3372/2727/3209 3397/2726/3234
f 3392/2717/3229 3371/2716/3208 3370/2731/3207 3396/2730/3233
f 3391/2721/3228 3369/2720/3206 3368/2735/3205 3395/2734/3232
f 3390/2725/3227 3367/2724/3204 3366/2739/3203 3394/2738/3231
f 3602/2740/3439 3421/2741/3258 3427/2742/3264 3606/2743/3443
f 3412/2744/3249 3384/2698/3221 3387/2681/3224 3403/2745/3240
f 3411/2746/3248 3383/2696/3220 3386/2677/3223 3402/2747/3239
f 3595/2748/3432 3423/2749/3260 3426/2750/3263 3589/2751/3426
f 3408/2752/3245 3380/2688/3217 3384/2698/3221 3412/2744/3249
f 3405/2753/3242 3389/2693/3226 3383/2696/3220 3411/2746/3248
f 3407/2754/3244 3379/2684/3216 3382/2692/3219 3410/2755/3247
f 3406/2756/3243 3378/2680/3215 3381/2690/3218 3409/2757/3246
f 3603/2758/3440 3413/2759/3250 3421/2741/3258 3602/2740/3439
f 3403/2745/3240 3387/2681/3224 3379/2684/3216 3407/2754/3244
f 3402/2747/3239 3386/2677/3223 3378/2680/3215 3406/2756/3243
f 3342/2661/3179 3390/2725/3227 3394/2738/3231 3321/2676/3158
f 3327/2657/3164 3391/2721/3228 3395/2734/3232 3328/2672/3165
f 3324/2653/3161 3392/2717/3229 3396/2730/3233 3325/2668/3162
f 3321/2676/3158 3394/2738/3231 3397/2726/3234 3322/2664/3159
f 3328/2672/3165 3395/2734/3232 3398/2737/3235 3329/2673/3166
f 3330/2670/3167 3393/2732/3230 3399/2722/3236 3343/2660/3180
f 3325/2668/3162 3396/2730/3233 3400/2718/3237 3326/2656/3163
f 3322/2664/3159 3397/2726/3234 3401/2729/3238 3323/2665/3160
f 3343/2660/3180 3399/2722/3236 3390/2725/3227 3342/2661/3179
f 3326/2656/3163 3400/2718/3237 3391/2721/3228 3327/2657/3164
f 3414/2652/3251 3420/2714/3257 3392/2717/3229 3324/2653/3161
f 3367/2724/3204 3402/2747/3239 3406/2756/3243 3366/2739/3203
f 3369/2720/3206 3403/2745/3240 3407/2754/3244 3368/2735/3205
f 3607/2760/3444 3425/2761/3262 3424/2762/3261 3599/2763/3436
f 3366/2739/3203 3406/2756/3243 3409/2757/3246 3372/2727/3209
f 3368/2735/3205 3407/2754/3244 3410/2755/3247 3373/2736/3210
f 3375/2733/3212 3405/2753/3242 3411/2746/3248 3374/2723/3211
f 3370/2731/3207 3408/2752/3245 3412/2744/3249 3376/2719/3213
f 3589/2751/3426 3426/2750/3263 3430/2764/3267 3588/2765/3425
f 3374/2723/3211 3411/2746/3248 3402/2747/3239 3367/2724/3204
f 3376/2719/3213 3412/2744/3249 3403/2745/3240 3369/2720/3206
f 3592/2766/3429 3429/2767/3266 3413/2759/3250 3603/2758/3440
f 3593/2768/3430 3422/2769/3259 3429/2767/3266 3592/2766/3429
f 3323/2665/3160 3401/2729/3238 3420/2770/3257 3414/2771/3251
f 3599/2763/3436 3424/2762/3261 3428/2772/3265 3598/2773/3435
f 3401/2729/3238 3377/2728/3214 3418/2774/3255 3420/2770/3257
f 3353/2699/3190 3363/2708/3200 3417/2775/3254 3416/2776/3253
f 3385/2700/3222 3353/2699/3190 3416/2776/3253 3419/2777/3256
f 3540/2666/3377 3323/2665/3160 3414/2771/3251 3539/2778/3376
f 3588/2765/3425 3430/2764/3267 3425/2761/3262 3607/2760/3444
f 3598/2779/3435 3428/2780/3265 3404/2781/3241 3610/2782/3447
f 3606/2743/3443 3427/2742/3264 3423/2749/3260 3595/2748/3432
f 3610/2782/3447 3404/2781/3241 3422/2769/3259 3593/2768/3430
f 3456/2783/3293 3443/2784/3280 3439/2785/3276 3452/2786/3289
f 3445/2787/3282 3432/2788/3269 3440/2789/3277 3453/2790/3290
f 3446/2791/3283 3433/2792/3270 3441/2793/3278 3454/2794/3291
f 3447/2795/3284 3434/2796/3271 3431/2797/3268 3444/2798/3281
f 3448/2799/3285 3435/2800/3272 3432/2788/3269 3445/2787/3282
f 3449/2801/3286 3436/2802/3273 3433/2792/3270 3446/2791/3283
f 3450/2803/3287 3437/2804/3274 3442/2805/3279 3455/2806/3292
f 3451/2807/3288 3438/2808/3275 3434/2796/3271 3447/2795/3284
f 3452/2786/3289 3439/2785/3276 3435/2800/3272 3448/2799/3285
f 3453/2790/3290 3440/2789/3277 3437/2804/3274 3450/2803/3287
f 3454/2794/3291 3441/2793/3278 3438/2808/3275 3451/2807/3288
f 3444/2798/3281 3431/2797/3268 3443/2809/3280 3456/2810/3293
f 3337/2811/3174 3444/2798/3281 3456/2810/3293 3415/2812/3252
f 3340/2813/3177 3454/2794/3291 3451/2807/3288 3339/2814/3176
f 3333/2815/3170 3453/2790/3290 3450/2803/3287 3332/2816/3169
f 3336/2817/3173 3452/2786/3289 3448/2799/3285 3335/2818/3172
f 3339/2814/3176 3451/2807/3288 3447/2795/3284 3338/2819/3175
f 3332/2816/3169 3450/2803/3287 3455/2806/3292 3331/2820/3168
f 3320/2821/3157 3449/2801/3286 3446/2791/3283 3341/2822/3178
f 3335/2818/3172 3448/2799/3285 3445/2787/3282 3334/2823/3171
f 3338/2819/3175 3447/2795/3284 3444/2798/3281 3337/2811/3174
f 3341/2822/3178 3446/2791/3283 3454/2794/3291 3340/2813/3177
f 3334/2823/3171 3445/2787/3282 3453/2790/3290 3333/2815/3170
f 3415/2824/3252 3456/2783/3293 3452/2786/3289 3336/2817/3173
f 3334/2823/3171 3461/2825/3298 3462/2826/3299 3335/2818/3172
f 3341/2822/3178 3468/2827/3305 3457/2828/3294 3320/2821/3157
f 3331/2820/3168 3458/2829/3295 3459/2830/3296 3332/2816/3169
f 3338/2819/3175 3465/2831/3302 3466/2832/3303 3339/2814/3176
f 3335/2818/3172 3462/2826/3299 3463/2833/3300 3336/2817/3173
f 3332/2816/3169 3459/2830/3296 3460/2834/3297 3333/2815/3170
f 3339/2814/3176 3466/2832/3303 3467/2835/3304 3340/2813/3177
f 3336/2817/3173 3463/2833/3300 3469/2836/3306 3415/2824/3252
f 3333/2815/3170 3460/2834/3297 3461/2825/3298 3334/2823/3171
f 3340/2813/3177 3467/2835/3304 3468/2827/3305 3341/2822/3178
f 3415/2812/3252 3469/2837/3306 3464/2838/3301 3337/2811/3174
f 3337/2811/3174 3464/2838/3301 3465/2831/3302 3338/2819/3175
f 3552/2839/3389 3474/2840/3311 3470/2841/3307 3548/2842/3385
f 3554/2843/3391 3476/2844/3313 3471/2845/3308 3549/2846/3386
f 3555/2847/3392 3477/2848/3314 3472/2849/3309 3550/2850/3387
f 3556/2851/3393 3478/2852/3315 3475/2853/3312 3553/2854/3390
f 3557/2855/3394 3479/2856/3316 3476/2844/3313 3554/2843/3391
f 3558/2857/3395 3480/2858/3317 3477/2848/3314 3555/2847/3392
f 3559/2859/3396 3481/2860/3318 3473/2861/3310 3551/2862/3388
f 3560/2863/3397 3482/2864/3319 3478/2852/3315 3556/2851/3393
f 3548/2842/3385 3470/2841/3307 3479/2856/3316 3557/2855/3394
f 3549/2846/3386 3471/2845/3308 3481/2860/3318 3559/2859/3396
f 3550/2850/3387 3472/2849/3309 3482/2864/3319 3560/2863/3397
f 3553/2854/3390 3475/2853/3312 3474/2865/3311 3552/2866/3389
f 3497/2867/3334 3490/2868/3327 3489/2869/3326 3496/2870/3333
f 3499/2871/3336 3487/2872/3324 3485/2873/3322 3498/2874/3335
f 3501/2875/3338 3484/2876/3321 3483/2877/3320 3500/2878/3337
f 3503/2879/3340 3494/2880/3331 3493/2881/3330 3502/2882/3339
f 3504/2883/3341 3488/2884/3325 3484/2876/3321 3501/2875/3338
f 3505/2885/3342 3491/2886/3328 3490/2868/3327 3497/2867/3334
f 3506/2887/3343 3486/2888/3323 3494/2880/3331 3503/2879/3340
f 3508/2889/3345 3492/2890/3329 3495/2891/3332 3507/2892/3344
f 3507/2893/3344 3495/2894/3332 3491/2886/3328 3505/2885/3342
f 3496/2870/3333 3489/2869/3326 3488/2884/3325 3504/2883/3341
f 3498/2874/3335 3485/2873/3322 3486/2888/3323 3506/2887/3343
f 3502/2882/3339 3493/2881/3330 3492/2890/3329 3508/2889/3345
f 3364/2707/3201 3502/2882/3339 3508/2889/3345 3363/2708/3200
f 3356/2705/3193 3498/2874/3335 3506/2887/3343 3357/2706/3194
f 3360/2703/3197 3496/2870/3333 3504/2883/3341 3359/2704/3196
f 3417/2713/3254 3507/2893/3344 3505/2885/3342 3362/2712/3199
f 3363/2708/3200 3508/2889/3345 3507/2892/3344 3417/2775/3254
f 3357/2706/3194 3506/2887/3343 3503/2879/3340 3365/2711/3202
f 3362/2712/3199 3505/2885/3342 3497/2867/3334 3361/2709/3198
f 3359/2704/3196 3504/2883/3341 3501/2875/3338 3348/2683/3185
f 3365/2711/3202 3503/2879/3340 3502/2882/3339 3364/2707/3201
f 3348/2683/3185 3501/2875/3338 3500/2878/3337 3347/2691/3184
f 3358/2710/3195 3499/2871/3336 3498/2874/3335 3356/2705/3193
f 3361/2709/3198 3497/2867/3334 3496/2870/3333 3360/2703/3197
f 3561/2895/3398 3509/2896/3346 3521/2897/3358 3573/2898/3410
f 3571/2899/3408 3519/2900/3356 3516/2901/3353 3568/2902/3405
f 3570/2903/3407 3518/2904/3355 3515/2905/3352 3567/2906/3404
f 3569/2907/3406 3517/2908/3354 3513/2909/3350 3565/2910/3402
f 3568/2902/3405 3516/2901/3353 3512/2911/3349 3564/2912/3401
f 3567/2906/3404 3515/2905/3352 3520/2913/3357 3572/2914/3409
f 3566/2915/3403 3514/2916/3351 3511/2917/3348 3563/2918/3400
f 3565/2910/3402 3513/2909/3350 3510/2919/3347 3562/2920/3399
f 3564/2912/3401 3512/2911/3349 3509/2896/3346 3561/2895/3398
f 3563/2918/3400 3511/2917/3348 3519/2900/3356 3571/2899/3408
f 3562/2920/3399 3510/2919/3347 3518/2904/3355 3570/2903/3407
f 3573/2921/3410 3521/2922/3358 3517/2908/3354 3569/2907/3406
f 3586/2923/3423 3526/2924/3363 3522/2925/3359 3582/2926/3419
f 3575/2927/3412 3528/2928/3365 3523/2929/3360 3583/2930/3420
f 3576/2931/3413 3529/2932/3366 3524/2933/3361 3584/2934/3421
f 3577/2935/3414 3530/2936/3367 3527/2937/3364 3574/2938/3411
f 3578/2939/3415 3531/2940/3368 3528/2928/3365 3575/2927/3412
f 3579/2941/3416 3532/2942/3369 3529/2932/3366 3576/2931/3413
f 3580/2943/3417 3533/2944/3370 3525/2945/3362 3585/2946/3422
f 3581/2947/3418 3534/2948/3371 3530/2936/3367 3577/2935/3414
f 3582/2926/3419 3522/2925/3359 3531/2940/3368 3578/2939/3415
f 3583/2930/3420 3523/2929/3360 3533/2944/3370 3580/2943/3417
f 3584/2934/3421 3524/2933/3361 3534/2948/3371 3581/2947/3418
f 3574/2938/3411 3527/2937/3364 3526/2949/3363 3586/2950/3423
f 3509/2896/3346 3553/2854/3390 3552/2866/3389 3521/2897/3358
f 3519/2900/3356 3550/2850/3387 3560/2863/3397 3516/2901/3353
f 3518/2904/3355 3549/2846/3386 3559/2859/3396 3515/2905/3352
f 3517/2908/3354 3548/2842/3385 3557/2855/3394 3513/2909/3350
f 3516/2901/3353 3560/2863/3397 3556/2851/3393 3512/2911/3349
f 3515/2905/3352 3559/2859/3396 3551/2862/3388 3520/2913/3357
f 3514/2916/3351 3558/2857/3395 3555/2847/3392 3511/2917/3348
f 3513/2909/3350 3557/2855/3394 3554/2843/3391 3510/2919/3347
f 3512/2911/3349 3556/2851/3393 3553/2854/3390 3509/2896/3346
f 3511/2917/3348 3555/2847/3392 3550/2850/3387 3519/2900/3356
f 3510/2919/3347 3554/2843/3391 3549/2846/3386 3518/2904/3355
f 3521/2922/3358 3552/2839/3389 3548/2842/3385 3517/2908/3354
f 3443/2784/3280 3573/2921/3410 3569/2907/3406 3439/2785/3276
f 3432/2788/3269 3562/2920/3399 3570/2903/3407 3440/2789/3277
f 3433/2792/3270 3563/2918/3400 3571/2899/3408 3441/2793/3278
f 3434/2796/3271 3564/2912/3401 3561/2895/3398 3431/2797/3268
f 3435/2800/3272 3565/2910/3402 3562/2920/3399 3432/2788/3269
f 3436/2802/3273 3566/2915/3403 3563/2918/3400 3433/2792/3270
f 3437/2804/3274 3567/2906/3404 3572/2914/3409 3442/2805/3279
f 3438/2808/3275 3568/2902/3405 3564/2912/3401 3434/2796/3271
f 3439/2785/3276 3569/2907/3406 3565/2910/3402 3435/2800/3272
f 3440/2789/3277 3570/2903/3407 3567/2906/3404 3437/2804/3274
f 3441/2793/3278 3571/2899/3408 3568/2902/3405 3438/2808/3275
f 3431/2797/3268 3561/2895/3398 3573/2898/3410 3443/2809/3280
f 3475/2853/3312 3574/2938/3411 3586/2950/3423 3474/2865/3311
f 3472/2849/3309 3584/2934/3421 3581/2947/3418 3482/2864/3319
f 3471/2845/3308 3583/2930/3420 3580/2943/3417 3481/2860/3318
f 3470/2841/3307 3582/2926/3419 3578/2939/3415 3479/2856/3316
f 3482/2864/3319 3581/2947/3418 3577/2935/3414 3478/2852/3315
f 3481/2860/3318 3580/2943/3417 3585/2946/3422 3473/2861/3310
f 3480/2858/3317 3579/2941/3416 3576/2931/3413 3477/2848/3314
f 3479/2856/3316 3578/2939/3415 3575/2927/3412 3476/2844/3313
f 3478/2852/3315 3577/2935/3414 3574/2938/3411 3475/2853/3312
f 3477/2848/3314 3576/2931/3413 3584/2934/3421 3472/2849/3309
f 3476/2844/3313 3575/2927/3412 3583/2930/3420 3471/2845/3308
f 3474/2840/3311 3586/2923/3423 3582/2926/3419 3470/2841/3307
f 3532/2942/3369 3545/2669/3382 3542/2659/3379 3529/2932/3366
f 3529/2932/3366 3542/2659/3379 3537/2662/3374 3524/2933/3361
f 3524/2933/3361 3537/2662/3374 3547/2675/3384 3534/2948/3371
f 3534/2948/3371 3547/2675/3384 3543/2663/3380 3530/2936/3367
f 3530/2936/3367 3543/2663/3380 3540/2666/3377 3527/2937/3364
f 3527/2937/3364 3540/2666/3377 3539/2778/3376 3526/2949/3363
f 3526/2924/3363 3539/2651/3376 3535/2654/3372 3522/2925/3359
f 3522/2925/3359 3535/2654/3372 3544/2667/3381 3531/2940/3368
f 3531/2940/3368 3544/2667/3381 3541/2655/3378 3528/2928/3365
f 3528/2928/3365 3541/2655/3378 3536/2658/3373 3523/2929/3360
f 3523/2929/3360 3536/2658/3373 3546/2671/3383 3533/2944/3370
f 3533/2944/3370 3546/2671/3383 3538/2674/3375 3525/2945/3362
f 3372/2951/3209 3609/2952/3446 3594/2953/3431 3377/2954/3214
f 3609/2952/3446 3610/2782/3447 3593/2768/3430 3594/2953/3431
f 3408/2955/3245 3605/2956/3442 3596/2957/3433 3380/2958/3217
f 3605/2956/3442 3606/2743/3443 3595/2748/3432 3596/2957/3433
f 3409/2959/3246 3597/2960/3434 3609/2952/3446 3372/2951/3209
f 3597/2960/3434 3598/2779/3435 3610/2782/3447 3609/2952/3446
f 3419/2961/3256 3587/2962/3424 3608/2963/3445 3385/2964/3222
f 3587/2962/3424 3588/2765/3425 3607/2760/3444 3608/2963/3445
f 3381/2965/3218 3600/2966/3437 3597/2967/3434 3409/2968/3246
f 3600/2966/3437 3599/2763/3436 3598/2773/3435 3597/2967/3434
f 3377/2954/3214 3594/2953/3431 3591/2969/3428 3418/2970/3255
f 3594/2953/3431 3593/2768/3430 3592/2766/3429 3591/2969/3428
f 3418/2970/3255 3591/2969/3428 3604/2971/3441 3371/2972/3208
f 3591/2969/3428 3592/2766/3429 3603/2758/3440 3604/2971/3441
f 3388/2973/3225 3590/2974/3427 3587/2962/3424 3419/2961/3256
f 3590/2974/3427 3589/2751/3426 3588/2765/3425 3587/2962/3424
f 3385/2964/3222 3608/2963/3445 3600/2966/3437 3381/2965/3218
f 3608/2963/3445 3607/2760/3444 3599/2763/3436 3600/2966/3437
f 3371/2972/3208 3604/2971/3441 3601/2975/3438 3370/2976/3207
f 3604/2971/3441 3603/2758/3440 3602/2740/3439 3601/2975/3438
f 3380/2958/3217 3596/2957/3433 3590/2974/3427 3388/2973/3225
f 3596/2957/3433 3595/2748/3432 3589/2751/3426 3590/2974/3427
f 3370/2976/3207 3601/2975/3438 3605/2956/3442 3408/2955/3245
f 3601/2975/3438 3602/2740/3439 3606/2743/3443 3605/2956/3442
f 3664/2977/3501 3670/2978/3507 3620/2979/3457 3614/2980/3451
f 3660/2981/3497 3667/2982/3504 3616/2983/3453 3617/2984/3454
f 3666/2985/3503 3661/2986/3498 3618/2987/3455 3615/2988/3452
f 3663/2989/3500 3659/2990/3496 3613/2991/3450 3622/2992/3459
f 3665/2993/3502 3666/2985/3503 3615/2988/3452 3611/2994/3448
f 3661/2986/3498 3664/2977/3501 3614/2980/3451 3618/2987/3455
f 3667/2982/3504 3665/2993/3502 3611/2994/3448 3616/2983/3453
f 3662/2995/3499 3669/2996/3506 3619/2997/3456 3612/2998/3449
f 3669/2996/3506 3663/2989/3500 3622/2992/3459 3619/2997/3456
f 3668/2999/3505 3662/2995/3499 3612/2998/3449 3621/3000/3458
f 3659/3001/3496 3660/2981/3497 3617/2984/3454 3613/3002/3450
f 3670/2978/3507 3668/2999/3505 3621/3000/3458 3620/2979/3457
f 3421/2741/3258 3413/2759/3250 3629/3003/3466 3633/3004/3470
f 3428/2772/3265 3424/2762/3261 3628/3005/3465 3625/3006/3462
f 3413/2759/3250 3429/2767/3266 3632/3007/3469 3629/3003/3466
f 3422/2769/3259 3404/2781/3241 3634/3008/3471 3631/3009/3468
f 3429/2767/3266 3422/2769/3259 3631/3009/3468 3632/3007/3469
f 3425/2761/3262 3430/2764/3267 3624/3010/3461 3627/3011/3464
f 3423/2749/3260 3427/2742/3264 3623/3012/3460 3630/3013/3467
f 3430/2764/3267 3426/2750/3263 3626/3014/3463 3624/3010/3461
f 3404/2781/3241 3428/2780/3265 3625/3015/3462 3634/3008/3471
f 3426/2750/3263 3423/2749/3260 3630/3013/3467 3626/3014/3463
f 3424/2762/3261 3425/2761/3262 3627/3011/3464 3628/3005/3465
f 3427/2742/3264 3421/2741/3258 3633/3004/3470 3623/3012/3460
f 3633/3004/3470 3629/3003/3466 3644/3016/3481 3646/3017/3483
f 3625/3006/3462 3628/3005/3465 3636/3018/3473 3635/3019/3472
f 3629/3003/3466 3632/3007/3469 3638/3020/3475 3644/3016/3481
f 3631/3009/3468 3634/3008/3471 3639/3021/3476 3645/3022/3482
f 3632/3007/3469 3631/3009/3468 3645/3022/3482 3638/3020/3475
f 3627/3011/3464 3624/3010/3461 3641/3023/3478 3643/3024/3480
f 3630/3013/3467 3623/3012/3460 3640/3025/3477 3637/3026/3474
f 3624/3010/3461 3626/3014/3463 3642/3027/3479 3641/3023/3478
f 3634/3008/3471 3625/3015/3462 3635/3028/3472 3639/3021/3476
f 3626/3014/3463 3630/3013/3467 3637/3026/3474 3642/3027/3479
f 3628/3005/3465 3627/3011/3464 3643/3024/3480 3636/3018/3473
f 3623/3012/3460 3633/3004/3470 3646/3017/3483 3640/3025/3477
f 3646/3017/3483 3644/3016/3481 3656/3029/3493 3658/3030/3495
f 3635/3019/3472 3636/3018/3473 3648/3031/3485 3647/3032/3484
f 3644/3016/3481 3638/3020/3475 3650/3033/3487 3656/3029/3493
f 3645/3022/3482 3639/3021/3476 3651/3034/3488 3657/3035/3494
f 3638/3020/3475 3645/3022/3482 3657/3035/3494 3650/3033/3487
f 3643/3024/3480 3641/3023/3478 3653/3036/3490 3655/3037/3492
f 3637/3026/3474 3640/3025/3477 3652/3038/3489 3649/3039/3486
f 3641/3023/3478 3642/3027/3479 3654/3040/3491 3653/3036/3490
f 3639/3021/3476 3635/3028/3472 3647/3041/3484 3651/3034/3488
f 3642/3027/3479 3637/3026/3474 3649/3039/3486 3654/3040/3491
f 3636/3018/3473 3643/3024/3480 3655/3037/3492 3648/3031/3485
f 3640/3025/3477 3646/3017/3483 3658/3030/3495 3652/3038/3489
f 3658/3030/3495 3656/3029/3493 3668/2999/3505 3670/2978/3507
f 3647/3032/3484 3648/3031/3485 3660/2981/3497 3659/3001/3496
f 3656/3029/3493 3650/3033/3487 3662/2995/3499 3668/2999/3505
f 3657/3035/3494 3651/3034/3488 3663/2989/3500 3669/2996/3506
f 3650/3033/3487 3657/3035/3494 3669/2996/3506 3662/2995/3499
f 3655/3037/3492 3653/3036/3490 3665/2993/3502 3667/2982/3504
f 3649/3039/3486 3652/3038/3489 3664/2977/3501 3661/2986/3498
f 3653/3036/3490 3654/3040/3491 3666/2985/3503 3665/2993/3502
f 3651/3034/3488 3647/3041/3484 3659/2990/3496 3663/2989/3500
f 3654/3040/3491 3649/3039/3486 3661/2986/3498 3666/2985/3503
f 3648/3031/3485 3655/3037/3492 3667/2982/3504 3660/2981/3497
f 3652/3038/3489 3658/3030/3495 3670/2978/3507 3664/2977/3501
f 3612/3042/3449 3619/3043/3456 3679/3044/3516 3672/3045/3509
f 3614/3046/3451 3620/3047/3457 3680/3048/3517 3674/3049/3511
f 3611/3050/3448 3615/3051/3452 3675/3052/3512 3671/3053/3508
f 3619/3043/3456 3622/3054/3459 3682/3055/3519 3679/3044/3516
f 3620/3047/3457 3621/3056/3458 3681/3057/3518 3680/3048/3517
f 3613/3058/3450 3617/3059/3454 3677/3060/3514 3673/3061/3510
f 3622/3054/3459 3613/3062/3450 3673/3063/3510 3682/3055/3519
f 3621/3056/3458 3612/3042/3449 3672/3045/3509 3681/3057/3518
f 3615/3051/3452 3618/3064/3455 3678/3065/3515 3675/3052/3512
f 3618/3064/3455 3614/3046/3451 3674/3049/3511 3678/3065/3515
f 3616/3066/3453 3611/3050/3448 3671/3053/3508 3676/3067/3513
f 3617/3059/3454 3616/3066/3453 3676/3067/3513 3677/3060/3514
f 3677/3068/3514 3676/3069/3513 3688/3070/3525 3689/3071/3526
f 3672/3072/3509 3679/3073/3516 3691/3074/3528 3684/3075/3521
f 3674/3076/3511 3680/3077/3517 3692/3078/3529 3686/3079/3523
f 3671/3080/3508 3675/3081/3512 3687/3082/3524 3683/3083/3520
f 3679/3073/3516 3682/3084/3519 3694/3085/3531 3691/3074/3528
f 3680/3077/3517 3681/3086/3518 3693/3087/3530 3692/3078/3529
f 3673/3088/3510 3677/3068/3514 3689/3071/3526 3685/3089/3522
f 3682/3084/3519 3673/3090/3510 3685/3091/3522 3694/3085/3531
f 3681/3086/3518 3672/3072/3509 3684/3075/3521 3693/3087/3530
f 3675/3081/3512 3678/3092/3515 3690/3093/3527 3687/3082/3524
f 3678/3092/3515 3674/3076/3511 3686/3079/3523 3690/3093/3527
f 3676/3069/3513 3671/3080/3508 3683/3083/3520 3688/3070/3525
f 3686/3079/3523 3692/3078/3529 3704/3094/3541 3698/3095/3535
f 3683/3083/3520 3687/3082/3524 3699/3096/3536 3695/3097/3532
f 3691/3074/3528 3694/3085/3531 3706/3098/3543 3703/3099/3540
f 3692/3078/3529 3693/3087/3530 3705/3100/3542 3704/3094/3541
f 3685/3089/3522 3689/3071/3526 3701/3101/3538 3697/3102/3534
f 3694/3085/3531 3685/3091/3522 3697/3103/3534 3706/3098/3543
f 3693/3087/3530 3684/3075/3521 3696/3104/3533 3705/3100/3542
f 3687/3082/3524 3690/3093/3527 3702/3105/3539 3699/3096/3536
f 3690/3093/3527 3686/3079/3523 3698/3095/3535 3702/3105/3539
f 3688/3070/3525 3683/3083/3520 3695/3097/3532 3700/3106/3537
f 3689/3071/3526 3688/3070/3525 3700/3106/3537 3701/3101/3538
f 3684/3075/3521 3691/3074/3528 3703/3099/3540 3696/3104/3533
f 3894/2651/3731 3891/2654/3728 3710/2653/3547 3786/2652/3623
f 3896/2655/3733 3892/2658/3729 3713/2657/3550 3712/2656/3549
f 3897/2659/3734 3893/2662/3730 3725/2661/3562 3726/2660/3563
f 3898/2663/3735 3895/2666/3732 3709/2665/3546 3708/2664/3545
f 3899/2667/3736 3896/2655/3733 3712/2656/3549 3711/2668/3548
f 3545/2669/3382 3897/2659/3734 3726/2660/3563 3330/2670/3167
f 3900/2671/3737 3538/2674/3375 3329/2673/3166 3714/2672/3551
f 3901/2675/3738 3898/2663/3735 3708/2664/3545 3707/2676/3544
f 3891/2654/3728 3899/2667/3736 3711/2668/3548 3710/2653/3547
f 3892/2658/3729 3900/2671/3737 3714/2672/3551 3713/2657/3550
f 3893/2662/3730 3901/2675/3738 3707/2676/3544 3725/2661/3562
f 3763/2677/3600 3756/2680/3593 3736/2679/3573 3728/2678/3565
f 3764/2681/3601 3757/2684/3594 3729/2683/3566 3730/2682/3567
f 3765/2685/3602 3758/2688/3595 3732/2687/3569 3733/2686/3570
f 3756/2680/3593 3759/2690/3596 3735/2689/3572 3736/2679/3573
f 3757/2684/3594 3382/2692/3219 3347/2691/3184 3729/2683/3566
f 3389/2693/3226 3760/2696/3597 3727/2695/3564 3346/2694/3183
f 3758/2688/3595 3761/2698/3598 3731/2697/3568 3732/2687/3569
f 3759/2690/3596 3762/2700/3599 3734/2699/3571 3735/2689/3572
f 3760/2696/3597 3763/2677/3600 3728/2678/3565 3727/2695/3564
f 3761/2698/3598 3764/2681/3601 3730/2682/3567 3731/2697/3568
f 3791/2701/3628 3765/2685/3602 3733/2686/3570 3788/2702/3625
f 3731/2697/3568 3730/2682/3567 3739/2704/3576 3740/2703/3577
f 3727/2695/3564 3728/2678/3565 3738/2706/3575 3737/2705/3574
f 3735/2689/3572 3734/2699/3571 3743/2708/3580 3744/2707/3581
f 3732/2687/3569 3731/2697/3568 3740/2703/3577 3741/2709/3578
f 3346/2694/3183 3727/2695/3564 3737/2705/3574 3358/2710/3195
f 3736/2679/3573 3735/2689/3572 3744/2707/3581 3745/2711/3582
f 3733/2686/3570 3732/2687/3569 3741/2709/3578 3742/2712/3579
f 3729/2683/3566 3739/2704/3576 3730/2682/3567
f 3728/2678/3565 3736/2679/3573 3745/2711/3582 3738/2706/3575
f 3788/2702/3625 3733/2686/3570 3742/2712/3579 3789/2713/3626
f 3792/2714/3629 3768/2717/3605 3751/2716/3588 3790/2715/3627
f 3774/2718/3611 3767/2721/3604 3749/2720/3586 3754/2719/3591
f 3773/2722/3610 3766/2725/3603 3747/2724/3584 3753/2723/3590
f 3772/2726/3609 3775/2729/3612 3755/2728/3592 3752/2727/3589
f 3771/2730/3608 3774/2718/3611 3754/2719/3591 3750/2731/3587
f 3393/2732/3230 3773/2722/3610 3753/2723/3590 3375/2733/3212
f 3770/2734/3607 3398/2737/3235 3373/2736/3210 3748/2735/3585
f 3769/2738/3606 3772/2726/3609 3752/2727/3589 3746/2739/3583
f 3768/2717/3605 3771/2730/3608 3750/2731/3587 3751/2716/3588
f 3767/2721/3604 3770/2734/3607 3748/2735/3585 3749/2720/3586
f 3766/2725/3603 3769/2738/3606 3746/2739/3583 3747/2724/3584
f 3950/2740/3786 3954/2743/3790 3799/2742/3636 3793/2741/3630
f 3784/2744/3621 3777/2745/3614 3764/2681/3601 3761/2698/3598
f 3783/2746/3620 3776/2747/3613 3763/2677/3600 3760/2696/3597
f 3943/2748/3779 3937/2751/3774 3798/2750/3635 3795/2749/3632
f 3781/2752/3618 3784/2744/3621 3761/2698/3598 3758/2688/3595
f 3405/2753/3242 3783/2746/3620 3760/2696/3597 3389/2693/3226
f 3780/2754/3617 3410/2755/3247 3382/2692/3219 3757/2684/3594
f 3779/2756/3616 3782/2757/3619 3759/2690/3596 3756/2680/3593
f 3951/2758/3787 3950/2740/3786 3793/2741/3630 3785/2759/3622
f 3777/2745/3614 3780/2754/3617 3757/2684/3594 3764/2681/3601
f 3776/2747/3613 3779/2756/3616 3756/2680/3593 3763/2677/3600
f 3725/2661/3562 3707/2676/3544 3769/2738/3606 3766/2725/3603
f 3713/2657/3550 3714/2672/3551 3770/2734/3607 3767/2721/3604
f 3710/2653/3547 3711/2668/3548 3771/2730/3608 3768/2717/3605
f 3707/2676/3544 3708/2664/3545 3772/2726/3609 3769/2738/3606
f 3714/2672/3551 3329/2673/3166 3398/2737/3235 3770/2734/3607
f 3330/2670/3167 3726/2660/3563 3773/2722/3610 3393/2732/3230
f 3711/2668/3548 3712/2656/3549 3774/2718/3611 3771/2730/3608
f 3708/2664/3545 3709/2665/3546 3775/2729/3612 3772/2726/3609
f 3726/2660/3563 3725/2661/3562 3766/2725/3603 3773/2722/3610
f 3712/2656/3549 3713/2657/3550 3767/2721/3604 3774/2718/3611
f 3786/2652/3623 3710/2653/3547 3768/2717/3605 3792/2714/3629
f 3747/2724/3584 3746/2739/3583 3779/2756/3616 3776/2747/3613
f 3749/2720/3586 3748/2735/3585 3780/2754/3617 3777/2745/3614
f 3955/2760/3791 3947/2763/3783 3796/2762/3633 3797/2761/3634
f 3746/2739/3583 3752/2727/3589 3782/2757/3619 3779/2756/3616
f 3748/2735/3585 3373/2736/3210 3410/2755/3247 3780/2754/3617
f 3375/2733/3212 3753/2723/3590 3783/2746/3620 3405/2753/3242
f 3750/2731/3587 3754/2719/3591 3784/2744/3621 3781/2752/3618
f 3937/2751/3774 3936/2765/3773 3802/2764/3639 3798/2750/3635
f 3753/2723/3590 3747/2724/3584 3776/2747/3613 3783/2746/3620
f 3754/2719/3591 3749/2720/3586 3777/2745/3614 3784/2744/3621
f 3940/2766/3777 3951/2758/3787 3785/2759/3622 3801/2767/3638
f 3941/2768/3430 3940/2766/3777 3801/2767/3638 3794/2769/3631
f 3709/2665/3546 3786/2771/3623 3792/2770/3629 3775/2729/3612
f 3947/2763/3783 3946/2773/3782 3800/2772/3637 3796/2762/3633
f 3775/2729/3612 3792/2770/3629 3790/2774/3627 3755/2728/3592
f 3734/2699/3571 3788/2776/3625 3789/2775/3626 3743/2708/3580
f 3762/2700/3599 3791/2777/3628 3788/2776/3625 3734/2699/3571
f 3895/2666/3732 3894/2778/3731 3786/2771/3623 3709/2665/3546
f 3936/2765/3773 3955/2760/3791 3797/2761/3634 3802/2764/3639
f 3946/2779/3782 3958/2782/3794 3778/2781/3615 3800/2780/3637
f 3954/2743/3790 3943/2748/3779 3795/2749/3632 3799/2742/3636
f 3958/2782/3794 3941/2768/3430 3794/2769/3631 3778/2781/3615
f 3824/2783/3661 3821/2786/3658 3810/2785/3647 3813/2784/3650
f 3815/2787/3652 3822/2790/3659 3811/2789/3648 3804/2788/3641
f 3816/2791/3653 3823/2794/3660 3812/2793/3649 3805/2792/3642
f 3817/2795/3654 3814/2798/3651 3803/2797/3640 3806/2796/3643
f 3818/2799/3655 3815/2787/3652 3804/2788/3641 3807/2800/3644
f 3449/2801/3286 3816/2791/3653 3805/2792/3642 3436/2802/3273
f 3819/2803/3656 3455/2806/3292 3442/2805/3279 3808/2804/3645
f 3820/2807/3657 3817/2795/3654 3806/2796/3643 3809/2808/3646
f 3821/2786/3658 3818/2799/3655 3807/2800/3644 3810/2785/3647
f 3822/2790/3659 3819/2803/3656 3808/2804/3645 3811/2789/3648
f 3823/2794/3660 3820/2807/3657 3809/2808/3646 3812/2793/3649
f 3814/2798/3651 3824/2810/3661 3813/2809/3650 3803/2797/3640
f 3720/2811/3557 3787/2812/3624 3824/2810/3661 3814/2798/3651
f 3723/2813/3560 3722/2814/3559 3820/2807/3657 3823/2794/3660
f 3716/2815/3553 3715/2816/3552 3819/2803/3656 3822/2790/3659
f 3719/2817/3556 3718/2818/3555 3818/2799/3655 3821/2786/3658
f 3722/2814/3559 3721/2819/3558 3817/2795/3654 3820/2807/3657
f 3715/2816/3552 3331/2820/3168 3455/2806/3292 3819/2803/3656
f 3320/2821/3157 3724/2822/3561 3816/2791/3653 3449/2801/3286
f 3718/2818/3555 3717/2823/3554 3815/2787/3652 3818/2799/3655
f 3721/2819/3558 3720/2811/3557 3814/2798/3651 3817/2795/3654
f 3724/2822/3561 3723/2813/3560 3823/2794/3660 3816/2791/3653
f 3717/2823/3554 3716/2815/3553 3822/2790/3659 3815/2787/3652
f 3787/2824/3624 3719/2817/3556 3821/2786/3658 3824/2783/3661
f 3717/2823/3554 3718/2818/3555 3828/2826/3665 3827/2825/3664
f 3724/2822/3561 3320/2821/3157 3457/2828/3294 3834/2827/3671
f 3331/2820/3168 3715/2816/3552 3825/2830/3662 3458/2829/3295
f 3721/2819/3558 3722/2814/3559 3832/2832/3669 3831/2831/3668
f 3718/2818/3555 3719/2817/3556 3829/2833/3666 3828/2826/3665
f 3715/2816/3552 3716/2815/3553 3826/2834/3663 3825/2830/3662
f 3722/2814/3559 3723/2813/3560 3833/2835/3670 3832/2832/3669
f 3719/2817/3556 3787/2824/3624 3835/2836/3672 3829/2833/3666
f 3716/2815/3553 3717/2823/3554 3827/2825/3664 3826/2834/3663
f 3723/2813/3560 3724/2822/3561 3834/2827/3671 3833/2835/3670
f 3787/2812/3624 3720/2811/3557 3830/2838/3667 3835/2837/3672
f 3720/2811/3557 3721/2819/3558 3831/2831/3668 3830/2838/3667
f 3905/2839/3742 3902/2842/3739 3836/2841/3673 3839/2840/3676
f 3907/2843/3744 3903/2846/3740 3837/2845/3674 3841/2844/3678
f 3908/2847/3745 3904/2850/3741 3838/2849/3675 3842/2848/3679
f 3909/2851/3746 3906/2854/3743 3840/2853/3677 3843/2852/3680
f 3910/2855/3747 3907/2843/3744 3841/2844/3678 3844/2856/3681
f 3558/2857/3395 3908/2847/3745 3842/2848/3679 3480/2858/3317
f 3911/2859/3748 3551/2862/3388 3473/2861/3310 3845/2860/3682
f 3912/2863/3749 3909/2851/3746 3843/2852/3680 3846/2864/3683
f 3902/2842/3739 3910/2855/3747 3844/2856/3681 3836/2841/3673
f 3903/2846/3740 3911/2859/3748 3845/2860/3682 3837/2845/3674
f 3904/2850/3741 3912/2863/3749 3846/2864/3683 3838/2849/3675
f 3906/2854/3743 3905/2866/3742 3839/2865/3676 3840/2853/3677
f 3859/2867/3696 3858/2870/3695 3851/2869/3688 3852/2868/3689
f 3499/2871/3336 3860/2874/3697 3848/2873/3685 3487/2872/3324
f 3861/2875/3698 3500/2878/3337 3483/2877/3320 3847/2876/3684
f 3863/2879/3700 3862/2882/3699 3855/2881/3692 3856/2880/3693
f 3864/2883/3701 3861/2875/3698 3847/2876/3684 3850/2884/3687
f 3865/2885/3702 3859/2867/3696 3852/2868/3689 3853/2886/3690
f 3866/2887/3703 3863/2879/3700 3856/2880/3693 3849/2888/3686
f 3868/2889/3705 3867/2892/3704 3857/2891/3694 3854/2890/3691
f 3867/2893/3704 3865/2885/3702 3853/2886/3690 3857/2894/3694
f 3858/2870/3695 3864/2883/3701 3850/2884/3687 3851/2869/3688
f 3860/2874/3697 3866/2887/3703 3849/2888/3686 3848/2873/3685
f 3862/2882/3699 3868/2889/3705 3854/2890/3691 3855/2881/3692
f 3744/2707/3581 3743/2708/3580 3868/2889/3705 3862/2882/3699
f 3737/2705/3574 3738/2706/3575 3866/2887/3703 3860/2874/3697
f 3740/2703/3577 3739/2704/3576 3864/2883/3701 3858/2870/3695
f 3789/2713/3626 3742/2712/3579 3865/2885/3702 3867/2893/3704
f 3743/2708/3580 3789/2775/3626 3867/2892/3704 3868/2889/3705
f 3738/2706/3575 3745/2711/3582 3863/2879/3700 3866/2887/3703
f 3742/2712/3579 3741/2709/3578 3859/2867/3696 3865/2885/3702
f 3739/2704/3576 3729/2683/3566 3861/2875/3698 3864/2883/3701
f 3745/2711/3582 3744/2707/3581 3862/2882/3699 3863/2879/3700
f 3729/2683/3566 3347/2691/3184 3500/2878/3337 3861/2875/3698
f 3358/2710/3195 3737/2705/3574 3860/2874/3697 3499/2871/3336
f 3741/2709/3578 3740/2703/3577 3858/2870/3695 3859/2867/3696
f 3913/2895/3750 3923/2898/3760 3879/2897/3716 3869/2896/3706
f 3922/2899/3759 3919/2902/3756 3875/2901/3712 3878/2900/3715
f 3921/2903/3758 3918/2906/3755 3874/2905/3711 3877/2904/3714
f 3920/2907/3757 3917/2910/3754 3873/2909/3710 3876/2908/3713
f 3919/2902/3756 3916/2912/3753 3872/2911/3709 3875/2901/3712
f 3918/2906/3755 3572/2914/3409 3520/2913/3357 3874/2905/3711
f 3566/2915/3403 3915/2918/3752 3871/2917/3708 3514/2916/3351
f 3917/2910/3754 3914/2920/3751 3870/2919/3707 3873/2909/3710
f 3916/2912/3753 3913/2895/3750 3869/2896/3706 3872/2911/3709
f 3915/2918/3752 3922/2899/3759 3878/2900/3715 3871/2917/3708
f 3914/2920/3751 3921/2903/3758 3877/2904/3714 3870/2919/3707
f 3923/2921/3760 3920/2907/3757 3876/2908/3713 3879/2922/3716
f 3934/2923/3771 3931/2926/3768 3880/2925/3717 3883/2924/3720
f 3925/2927/3762 3932/2930/3769 3881/2929/3718 3885/2928/3722
f 3926/2931/3763 3933/2934/3770 3882/2933/3719 3886/2932/3723
f 3927/2935/3764 3924/2938/3761 3884/2937/3721 3887/2936/3724
f 3928/2939/3765 3925/2927/3762 3885/2928/3722 3888/2940/3725
f 3579/2941/3416 3926/2931/3763 3886/2932/3723 3532/2942/3369
f 3929/2943/3766 3585/2946/3422 3525/2945/3362 3889/2944/3726
f 3930/2947/3767 3927/2935/3764 3887/2936/3724 3890/2948/3727
f 3931/2926/3768 3928/2939/3765 3888/2940/3725 3880/2925/3717
f 3932/2930/3769 3929/2943/3766 3889/2944/3726 3881/2929/3718
f 3933/2934/3770 3930/2947/3767 3890/2948/3727 3882/2933/3719
f 3924/2938/3761 3934/2950/3771 3883/2949/3720 3884/2937/3721
f 3869/2896/3706 3879/2897/3716 3905/2866/3742 3906/2854/3743
f 3878/2900/3715 3875/2901/3712 3912/2863/3749 3904/2850/3741
f 3877/2904/3714 3874/2905/3711 3911/2859/3748 3903/2846/3740
f 3876/2908/3713 3873/2909/3710 3910/2855/3747 3902/2842/3739
f 3875/2901/3712 3872/2911/3709 3909/2851/3746 3912/2863/3749
f 3874/2905/3711 3520/2913/3357 3551/2862/3388 3911/2859/3748
f 3514/2916/3351 3871/2917/3708 3908/2847/3745 3558/2857/3395
f 3873/2909/3710 3870/2919/3707 3907/2843/3744 3910/2855/3747
f 3872/2911/3709 3869/2896/3706 3906/2854/3743 3909/2851/3746
f 3871/2917/3708 3878/2900/3715 3904/2850/3741 3908/2847/3745
f 3870/2919/3707 3877/2904/3714 3903/2846/3740 3907/2843/3744
f 3879/2922/3716 3876/2908/3713 3902/2842/3739 3905/2839/3742
f 3813/2784/3650 3810/2785/3647 3920/2907/3757 3923/2921/3760
f 3804/2788/3641 3811/2789/3648 3921/2903/3758 3914/2920/3751
f 3805/2792/3642 3812/2793/3649 3922/2899/3759 3915/2918/3752
f 3806/2796/3643 3803/2797/3640 3913/2895/3750 3916/2912/3753
f 3807/2800/3644 3804/2788/3641 3914/2920/3751 3917/2910/3754
f 3436/2802/3273 3805/2792/3642 3915/2918/3752 3566/2915/3403
f 3808/2804/3645 3442/2805/3279 3572/2914/3409 3918/2906/3755
f 3809/2808/3646 3806/2796/3643 3916/2912/3753 3919/2902/3756
f 3810/2785/3647 3807/2800/3644 3917/2910/3754 3920/2907/3757
f 3811/2789/3648 3808/2804/3645 3918/2906/3755 3921/2903/3758
f 3812/2793/3649 3809/2808/3646 3919/2902/3756 3922/2899/3759
f 3803/2797/3640 3813/2809/3650 3923/2898/3760 3913/2895/3750
f 3840/2853/3677 3839/2865/3676 3934/2950/3771 3924/2938/3761
f 3838/2849/3675 3846/2864/3683 3930/2947/3767 3933/2934/3770
f 3837/2845/3674 3845/2860/3682 3929/2943/3766 3932/2930/3769
f 3836/2841/3673 3844/2856/3681 3928/2939/3765 3931/2926/3768
f 3846/2864/3683 3843/2852/3680 3927/2935/3764 3930/2947/3767
f 3845/2860/3682 3473/2861/3310 3585/2946/3422 3929/2943/3766
f 3480/2858/3317 3842/2848/3679 3926/2931/3763 3579/2941/3416
f 3844/2856/3681 3841/2844/3678 3925/2927/3762 3928/2939/3765
f 3843/2852/3680 3840/2853/3677 3924/2938/3761 3927/2935/3764
f 3842/2848/3679 3838/2849/3675 3933/2934/3770 3926/2931/3763
f 3841/2844/3678 3837/2845/3674 3932/2930/3769 3925/2927/3762
f 3839/2840/3676 3836/2841/3673 3931/2926/3768 3934/2923/3771
f 3532/2942/3369 3886/2932/3723 3897/2659/3734 3545/2669/3382
f 3886/2932/3723 3882/2933/3719 3893/2662/3730 3897/2659/3734
f 3882/2933/3719 3890/2948/3727 3901/2675/3738 3893/2662/3730
f 3890/2948/3727 3887/2936/3724 3898/2663/3735 3901/2675/3738
f 3887/2936/3724 3884/2937/3721 3895/2666/3732 3898/2663/3735
f 3884/2937/3721 3883/2949/3720 3894/2778/3731 3895/2666/3732
f 3883/2924/3720 3880/2925/3717 3891/2654/3728 3894/2651/3731
f 3880/2925/3717 3888/2940/3725 3899/2667/3736 3891/2654/3728
f 3888/2940/3725 3885/2928/3722 3896/2655/3733 3899/2667/3736
f 3885/2928/3722 3881/2929/3718 3892/2658/3729 3896/2655/3733
f 3881/2929/3718 3889/2944/3726 3900/2671/3737 3892/2658/3729
f 3889/2944/3726 3525/2945/3362 3538/2674/3375 3900/2671/3737
f 3752/2951/3589 3755/2954/3592 3942/2953/3778 3957/2952/3793
f 3957/2952/3793 3942/2953/3778 3941/2768/3430 3958/2782/3794
f 3781/2955/3618 3758/2958/3595 3944/2957/3780 3953/2956/3789
f 3953/2956/3789 3944/2957/3780 3943/2748/3779 3954/2743/3790
f 3782/2959/3619 3752/2951/3589 3957/2952/3793 3945/2960/3781
f 3945/2960/3781 3957/2952/3793 3958/2782/3794 3946/2779/3782
f 3791/2961/3628 3762/2964/3599 3956/2963/3792 3935/2962/3772
f 3935/2962/3772 3956/2963/3792 3955/2760/3791 3936/2765/3773
f 3759/2965/3596 3782/2968/3619 3945/2967/3781 3948/2966/3784
f 3948/2966/3784 3945/2967/3781 3946/2773/3782 3947/2763/3783
f 3755/2954/3592 3790/2970/3627 3939/2969/3776 3942/2953/3778
f 3942/2953/3778 3939/2969/3776 3940/2766/3777 3941/2768/3430
f 3790/2970/3627 3751/2972/3588 3952/2971/3788 3939/2969/3776
f 3939/2969/3776 3952/2971/3788 3951/2758/3787 3940/2766/3777
f 3765/2973/3602 3791/2961/3628 3935/2962/3772 3938/2974/3775
f 3938/2974/3775 3935/2962/3772 3936/2765/3773 3937/2751/3774
f 3762/2964/3599 3759/2965/3596 3948/2966/3784 3956/2963/3792
f 3956/2963/3792 3948/2966/3784 3947/2763/3783 3955/2760/3791
f 3751/2972/3588 3750/2976/3587 3949/2975/3785 3952/2971/3788
f 3952/2971/3788 3949/2975/3785 3950/2740/3786 3951/2758/3787
f 3758/2958/3595 3765/2973/3602 3938/2974/3775 3944/2957/3780
f 3944/2957/3780 3938/2974/3775 3937/2751/3774 3943/2748/3779
f 3750/2976/3587 3781/2955/3618 3953/2956/3789 3949/2975/3785
f 3949/2975/3785 3953/2956/3789 3954/2743/3790 3950/2740/3786
f 4012/2977/3848 3962/2980/3798 3968/2979/3804 4018/2978/3854
f 4008/2981/3844 3965/2984/3801 3964/2983/3800 4015/2982/3851
f 4014/2985/3850 3963/2988/3799 3966/2987/3802 4009/2986/3845
f 4011/2989/3847 3970/2992/3806 3961/2991/3797 4007/2990/3843
f 4013/2993/3849 3959/2994/3795 3963/2988/3799 4014/2985/3850
f 4009/2986/3845 3966/2987/3802 3962/2980/3798 4012/2977/3848
f 4015/2982/3851 3964/2983/3800 3959/2994/3795 4013/2993/3849
f 4010/2995/3846 3960/2998/3796 3967/2997/3803 4017/2996/3853
f 4017/2996/3853 3967/2997/3803 3970/2992/3806 4011/2989/3847
f 4016/2999/3852 3969/3000/3805 3960/2998/3796 4010/2995/3846
f 4007/3001/3843 3961/3002/3797 3965/2984/3801 4008/2981/3844
f 4018/2978/3854 3968/2979/3804 3969/3000/3805 4016/2999/3852
f 3793/2741/3630 3981/3004/3817 3977/3003/3813 3785/2759/3622
f 3800/2772/3637 3973/3006/3809 3976/3005/3812 3796/2762/3633
f 3785/2759/3622 3977/3003/3813 3980/3007/3816 3801/2767/3638
f 3794/2769/3631 3979/3009/3815 3982/3008/3818 3778/2781/3615
f 3801/2767/3638 3980/3007/3816 3979/3009/3815 3794/2769/3631
f 3797/2761/3634 3975/3011/3811 3972/3010/3808 3802/2764/3639
f 3795/2749/3632 3978/3013/3814 3971/3012/3807 3799/2742/3636
f 3802/2764/3639 3972/3010/3808 3974/3014/3810 3798/2750/3635
f 3778/2781/3615 3982/3008/3818 3973/3015/3809 3800/2780/3637
f 3798/2750/3635 3974/3014/3810 3978/3013/3814 3795/2749/3632
f 3796/2762/3633 3976/3005/3812 3975/3011/3811 3797/2761/3634
f 3799/2742/3636 3971/3012/3807 3981/3004/3817 3793/2741/3630
f 3981/3004/3817 3994/3017/3830 3992/3016/3828 3977/3003/3813
f 3973/3006/3809 3983/3019/3819 3984/3018/3820 3976/3005/3812
f 3977/3003/3813 3992/3016/3828 3986/3020/3822 3980/3007/3816
f 3979/3009/3815 3993/3022/3829 3987/3021/3823 3982/3008/3818
f 3980/3007/3816 3986/3020/3822 3993/3022/3829 3979/3009/3815
f 3975/3011/3811 3991/3024/3827 3989/3023/3825 3972/3010/3808
f 3978/3013/3814 3985/3026/3821 3988/3025/3824 3971/3012/3807
f 3972/3010/3808 3989/3023/3825 3990/3027/3826 3974/3014/3810
f 3982/3008/3818 3987/3021/3823 3983/3028/3819 3973/3015/3809
f 3974/3014/3810 3990/3027/3826 3985/3026/3821 3978/3013/3814
f 3976/3005/3812 3984/3018/3820 3991/3024/3827 3975/3011/3811
f 3971/3012/3807 3988/3025/3824 3994/3017/3830 3981/3004/3817
f 3994/3017/3830 4006/3030/3842 4004/3029/3840 3992/3016/3828
f 3983/3019/3819 3995/3032/3831 3996/3031/3832 3984/3018/3820
f 3992/3016/3828 4004/3029/3840 3998/3033/3834 3986/3020/3822
f 3993/3022/3829 4005/3035/3841 3999/3034/3835 3987/3021/3823
f 3986/3020/3822 3998/3033/3834 4005/3035/3841 3993/3022/3829
f 3991/3024/3827 4003/3037/3839 4001/3036/3837 3989/3023/3825
f 3985/3026/3821 3997/3039/3833 4000/3038/3836 3988/3025/3824
f 3989/3023/3825 4001/3036/3837 4002/3040/3838 3990/3027/3826
f 3987/3021/3823 3999/3034/3835 3995/3041/3831 3983/3028/3819
f 3990/3027/3826 4002/3040/3838 3997/3039/3833 3985/3026/3821
f 3984/3018/3820 3996/3031/3832 4003/3037/3839 3991/3024/3827
f 3988/3025/3824 4000/3038/3836 4006/3030/3842 3994/3017/3830
f 4006/3030/3842 4018/2978/3854 4016/2999/3852 4004/3029/3840
f 3995/3032/3831 4007/3001/3843 4008/2981/3844 3996/3031/3832
f 4004/3029/3840 4016/2999/3852 4010/2995/3846 3998/3033/3834
f 4005/3035/3841 4017/2996/3853 4011/2989/3847 3999/3034/3835
f 3998/3033/3834 4010/2995/3846 4017/2996/3853 4005/3035/3841
f 4003/3037/3839 4015/2982/3851 4013/2993/3849 4001/3036/3837
f 3997/3039/3833 4009/2986/3845 4012/2977/3848 4000/3038/3836
f 4001/3036/3837 4013/2993/3849 4014/2985/3850 4002/3040/3838
f 3999/3034/3835 4011/2989/3847 4007/2990/3843 3995/3041/3831
f 4002/3040/3838 4014/2985/3850 4009/2986/3845 3997/3039/3833
f 3996/3031/3832 4008/2981/3844 4015/2982/3851 4003/3037/3839
f 4000/3038/3836 4012/2977/3848 4018/2978/3854 4006/3030/3842
f 3960/3042/3796 4020/3045/3856 4027/3044/3863 3967/3043/3803
f 3962/3046/3798 4022/3049/3858 4028/3048/3864 3968/3047/3804
f 3959/3050/3795 4019/3053/3855 4023/3052/3859 3963/3051/3799
f 3967/3043/3803 4027/3044/3863 4030/3055/3866 3970/3054/3806
f 3968/3047/3804 4028/3048/3864 4029/3057/3865 3969/3056/3805
f 3961/3058/3797 4021/3061/3857 4025/3060/3861 3965/3059/3801
f 3970/3054/3806 4030/3055/3866 4021/3063/3857 3961/3062/3797
f 3969/3056/3805 4029/3057/3865 4020/3045/3856 3960/3042/3796
f 3963/3051/3799 4023/3052/3859 4026/3065/3862 3966/3064/3802
f 3966/3064/3802 4026/3065/3862 4022/3049/3858 3962/3046/3798
f 3964/3066/3800 4024/3067/3860 4019/3053/3855 3959/3050/3795
f 3965/3059/3801 4025/3060/3861 4024/3067/3860 3964/3066/3800
f 4025/3068/3861 4037/3071/3873 4036/3070/3872 4024/3069/3860
f 4020/3072/3856 4032/3075/3868 4039/3074/3875 4027/3073/3863
f 4022/3076/3858 4034/3079/3870 4040/3078/3876 4028/3077/3864
f 4019/3080/3855 4031/3083/3867 4035/3082/3871 4023/3081/3859
f 4027/3073/3863 4039/3074/3875 4042/3085/3878 4030/3084/3866
f 4028/3077/3864 4040/3078/3876 4041/3087/3877 4029/3086/3865
f 4021/3088/3857 4033/3089/3869 4037/3071/3873 4025/3068/3861
f 4030/3084/3866 4042/3085/3878 4033/3091/3869 4021/3090/3857
f 4029/3086/3865 4041/3087/3877 4032/3075/3868 4020/3072/3856
f 4023/3081/3859 4035/3082/3871 4038/3093/3874 4026/3092/3862
f 4026/3092/3862 4038/3093/3874 4034/3079/3870 4022/3076/3858
f 4024/3069/3860 4036/3070/3872 4031/3083/3867 4019/3080/3855
f 4034/3079/3870 4046/3095/3882 4052/3094/3888 4040/3078/3876
f 4031/3083/3867 4043/3097/3879 4047/3096/3883 4035/3082/3871
f 4039/3074/3875 4051/3099/3887 4054/3098/3890 4042/3085/3878
f 4040/3078/3876 4052/3094/3888 4053/3100/3889 4041/3087/3877
f 4033/3089/3869 4045/3102/3881 4049/3101/3885 4037/3071/3873
f 4042/3085/3878 4054/3098/3890 4045/3103/3881 4033/3091/3869
f 4041/3087/3877 4053/3100/3889 4044/3104/3880 4032/3075/3868
f 4035/3082/3871 4047/3096/3883 4050/3105/3886 4038/3093/3874
f 4038/3093/3874 4050/3105/3886 4046/3095/3882 4034/3079/3870
f 4036/3070/3872 4048/3106/3884 4043/3097/3879 4031/3083/3867
f 4037/3071/3873 4049/3101/3885 4048/3106/3884 4036/3070/3872
f 4032/3075/3868 4044/3104/3880 4051/3099/3887 4039/3074/3875
o Tail
v 0.052660 0.394535 -0.389467
v -0.384855 0.660041 -0.255115
v 0.023398 0.490942 -0.730420
v -0.394545 0.785783 -0.631564
v 0.183468 0.696725 -0.281867
v -0.049292 0.824432 -0.200201
v 0.145812 0.774038 -0.637959
v -0.061071 0.945424 -0.579911
v -0.422822 1.054006 -0.153525
v -0.425996 1.162944 -0.467751
v -0.094440 1.083082 -0.147058
v -0.097614 1.192020 -0.461285
v -0.116480 1.339747 -0.173737
v -0.117901 1.388534 -0.314460
v 0.031009 1.389467 -0.315730
v 0.032430 1.340680 -0.175007
v 0.374707 0.488372 -0.458601
v 0.357021 0.542475 -0.660638
v 0.396139 0.707420 -0.388662
v 0.375262 0.754254 -0.598736
v 0.012518 0.428618 -0.666707
v 0.014290 0.387868 -0.578699
v 0.027931 0.374553 -0.481313
v -0.068260 0.429043 -0.360918
v -0.188098 0.489566 -0.327410
v -0.296935 0.568951 -0.291342
v -0.434165 0.665579 -0.348012
v -0.452422 0.692534 -0.453331
v -0.439318 0.734678 -0.553654
v -0.311897 0.690119 -0.666972
v -0.209045 0.603739 -0.697257
v -0.094457 0.534670 -0.719410
v 0.113077 0.721443 -0.708450
v 0.078331 0.648777 -0.749537
v 0.046722 0.567967 -0.757950
v -0.320429 0.839467 -0.672915
v -0.229821 0.888735 -0.676628
v -0.138207 0.926437 -0.644896
v -0.021738 0.888735 -0.601406
v 0.026135 0.838221 -0.619131
v 0.082126 0.798463 -0.631758
v 0.193037 0.756065 -0.347945
v 0.188380 0.790252 -0.441157
v 0.171853 0.797004 -0.543747
v -0.011434 0.940629 -0.486505
v 0.007540 0.915306 -0.380065
v -0.004846 0.874795 -0.278622
v -0.002826 0.776547 -0.219579
v 0.053093 0.737715 -0.239648
v 0.116010 0.710315 -0.260410
v 0.086707 0.450114 -0.316610
v 0.124338 0.529343 -0.270319
v 0.158833 0.616716 -0.256702
v -0.123735 0.770005 -0.159361
v -0.215061 0.719105 -0.156768
v -0.307393 0.679770 -0.189621
v -0.469720 1.074598 -0.225626
v -0.485981 1.103023 -0.311850
v -0.471456 1.134174 -0.397469
v -0.352043 1.184851 -0.510475
v -0.262400 1.197908 -0.523436
v -0.172459 1.200752 -0.506938
v -0.050716 1.171428 -0.389184
v -0.034455 1.143003 -0.302959
v -0.048981 1.111852 -0.217341
v -0.168393 1.061175 -0.104335
v -0.258036 1.048118 -0.091374
v -0.347977 1.045274 -0.107871
v -0.091022 1.004487 -0.555637
v -0.109062 1.065222 -0.528233
v -0.112242 1.127708 -0.497012
v -0.108650 1.008809 -0.153576
v -0.104408 0.940867 -0.165698
v -0.083895 0.879369 -0.181786
v -0.443404 0.756552 -0.221082
v -0.469996 0.855675 -0.191400
v -0.463509 0.955473 -0.168178
v -0.467070 1.074445 -0.511562
v -0.474390 0.980624 -0.553527
v -0.449650 0.883673 -0.593558
v -0.109314 1.361595 -0.200360
v -0.105655 1.381664 -0.239955
v -0.110142 1.390008 -0.282318
v -0.072664 1.402610 -0.318407
v -0.022192 1.409735 -0.320322
v 0.014063 1.403137 -0.319151
v 0.052263 1.390944 -0.283724
v 0.062879 1.382591 -0.241426
v 0.053090 1.362531 -0.201766
v 0.015613 1.349929 -0.165678
v -0.020584 1.354520 -0.161058
v -0.071114 1.349402 -0.164934
v -0.350228 1.148447 -0.148839
v -0.261680 1.232419 -0.152680
v -0.176286 1.298962 -0.162632
v -0.178090 1.360880 -0.341230
v -0.263970 1.311018 -0.379395
v -0.352995 1.243405 -0.422739
v -0.062143 1.162002 -0.147293
v -0.022300 1.237620 -0.153477
v 0.012633 1.300716 -0.164059
v 0.010830 1.362634 -0.342657
v -0.024590 1.316219 -0.380192
v -0.064909 1.256960 -0.421193
v 0.374177 0.521891 -0.622930
v 0.386164 0.501079 -0.565464
v 0.384400 0.489743 -0.504170
v 0.383442 0.719191 -0.624203
v 0.384599 0.660830 -0.648473
v 0.373364 0.594170 -0.660422
v 0.404801 0.736680 -0.427574
v 0.405039 0.760156 -0.487516
v 0.392521 0.764143 -0.551513
v 0.393479 0.534695 -0.431481
v 0.406604 0.600405 -0.404507
v 0.405614 0.664400 -0.390082
v 0.215311 0.766682 -0.636711
v 0.282903 0.766745 -0.628218
v 0.339629 0.763322 -0.613648
v 0.311303 0.515991 -0.686926
v 0.234707 0.489307 -0.712711
v 0.136011 0.477795 -0.727994
v 0.333098 0.450942 -0.445471
v 0.260955 0.412472 -0.429385
v 0.165105 0.390733 -0.411568
v 0.252171 0.697293 -0.304446
v 0.315451 0.704253 -0.330278
v 0.366048 0.708800 -0.360708
v -0.099838 0.414034 -0.455821
v -0.226550 0.481018 -0.423206
v -0.341545 0.567525 -0.386319
v -0.115189 0.430756 -0.557804
v -0.243231 0.501406 -0.527885
v -0.359191 0.591453 -0.492031
v -0.113624 0.473028 -0.650967
v -0.237583 0.544417 -0.624789
v -0.349450 0.634421 -0.591306
v -0.058404 0.608675 -0.750416
v -0.158919 0.672439 -0.731905
v -0.248401 0.751842 -0.705158
v -0.011798 0.684733 -0.744006
v -0.095946 0.741106 -0.728444
v -0.169993 0.811304 -0.705201
v 0.037624 0.751707 -0.703386
v -0.030727 0.799710 -0.689858
v -0.089997 0.859828 -0.669738
v 0.114905 0.816202 -0.534847
v 0.065526 0.848905 -0.521829
v 0.023489 0.891563 -0.505461
v 0.132898 0.805489 -0.428444
v 0.084274 0.833215 -0.413838
v 0.042493 0.870723 -0.397618
v 0.133976 0.769226 -0.330861
v 0.080691 0.794902 -0.313622
v 0.034109 0.830842 -0.296213
v 0.078756 0.633579 -0.231412
v 0.002028 0.666880 -0.206505
v -0.066940 0.713421 -0.182361
v 0.029507 0.551513 -0.242241
v -0.063011 0.593515 -0.213279
v -0.146705 0.650872 -0.184449
v -0.022557 0.478529 -0.287282
v -0.130296 0.530213 -0.255178
v -0.228059 0.599260 -0.222042
v 0.149735 0.554903 -0.752322
v 0.169741 0.636988 -0.743086
v 0.192579 0.711655 -0.703507
v 0.242691 0.562746 -0.733564
v 0.255394 0.641743 -0.724306
v 0.268784 0.713536 -0.688316
v 0.318279 0.580971 -0.702491
v 0.328378 0.652801 -0.693062
v 0.333944 0.716977 -0.662670
v -0.034985 0.924917 -0.261009
v -0.020133 0.964768 -0.361473
v -0.038944 0.993200 -0.465556
v -0.054060 0.981000 -0.244235
v -0.038212 1.018962 -0.342185
v -0.056624 1.048965 -0.442525
v -0.059563 1.043245 -0.229334
v -0.043913 1.078252 -0.322561
v -0.061530 1.108262 -0.417154
v -0.392651 1.220103 -0.360901
v -0.405203 1.193603 -0.286030
v -0.391137 1.168156 -0.211063
v -0.295281 1.293424 -0.327919
v -0.304314 1.272492 -0.265496
v -0.294024 1.250304 -0.203542
v -0.197083 1.350170 -0.300688
v -0.200260 1.335714 -0.250299
v -0.196079 1.315722 -0.201326
v -0.498698 0.837812 -0.514550
v -0.513853 0.797272 -0.414559
v -0.495345 0.768152 -0.310949
v -0.524778 0.940398 -0.475054
v -0.540717 0.902232 -0.377245
v -0.522393 0.872025 -0.277045
v -0.516162 1.039998 -0.435812
v -0.531823 1.004965 -0.342603
v -0.514217 0.974930 -0.248028
v -0.361044 0.766572 -0.159752
v -0.262396 0.794313 -0.131466
v -0.164375 0.833878 -0.138165
v -0.386541 0.857426 -0.134639
v -0.286354 0.874899 -0.110612
v -0.186591 0.904057 -0.120554
v -0.382610 0.950829 -0.116580
v -0.285409 0.959841 -0.096488
v -0.188544 0.980002 -0.108591
v -0.173245 0.994780 -0.616753
v -0.271590 0.967727 -0.644566
v -0.369308 0.928851 -0.637394
v -0.192477 1.063564 -0.584931
v -0.292574 1.046295 -0.608818
v -0.392247 1.017341 -0.598735
v -0.193137 1.132363 -0.548602
v -0.290327 1.123377 -0.568677
v -0.387181 1.103240 -0.556556
v 0.043287 1.415131 -0.276160
v 0.011770 1.423569 -0.274412
v -0.040325 1.414711 -0.275419
v 0.054588 1.409868 -0.234713
v 0.023413 1.418897 -0.232204
v -0.030238 1.409479 -0.233952
v 0.044085 1.387738 -0.197146
v 0.012580 1.395779 -0.194253
v -0.039527 1.387318 -0.196406
v -0.284465 1.138304 -0.110039
v -0.205405 1.137689 -0.096812
v -0.126867 1.145718 -0.109194
v -0.206286 1.223661 -0.121518
v -0.139469 1.222432 -0.111390
v -0.074960 1.226512 -0.121957
v -0.130224 1.294932 -0.140153
v -0.074163 1.295912 -0.133167
v -0.025119 1.295912 -0.140946
v -0.130409 1.267319 -0.459944
v -0.209206 1.268150 -0.473120
v -0.288008 1.259905 -0.460789
v -0.077879 1.326705 -0.410954
v -0.142592 1.329661 -0.420684
v -0.209205 1.323853 -0.410516
v -0.027368 1.373119 -0.363647
v -0.076548 1.377786 -0.369329
v -0.132473 1.372139 -0.362853
v -0.022224 1.185520 -0.209081
v -0.009408 1.212236 -0.283903
v -0.023737 1.237467 -0.358920
v 0.011115 1.256942 -0.204554
v 0.022254 1.279601 -0.266578
v 0.009859 1.300062 -0.328931
v 0.039491 1.317881 -0.203112
v 0.049549 1.337984 -0.252197
v 0.038487 1.352328 -0.302474
v 0.407860 0.588218 -0.607713
v 0.421169 0.658592 -0.590863
v 0.415572 0.720356 -0.569318
v 0.423089 0.572584 -0.546848
v 0.437194 0.646330 -0.526135
v 0.430433 0.712193 -0.505601
v 0.418307 0.556000 -0.484621
v 0.432354 0.626185 -0.461585
v 0.427074 0.690538 -0.443571
v 0.146710 0.368032 -0.497735
v 0.135275 0.378563 -0.588353
v 0.131339 0.416890 -0.669693
v 0.248904 0.389849 -0.506759
v 0.240712 0.398497 -0.588030
v 0.234944 0.432904 -0.660879
v 0.328563 0.432766 -0.510010
v 0.325085 0.441102 -0.579800
v 0.316748 0.469443 -0.642951
v 0.235164 0.792237 -0.548067
v 0.249513 0.787873 -0.452003
v 0.255874 0.755529 -0.365220
v 0.297893 0.792347 -0.548544
v 0.310205 0.789368 -0.462233
v 0.316184 0.759153 -0.384377
v 0.352190 0.785905 -0.547246
v 0.363644 0.783597 -0.473459
v 0.367179 0.756458 -0.406420
v 0.237478 0.617516 -0.282591
v 0.215047 0.529448 -0.297269
v 0.189295 0.448614 -0.342295
v 0.308437 0.629311 -0.311691
v 0.295522 0.546122 -0.325957
v 0.278013 0.468660 -0.366987
v 0.365648 0.644930 -0.346879
v 0.360350 0.571898 -0.360197
v 0.346809 0.501694 -0.394587
vn -0.0526 -0.9046 0.4231
vn -0.5771 -0.6347 0.5139
vn -0.1550 -0.5149 -0.8431
vn -0.6312 -0.1578 -0.7594
vn 0.3147 0.4465 0.8376
vn 0.6002 0.1790 0.7796
vn 0.1875 0.8545 -0.4844
vn 0.6014 0.5810 -0.5484
vn -0.6310 0.2842 0.7218
vn -0.6539 0.6412 -0.4016
vn 0.7073 -0.2359 0.6663
vn 0.6946 0.1620 -0.7009
vn -0.3345 0.7063 0.6239
vn -0.3604 0.9297 -0.0760
vn 0.7252 0.2745 -0.6314
vn 0.7342 -0.0614 0.6761
vn 0.7586 -0.5955 0.2644
vn 0.6873 -0.3310 -0.6466
vn 0.7407 0.3359 0.5819
vn 0.5555 0.6859 -0.4701
vn -0.2173 -0.7977 -0.5626
vn -0.2178 -0.9406 -0.2603
vn -0.1640 -0.9843 0.0650
vn -0.2304 -0.8707 0.4345
vn -0.3651 -0.8165 0.4473
vn -0.4756 -0.7428 0.4712
vn -0.7593 -0.6311 0.1585
vn -0.8218 -0.5462 -0.1622
vn -0.7910 -0.3962 -0.4662
vn -0.5543 -0.2813 -0.7833
vn -0.4631 -0.3794 -0.8010
vn -0.3373 -0.4595 -0.8217
vn 0.1509 0.5926 -0.7912
vn 0.0703 0.2590 -0.9633
vn -0.0417 -0.1214 -0.9917
vn -0.3449 0.1190 -0.9311
vn -0.0296 0.3414 -0.9394
vn 0.2915 0.4985 -0.8164
vn 0.5513 0.6484 -0.5250
vn 0.4713 0.7228 -0.5053
vn 0.3463 0.7989 -0.4917
vn 0.2457 0.8204 0.5163
vn 0.1931 0.9630 0.1880
vn 0.1865 0.9740 -0.1286
vn 0.7952 0.5735 -0.1969
vn 0.8457 0.5165 0.1345
vn 0.7887 0.4045 0.4630
vn 0.5450 0.2713 0.7933
vn 0.4788 0.3489 0.8056
vn 0.3988 0.4089 0.8208
vn 0.0869 -0.6931 0.7156
vn 0.2090 -0.4145 0.8857
vn 0.2982 -0.0419 0.9536
vn 0.3045 -0.1068 0.9465
vn 0.0041 -0.3447 0.9387
vn -0.2924 -0.5263 0.7985
vn -0.7980 0.4054 0.4459
vn -0.8484 0.4975 0.1810
vn -0.8111 0.5777 -0.0922
vn -0.3734 0.6435 -0.6682
vn -0.0422 0.5696 -0.8209
vn 0.3263 0.4134 -0.8501
vn 0.9123 -0.0823 -0.4011
vn 0.9715 -0.2212 -0.0852
vn 0.9241 -0.2760 0.2643
vn 0.3357 -0.1164 0.9347
vn -0.0272 0.0151 0.9995
vn -0.3506 0.1464 0.9250
vn 0.6385 0.5071 -0.5789
vn 0.6702 0.4108 -0.6181
vn 0.6908 0.2907 -0.6620
vn 0.6986 -0.1373 0.7022
vn 0.6778 -0.0306 0.7346
vn 0.6448 0.0760 0.7606
vn -0.6665 -0.4714 0.5775
vn -0.7202 -0.2442 0.6493
vn -0.7090 0.0266 0.7047
vn -0.7251 0.4373 -0.5321
vn -0.7375 0.2094 -0.6420
vn -0.6977 0.0046 -0.7163
vn -0.3696 0.7992 0.4739
vn -0.3909 0.8686 0.3043
vn -0.3844 0.9154 0.1197
vn -0.2290 0.9480 -0.2211
vn 0.0141 0.9037 -0.4280
vn 0.3945 0.6872 -0.6100
vn 0.9018 0.1725 -0.3963
vn 0.9990 0.0433 0.0073
vn 0.9065 -0.0383 0.4204
vn 0.3879 0.2784 0.8787
vn 0.0249 0.5201 0.8537
vn -0.2039 0.6484 0.7334
vn -0.5312 0.4687 0.7059
vn -0.4493 0.5798 0.6797
vn -0.3850 0.6548 0.6504
vn -0.4146 0.9006 -0.1306
vn -0.4804 0.8538 -0.2008
vn -0.5602 0.7773 -0.2862
vn 0.7080 -0.2997 0.6395
vn 0.7079 -0.2983 0.6403
vn 0.7118 -0.2172 0.6680
vn 0.6902 0.1322 -0.7114
vn 0.6828 0.0575 -0.7284
vn 0.6870 0.0708 -0.7232
vn 0.7690 -0.4512 -0.4529
vn 0.8109 -0.5435 -0.2170
vn 0.8053 -0.5920 0.0337
vn 0.6702 0.4304 -0.6047
vn 0.7282 0.1469 -0.6694
vn 0.7280 -0.1138 -0.6761
vn 0.7614 0.5326 0.3697
vn 0.7296 0.6795 0.0772
vn 0.6495 0.7256 -0.2272
vn 0.8178 -0.4330 0.3791
vn 0.8481 -0.2230 0.4806
vn 0.8304 0.0371 0.5559
vn 0.0830 0.8690 -0.4878
vn 0.1214 0.8524 -0.5085
vn 0.3009 0.8011 -0.5174
vn 0.5189 -0.4150 -0.7474
vn 0.3020 -0.4859 -0.8201
vn 0.0699 -0.5241 -0.8488
vn 0.5977 -0.7317 0.3277
vn 0.3858 -0.8410 0.3793
vn 0.1612 -0.8988 0.4076
vn 0.2797 0.4590 0.8432
vn 0.3555 0.4463 0.8213
vn 0.5350 0.4067 0.7405
vn -0.3653 -0.9275 0.0794
vn -0.5144 -0.8524 0.0935
vn -0.6391 -0.7603 0.1163
vn -0.4261 -0.8730 -0.2372
vn -0.5766 -0.7873 -0.2181
vn -0.7012 -0.6852 -0.1972
vn -0.4232 -0.7316 -0.5345
vn -0.5691 -0.6433 -0.5122
vn -0.6843 -0.5367 -0.4936
vn -0.1655 -0.0823 -0.9828
vn -0.2483 -0.0269 -0.9683
vn -0.3035 0.0394 -0.9520
vn 0.0287 0.2758 -0.9608
vn 0.0029 0.2943 -0.9557
vn -0.0154 0.3152 -0.9489
vn 0.2073 0.5751 -0.7914
vn 0.2524 0.5484 -0.7973
vn 0.2781 0.5215 -0.8067
vn 0.4094 0.9010 -0.1433
vn 0.5914 0.7906 -0.1587
vn 0.7139 0.6779 -0.1756
vn 0.4184 0.8918 0.1721
vn 0.6119 0.7747 0.1593
vn 0.7495 0.6451 0.1490
vn 0.4221 0.7579 0.4973
vn 0.5792 0.6562 0.4837
vn 0.6985 0.5353 0.4750
vn 0.2868 -0.0516 0.9566
vn 0.2874 -0.0638 0.9557
vn 0.2941 -0.0818 0.9523
vn 0.1290 -0.4132 0.9015
vn 0.0719 -0.3995 0.9139
vn 0.0322 -0.3768 0.9257
vn -0.0467 -0.6811 0.7307
vn -0.1479 -0.6498 0.7456
vn -0.2267 -0.6005 0.7668
vn 0.1168 -0.1315 -0.9844
vn 0.1437 0.2475 -0.9582
vn 0.1317 0.5929 -0.7945
vn 0.2977 -0.1203 -0.9471
vn 0.2712 0.2314 -0.9343
vn 0.2086 0.5682 -0.7960
vn 0.5002 -0.0982 -0.8603
vn 0.4746 0.2020 -0.8567
vn 0.3992 0.5130 -0.7600
vn 0.8610 0.2576 0.4386
vn 0.9221 0.3725 0.1048
vn 0.8590 0.4567 -0.2314
vn 0.9147 0.0869 0.3947
vn 0.9801 0.1914 0.0526
vn 0.9102 0.3016 -0.2838
vn 0.9376 -0.1003 0.3329
vn 0.9997 -0.0198 -0.0165
vn 0.9317 0.1102 -0.3462
vn -0.6771 0.7358 0.0052
vn -0.7001 0.6726 0.2396
vn -0.6607 0.5916 0.4620
vn -0.5693 0.8192 0.0693
vn -0.5824 0.7664 0.2708
vn -0.5524 0.6953 0.4598
vn -0.4825 0.8683 0.1148
vn -0.4872 0.8238 0.2898
vn -0.4670 0.7599 0.4521
vn -0.8871 -0.2019 -0.4151
vn -0.9327 -0.3461 -0.1016
vn -0.8692 -0.4396 0.2263
vn -0.9424 0.0500 -0.3306
vn -0.9969 -0.0780 -0.0134
vn -0.9333 -0.1772 0.3123
vn -0.9187 0.3311 -0.2153
vn -0.9697 0.2271 0.0897
vn -0.9101 0.1278 0.3941
vn -0.3473 -0.4132 0.8418
vn -0.0180 -0.2931 0.9559
vn 0.3135 -0.1296 0.9407
vn -0.3827 -0.2530 0.8886
vn -0.0337 -0.2125 0.9766
vn 0.3196 -0.1387 0.9373
vn -0.3847 -0.0552 0.9214
vn -0.0376 -0.1047 0.9938
vn 0.3262 -0.1328 0.9359
vn 0.2996 0.4777 -0.8259
vn -0.0422 0.3787 -0.9246
vn -0.3795 0.2208 -0.8984
vn 0.3074 0.4569 -0.8347
vn -0.0512 0.4318 -0.9005
vn -0.4027 0.3504 -0.8456
vn 0.3161 0.4353 -0.8429
vn -0.0522 0.4986 -0.8652
vn -0.4026 0.4999 -0.7668
vn 0.5886 0.7639 -0.2647
vn 0.0529 0.9929 -0.1068
vn -0.2409 0.9699 0.0352
vn 0.7013 0.6793 0.2162
vn 0.0876 0.9442 0.3175
vn -0.2447 0.9161 0.3177
vn 0.5793 0.4923 0.6497
vn 0.0538 0.7432 0.6669
vn -0.2271 0.7959 0.5612
vn -0.3000 0.3048 0.9039
vn -0.0084 0.1214 0.9926
vn 0.3467 -0.0908 0.9336
vn -0.2539 0.4169 0.8728
vn 0.0077 0.2198 0.9755
vn 0.3513 -0.0341 0.9356
vn -0.2144 0.5138 0.8307
vn 0.0176 0.3424 0.9394
vn 0.3505 0.0802 0.9331
vn 0.3361 0.4034 -0.8511
vn -0.0247 0.6318 -0.7747
vn -0.3282 0.7503 -0.5739
vn 0.3408 0.4359 -0.8330
vn -0.0095 0.6965 -0.7175
vn -0.2850 0.8237 -0.4903
vn 0.3446 0.5312 -0.7740
vn 0.0017 0.7851 -0.6193
vn -0.2449 0.8842 -0.3977
vn 0.8954 -0.3896 0.2155
vn 0.9275 -0.3506 -0.1296
vn 0.8764 -0.2106 -0.4332
vn 0.8841 -0.4198 0.2051
vn 0.9103 -0.3887 -0.1425
vn 0.8610 -0.2471 -0.4445
vn 0.9040 -0.3576 0.2344
vn 0.9402 -0.3194 -0.1181
vn 0.8820 -0.1864 -0.4329
vn 0.8868 -0.1945 -0.4193
vn 0.9193 0.0698 -0.3874
vn 0.8748 0.3654 -0.3182
vn 0.9465 -0.2827 -0.1556
vn 0.9956 -0.0154 -0.0926
vn 0.9547 0.2969 -0.0206
vn 0.9292 -0.3516 0.1137
vn 0.9736 -0.1146 0.1975
vn 0.9494 0.1688 0.2649
vn 0.0836 -0.9953 0.0495
vn 0.0424 -0.9593 -0.2793
vn 0.0387 -0.8134 -0.5804
vn 0.3438 -0.9384 0.0341
vn 0.3178 -0.9050 -0.2829
vn 0.3046 -0.7634 -0.5696
vn 0.5917 -0.8060 0.0173
vn 0.5859 -0.7664 -0.2635
vn 0.5548 -0.6501 -0.5193
vn 0.0382 0.9913 -0.1260
vn 0.0498 0.9790 0.1977
vn 0.1415 0.8351 0.5316
vn 0.0642 0.9872 -0.1460
vn 0.0869 0.9771 0.1941
vn 0.1970 0.8221 0.5342
vn 0.2824 0.9440 -0.1707
vn 0.3447 0.9247 0.1617
vn 0.4217 0.7658 0.4855
vn 0.3420 -0.0302 0.9392
vn 0.3157 -0.3980 0.8614
vn 0.2486 -0.6758 0.6939
vn 0.4483 -0.0214 0.8937
vn 0.4578 -0.3659 0.8103
vn 0.4295 -0.6261 0.6508
vn 0.6242 -0.0129 0.7811
vn 0.6466 -0.3117 0.6962
vn 0.6239 -0.5400 0.5650
vt 0.551987 0.435613
vt 0.554575 0.435613
vt 0.554575 0.438638
vt 0.552254 0.438638
vt 0.557163 0.435613
vt 0.556896 0.438638
vt 0.554575 0.441663
vt 0.552355 0.441663
vt 0.556795 0.441663
vt 0.548525 0.432588
vt 0.551550 0.432588
vt 0.549932 0.435613
vt 0.554575 0.432588
vt 0.557600 0.432588
vt 0.560625 0.432588
vt 0.559217 0.435613
vt 0.558776 0.438638
vt 0.558629 0.441663
vt 0.558608 0.444688
vt 0.556781 0.444688
vt 0.554575 0.444688
vt 0.552369 0.444688
vt 0.550521 0.441663
vt 0.550542 0.444688
vt 0.550374 0.438638
vt 0.552369 0.447713
vt 0.554575 0.447713
vt 0.554575 0.450738
vt 0.552369 0.450738
vt 0.556781 0.447713
vt 0.556781 0.450738
vt 0.554575 0.453763
vt 0.552369 0.453763
vt 0.556780 0.453763
vt 0.550542 0.444688
vt 0.552369 0.444688
vt 0.550542 0.447713
vt 0.554575 0.444688
vt 0.556780 0.444688
vt 0.558608 0.444688
vt 0.558608 0.447713
vt 0.558608 0.450738
vt 0.558608 0.453763
vt 0.558608 0.456788
vt 0.556780 0.456788
vt 0.554575 0.456788
vt 0.552369 0.456788
vt 0.550542 0.453763
vt 0.550542 0.456788
vt 0.550542 0.450738
vt 0.552369 0.459813
vt 0.554575 0.459813
vt 0.554575 0.462838
vt 0.552369 0.462838
vt 0.556781 0.459813
vt 0.556781 0.462838
vt 0.554575 0.465863
vt 0.552369 0.465863
vt 0.556780 0.465863
vt 0.550542 0.459813
vt 0.558608 0.459813
vt 0.558608 0.462838
vt 0.558608 0.465863
vt 0.558608 0.468888
vt 0.556780 0.468888
vt 0.554575 0.468888
vt 0.552369 0.468888
vt 0.550542 0.465863
vt 0.550542 0.468888
vt 0.550542 0.462838
vt 0.552355 0.471913
vt 0.554575 0.471913
vt 0.554575 0.474938
vt 0.552254 0.474938
vt 0.556795 0.471913
vt 0.556896 0.474938
vt 0.554575 0.477963
vt 0.551987 0.477963
vt 0.557163 0.477963
vt 0.550542 0.468888
vt 0.550521 0.471913
vt 0.554575 0.468888
vt 0.556781 0.468888
vt 0.558608 0.468888
vt 0.558629 0.471913
vt 0.558776 0.474938
vt 0.559217 0.477963
vt 0.560625 0.480987
vt 0.557600 0.480987
vt 0.554575 0.480987
vt 0.551550 0.480987
vt 0.549932 0.477963
vt 0.548525 0.480987
vt 0.550373 0.474938
vt 0.549376 0.447713
vt 0.549376 0.450738
vt 0.548777 0.450738
vt 0.548777 0.447713
vt 0.549375 0.453763
vt 0.548772 0.453763
vt 0.548556 0.450738
vt 0.548556 0.447713
vt 0.548545 0.453763
vt 0.550542 0.444688
vt 0.550542 0.447713
vt 0.549376 0.444688
vt 0.550542 0.450738
vt 0.550542 0.453763
vt 0.550542 0.456788
vt 0.549371 0.456788
vt 0.548735 0.456788
vt 0.548431 0.456788
vt 0.548525 0.456788
vt 0.548525 0.453763
vt 0.548525 0.450738
vt 0.548525 0.447713
vt 0.548556 0.444688
vt 0.548525 0.444688
vt 0.548777 0.444688
vt 0.559774 0.465863
vt 0.559774 0.462838
vt 0.560373 0.462838
vt 0.560373 0.465863
vt 0.559774 0.459813
vt 0.560373 0.459813
vt 0.560593 0.462838
vt 0.560593 0.465863
vt 0.560593 0.459813
vt 0.558608 0.465863
vt 0.559774 0.468888
vt 0.558608 0.462838
vt 0.558608 0.459813
vt 0.559774 0.456788
vt 0.560373 0.456788
vt 0.560593 0.456788
vt 0.560625 0.456788
vt 0.560625 0.459813
vt 0.560625 0.462838
vt 0.560625 0.465863
vt 0.560593 0.468888
vt 0.560625 0.468888
vt 0.560373 0.468888
vt 0.560625 0.441663
vt 0.560625 0.438638
vt 0.560625 0.438638
vt 0.560625 0.441663
vt 0.560625 0.435613
vt 0.560625 0.435613
vt 0.560625 0.444688
vt 0.560625 0.444688
vt 0.560625 0.435613
vt 0.560625 0.432588
vt 0.560625 0.432589
vt 0.560625 0.435613
vt 0.560625 0.444688
vt 0.560625 0.444688
vt 0.560625 0.444688
vt 0.559789 0.441663
vt 0.559895 0.438638
vt 0.560415 0.438638
vt 0.560378 0.441663
vt 0.560172 0.435613
vt 0.560504 0.435613
vt 0.560598 0.438638
vt 0.560594 0.441663
vt 0.560610 0.435613
vt 0.558629 0.441663
vt 0.559774 0.444688
vt 0.558776 0.438638
vt 0.559217 0.435613
vt 0.560593 0.444688
vt 0.560373 0.444688
vt 0.560172 0.477963
vt 0.559895 0.474938
vt 0.560415 0.474938
vt 0.560504 0.477963
vt 0.559789 0.471913
vt 0.560378 0.471913
vt 0.560598 0.474938
vt 0.560610 0.477963
vt 0.560594 0.471913
vt 0.559217 0.477963
vt 0.560625 0.480987
vt 0.558776 0.474938
vt 0.558629 0.471913
vt 0.558608 0.468888
vt 0.559774 0.468888
vt 0.560593 0.468888
vt 0.560625 0.468888
vt 0.560625 0.471913
vt 0.560625 0.474938
vt 0.560625 0.477963
vt 0.559774 0.453763
vt 0.559774 0.450738
vt 0.560373 0.450738
vt 0.560373 0.453763
vt 0.559774 0.447713
vt 0.560373 0.447713
vt 0.560593 0.450738
vt 0.560593 0.453763
vt 0.560593 0.447713
vt 0.558608 0.453763
vt 0.558608 0.450738
vt 0.558608 0.447713
vt 0.559774 0.444688
vt 0.560373 0.444688
vt 0.560593 0.444688
vt 0.560625 0.447713
vt 0.560625 0.450738
vt 0.560625 0.453763
vt 0.564087 0.459813
vt 0.566790 0.459813
vt 0.566843 0.462838
vt 0.564259 0.462838
vt 0.569714 0.459813
vt 0.569721 0.462838
vt 0.566790 0.465863
vt 0.564087 0.465863
vt 0.569714 0.465863
vt 0.560625 0.456788
vt 0.563650 0.456788
vt 0.562014 0.459813
vt 0.566675 0.456788
vt 0.569700 0.456788
vt 0.572724 0.456788
vt 0.572725 0.459813
vt 0.572725 0.462838
vt 0.572725 0.465863
vt 0.572724 0.468888
vt 0.569700 0.468888
vt 0.566675 0.468888
vt 0.563650 0.468888
vt 0.562014 0.465863
vt 0.560625 0.468888
vt 0.562305 0.462838
vt 0.560625 0.477963
vt 0.560625 0.474938
vt 0.560625 0.474938
vt 0.560625 0.471913
vt 0.560630 0.471913
vt 0.560636 0.471913
vt 0.560630 0.468888
vt 0.560667 0.468888
vt 0.560751 0.468888
vt 0.560625 0.471913
vt 0.560625 0.453763
vt 0.560625 0.450738
vt 0.560625 0.450738
vt 0.560630 0.453763
vt 0.560625 0.447713
vt 0.560636 0.453763
vt 0.560625 0.447713
vt 0.560625 0.456788
vt 0.560625 0.453763
vt 0.560630 0.456788
vt 0.560625 0.450738
vt 0.560625 0.447713
vt 0.560625 0.453763
vt 0.560751 0.456788
vt 0.560667 0.456788
vt 0.560640 0.465863
vt 0.560646 0.462838
vt 0.560793 0.462838
vt 0.560745 0.465863
vt 0.560640 0.459813
vt 0.560745 0.459813
vt 0.561234 0.462838
vt 0.561073 0.465863
vt 0.561073 0.459813
vt 0.560625 0.465863
vt 0.560625 0.459813
vt 0.562014 0.459813
vt 0.562014 0.465863
vt 0.539436 0.459813
vt 0.542360 0.459813
vt 0.542307 0.462838
vt 0.539429 0.462838
vt 0.545063 0.459813
vt 0.544891 0.462838
vt 0.542359 0.465863
vt 0.539436 0.465863
vt 0.545063 0.465863
vt 0.536425 0.456788
vt 0.539450 0.456788
vt 0.536425 0.459813
vt 0.542475 0.456788
vt 0.545500 0.456788
vt 0.547136 0.459813
vt 0.546844 0.462838
vt 0.547136 0.465863
vt 0.548525 0.468888
vt 0.545500 0.468888
vt 0.542475 0.468888
vt 0.539450 0.468888
vt 0.536425 0.465863
vt 0.536425 0.468888
vt 0.536425 0.462838
vt 0.548977 0.435613
vt 0.549255 0.438638
vt 0.548735 0.438638
vt 0.548646 0.435613
vt 0.549361 0.441663
vt 0.548772 0.441663
vt 0.548551 0.438638
vt 0.548540 0.435613
vt 0.548556 0.441663
vt 0.549932 0.435613
vt 0.548525 0.432588
vt 0.550373 0.438638
vt 0.550521 0.441663
vt 0.548525 0.441663
vt 0.548525 0.438638
vt 0.548525 0.435613
vt 0.548525 0.432589
vt 0.549361 0.459813
vt 0.549355 0.462838
vt 0.548609 0.462838
vt 0.548656 0.459813
vt 0.549361 0.465863
vt 0.548656 0.465863
vt 0.547947 0.462838
vt 0.548108 0.459813
vt 0.548108 0.465863
vt 0.550542 0.459813
vt 0.550542 0.462838
vt 0.550542 0.465863
vt 0.550542 0.468888
vt 0.549371 0.468888
vt 0.548735 0.468888
vt 0.548430 0.468888
vt 0.547136 0.465863
vt 0.546844 0.462838
vt 0.549360 0.471913
vt 0.549255 0.474938
vt 0.548735 0.474938
vt 0.548767 0.471913
vt 0.548977 0.477963
vt 0.548646 0.477963
vt 0.548551 0.474938
vt 0.548545 0.471913
vt 0.548540 0.477963
vt 0.550521 0.471913
vt 0.550373 0.474938
vt 0.549932 0.477963
vt 0.548525 0.480987
vt 0.548525 0.477963
vt 0.548525 0.474938
vt 0.548525 0.471913
s 1
f 4183/3107/4019 4184/3108/4020 4187/3109/4023 4186/3110/4022
f 4184/3108/4020 4185/3111/4021 4188/3112/4024 4187/3109/4023
f 4186/3110/4022 4187/3109/4023 4190/3113/4026 4189/3114/4025
f 4187/3109/4023 4188/3112/4024 4191/3115/4027 4190/3113/4026
f 4055/3116/3891 4078/3117/3914 4183/3107/4019 4077/3118/3913
f 4078/3117/3914 4079/3119/3915 4184/3108/4020 4183/3107/4019
f 4079/3119/3915 4080/3120/3916 4185/3111/4021 4184/3108/4020
f 4080/3120/3916 4056/3121/3892 4081/3122/3917 4185/3111/4021
f 4185/3111/4021 4081/3122/3917 4082/3123/3918 4188/3112/4024
f 4188/3112/4024 4082/3123/3918 4083/3124/3919 4191/3115/4027
f 4191/3115/4027 4083/3124/3919 4058/3125/3894 4084/3126/3920
f 4190/3113/4026 4191/3115/4027 4084/3126/3920 4085/3127/3921
f 4189/3114/4025 4190/3113/4026 4085/3127/3921 4086/3128/3922
f 4075/3129/3911 4189/3114/4025 4086/3128/3922 4057/3130/3893
f 4076/3131/3912 4186/3110/4022 4189/3114/4025 4075/3129/3911
f 4077/3118/3913 4183/3107/4019 4186/3110/4022 4076/3131/3912
f 4192/3132/4028 4193/3133/4029 4196/3134/4032 4195/3135/4031
f 4193/3133/4029 4194/3136/4030 4197/3137/4033 4196/3134/4032
f 4195/3135/4031 4196/3134/4032 4199/3138/4035 4198/3139/4034
f 4196/3134/4032 4197/3137/4033 4200/3140/4036 4199/3138/4035
f 4057/3141/3893 4086/3142/3922 4192/3132/4028 4089/3143/3925
f 4086/3142/3922 4085/3144/3921 4193/3133/4029 4192/3132/4028
f 4085/3144/3921 4084/3145/3920 4194/3136/4030 4193/3133/4029
f 4084/3145/3920 4058/3146/3894 4090/3147/3926 4194/3136/4030
f 4194/3136/4030 4090/3147/3926 4091/3148/3927 4197/3137/4033
f 4197/3137/4033 4091/3148/3927 4092/3149/3928 4200/3140/4036
f 4200/3140/4036 4092/3149/3928 4062/3150/3898 4093/3151/3929
f 4199/3138/4035 4200/3140/4036 4093/3151/3929 4094/3152/3930
f 4198/3139/4034 4199/3138/4035 4094/3152/3930 4095/3153/3931
f 4087/3154/3923 4198/3139/4034 4095/3153/3931 4061/3155/3897
f 4088/3156/3924 4195/3135/4031 4198/3139/4034 4087/3154/3923
f 4089/3143/3925 4192/3132/4028 4195/3135/4031 4088/3156/3924
f 4201/3157/4037 4202/3158/4038 4205/3159/4041 4204/3160/4040
f 4202/3158/4038 4203/3161/4039 4206/3162/4042 4205/3159/4041
f 4204/3160/4040 4205/3159/4041 4208/3163/4044 4207/3164/4043
f 4205/3159/4041 4206/3162/4042 4209/3165/4045 4208/3163/4044
f 4061/3155/3897 4095/3153/3931 4201/3157/4037 4098/3166/3934
f 4095/3153/3931 4094/3152/3930 4202/3158/4038 4201/3157/4037
f 4094/3152/3930 4093/3151/3929 4203/3161/4039 4202/3158/4038
f 4093/3151/3929 4062/3150/3898 4099/3167/3935 4203/3161/4039
f 4203/3161/4039 4099/3167/3935 4100/3168/3936 4206/3162/4042
f 4206/3162/4042 4100/3168/3936 4101/3169/3937 4209/3165/4045
f 4209/3165/4045 4101/3169/3937 4060/3170/3896 4102/3171/3938
f 4208/3163/4044 4209/3165/4045 4102/3171/3938 4103/3172/3939
f 4207/3164/4043 4208/3163/4044 4103/3172/3939 4104/3173/3940
f 4096/3174/3932 4207/3164/4043 4104/3173/3940 4059/3175/3895
f 4097/3176/3933 4204/3160/4040 4207/3164/4043 4096/3174/3932
f 4098/3166/3934 4201/3157/4037 4204/3160/4040 4097/3176/3933
f 4210/3177/4046 4211/3178/4047 4214/3179/4050 4213/3180/4049
f 4211/3178/4047 4212/3181/4048 4215/3182/4051 4214/3179/4050
f 4213/3180/4049 4214/3179/4050 4217/3183/4053 4216/3184/4052
f 4214/3179/4050 4215/3182/4051 4218/3185/4054 4217/3183/4053
f 4059/3186/3895 4104/3173/3940 4210/3177/4046 4107/3187/3943
f 4104/3173/3940 4103/3188/3939 4211/3178/4047 4210/3177/4046
f 4103/3188/3939 4102/3189/3938 4212/3181/4048 4211/3178/4047
f 4102/3189/3938 4060/3190/3896 4108/3191/3944 4212/3181/4048
f 4212/3181/4048 4108/3191/3944 4109/3192/3945 4215/3182/4051
f 4215/3182/4051 4109/3192/3945 4110/3193/3946 4218/3185/4054
f 4218/3185/4054 4110/3193/3946 4056/3194/3892 4080/3195/3916
f 4217/3183/4053 4218/3185/4054 4080/3195/3916 4079/3196/3915
f 4216/3184/4052 4217/3183/4053 4079/3196/3915 4078/3197/3914
f 4105/3198/3941 4216/3184/4052 4078/3197/3914 4055/3199/3891
f 4106/3200/3942 4213/3180/4049 4216/3184/4052 4105/3198/3941
f 4107/3187/3943 4210/3177/4046 4213/3180/4049 4106/3200/3942
f 4219/3201/4055 4220/3202/4056 4223/3203/4059 4222/3204/4058
f 4220/3202/4056 4221/3205/4057 4224/3206/4060 4223/3203/4059
f 4222/3204/4058 4223/3203/4059 4226/3207/4062 4225/3208/4061
f 4223/3203/4059 4224/3206/4060 4227/3209/4063 4226/3207/4062
f 4057/3210/3893 4089/3211/3925 4219/3201/4055 4176/3212/4012
f 4089/3211/3925 4088/3213/3924 4220/3202/4056 4219/3201/4055
f 4088/3213/3924 4087/3214/3923 4221/3205/4057 4220/3202/4056
f 4087/3214/3923 4061/3215/3897 4171/3216/4007 4221/3205/4057
f 4221/3205/4057 4171/3216/4007 4172/3217/4008 4224/3206/4060
f 4224/3206/4060 4172/3217/4008 4173/3218/4009 4227/3209/4063
f 4227/3209/4063 4173/3218/4009 4074/3219/3910 4162/3220/3998
f 4226/3207/4062 4227/3209/4063 4162/3220/3998 4163/3221/3999
f 4225/3208/4061 4226/3207/4062 4163/3221/3999 4164/3222/4000
f 4174/3223/4010 4225/3208/4061 4164/3222/4000 4072/3224/3908
f 4175/3225/4011 4222/3204/4058 4225/3208/4061 4174/3223/4010
f 4176/3212/4012 4219/3201/4055 4222/3204/4058 4175/3225/4011
f 4228/3226/4064 4229/3227/4065 4232/3228/4068 4231/3229/4067
f 4229/3227/4065 4230/3230/4066 4233/3231/4069 4232/3228/4068
f 4231/3229/4067 4232/3228/4068 4235/3232/4071 4234/3233/4070
f 4232/3228/4068 4233/3231/4069 4236/3234/4072 4235/3232/4071
f 4060/3170/3896 4101/3235/3937 4228/3226/4064 4128/3236/3964
f 4101/3235/3937 4100/3237/3936 4229/3227/4065 4228/3226/4064
f 4100/3237/3936 4099/3238/3935 4230/3230/4066 4229/3227/4065
f 4099/3238/3935 4062/3150/3898 4123/3239/3959 4230/3230/4066
f 4230/3230/4066 4123/3239/3959 4124/3240/3960 4233/3231/4069
f 4233/3231/4069 4124/3240/3960 4125/3241/3961 4236/3234/4072
f 4236/3234/4072 4125/3241/3961 4066/3242/3902 4117/3243/3953
f 4235/3232/4071 4236/3234/4072 4117/3243/3953 4118/3244/3954
f 4234/3233/4070 4235/3232/4071 4118/3244/3954 4119/3245/3955
f 4126/3246/3962 4234/3233/4070 4119/3245/3955 4065/3247/3901
f 4127/3248/3963 4231/3229/4067 4234/3233/4070 4126/3246/3962
f 4128/3236/3964 4228/3226/4064 4231/3229/4067 4127/3248/3963
f 4237/3249/4073 4238/3250/4074 4241/3251/4077 4240/3252/4076
f 4238/3250/4074 4239/3253/4075 4242/3253/4078 4241/3251/4077
f 4240/3252/4076 4241/3251/4077 4244/3250/4080 4243/3252/4079
f 4241/3251/4077 4242/3253/4078 4245/3254/4081 4244/3250/4080
f 4064/3255/3900 4113/3249/3949 4237/3249/4073 4152/3256/3988
f 4113/3249/3949 4112/3250/3948 4238/3250/4074 4237/3249/4073
f 4112/3250/3948 4111/3257/3947 4239/3253/4075 4238/3250/4074
f 4111/3257/3947 4063/3121/3899 4147/3258/3983 4239/3253/4075
f 4239/3253/4075 4147/3258/3983 4148/3258/3984 4242/3253/4078
f 4242/3253/4078 4148/3258/3984 4149/3258/3985 4245/3254/4081
f 4245/3254/4081 4149/3258/3985 4067/3259/3903 4135/3260/3971
f 4244/3250/4080 4245/3254/4081 4135/3260/3971 4136/3251/3972
f 4243/3252/4079 4244/3250/4080 4136/3251/3972 4137/3249/3973
f 4150/3261/3986 4243/3252/4079 4137/3249/3973 4068/3262/3904
f 4151/3263/3987 4240/3252/4076 4243/3252/4079 4150/3261/3986
f 4152/3256/3988 4237/3249/4073 4240/3252/4076 4151/3263/3987
f 4246/3264/4082 4247/3265/4083 4250/3266/4086 4249/3267/4085
f 4247/3265/4083 4248/3268/4084 4251/3269/4087 4250/3266/4086
f 4249/3267/4085 4250/3266/4086 4253/3270/4089 4252/3271/4088
f 4250/3266/4086 4251/3269/4087 4254/3272/4090 4253/3270/4089
f 4058/3125/3894 4083/3273/3919 4246/3264/4082 4134/3274/3970
f 4083/3273/3919 4082/3275/3918 4247/3265/4083 4246/3264/4082
f 4082/3275/3918 4081/3276/3917 4248/3268/4084 4247/3265/4083
f 4081/3276/3917 4056/3121/3892 4129/3258/3965 4248/3268/4084
f 4248/3268/4084 4129/3258/3965 4130/3258/3966 4251/3269/4087
f 4251/3269/4087 4130/3258/3966 4131/3258/3967 4254/3272/4090
f 4254/3272/4090 4131/3258/3967 4063/3121/3899 4111/3257/3947
f 4253/3270/4089 4254/3272/4090 4111/3257/3947 4112/3250/3948
f 4252/3271/4088 4253/3270/4089 4112/3250/3948 4113/3249/3949
f 4132/3277/3968 4252/3271/4088 4113/3249/3949 4064/3255/3900
f 4133/3278/3969 4249/3267/4085 4252/3271/4088 4132/3277/3968
f 4134/3274/3970 4246/3264/4082 4249/3267/4085 4133/3278/3969
f 4255/3279/4091 4256/3280/4092 4259/3281/4095 4258/3282/4094
f 4256/3280/4092 4257/3283/4093 4260/3284/4096 4259/3281/4095
f 4258/3282/4094 4259/3281/4095 4262/3285/4098 4261/3286/4097
f 4259/3281/4095 4260/3284/4096 4263/3287/4099 4262/3285/4098
f 4056/3194/3892 4110/3288/3946 4255/3279/4091 4129/3289/3965
f 4110/3288/3946 4109/3290/3945 4256/3280/4092 4255/3279/4091
f 4109/3290/3945 4108/3291/3944 4257/3283/4093 4256/3280/4092
f 4108/3291/3944 4060/3292/3896 4128/3293/3964 4257/3283/4093
f 4257/3283/4093 4128/3293/3964 4127/3248/3963 4260/3284/4096
f 4260/3284/4096 4127/3248/3963 4126/3294/3962 4263/3287/4099
f 4263/3287/4099 4126/3294/3962 4065/3295/3901 4120/3296/3956
f 4262/3285/4098 4263/3287/4099 4120/3296/3956 4121/3297/3957
f 4261/3286/4097 4262/3285/4098 4121/3297/3957 4122/3298/3958
f 4131/3289/3967 4261/3286/4097 4122/3298/3958 4063/3194/3899
f 4130/3289/3966 4258/3282/4094 4261/3286/4097 4131/3289/3967
f 4129/3289/3965 4255/3279/4091 4258/3282/4094 4130/3289/3966
f 4264/3299/4100 4265/3300/4101 4268/3301/4104 4267/3302/4103
f 4265/3300/4101 4266/3303/4102 4269/3304/4105 4268/3301/4104
f 4267/3302/4103 4268/3301/4104 4271/3305/4107 4270/3306/4106
f 4268/3301/4104 4269/3304/4105 4272/3307/4108 4271/3305/4107
f 4062/3150/3898 4092/3308/3928 4264/3299/4100 4123/3239/3959
f 4092/3308/3928 4091/3309/3927 4265/3300/4101 4264/3299/4100
f 4091/3309/3927 4090/3310/3926 4266/3303/4102 4265/3300/4101
f 4090/3310/3926 4058/3146/3894 4134/3311/3970 4266/3303/4102
f 4266/3303/4102 4134/3311/3970 4133/3312/3969 4269/3304/4105
f 4269/3304/4105 4133/3312/3969 4132/3313/3968 4272/3307/4108
f 4272/3307/4108 4132/3313/3968 4064/3263/3900 4114/3314/3950
f 4271/3305/4107 4272/3307/4108 4114/3314/3950 4115/3315/3951
f 4270/3306/4106 4271/3305/4107 4115/3315/3951 4116/3316/3952
f 4125/3241/3961 4270/3306/4106 4116/3316/3952 4066/3242/3902
f 4124/3240/3960 4267/3302/4103 4270/3306/4106 4125/3241/3961
f 4123/3239/3959 4264/3299/4100 4267/3302/4103 4124/3240/3960
f 4273/3317/4109 4274/3318/4110 4277/3319/4113 4276/3320/4112
f 4274/3318/4110 4275/3321/4111 4278/3322/4114 4277/3319/4113
f 4276/3320/4112 4277/3319/4113 4280/3323/4116 4279/3324/4115
f 4277/3319/4113 4278/3322/4114 4281/3325/4117 4280/3323/4116
f 4069/3326/3905 4140/3327/3976 4273/3317/4109 4141/3328/3977
f 4140/3327/3976 4139/3329/3975 4274/3318/4110 4273/3317/4109
f 4139/3329/3975 4138/3330/3974 4275/3321/4111 4274/3318/4110
f 4138/3330/3974 4068/3331/3904 4137/3332/3973 4275/3321/4111
f 4275/3321/4111 4137/3332/3973 4136/3333/3972 4278/3322/4114
f 4278/3322/4114 4136/3333/3972 4135/3334/3971 4281/3325/4117
f 4281/3325/4117 4135/3334/3971 4067/3335/3903 4146/3336/3982
f 4280/3323/4116 4281/3325/4117 4146/3336/3982 4145/3337/3981
f 4279/3324/4115 4280/3323/4116 4145/3337/3981 4144/3338/3980
f 4143/3339/3979 4279/3324/4115 4144/3338/3980 4070/3340/3906
f 4142/3341/3978 4276/3320/4112 4279/3324/4115 4143/3339/3979
f 4141/3328/3977 4273/3317/4109 4276/3320/4112 4142/3341/3978
f 4282/3342/4118 4283/3343/4119 4286/3344/4122 4285/3298/4121
f 4283/3343/4119 4284/3345/4120 4287/3346/4123 4286/3344/4122
f 4285/3298/4121 4286/3344/4122 4289/3344/4125 4288/3298/4124
f 4286/3344/4122 4287/3346/4123 4290/3347/4126 4289/3344/4125
f 4063/3194/3899 4122/3298/3958 4282/3342/4118 4147/3289/3983
f 4122/3298/3958 4121/3297/3957 4283/3343/4119 4282/3342/4118
f 4121/3297/3957 4120/3296/3956 4284/3345/4120 4283/3343/4119
f 4120/3296/3956 4065/3295/3901 4153/3348/3989 4284/3345/4120
f 4284/3345/4120 4153/3348/3989 4154/3349/3990 4287/3346/4123
f 4287/3346/4123 4154/3349/3990 4155/3350/3991 4290/3347/4126
f 4290/3347/4126 4155/3350/3991 4070/3340/3906 4144/3351/3980
f 4289/3344/4125 4290/3347/4126 4144/3351/3980 4145/3297/3981
f 4288/3298/4124 4289/3344/4125 4145/3297/3981 4146/3342/3982
f 4149/3289/3985 4288/3298/4124 4146/3342/3982 4067/3289/3903
f 4148/3289/3984 4285/3298/4121 4288/3298/4124 4149/3289/3985
f 4147/3289/3983 4282/3342/4118 4285/3298/4121 4148/3289/3984
f 4291/3352/4127 4292/3353/4128 4295/3354/4131 4294/3355/4130
f 4292/3353/4128 4293/3356/4129 4296/3314/4132 4295/3354/4131
f 4294/3355/4130 4295/3354/4131 4298/3354/4134 4297/3357/4133
f 4295/3354/4131 4296/3314/4132 4299/3358/4135 4298/3354/4134
f 4066/3359/3902 4116/3360/3952 4291/3352/4127 4158/3361/3994
f 4116/3360/3952 4115/3362/3951 4292/3353/4128 4291/3352/4127
f 4115/3362/3951 4114/3363/3950 4293/3356/4129 4292/3353/4128
f 4114/3363/3950 4064/3255/3900 4152/3256/3988 4293/3356/4129
f 4293/3356/4129 4152/3256/3988 4151/3263/3987 4296/3314/4132
f 4296/3314/4132 4151/3263/3987 4150/3261/3986 4299/3358/4135
f 4299/3358/4135 4150/3261/3986 4068/3262/3904 4138/3358/3974
f 4298/3354/4134 4299/3358/4135 4138/3358/3974 4139/3362/3975
f 4297/3357/4133 4298/3354/4134 4139/3362/3975 4140/3364/3976
f 4156/3365/3992 4297/3357/4133 4140/3364/3976 4069/3326/3905
f 4157/3366/3993 4294/3355/4130 4297/3357/4133 4156/3365/3992
f 4158/3361/3994 4291/3352/4127 4294/3355/4130 4157/3366/3993
f 4300/3367/4136 4301/3368/4137 4304/3369/4140 4303/3370/4139
f 4301/3368/4137 4302/3371/4138 4305/3372/4141 4304/3369/4140
f 4303/3370/4139 4304/3369/4140 4307/3373/4143 4306/3374/4142
f 4304/3369/4140 4305/3372/4141 4308/3375/4144 4307/3373/4143
f 4065/3295/3901 4119/3376/3955 4300/3367/4136 4153/3348/3989
f 4119/3376/3955 4118/3244/3954 4301/3368/4137 4300/3367/4136
f 4118/3244/3954 4117/3377/3953 4302/3371/4138 4301/3368/4137
f 4117/3377/3953 4066/3359/3902 4158/3361/3994 4302/3371/4138
f 4302/3371/4138 4158/3361/3994 4157/3366/3993 4305/3372/4141
f 4305/3372/4141 4157/3366/3993 4156/3365/3992 4308/3375/4144
f 4308/3375/4144 4156/3365/3992 4069/3326/3905 4141/3378/3977
f 4307/3373/4143 4308/3375/4144 4141/3378/3977 4142/3341/3978
f 4306/3374/4142 4307/3373/4143 4142/3341/3978 4143/3379/3979
f 4155/3350/3991 4306/3374/4142 4143/3379/3979 4070/3340/3906
f 4154/3349/3990 4303/3370/4139 4306/3374/4142 4155/3350/3991
f 4153/3348/3989 4300/3367/4136 4303/3370/4139 4154/3349/3990
f 4309/3380/4145 4310/3381/4146 4313/3382/4149 4312/3383/4148
f 4310/3381/4146 4311/3384/4147 4314/3385/4150 4313/3382/4149
f 4312/3383/4148 4313/3382/4149 4316/3386/4152 4315/3387/4151
f 4313/3382/4149 4314/3385/4150 4317/3388/4153 4316/3386/4152
f 4072/3389/3908 4164/3390/4000 4309/3380/4145 4159/3391/3995
f 4164/3390/4000 4163/3392/3999 4310/3381/4146 4309/3380/4145
f 4163/3392/3999 4162/3393/3998 4311/3384/4147 4310/3381/4146
f 4162/3393/3998 4074/3219/3910 4167/3394/4003 4311/3384/4147
f 4311/3384/4147 4167/3394/4003 4166/3395/4002 4314/3385/4150
f 4314/3385/4150 4166/3395/4002 4165/3396/4001 4317/3388/4153
f 4317/3388/4153 4165/3396/4001 4073/3397/3909 4170/3398/4006
f 4316/3386/4152 4317/3388/4153 4170/3398/4006 4169/3399/4005
f 4315/3387/4151 4316/3386/4152 4169/3399/4005 4168/3400/4004
f 4161/3401/3997 4315/3387/4151 4168/3400/4004 4071/3402/3907
f 4160/3403/3996 4312/3383/4148 4315/3387/4151 4161/3401/3997
f 4159/3391/3995 4309/3380/4145 4312/3383/4148 4160/3403/3996
f 4318/3404/4154 4319/3405/4155 4322/3406/4158 4321/3407/4157
f 4319/3405/4155 4320/3408/4156 4323/3409/4159 4322/3406/4158
f 4321/3407/4157 4322/3406/4158 4325/3410/4161 4324/3411/4160
f 4322/3406/4158 4323/3409/4159 4326/3412/4162 4325/3410/4161
f 4055/3116/3891 4077/3413/3913 4318/3404/4154 4179/3414/4015
f 4077/3413/3913 4076/3415/3912 4319/3405/4155 4318/3404/4154
f 4076/3415/3912 4075/3416/3911 4320/3408/4156 4319/3405/4155
f 4075/3416/3911 4057/3210/3893 4176/3212/4012 4320/3408/4156
f 4320/3408/4156 4176/3212/4012 4175/3225/4011 4323/3409/4159
f 4323/3409/4159 4175/3225/4011 4174/3223/4010 4326/3412/4162
f 4326/3412/4162 4174/3223/4010 4072/3224/3908 4159/3417/3995
f 4325/3410/4161 4326/3412/4162 4159/3417/3995 4160/3418/3996
f 4324/3411/4160 4325/3410/4161 4160/3418/3996 4161/3419/3997
f 4177/3414/4013 4324/3411/4160 4161/3419/3997 4071/3420/3907
f 4178/3414/4014 4321/3407/4157 4324/3411/4160 4177/3414/4013
f 4179/3414/4015 4318/3404/4154 4321/3407/4157 4178/3414/4014
f 4327/3421/4163 4328/3422/4164 4331/3423/4167 4330/3424/4166
f 4328/3422/4164 4329/3425/4165 4332/3426/4168 4331/3423/4167
f 4330/3424/4166 4331/3423/4167 4334/3427/4170 4333/3428/4169
f 4331/3423/4167 4332/3426/4168 4335/3429/4171 4334/3427/4170
f 4061/3215/3897 4098/3430/3934 4327/3421/4163 4171/3216/4007
f 4098/3430/3934 4097/3431/3933 4328/3422/4164 4327/3421/4163
f 4097/3431/3933 4096/3432/3932 4329/3425/4165 4328/3422/4164
f 4096/3432/3932 4059/3433/3895 4180/3434/4016 4329/3425/4165
f 4329/3425/4165 4180/3434/4016 4181/3435/4017 4332/3426/4168
f 4332/3426/4168 4181/3435/4017 4182/3436/4018 4335/3429/4171
f 4335/3429/4171 4182/3436/4018 4073/3397/3909 4165/3437/4001
f 4334/3427/4170 4335/3429/4171 4165/3437/4001 4166/3438/4002
f 4333/3428/4169 4334/3427/4170 4166/3438/4002 4167/3394/4003
f 4173/3218/4009 4333/3428/4169 4167/3394/4003 4074/3219/3910
f 4172/3217/4008 4330/3424/4166 4333/3428/4169 4173/3218/4009
f 4171/3216/4007 4327/3421/4163 4330/3424/4166 4172/3217/4008
f 4336/3439/4172 4337/3440/4173 4340/3441/4176 4339/3442/4175
f 4337/3440/4173 4338/3443/4174 4341/3444/4177 4340/3441/4176
f 4339/3442/4175 4340/3441/4176 4343/3445/4179 4342/3446/4178
f 4340/3441/4176 4341/3444/4177 4344/3447/4180 4343/3445/4179
f 4059/3433/3895 4107/3448/3943 4336/3439/4172 4180/3434/4016
f 4107/3448/3943 4106/3449/3942 4337/3440/4173 4336/3439/4172
f 4106/3449/3942 4105/3450/3941 4338/3443/4174 4337/3440/4173
f 4105/3450/3941 4055/3199/3891 4179/3451/4015 4338/3443/4174
f 4338/3443/4174 4179/3451/4015 4178/3451/4014 4341/3444/4177
f 4341/3444/4177 4178/3451/4014 4177/3451/4013 4344/3447/4180
f 4344/3447/4180 4177/3451/4013 4071/3451/3907 4168/3452/4004
f 4343/3445/4179 4344/3447/4180 4168/3452/4004 4169/3453/4005
f 4342/3446/4178 4343/3445/4179 4169/3453/4005 4170/3454/4006
f 4182/3436/4018 4342/3446/4178 4170/3454/4006 4073/3397/3909
f 4181/3435/4017 4339/3442/4175 4342/3446/4178 4182/3436/4018
f 4180/3434/4016 4336/3439/4172 4339/3442/4175 4181/3435/4017
o Head
v 0.000000 2.428186 0.306855
v 0.267794 2.374443 0.063649
v 0.000000 2.624599 0.286580
v 0.293379 2.615541 0.058109
v 0.000000 2.491028 0.263924
v 0.152132 2.367267 0.182123
v 0.280434 2.491789 0.059427
v 0.192706 2.620355 0.183619
v 0.000000 2.455008 0.283948
v 0.238041 2.371487 0.120801
v 0.287959 2.556547 0.059939
v 0.084002 2.623024 0.252695
v 0.000000 2.552258 0.266773
v 0.038420 2.389246 0.249982
v 0.275757 2.431235 0.059500
v 0.252821 2.618047 0.125717
v 0.177712 2.588544 0.178138
v 0.160897 2.406559 0.172362
v 0.042957 2.490464 0.226380
v 0.253913 2.497816 0.105779
v 0.236735 2.430489 0.116572
v 0.050297 2.425889 0.226081
v 0.066024 2.557558 0.238761
v 0.249872 2.568244 0.120716
v 0.172582 2.573408 0.165827
v 0.154797 2.425313 0.169587
v 0.060639 2.490901 0.212058
v 0.230329 2.501675 0.117616
v 0.205048 2.449966 0.132292
v 0.074544 2.440318 0.202209
v 0.078710 2.541414 0.213524
v 0.225584 2.555241 0.131559
v 0.176004 2.288834 0.093638
v 0.000000 2.259941 0.132337
v 0.000000 2.263007 0.177939
v 0.000000 2.279112 0.216848
v 0.000000 2.392717 0.282535
v 0.092408 2.268945 0.110102
v 0.115602 2.311738 0.191614
v 0.161394 2.296631 0.149102
v 0.000000 2.923786 0.050403
v 0.022438 2.490198 0.241844
v 0.021481 2.417264 0.268950
v 0.021653 2.439736 0.250570
v 0.032571 2.554205 0.254655
v 0.068101 2.292528 0.203172
v 0.088467 2.275638 0.165034
v 0.089793 2.377876 0.216527
v 0.101982 2.409200 0.199879
v 0.110916 2.425693 0.188444
v 0.000000 2.344399 0.255453
v 0.000000 2.313602 0.237284
v 0.059767 2.339692 0.220520
v 0.050237 2.321717 0.219830
v 0.024288 2.342646 0.242855
v 0.028300 2.317154 0.229419
v 0.000000 2.338066 0.219888
v 0.000000 2.317706 0.212798
v 0.046163 2.334682 0.205994
v 0.038532 2.322202 0.203240
v 0.022496 2.338900 0.214144
v 0.020529 2.320706 0.207645
v 0.000000 2.346196 0.189749
v 0.000000 2.308371 0.183865
v 0.053245 2.339444 0.183127
v 0.043101 2.313721 0.179687
v 0.026551 2.346356 0.185254
v 0.023554 2.311640 0.179702
v 0.260155 2.769429 0.060578
v 0.153367 2.875065 0.048980
v 0.281766 2.725751 0.061833
v 0.000000 2.432681 -0.262401
v 0.000000 2.575186 -0.299531
v 0.000000 2.499135 -0.291936
v 0.000000 2.659395 -0.290205
v 0.000000 2.384874 -0.225878
v 0.165072 2.492620 -0.228416
v 0.166344 2.646221 -0.232420
v 0.158258 2.384465 -0.178937
v 0.162044 2.431667 -0.207630
v 0.167566 2.562273 -0.235535
v 0.282981 2.624940 -0.106920
v 0.278251 2.553757 -0.111326
v 0.269078 2.489443 -0.108971
v 0.248065 2.387842 -0.085771
v 0.258427 2.436108 -0.099183
v 0.306946 2.617605 -0.022422
v 0.301860 2.554839 -0.020459
v 0.292568 2.490769 -0.017401
v 0.268169 2.380008 -0.009473
v 0.283160 2.433024 -0.014168
v 0.263952 2.721816 0.095102
v 0.238281 2.753422 0.111575
v 0.131711 2.842841 0.140482
v 0.000000 2.881251 0.157232
v 0.293938 2.723352 0.023831
v 0.277550 2.752940 0.000614
v 0.165590 2.855899 -0.064218
v 0.000000 2.909224 -0.074442
v 0.293326 2.658247 0.057997
v 0.257119 2.661125 0.122265
v 0.206798 2.672992 0.178577
v 0.101328 2.705844 0.250627
v 0.000000 2.717257 0.280124
v 0.304718 2.665132 -0.015324
v 0.281746 2.684500 -0.091564
v 0.165727 2.737504 -0.206971
v 0.000000 2.763011 -0.254451
v 0.290057 2.691203 0.059720
v 0.260507 2.695876 0.108883
v 0.300510 2.698197 0.003864
v 0.218570 2.718073 0.150729
v 0.115052 2.781320 0.211496
v 0.000000 2.806454 0.237915
v 0.281402 2.722331 -0.052582
v 0.165415 2.804474 -0.148502
v 0.000000 2.847450 -0.181613
v 0.164129 2.576270 0.117205
v 0.148745 2.415692 0.127666
v 0.044426 2.491066 0.171476
v 0.226329 2.500194 0.073212
v 0.199586 2.442630 0.090211
v 0.065572 2.433593 0.161025
v 0.065552 2.547232 0.173221
v 0.214398 2.561309 0.087468
v 0.102964 2.416024 0.154801
v 0.160109 2.572788 0.073840
v 0.151877 2.416630 0.082315
v 0.033229 2.490950 0.141568
v 0.234255 2.499472 0.037844
v 0.210856 2.442112 0.050086
v 0.054878 2.433427 0.130834
v 0.055468 2.546416 0.132505
v 0.216675 2.557630 0.049247
v 0.100191 2.415874 0.109960
v 0.217711 2.824723 0.055325
v 0.134195 2.621628 0.224210
v 0.117871 2.581847 0.213967
v 0.119395 2.566653 0.195715
v 0.220743 2.490126 -0.173934
v 0.207322 2.386771 -0.135991
v 0.213922 2.433594 -0.158128
v 0.230930 2.635987 -0.176952
v 0.227066 2.557117 -0.178696
v 0.195437 2.800985 0.127762
v 0.231696 2.806591 -0.033168
v 0.231317 2.711762 -0.159993
v 0.153262 2.690521 0.221338
v 0.169962 2.751421 0.185178
v 0.232951 2.762932 -0.106773
v 0.109767 2.571662 0.148091
v 0.103319 2.564908 0.103759
v 0.053251 2.489623 0.117786
v 0.100886 2.490237 0.079542
v 0.156510 2.495105 0.050214
v 0.215949 2.500487 0.033676
v 0.076736 2.908410 0.048358
v 0.041230 2.624218 0.274209
v 0.086221 2.496123 -0.261798
v 0.085026 2.384422 -0.204454
v 0.085581 2.432297 -0.236623
v 0.087854 2.654371 -0.268885
v 0.087677 2.568799 -0.270597
v 0.063432 2.868979 0.150760
v 0.082482 2.890881 -0.075725
v 0.087385 2.754999 -0.238754
v 0.050473 2.714264 0.269631
v 0.057426 2.799062 0.228939
v 0.085134 2.833659 -0.172363
v 0.004657 2.218093 -0.095518
v 0.000000 2.191433 0.046920
v 0.031594 2.187454 0.037787
v 0.049846 2.192881 0.026571
v 0.065131 2.196297 0.004009
v 0.070524 2.200381 -0.022969
v 0.065279 2.204687 -0.050550
v 0.050253 2.208678 -0.075270
v 0.027517 2.211561 -0.089896
v 0.000000 2.275594 -0.096198
v 0.000000 2.249026 0.054663
v 0.028130 2.249931 0.047717
v 0.052035 2.252044 0.031739
v 0.068203 2.255471 0.007643
v 0.074154 2.260085 -0.020197
v 0.068973 2.265399 -0.047766
v 0.053507 2.270417 -0.071299
v 0.029726 2.273951 -0.087858
v 0.000000 2.298011 -0.117057
v 0.000000 2.262464 0.077540
v 0.041702 2.264501 0.066444
v 0.070212 2.267810 0.042713
v 0.091990 2.273593 0.009740
v 0.098695 2.279769 -0.027134
v 0.090467 2.285972 -0.060969
v 0.070336 2.291841 -0.090703
v 0.039391 2.296047 -0.108209
v 0.060361 2.320148 -0.139691
v 0.000000 2.322144 -0.152225
v 0.106772 2.316257 -0.119914
v 0.137231 2.311153 -0.089458
v 0.156790 2.305136 -0.047751
v 0.157737 2.293142 0.018084
v 0.214225 2.328007 0.132714
v 0.145303 2.334236 0.182392
v 0.063591 2.328412 0.213400
v 0.238005 2.324132 0.074998
v 0.050143 2.326351 0.201193
v 0.055075 2.324095 0.176631
v 0.028716 2.326776 0.175033
v 0.000000 2.325310 0.179150
v 0.078085 2.348843 -0.173932
v 0.000000 2.350244 -0.190991
v 0.140096 2.346822 -0.151229
v 0.181339 2.344750 -0.114548
v 0.213940 2.341123 -0.070171
v 0.231171 2.331355 0.000143
v 0.108752 2.274746 0.059592
v 0.004542 2.173145 0.042730
v 0.023142 2.173697 0.032048
v 0.026934 2.221661 0.043446
v 0.049783 2.223845 0.028489
v 0.065144 2.227244 0.005773
v 0.070686 2.231548 -0.020918
v 0.065598 2.236291 -0.047700
v 0.050705 2.240718 -0.070833
v 0.027975 2.243866 -0.087603
v 0.000000 2.220672 0.049484
v 0.000000 2.245355 -0.094398
v 0.000000 2.441579 0.303065
v 0.258519 2.372773 0.093033
v 0.291274 2.587658 0.059119
v 0.187870 2.851472 0.051167
v 0.000000 2.519413 0.262710
v 0.118990 2.374600 0.200621
v 0.277814 2.460910 0.059194
v 0.223925 2.619374 0.156369
v 0.184357 2.602481 0.181566
v 0.011617 2.490510 0.251073
v 0.000000 2.470354 0.270817
v 0.202573 2.370245 0.150267
v 0.284046 2.524061 0.059902
v 0.108001 2.622301 0.239609
v 0.037127 2.587255 0.264475
v 0.027701 2.407279 0.259840
v 0.273216 2.402368 0.060839
v 0.276135 2.616515 0.093211
v 0.162457 2.389386 0.174326
v 0.267940 2.494543 0.086406
v 0.248215 2.465501 0.107180
v 0.239412 2.398073 0.117332
v 0.197392 2.414815 0.147111
v 0.263323 2.430047 0.087456
v 0.043562 2.457548 0.227820
v 0.047699 2.406092 0.235429
v 0.011237 2.447291 0.264469
v 0.075702 2.413670 0.212248
v 0.074747 2.589634 0.247825
v 0.050255 2.523286 0.229448
v 0.016714 2.553084 0.260805
v 0.092469 2.571408 0.228152
v 0.251369 2.595107 0.123492
v 0.256236 2.532652 0.109008
v 0.214123 2.581479 0.152111
v 0.273255 2.561610 0.090746
v 0.220951 2.473531 0.121218
v 0.180507 2.434647 0.150603
v 0.063992 2.462478 0.207822
v 0.091212 2.429507 0.195639
v 0.065317 2.519019 0.213119
v 0.097239 2.556597 0.208385
v 0.233779 2.531166 0.121067
v 0.202495 2.566407 0.147919
v 0.044587 2.263772 0.123987
v 0.000000 2.260273 0.156817
v 0.000000 2.268223 0.198144
v 0.000000 2.366517 0.263341
v 0.000000 2.412982 0.302021
v 0.138558 2.277577 0.104216
v 0.035755 2.285285 0.209821
v 0.045422 2.268690 0.171755
v 0.229801 2.348333 0.126074
v 0.143051 2.304191 0.171262
v 0.273176 2.745979 0.061723
v 0.032167 2.490233 0.234067
v 0.012834 2.421422 0.287003
v 0.033044 2.432425 0.240001
v 0.047481 2.555794 0.247749
v 0.026948 2.521567 0.245303
v 0.038172 2.917500 0.049229
v 0.022162 2.424850 0.260564
v 0.021090 2.462133 0.242989
v 0.017739 2.389146 0.267964
v 0.094463 2.301565 0.197158
v 0.127194 2.284897 0.157403
v 0.081260 2.282470 0.184794
v 0.152562 2.348377 0.180394
v 0.063790 2.381517 0.229165
v 0.128281 2.406408 0.192275
v 0.130475 2.424002 0.182355
v 0.098284 2.394861 0.205988
v 0.172341 2.290957 0.123797
v 0.093104 2.271177 0.141505
v 0.080098 2.317658 0.209917
v 0.000000 2.297118 0.231818
v 0.103160 2.351024 0.204407
v 0.039017 2.341201 0.232981
v 0.011639 2.343654 0.249983
v 0.040189 2.319241 0.224679
v 0.014638 2.315317 0.233549
v 0.031814 2.362114 0.249732
v 0.074659 2.358302 0.220737
v 0.058348 2.324727 0.215668
v 0.047192 2.305686 0.220603
v 0.256836 2.347935 0.068342
v 0.035530 2.337568 0.210109
v 0.010702 2.338855 0.217301
v 0.030011 2.321457 0.205322
v 0.010420 2.319393 0.210168
v 0.045606 2.323646 0.201586
v 0.020750 2.322164 0.223059
v 0.000000 2.319947 0.229028
v 0.000000 2.335943 0.237561
v 0.021616 2.336104 0.230232
v 0.044716 2.333063 0.217436
v 0.038334 2.323713 0.216024
v 0.043288 2.343513 0.182986
v 0.012086 2.346920 0.187643
v 0.035406 2.312089 0.178472
v 0.011591 2.310393 0.181713
v 0.049383 2.316453 0.176857
v 0.021649 2.315025 0.191569
v 0.000000 2.311541 0.196134
v 0.000000 2.344162 0.203050
v 0.024397 2.344693 0.198058
v 0.051650 2.338034 0.192189
v 0.041571 2.317029 0.188750
v 0.026520 2.316223 0.174843
v 0.000000 2.313727 0.178895
v 0.115679 2.894270 0.048122
v 0.020610 2.624482 0.281066
v 0.043248 2.497697 -0.276849
v 0.000000 2.536583 -0.298255
v 0.000000 2.614892 -0.297257
v 0.304319 2.615877 0.019333
v 0.043076 2.384650 -0.215272
v 0.286987 2.707758 0.060971
v 0.000000 2.463956 -0.279265
v 0.000000 2.406570 -0.244077
v 0.043074 2.432567 -0.249486
v 0.298492 2.554931 0.022711
v 0.194826 2.491193 -0.202183
v 0.128753 2.650661 -0.252706
v 0.184775 2.385349 -0.157837
v 0.190064 2.432250 -0.183678
v 0.129769 2.565445 -0.254585
v 0.161082 2.406465 -0.193503
v 0.166717 2.526149 -0.233379
v 0.163347 2.460763 -0.219640
v 0.167167 2.602192 -0.235710
v 0.259257 2.630292 -0.143758
v 0.254401 2.554928 -0.147693
v 0.285292 2.490120 -0.064374
v 0.260953 2.384462 -0.049551
v 0.274533 2.434889 -0.058057
v 0.281400 2.589498 -0.109921
v 0.263402 2.461670 -0.104824
v 0.274112 2.520165 -0.111094
v 0.254650 2.411815 -0.092695
v 0.299501 2.620648 -0.065575
v 0.294826 2.554141 -0.067145
v 0.289881 2.490899 0.024589
v 0.270546 2.376682 0.029177
v 0.282877 2.431969 0.025709
v 0.277283 2.406135 -0.012134
v 0.297376 2.522249 -0.018884
v 0.287953 2.461094 -0.015873
v 0.305285 2.587361 -0.022021
v 0.272410 2.723688 0.081205
v 0.249313 2.765102 0.087669
v 0.254069 2.733811 0.102408
v 0.262821 2.710357 0.101153
v 0.200385 2.646156 0.183468
v 0.142704 2.864487 0.098191
v 0.219228 2.776788 0.120149
v 0.093099 2.663292 0.254951
v 0.000000 2.908432 0.106724
v 0.097192 2.858031 0.146045
v 0.000000 2.669508 0.287707
v 0.289885 2.724969 0.040850
v 0.270192 2.764458 0.030749
v 0.289505 2.734165 0.014440
v 0.297721 2.712397 0.015226
v 0.282683 2.657340 -0.101707
v 0.161304 2.871363 -0.008018
v 0.257719 2.778510 -0.015357
v 0.165956 2.693266 -0.223575
v 0.000000 2.923810 -0.011774
v 0.125061 2.875576 -0.072256
v 0.000000 2.711040 -0.276507
v 0.293926 2.638816 0.057740
v 0.254958 2.640294 0.125440
v 0.212212 2.696917 0.166963
v 0.108351 2.745304 0.236010
v 0.000000 2.763248 0.264167
v 0.306458 2.643574 -0.020415
v 0.281413 2.705297 -0.074670
v 0.165337 2.773798 -0.181244
v 0.000000 2.808198 -0.222743
v 0.302919 2.660252 0.022344
v 0.044329 2.759757 -0.247898
v 0.200132 2.725326 -0.185330
v 0.297416 2.673368 -0.053982
v 0.277639 2.658545 0.091118
v 0.075824 2.710941 0.261358
v 0.179977 2.681516 0.201785
v 0.232992 2.666030 0.151735
v 0.292051 2.675189 0.058679
v 0.258736 2.679605 0.116372
v 0.302710 2.682842 -0.006876
v 0.227573 2.737208 0.132335
v 0.122557 2.814322 0.178727
v 0.000000 2.846400 0.201670
v 0.280780 2.738348 -0.027344
v 0.166221 2.832496 -0.110514
v 0.000000 2.882320 -0.131787
v 0.240655 2.704857 0.130718
v 0.195046 2.734260 0.168918
v 0.086332 2.791819 0.221427
v 0.294941 2.707834 -0.024619
v 0.201127 2.784563 -0.130199
v 0.042805 2.841786 -0.178087
v 0.298374 2.693056 0.032302
v 0.277181 2.691743 0.085254
v 0.217269 2.468351 0.077753
v 0.174526 2.425746 0.108785
v 0.051616 2.458788 0.166515
v 0.083591 2.420776 0.156516
v 0.050567 2.522597 0.173409
v 0.085859 2.561007 0.162043
v 0.225585 2.534425 0.077234
v 0.192145 2.574064 0.101488
v 0.124604 2.413943 0.143286
v 0.107845 2.421263 0.170650
v 0.071387 2.437166 0.181675
v 0.228172 2.501055 0.095366
v 0.199689 2.447137 0.112961
v 0.169465 2.576082 0.140969
v 0.220191 2.559142 0.110086
v 0.053149 2.490760 0.192485
v 0.071929 2.544000 0.194152
v 0.150756 2.421363 0.150400
v 0.228059 2.466790 0.040781
v 0.182977 2.425659 0.065207
v 0.039033 2.457685 0.136345
v 0.076340 2.420901 0.121185
v 0.039253 2.523482 0.140143
v 0.077702 2.558563 0.119416
v 0.231170 2.532974 0.041277
v 0.190880 2.569939 0.060489
v 0.124649 2.414083 0.097236
v 0.059631 2.430480 0.142800
v 0.038525 2.491215 0.151592
v 0.213009 2.562307 0.067117
v 0.228458 2.499377 0.053810
v 0.101449 2.411224 0.131704
v 0.203763 2.438357 0.068783
v 0.160833 2.579160 0.094862
v 0.060772 2.550120 0.149962
v 0.149178 2.411080 0.104945
v 0.241803 2.796460 0.058444
v 0.162504 2.621040 0.205953
v 0.145689 2.587574 0.198112
v 0.144437 2.572085 0.181710
v 0.246331 2.489468 -0.144511
v 0.229203 2.388191 -0.113481
v 0.237264 2.435335 -0.131526
v 0.200127 2.641327 -0.208602
v 0.199035 2.559547 -0.208586
v 0.165461 2.823495 0.134450
v 0.201105 2.832763 -0.051080
v 0.259078 2.697723 -0.126347
v 0.127076 2.698875 0.237443
v 0.143134 2.767549 0.199389
v 0.260234 2.741392 -0.079740
v 0.136111 2.576690 0.132946
v 0.130698 2.570095 0.088336
v 0.106301 2.571048 0.124739
v 0.114867 2.569871 0.171824
v 0.233460 2.786135 -0.072405
v 0.182115 2.778122 0.158243
v 0.161003 2.722565 0.207149
v 0.231970 2.739431 -0.137602
v 0.231259 2.676208 -0.173912
v 0.226176 2.820466 0.011251
v 0.144344 2.655026 0.225879
v 0.207430 2.817518 0.094157
v 0.229460 2.595523 -0.178757
v 0.217003 2.460559 -0.167344
v 0.224149 2.522110 -0.177407
v 0.211800 2.409333 -0.147220
v 0.124037 2.598684 0.220130
v 0.053912 2.524709 0.121498
v 0.101740 2.534887 0.086170
v 0.158608 2.541631 0.056410
v 0.217041 2.535792 0.037790
v 0.053672 2.454611 0.120491
v 0.100220 2.445511 0.089729
v 0.154337 2.448139 0.061148
v 0.214029 2.464749 0.038122
v 0.188403 2.498377 0.040446
v 0.127454 2.492198 0.062969
v 0.075444 2.489455 0.099565
v 0.037788 2.490326 0.130091
v 0.231546 2.500347 0.031273
v 0.062052 2.623703 0.264936
v 0.127996 2.494351 -0.246376
v 0.124376 2.384252 -0.192913
v 0.126381 2.431841 -0.223409
v 0.044546 2.657152 -0.280754
v 0.044096 2.572040 -0.285324
v 0.031237 2.876141 0.154348
v 0.040821 2.901404 -0.075921
v 0.128038 2.747553 -0.225009
v 0.025214 2.716143 0.275520
v 0.028657 2.803509 0.234071
v 0.126379 2.821146 -0.162614
v 0.083846 2.865526 -0.128378
v 0.059725 2.836390 0.193495
v 0.054433 2.758283 0.254510
v 0.086415 2.797463 -0.209579
v 0.087777 2.705171 -0.258345
v 0.080610 2.906415 -0.013961
v 0.045834 2.667938 0.275996
v 0.070034 2.894608 0.102840
v 0.085631 2.406392 -0.220562
v 0.087006 2.531438 -0.267734
v 0.085720 2.462633 -0.251011
v 0.087893 2.609098 -0.271875
v 0.000000 2.586395 0.275806
v 0.014150 2.191444 0.043543
v 0.039739 2.191184 0.034700
v 0.058610 2.194474 0.016057
v 0.069145 2.198284 -0.009161
v 0.069209 2.202535 -0.036919
v 0.058876 2.206768 -0.063579
v 0.039697 2.210311 -0.083673
v 0.014677 2.213031 -0.093780
v 0.014338 2.249385 0.051907
v 0.040848 2.250814 0.040969
v 0.061268 2.253599 0.020442
v 0.072549 2.257649 -0.006069
v 0.072937 2.262708 -0.034259
v 0.062406 2.268021 -0.060244
v 0.042554 2.272434 -0.080584
v 0.015294 2.274926 -0.093294
v 0.027067 2.236838 0.044802
v 0.049815 2.208363 0.027541
v 0.065138 2.211771 0.004915
v 0.070605 2.215964 -0.021902
v 0.065438 2.220489 -0.049027
v 0.050479 2.224698 -0.072947
v 0.027746 2.227713 -0.088749
v 0.000000 2.205343 0.048064
v 0.000000 2.261286 -0.093733
v 0.022080 2.263419 0.073050
v 0.057217 2.265870 0.056154
v 0.082305 2.270501 0.027061
v 0.097445 2.276692 -0.008681
v 0.096223 2.282868 -0.044615
v 0.081795 2.289022 -0.076304
v 0.056165 2.294236 -0.100706
v 0.020317 2.297212 -0.113298
v 0.000000 2.258216 0.062033
v 0.031671 2.259228 0.054003
v 0.057754 2.261478 0.035864
v 0.075751 2.265262 0.008872
v 0.082240 2.270288 -0.022017
v 0.076363 2.276079 -0.052168
v 0.059305 2.281598 -0.077988
v 0.033046 2.285498 -0.096486
v 0.000000 2.287301 -0.104173
v 0.049205 2.307515 -0.123002
v 0.000000 2.309561 -0.133508
v 0.087290 2.303277 -0.104337
v 0.112150 2.297527 -0.075992
v 0.125235 2.291211 -0.036408
v 0.061642 2.266503 0.086397
v 0.000000 2.261858 0.103420
v 0.070397 2.333851 -0.157110
v 0.000000 2.335628 -0.171878
v 0.124922 2.330732 -0.135930
v 0.160957 2.326818 -0.102142
v 0.187355 2.321621 -0.059989
v 0.148704 2.308432 -0.070262
v 0.123556 2.313774 -0.106207
v 0.085725 2.318437 -0.131010
v 0.031205 2.321304 -0.146461
v 0.160128 2.300610 -0.019912
v 0.171992 2.290848 0.057821
v 0.199972 2.311527 0.007659
v 0.119526 2.282600 0.010499
v 0.190931 2.310874 0.140620
v 0.132701 2.322388 0.186443
v 0.064717 2.332930 0.214330
v 0.210081 2.304306 0.083531
v 0.050844 2.330474 0.202785
v 0.056800 2.333487 0.178864
v 0.028433 2.338915 0.178038
v 0.000000 2.338374 0.182276
v 0.082789 2.365487 -0.189307
v 0.000000 2.366405 -0.208593
v 0.151341 2.364686 -0.165184
v 0.197135 2.365017 -0.125454
v 0.234541 2.363748 -0.078551
v 0.253455 2.354598 -0.005581
v 0.224072 2.336692 -0.037944
v 0.236743 2.326666 0.038994
v 0.040134 2.349604 -0.182775
v 0.199085 2.343549 -0.094663
v 0.162425 2.345771 -0.134101
v 0.111845 2.347884 -0.163755
v 0.013753 2.326608 0.177151
v 0.044594 2.325297 0.173514
v 0.055039 2.324915 0.187377
v 0.049294 2.326971 0.211781
v 0.231359 2.324810 0.105615
v 0.185041 2.332193 0.158504
v 0.099821 2.331936 0.202329
v 0.128021 2.280602 0.045650
v 0.090426 2.272061 0.052030
v 0.106262 2.272295 0.079413
v 0.013842 2.171000 0.036296
v 0.027596 2.180506 0.034687
v 0.000577 2.180319 0.045858
v 0.027341 2.205913 0.042036
v 0.050041 2.238982 0.029604
v 0.065531 2.242378 0.006627
v 0.071180 2.246802 -0.020135
v 0.066139 2.251781 -0.046798
v 0.051225 2.256445 -0.069627
v 0.028366 2.259741 -0.085702
v 0.000000 2.235890 0.051221
v 0.000591 2.229806 -0.095425
v 0.013731 2.221073 0.047182
v 0.014358 2.244745 -0.091595
v 0.040196 2.242509 -0.080199
v 0.059264 2.238603 -0.059920
v 0.069451 2.233905 -0.034543
v 0.069228 2.229307 -0.007317
v 0.058573 2.225411 0.017868
v 0.039101 2.222584 0.037168
v 0.274932 2.590887 0.092469
v 0.152543 2.602927 0.203020
v 0.265399 2.461644 0.086080
v 0.202646 2.393516 0.147133
v 0.262205 2.400351 0.089519
v 0.031704 2.458735 0.234994
v 0.032544 2.415463 0.247810
v 0.127174 2.391217 0.195146
v 0.038653 2.523029 0.237557
v 0.219160 2.598584 0.154215
v 0.270968 2.528542 0.088109
v 0.042194 2.274708 0.191486
v 0.013928 2.520360 0.256406
v 0.011695 2.433242 0.282097
v 0.010935 2.466107 0.253899
v 0.015723 2.407945 0.280194
v 0.114765 2.292443 0.178058
v 0.103588 2.340769 0.201979
v 0.070846 2.399291 0.219945
v 0.135000 2.279578 0.133090
v 0.047332 2.265137 0.149551
v 0.100135 2.360622 0.208230
v 0.015207 2.364282 0.259134
v 0.051010 2.359346 0.235467
v 0.166770 2.317221 0.164520
v 0.024770 2.301096 0.226190
v 0.205176 2.305974 0.114337
v 0.065481 2.311312 0.215128
v 0.010590 2.321146 0.226172
v 0.010380 2.336254 0.234529
v 0.049651 2.329943 0.213160
v 0.030085 2.322918 0.219554
v 0.033965 2.335103 0.223962
v 0.010834 2.313568 0.193740
v 0.011271 2.344963 0.200702
v 0.056547 2.331747 0.189159
v 0.032194 2.315752 0.189890
v 0.039663 2.342449 0.195057
v 0.045569 2.336500 0.176207
v 0.013224 2.339283 0.180272
v 0.126071 2.851156 -0.121837
v 0.044393 2.612116 -0.285314
v 0.043054 2.463381 -0.265105
v 0.043655 2.534053 -0.283027
v 0.043202 2.406517 -0.232342
v 0.188511 2.407530 -0.170908
v 0.197259 2.523963 -0.206525
v 0.192191 2.460379 -0.194421
v 0.199895 2.598846 -0.211835
v 0.298041 2.588095 -0.067068
v 0.279811 2.461536 -0.061576
v 0.290435 2.521140 -0.066231
v 0.269290 2.409441 -0.054044
v 0.278262 2.403955 0.026810
v 0.294105 2.522531 0.023956
v 0.286360 2.460803 0.025072
v 0.302188 2.586815 0.020732
v 0.263317 2.742532 0.083689
v 0.228713 2.642731 0.156040
v 0.177260 2.842604 0.096374
v 0.118085 2.659477 0.241753
v 0.034676 2.902758 0.104918
v 0.022848 2.668943 0.282661
v 0.276194 2.707259 0.082310
v 0.282545 2.742630 0.037756
v 0.298927 2.649433 -0.061733
v 0.196196 2.847518 -0.000109
v 0.200119 2.685233 -0.200570
v 0.039981 2.916523 -0.013382
v 0.044568 2.708592 -0.268783
v 0.294905 2.708787 0.037992
v 0.304323 2.640177 0.019809
v 0.043713 2.803856 -0.217354
v 0.200393 2.757363 -0.161220
v 0.296106 2.692214 -0.041167
v 0.277090 2.638937 0.092766
v 0.027240 2.761340 0.259999
v 0.134832 2.734894 0.222932
v 0.236532 2.686749 0.142730
v 0.246597 2.720753 0.117488
v 0.153622 2.797637 0.169146
v 0.029550 2.842275 0.198103
v 0.293287 2.722034 -0.006033
v 0.202082 2.810508 -0.094155
v 0.041761 2.875237 -0.131092
v 0.300937 2.677347 0.026716
v 0.277603 2.675851 0.088440
v 0.088604 2.425467 0.176164
v 0.217127 2.471811 0.100372
v 0.198111 2.570835 0.124725
v 0.057683 2.520558 0.194096
v 0.175510 2.431026 0.131546
v 0.127433 2.419530 0.165883
v 0.091477 2.560091 0.185561
v 0.058624 2.460599 0.187643
v 0.229604 2.533667 0.099480
v 0.044473 2.457123 0.147011
v 0.226033 2.534609 0.057652
v 0.079527 2.416646 0.140468
v 0.221357 2.465231 0.057429
v 0.189471 2.576113 0.080120
v 0.044928 2.524561 0.156818
v 0.177146 2.421021 0.086511
v 0.123999 2.409002 0.120193
v 0.081906 2.564032 0.138670
v 0.132714 2.576439 0.109901
v 0.141096 2.575276 0.156825
v 0.260265 2.760861 -0.049383
v 0.206443 2.757193 0.145949
v 0.186879 2.709371 0.188483
v 0.259496 2.721524 -0.106197
v 0.259397 2.666597 -0.138149
v 0.251170 2.791520 0.021793
v 0.171951 2.650409 0.206650
v 0.231112 2.790867 0.091284
v 0.257461 2.592172 -0.146620
v 0.241393 2.461181 -0.139092
v 0.250704 2.520622 -0.147200
v 0.234509 2.411352 -0.122688
v 0.098056 2.592865 0.234984
v 0.040365 2.515528 0.130715
v 0.075360 2.448052 0.106026
v 0.125934 2.445303 0.074759
v 0.186215 2.454901 0.048326
v 0.230458 2.525644 0.033938
v 0.190285 2.541320 0.045708
v 0.129031 2.538830 0.069764
v 0.075962 2.530912 0.104994
v 0.040255 2.464896 0.129346
v 0.228441 2.475125 0.033509
v 0.090913 2.827237 0.186972
v 0.081514 2.753077 0.246556
v 0.127170 2.787402 -0.197521
v 0.128425 2.700022 -0.243117
v 0.121900 2.891276 -0.012494
v 0.069135 2.666108 0.266548
v 0.106404 2.881944 0.100337
v 0.126015 2.406226 -0.208291
v 0.129139 2.528721 -0.251898
v 0.126987 2.461642 -0.236595
v 0.129423 2.605700 -0.255593
v 0.018783 2.586758 0.270212
v 0.055086 2.588039 0.259342
v 0.039296 2.237740 0.038398
v 0.058896 2.240535 0.018844
v 0.069674 2.244483 -0.006527
v 0.069978 2.249269 -0.033720
v 0.059802 2.254219 -0.058897
v 0.040678 2.258324 -0.078642
v 0.014577 2.260656 -0.090928
v 0.013798 2.236271 0.048713
v 0.016243 2.258632 0.058826
v 0.045585 2.260161 0.046307
v 0.067982 2.263191 0.023176
v 0.080551 2.267642 -0.006393
v 0.080803 2.273141 -0.037430
v 0.069105 2.278957 -0.065806
v 0.047232 2.283824 -0.088455
v 0.017019 2.286570 -0.100981
v 0.025424 2.308720 -0.128859
v 0.119860 2.364999 -0.178433
v 0.176084 2.364718 -0.145785
v 0.217341 2.365176 -0.104471
v 0.033376 2.264130 0.096581
v 0.120415 2.294491 -0.056502
v 0.101207 2.300497 -0.091298
v 0.069953 2.305674 -0.114917
v 0.036339 2.334853 -0.164902
v 0.257512 2.350441 0.033219
v 0.125543 2.287400 -0.013607
v 0.194563 2.317041 -0.028932
v 0.246220 2.359687 -0.044427
v 0.206928 2.306736 0.046788
v 0.042243 2.365961 -0.199159
v 0.175704 2.324665 -0.083079
v 0.144556 2.328818 -0.121376
v 0.100192 2.332453 -0.147700
v 0.012905 2.315454 0.176862
v 0.040386 2.315774 0.173597
v 0.049511 2.319787 0.187443
v 0.045097 2.324944 0.213073
v 0.248861 2.347340 0.098423
v 0.196847 2.349880 0.153885
v 0.091742 2.324402 0.205308
v 0.105415 2.276814 0.032767
v 0.138023 2.279367 0.072372
v 0.078418 2.268924 0.070317
v 0.013923 2.180337 0.040286
v 0.013838 2.205659 0.045766
v 0.014320 2.228671 -0.092740
v 0.039946 2.226410 -0.082573
v 0.059070 2.222686 -0.061525
v 0.069330 2.218220 -0.035671
v 0.069186 2.213795 -0.008207
v 0.058591 2.209942 0.016978
v 0.039228 2.207016 0.036087
v -0.267794 2.374443 0.063649
v -0.293379 2.615541 0.058109
v -0.152132 2.367267 0.182123
v -0.280434 2.491789 0.059427
v -0.192706 2.620355 0.183619
v -0.238041 2.371487 0.120801
v -0.287959 2.556547 0.059939
v -0.084002 2.623024 0.252695
v -0.038420 2.389246 0.249982
v -0.275757 2.431235 0.059500
v -0.252821 2.618047 0.125717
v -0.177712 2.588544 0.178138
v -0.160897 2.406559 0.172362
v -0.042957 2.490464 0.226380
v -0.253913 2.497816 0.105779
v -0.236735 2.430489 0.116572
v -0.050297 2.425889 0.226081
v -0.066024 2.557558 0.238761
v -0.249872 2.568244 0.120716
v -0.172582 2.573408 0.165827
v -0.154797 2.425313 0.169587
v -0.060639 2.490901 0.212058
v -0.230329 2.501675 0.117616
v -0.205048 2.449966 0.132292
v -0.074544 2.440318 0.202209
v -0.078710 2.541414 0.213524
v -0.225584 2.555241 0.131559
v -0.176004 2.288834 0.093638
v -0.092408 2.268945 0.110102
v -0.115602 2.311738 0.191614
v -0.161394 2.296631 0.149102
v -0.022438 2.490198 0.241844
v -0.021481 2.417264 0.268950
v -0.021653 2.439736 0.250570
v -0.032571 2.554205 0.254655
v -0.068101 2.292528 0.203172
v -0.088467 2.275638 0.165034
v -0.089793 2.377876 0.216527
v -0.101982 2.409200 0.199879
v -0.110916 2.425693 0.188444
v -0.059767 2.339692 0.220520
v -0.050237 2.321717 0.219830
v -0.024288 2.342646 0.242855
v -0.028300 2.317154 0.229419
v -0.046163 2.334682 0.205994
v -0.038532 2.322202 0.203240
v -0.022496 2.338900 0.214144
v -0.020529 2.320706 0.207645
v -0.053245 2.339444 0.183127
v -0.043101 2.313721 0.179687
v -0.026551 2.346356 0.185254
v -0.023554 2.311640 0.179702
v -0.260155 2.769429 0.060578
v -0.153367 2.875065 0.048980
v -0.281766 2.725751 0.061833
v -0.165072 2.492620 -0.228416
v -0.166344 2.646221 -0.232420
v -0.158258 2.384465 -0.178937
v -0.162044 2.431667 -0.207630
v -0.167566 2.562273 -0.235535
v -0.282981 2.624940 -0.106920
v -0.278251 2.553757 -0.111326
v -0.269078 2.489443 -0.108971
v -0.248065 2.387842 -0.085771
v -0.258427 2.436108 -0.099183
v -0.306946 2.617605 -0.022422
v -0.301860 2.554839 -0.020459
v -0.292568 2.490769 -0.017401
v -0.268169 2.380008 -0.009473
v -0.283160 2.433024 -0.014168
v -0.263952 2.721816 0.095102
v -0.238281 2.753422 0.111575
v -0.131711 2.842841 0.140482
v -0.293938 2.723352 0.023831
v -0.277550 2.752940 0.000614
v -0.165590 2.855899 -0.064218
v -0.293326 2.658247 0.057997
v -0.257119 2.661125 0.122265
v -0.206798 2.672992 0.178577
v -0.101328 2.705844 0.250627
v -0.304718 2.665132 -0.015324
v -0.281746 2.684500 -0.091564
v -0.165727 2.737504 -0.206971
v -0.290057 2.691203 0.059720
v -0.260507 2.695876 0.108883
v -0.300510 2.698197 0.003864
v -0.218570 2.718073 0.150729
v -0.115052 2.781320 0.211496
v -0.281402 2.722331 -0.052582
v -0.165415 2.804474 -0.148502
v -0.164129 2.576270 0.117205
v -0.148745 2.415692 0.127666
v -0.044426 2.491066 0.171476
v -0.226329 2.500194 0.073212
v -0.199586 2.442630 0.090211
v -0.065572 2.433593 0.161025
v -0.065552 2.547232 0.173221
v -0.214398 2.561309 0.087468
v -0.102964 2.416024 0.154801
v -0.160109 2.572788 0.073840
v -0.151877 2.416630 0.082315
v -0.033229 2.490950 0.141568
v -0.234255 2.499472 0.037844
v -0.210856 2.442112 0.050086
v -0.054878 2.433427 0.130834
v -0.055468 2.546416 0.132505
v -0.216675 2.557630 0.049247
v -0.100191 2.415874 0.109960
v -0.217711 2.824723 0.055325
v -0.134195 2.621628 0.224210
v -0.117871 2.581847 0.213967
v -0.119395 2.566653 0.195715
v -0.220743 2.490126 -0.173934
v -0.207322 2.386771 -0.135991
v -0.213922 2.433594 -0.158128
v -0.230930 2.635987 -0.176952
v -0.227066 2.557117 -0.178696
v -0.195437 2.800985 0.127762
v -0.231696 2.806591 -0.033168
v -0.231317 2.711762 -0.159993
v -0.153262 2.690521 0.221338
v -0.169962 2.751421 0.185178
v -0.232951 2.762932 -0.106773
v -0.109767 2.571662 0.148091
v -0.103319 2.564908 0.103759
v -0.053251 2.489623 0.117786
v -0.100886 2.490237 0.079542
v -0.156510 2.495105 0.050214
v -0.215949 2.500487 0.033676
v -0.076736 2.908410 0.048358
v -0.041230 2.624218 0.274209
v -0.086221 2.496123 -0.261798
v -0.085026 2.384422 -0.204454
v -0.085581 2.432297 -0.236623
v -0.087854 2.654371 -0.268885
v -0.087677 2.568799 -0.270597
v -0.063432 2.868979 0.150760
v -0.082482 2.890881 -0.075725
v -0.087385 2.754999 -0.238754
v -0.050473 2.714264 0.269631
v -0.057426 2.799062 0.228939
v -0.085134 2.833659 -0.172363
v -0.004657 2.218093 -0.095518
v -0.031594 2.187454 0.037787
v -0.049846 2.192881 0.026571
v -0.065131 2.196297 0.004009
v -0.070524 2.200381 -0.022969
v -0.065279 2.204687 -0.050550
v -0.050253 2.208678 -0.075270
v -0.027517 2.211561 -0.089896
v -0.028130 2.249931 0.047717
v -0.052035 2.252044 0.031739
v -0.068203 2.255471 0.007643
v -0.074154 2.260085 -0.020197
v -0.068973 2.265399 -0.047766
v -0.053507 2.270417 -0.071299
v -0.029726 2.273951 -0.087858
v -0.041702 2.264501 0.066444
v -0.070212 2.267810 0.042713
v -0.091990 2.273593 0.009740
v -0.098695 2.279769 -0.027134
v -0.090467 2.285972 -0.060969
v -0.070336 2.291841 -0.090703
v -0.039391 2.296047 -0.108209
v -0.060361 2.320148 -0.139691
v -0.106772 2.316257 -0.119914
v -0.137231 2.311153 -0.089458
v -0.156790 2.305136 -0.047751
v -0.157737 2.293142 0.018084
v -0.214225 2.328007 0.132714
v -0.145303 2.334236 0.182392
v -0.063591 2.328412 0.213400
v -0.238005 2.324132 0.074998
v -0.050143 2.326351 0.201193
v -0.055075 2.324095 0.176631
v -0.028716 2.326776 0.175033
v -0.078085 2.348843 -0.173932
v -0.140096 2.346822 -0.151229
v -0.181339 2.344750 -0.114548
v -0.213940 2.341123 -0.070171
v -0.231171 2.331355 0.000143
v -0.108752 2.274746 0.059592
v -0.004542 2.173145 0.042730
v -0.023142 2.173697 0.032048
v -0.026934 2.221661 0.043446
v -0.049783 2.223845 0.028489
v -0.065144 2.227244 0.005773
v -0.070686 2.231548 -0.020918
v -0.065598 2.236291 -0.047700
v -0.050705 2.240718 -0.070833
v -0.027975 2.243866 -0.087603
v -0.258519 2.372773 0.093033
v -0.291274 2.587658 0.059119
v -0.187870 2.851472 0.051167
v -0.118990 2.374600 0.200621
v -0.277814 2.460910 0.059194
v -0.223925 2.619374 0.156369
v -0.184357 2.602481 0.181566
v -0.011617 2.490510 0.251073
v -0.202573 2.370245 0.150267
v -0.284046 2.524061 0.059902
v -0.108001 2.622301 0.239609
v -0.037127 2.587255 0.264475
v -0.027701 2.407279 0.259840
v -0.273216 2.402368 0.060839
v -0.276135 2.616515 0.093211
v -0.162457 2.389386 0.174326
v -0.267940 2.494543 0.086406
v -0.248215 2.465501 0.107180
v -0.239412 2.398073 0.117332
v -0.197392 2.414815 0.147111
v -0.263323 2.430047 0.087456
v -0.043562 2.457548 0.227820
v -0.047699 2.406092 0.235429
v -0.011237 2.447291 0.264469
v -0.075702 2.413670 0.212248
v -0.074747 2.589634 0.247825
v -0.050255 2.523286 0.229448
v -0.016714 2.553084 0.260805
v -0.092469 2.571408 0.228152
v -0.251369 2.595107 0.123492
v -0.256236 2.532652 0.109008
v -0.214123 2.581479 0.152111
v -0.273255 2.561610 0.090746
v -0.220951 2.473531 0.121218
v -0.180507 2.434647 0.150603
v -0.063992 2.462478 0.207822
v -0.091212 2.429507 0.195639
v -0.065317 2.519019 0.213119
v -0.097239 2.556597 0.208385
v -0.233779 2.531166 0.121067
v -0.202495 2.566407 0.147919
v -0.044587 2.263772 0.123987
v -0.138558 2.277577 0.104216
v -0.035755 2.285285 0.209821
v -0.045422 2.268690 0.171755
v -0.229801 2.348333 0.126074
v -0.143051 2.304191 0.171262
v -0.273176 2.745979 0.061723
v -0.032167 2.490233 0.234067
v -0.012834 2.421422 0.287003
v -0.033044 2.432425 0.240001
v -0.047481 2.555794 0.247749
v -0.026948 2.521567 0.245303
v -0.038172 2.917500 0.049229
v -0.022162 2.424850 0.260564
v -0.021090 2.462133 0.242989
v -0.017739 2.389146 0.267964
v -0.094463 2.301565 0.197158
v -0.127194 2.284897 0.157403
v -0.081260 2.282470 0.184794
v -0.152562 2.348377 0.180394
v -0.063790 2.381517 0.229165
v -0.128281 2.406408 0.192275
v -0.130475 2.424002 0.182355
v -0.098284 2.394861 0.205988
v -0.172341 2.290957 0.123797
v -0.093104 2.271177 0.141505
v -0.080098 2.317658 0.209917
v -0.103160 2.351024 0.204407
v -0.039017 2.341201 0.232981
v -0.011639 2.343654 0.249983
v -0.040189 2.319241 0.224679
v -0.014638 2.315317 0.233549
v -0.031814 2.362114 0.249732
v -0.074659 2.358302 0.220737
v -0.058348 2.324727 0.215668
v -0.047192 2.305686 0.220603
v -0.256836 2.347935 0.068342
v -0.035530 2.337568 0.210109
v -0.010702 2.338855 0.217301
v -0.030011 2.321457 0.205322
v -0.010420 2.319393 0.210168
v -0.045606 2.323646 0.201586
v -0.020750 2.322164 0.223059
v -0.021616 2.336104 0.230232
v -0.044716 2.333063 0.217436
v -0.038334 2.323713 0.216024
v -0.043288 2.343513 0.182986
v -0.012086 2.346920 0.187643
v -0.035406 2.312089 0.178472
v -0.011591 2.310393 0.181713
v -0.049383 2.316453 0.176857
v -0.021649 2.315025 0.191569
v -0.024397 2.344693 0.198058
v -0.051650 2.338034 0.192189
v -0.041571 2.317029 0.188750
v -0.026520 2.316223 0.174843
v -0.115679 2.894270 0.048122
v -0.020610 2.624482 0.281066
v -0.043248 2.497697 -0.276849
v -0.304319 2.615877 0.019333
v -0.043076 2.384650 -0.215272
v -0.286987 2.707758 0.060971
v -0.043074 2.432567 -0.249486
v -0.298492 2.554931 0.022711
v -0.194826 2.491193 -0.202183
v -0.128753 2.650661 -0.252706
v -0.184775 2.385349 -0.157837
v -0.190064 2.432250 -0.183678
v -0.129769 2.565445 -0.254585
v -0.161082 2.406465 -0.193503
v -0.166717 2.526149 -0.233379
v -0.163347 2.460763 -0.219640
v -0.167167 2.602192 -0.235710
v -0.259257 2.630292 -0.143758
v -0.254401 2.554928 -0.147693
v -0.285292 2.490120 -0.064374
v -0.260953 2.384462 -0.049551
v -0.274533 2.434889 -0.058057
v -0.281400 2.589498 -0.109921
v -0.263402 2.461670 -0.104824
v -0.274112 2.520165 -0.111094
v -0.254650 2.411815 -0.092695
v -0.299501 2.620648 -0.065575
v -0.294826 2.554141 -0.067145
v -0.289881 2.490899 0.024589
v -0.270546 2.376682 0.029177
v -0.282877 2.431969 0.025709
v -0.277283 2.406135 -0.012134
v -0.297376 2.522249 -0.018884
v -0.287953 2.461094 -0.015873
v -0.305285 2.587361 -0.022021
v -0.272410 2.723688 0.081205
v -0.249313 2.765102 0.087669
v -0.254069 2.733811 0.102408
v -0.262821 2.710357 0.101153
v -0.200385 2.646156 0.183468
v -0.142704 2.864487 0.098191
v -0.219228 2.776788 0.120149
v -0.093099 2.663292 0.254951
v -0.097192 2.858031 0.146045
v -0.289885 2.724969 0.040850
v -0.270192 2.764458 0.030749
v -0.289505 2.734165 0.014440
v -0.297721 2.712397 0.015226
v -0.282683 2.657340 -0.101707
v -0.161304 2.871363 -0.008018
v -0.257719 2.778510 -0.015357
v -0.165956 2.693266 -0.223575
v -0.125061 2.875576 -0.072256
v -0.293926 2.638816 0.057740
v -0.254958 2.640294 0.125440
v -0.212212 2.696917 0.166963
v -0.108351 2.745304 0.236010
v -0.306458 2.643574 -0.020415
v -0.281413 2.705297 -0.074670
v -0.165337 2.773798 -0.181244
v -0.302919 2.660252 0.022344
v -0.044329 2.759757 -0.247898
v -0.200132 2.725326 -0.185330
v -0.297416 2.673368 -0.053982
v -0.277639 2.658545 0.091118
v -0.075824 2.710941 0.261358
v -0.179977 2.681516 0.201785
v -0.232992 2.666030 0.151735
v -0.292051 2.675189 0.058679
v -0.258736 2.679605 0.116372
v -0.302710 2.682842 -0.006876
v -0.227573 2.737208 0.132335
v -0.122557 2.814322 0.178727
v -0.280780 2.738348 -0.027344
v -0.166221 2.832496 -0.110514
v -0.240655 2.704857 0.130718
v -0.195046 2.734260 0.168918
v -0.086332 2.791819 0.221427
v -0.294941 2.707834 -0.024619
v -0.201127 2.784563 -0.130199
v -0.042805 2.841786 -0.178087
v -0.298374 2.693056 0.032302
v -0.277181 2.691743 0.085254
v -0.217269 2.468351 0.077753
v -0.174526 2.425746 0.108785
v -0.051616 2.458788 0.166515
v -0.083591 2.420776 0.156516
v -0.050567 2.522597 0.173409
v -0.085859 2.561007 0.162043
v -0.225585 2.534425 0.077234
v -0.192145 2.574064 0.101488
v -0.124604 2.413943 0.143286
v -0.107845 2.421263 0.170650
v -0.071387 2.437166 0.181675
v -0.228172 2.501055 0.095366
v -0.199689 2.447137 0.112961
v -0.169465 2.576082 0.140969
v -0.220191 2.559142 0.110086
v -0.053149 2.490760 0.192485
v -0.071929 2.544000 0.194152
v -0.150756 2.421363 0.150400
v -0.228059 2.466790 0.040781
v -0.182977 2.425659 0.065207
v -0.039033 2.457685 0.136345
v -0.076340 2.420901 0.121185
v -0.039253 2.523482 0.140143
v -0.077702 2.558563 0.119416
v -0.231170 2.532974 0.041277
v -0.190880 2.569939 0.060489
v -0.124649 2.414083 0.097236
v -0.059631 2.430480 0.142800
v -0.038525 2.491215 0.151592
v -0.213009 2.562307 0.067117
v -0.228458 2.499377 0.053810
v -0.101449 2.411224 0.131704
v -0.203763 2.438357 0.068783
v -0.160833 2.579160 0.094862
v -0.060772 2.550120 0.149962
v -0.149178 2.411080 0.104945
v -0.241803 2.796460 0.058444
v -0.162504 2.621040 0.205953
v -0.145689 2.587574 0.198112
v -0.144437 2.572085 0.181710
v -0.246331 2.489468 -0.144511
v -0.229203 2.388191 -0.113481
v -0.237264 2.435335 -0.131526
v -0.200127 2.641327 -0.208602
v -0.199035 2.559547 -0.208586
v -0.165461 2.823495 0.134450
v -0.201105 2.832763 -0.051080
v -0.259078 2.697723 -0.126347
v -0.127076 2.698875 0.237443
v -0.143134 2.767549 0.199389
v -0.260234 2.741392 -0.079740
v -0.136111 2.576690 0.132946
v -0.130698 2.570095 0.088336
v -0.106301 2.571048 0.124739
v -0.114867 2.569871 0.171824
v -0.233460 2.786135 -0.072405
v -0.182115 2.778122 0.158243
v -0.161003 2.722565 0.207149
v -0.231970 2.739431 -0.137602
v -0.231259 2.676208 -0.173912
v -0.226176 2.820466 0.011251
v -0.144344 2.655026 0.225879
v -0.207430 2.817518 0.094157
v -0.229460 2.595523 -0.178757
v -0.217003 2.460559 -0.167344
v -0.224149 2.522110 -0.177407
v -0.211800 2.409333 -0.147220
v -0.124037 2.598684 0.220130
v -0.053912 2.524709 0.121498
v -0.101740 2.534887 0.086170
v -0.158608 2.541631 0.056410
v -0.217041 2.535792 0.037790
v -0.053672 2.454611 0.120491
v -0.100220 2.445511 0.089729
v -0.154337 2.448139 0.061148
v -0.214029 2.464749 0.038122
v -0.188403 2.498377 0.040446
v -0.127454 2.492198 0.062969
v -0.075444 2.489455 0.099565
v -0.037788 2.490326 0.130091
v -0.231546 2.500347 0.031273
v -0.062052 2.623703 0.264936
v -0.127996 2.494351 -0.246376
v -0.124376 2.384252 -0.192913
v -0.126381 2.431841 -0.223409
v -0.044546 2.657152 -0.280754
v -0.044096 2.572040 -0.285324
v -0.031237 2.876141 0.154348
v -0.040821 2.901404 -0.075921
v -0.128038 2.747553 -0.225009
v -0.025214 2.716143 0.275520
v -0.028657 2.803509 0.234071
v -0.126379 2.821146 -0.162614
v -0.083846 2.865526 -0.128378
v -0.059725 2.836390 0.193495
v -0.054433 2.758283 0.254510
v -0.086415 2.797463 -0.209579
v -0.087777 2.705171 -0.258345
v -0.080610 2.906415 -0.013961
v -0.045834 2.667938 0.275996
v -0.070034 2.894608 0.102840
v -0.085631 2.406392 -0.220562
v -0.087006 2.531438 -0.267734
v -0.085720 2.462633 -0.251011
v -0.087893 2.609098 -0.271875
v -0.014150 2.191444 0.043543
v -0.039739 2.191184 0.034700
v -0.058610 2.194474 0.016057
v -0.069145 2.198284 -0.009161
v -0.069209 2.202535 -0.036919
v -0.058876 2.206768 -0.063579
v -0.039697 2.210311 -0.083673
v -0.014677 2.213031 -0.093780
v -0.014338 2.249385 0.051907
v -0.040848 2.250814 0.040969
v -0.061268 2.253599 0.020442
v -0.072549 2.257649 -0.006069
v -0.072937 2.262708 -0.034259
v -0.062406 2.268021 -0.060244
v -0.042554 2.272434 -0.080584
v -0.015294 2.274926 -0.093294
v -0.027067 2.236838 0.044802
v -0.049815 2.208363 0.027541
v -0.065138 2.211771 0.004915
v -0.070605 2.215964 -0.021902
v -0.065438 2.220489 -0.049027
v -0.050479 2.224698 -0.072947
v -0.027746 2.227713 -0.088749
v -0.022080 2.263419 0.073050
v -0.057217 2.265870 0.056154
v -0.082305 2.270501 0.027061
v -0.097445 2.276692 -0.008681
v -0.096223 2.282868 -0.044615
v -0.081795 2.289022 -0.076304
v -0.056165 2.294236 -0.100706
v -0.020317 2.297212 -0.113298
v -0.031671 2.259228 0.054003
v -0.057754 2.261478 0.035864
v -0.075751 2.265262 0.008872
v -0.082240 2.270288 -0.022017
v -0.076363 2.276079 -0.052168
v -0.059305 2.281598 -0.077988
v -0.033046 2.285498 -0.096486
v -0.049205 2.307515 -0.123002
v -0.087290 2.303277 -0.104337
v -0.112150 2.297527 -0.075992
v -0.125235 2.291211 -0.036408
v -0.061642 2.266503 0.086397
v -0.070397 2.333851 -0.157110
v -0.124922 2.330732 -0.135930
v -0.160957 2.326818 -0.102142
v -0.187355 2.321621 -0.059989
v -0.148704 2.308432 -0.070262
v -0.123556 2.313774 -0.106207
v -0.085725 2.318437 -0.131010
v -0.031205 2.321304 -0.146461
v -0.160128 2.300610 -0.019912
v -0.171992 2.290848 0.057821
v -0.199972 2.311527 0.007659
v -0.119526 2.282600 0.010499
v -0.190931 2.310874 0.140620
v -0.132701 2.322388 0.186443
v -0.064717 2.332930 0.214330
v -0.210081 2.304306 0.083531
v -0.050844 2.330474 0.202785
v -0.056800 2.333487 0.178864
v -0.028433 2.338915 0.178038
v -0.082789 2.365487 -0.189307
v -0.151341 2.364686 -0.165184
v -0.197135 2.365017 -0.125454
v -0.234541 2.363748 -0.078551
v -0.253455 2.354598 -0.005581
v -0.224072 2.336692 -0.037944
v -0.236743 2.326666 0.038994
v -0.040134 2.349604 -0.182775
v -0.199085 2.343549 -0.094663
v -0.162425 2.345771 -0.134101
v -0.111845 2.347884 -0.163755
v -0.013753 2.326608 0.177151
v -0.044594 2.325297 0.173514
v -0.055039 2.324915 0.187377
v -0.049294 2.326971 0.211781
v -0.231359 2.324810 0.105615
v -0.185041 2.332193 0.158504
v -0.099821 2.331936 0.202329
v -0.128021 2.280602 0.045650
v -0.090426 2.272061 0.052030
v -0.106262 2.272295 0.079413
v -0.013842 2.171000 0.036296
v -0.027596 2.180506 0.034687
v -0.000577 2.180319 0.045858
v -0.027341 2.205913 0.042036
v -0.050041 2.238982 0.029604
v -0.065531 2.242378 0.006627
v -0.071180 2.246802 -0.020135
v -0.066139 2.251781 -0.046798
v -0.051225 2.256445 -0.069627
v -0.028366 2.259741 -0.085702
v -0.000591 2.229806 -0.095425
v -0.013731 2.221073 0.047182
v -0.014358 2.244745 -0.091595
v -0.040196 2.242509 -0.080199
v -0.059264 2.238603 -0.059920
v -0.069451 2.233905 -0.034543
v -0.069228 2.229307 -0.007317
v -0.058573 2.225411 0.017868
v -0.039101 2.222584 0.037168
v -0.274932 2.590887 0.092469
v -0.152543 2.602927 0.203020
v -0.265399 2.461644 0.086080
v -0.202646 2.393516 0.147133
v -0.262205 2.400351 0.089519
v -0.031704 2.458735 0.234994
v -0.032544 2.415463 0.247810
v -0.127174 2.391217 0.195146
v -0.038653 2.523029 0.237557
v -0.219160 2.598584 0.154215
v -0.270968 2.528542 0.088109
v -0.042194 2.274708 0.191486
v -0.013928 2.520360 0.256406
v -0.011695 2.433242 0.282097
v -0.010935 2.466107 0.253899
v -0.015723 2.407945 0.280194
v -0.114765 2.292443 0.178058
v -0.103588 2.340769 0.201979
v -0.070846 2.399291 0.219945
v -0.135000 2.279578 0.133090
v -0.047332 2.265137 0.149551
v -0.100135 2.360622 0.208230
v -0.015207 2.364282 0.259134
v -0.051010 2.359346 0.235467
v -0.166770 2.317221 0.164520
v -0.024770 2.301096 0.226190
v -0.205176 2.305974 0.114337
v -0.065481 2.311312 0.215128
v -0.010590 2.321146 0.226172
v -0.010380 2.336254 0.234529
v -0.049651 2.329943 0.213160
v -0.030085 2.322918 0.219554
v -0.033965 2.335103 0.223962
v -0.010834 2.313568 0.193740
v -0.011271 2.344963 0.200702
v -0.056547 2.331747 0.189159
v -0.032194 2.315752 0.189890
v -0.039663 2.342449 0.195057
v -0.045569 2.336500 0.176207
v -0.013224 2.339283 0.180272
v -0.126071 2.851156 -0.121837
v -0.044393 2.612116 -0.285314
v -0.043054 2.463381 -0.265105
v -0.043655 2.534053 -0.283027
v -0.043202 2.406517 -0.232342
v -0.188511 2.407530 -0.170908
v -0.197259 2.523963 -0.206525
v -0.192191 2.460379 -0.194421
v -0.199895 2.598846 -0.211835
v -0.298041 2.588095 -0.067068
v -0.279811 2.461536 -0.061576
v -0.290435 2.521140 -0.066231
v -0.269290 2.409441 -0.054044
v -0.278262 2.403955 0.026810
v -0.294105 2.522531 0.023956
v -0.286360 2.460803 0.025072
v -0.302188 2.586815 0.020732
v -0.263317 2.742532 0.083689
v -0.228713 2.642731 0.156040
v -0.177260 2.842604 0.096374
v -0.118085 2.659477 0.241753
v -0.034676 2.902758 0.104918
v -0.022848 2.668943 0.282661
v -0.276194 2.707259 0.082310
v -0.282545 2.742630 0.037756
v -0.298927 2.649433 -0.061733
v -0.196196 2.847518 -0.000109
v -0.200119 2.685233 -0.200570
v -0.039981 2.916523 -0.013382
v -0.044568 2.708592 -0.268783
v -0.294905 2.708787 0.037992
v -0.304323 2.640177 0.019809
v -0.043713 2.803856 -0.217354
v -0.200393 2.757363 -0.161220
v -0.296106 2.692214 -0.041167
v -0.277090 2.638937 0.092766
v -0.027240 2.761340 0.259999
v -0.134832 2.734894 0.222932
v -0.236532 2.686749 0.142730
v -0.246597 2.720753 0.117488
v -0.153622 2.797637 0.169146
v -0.029550 2.842275 0.198103
v -0.293287 2.722034 -0.006033
v -0.202082 2.810508 -0.094155
v -0.041761 2.875237 -0.131092
v -0.300937 2.677347 0.026716
v -0.277603 2.675851 0.088440
v -0.088604 2.425467 0.176164
v -0.217127 2.471811 0.100372
v -0.198111 2.570835 0.124725
v -0.057683 2.520558 0.194096
v -0.175510 2.431026 0.131546
v -0.127433 2.419530 0.165883
v -0.091477 2.560091 0.185561
v -0.058624 2.460599 0.187643
v -0.229604 2.533667 0.099480
v -0.044473 2.457123 0.147011
v -0.226033 2.534609 0.057652
v -0.079527 2.416646 0.140468
v -0.221357 2.465231 0.057429
v -0.189471 2.576113 0.080120
v -0.044928 2.524561 0.156818
v -0.177146 2.421021 0.086511
v -0.123999 2.409002 0.120193
v -0.081906 2.564032 0.138670
v -0.132714 2.576439 0.109901
v -0.141096 2.575276 0.156825
v -0.260265 2.760861 -0.049383
v -0.206443 2.757193 0.145949
v -0.186879 2.709371 0.188483
v -0.259496 2.721524 -0.106197
v -0.259397 2.666597 -0.138149
v -0.251170 2.791520 0.021793
v -0.171951 2.650409 0.206650
v -0.231112 2.790867 0.091284
v -0.257461 2.592172 -0.146620
v -0.241393 2.461181 -0.139092
v -0.250704 2.520622 -0.147200
v -0.234509 2.411352 -0.122688
v -0.098056 2.592865 0.234984
v -0.040365 2.515528 0.130715
v -0.075360 2.448052 0.106026
v -0.125934 2.445303 0.074759
v -0.186215 2.454901 0.048326
v -0.230458 2.525644 0.033938
v -0.190285 2.541320 0.045708
v -0.129031 2.538830 0.069764
v -0.075962 2.530912 0.104994
v -0.040255 2.464896 0.129346
v -0.228441 2.475125 0.033509
v -0.090913 2.827237 0.186972
v -0.081514 2.753077 0.246556
v -0.127170 2.787402 -0.197521
v -0.128425 2.700022 -0.243117
v -0.121900 2.891276 -0.012494
v -0.069135 2.666108 0.266548
v -0.106404 2.881944 0.100337
v -0.126015 2.406226 -0.208291
v -0.129139 2.528721 -0.251898
v -0.126987 2.461642 -0.236595
v -0.129423 2.605700 -0.255593
v -0.018783 2.586758 0.270212
v -0.055086 2.588039 0.259342
v -0.039296 2.237740 0.038398
v -0.058896 2.240535 0.018844
v -0.069674 2.244483 -0.006527
v -0.069978 2.249269 -0.033720
v -0.059802 2.254219 -0.058897
v -0.040678 2.258324 -0.078642
v -0.014577 2.260656 -0.090928
v -0.013798 2.236271 0.048713
v -0.016243 2.258632 0.058826
v -0.045585 2.260161 0.046307
v -0.067982 2.263191 0.023176
v -0.080551 2.267642 -0.006393
v -0.080803 2.273141 -0.037430
v -0.069105 2.278957 -0.065806
v -0.047232 2.283824 -0.088455
v -0.017019 2.286570 -0.100981
v -0.025424 2.308720 -0.128859
v -0.119860 2.364999 -0.178433
v -0.176084 2.364718 -0.145785
v -0.217341 2.365176 -0.104471
v -0.033376 2.264130 0.096581
v -0.120415 2.294491 -0.056502
v -0.101207 2.300497 -0.091298
v -0.069953 2.305674 -0.114917
v -0.036339 2.334853 -0.164902
v -0.257512 2.350441 0.033219
v -0.125543 2.287400 -0.013607
v -0.194563 2.317041 -0.028932
v -0.246220 2.359687 -0.044427
v -0.206928 2.306736 0.046788
v -0.042243 2.365961 -0.199159
v -0.175704 2.324665 -0.083079
v -0.144556 2.328818 -0.121376
v -0.100192 2.332453 -0.147700
v -0.012905 2.315454 0.176862
v -0.040386 2.315774 0.173597
v -0.049511 2.319787 0.187443
v -0.045097 2.324944 0.213073
v -0.248861 2.347340 0.098423
v -0.196847 2.349880 0.153885
v -0.091742 2.324402 0.205308
v -0.105415 2.276814 0.032767
v -0.138023 2.279367 0.072372
v -0.078418 2.268924 0.070317
v -0.013923 2.180337 0.040286
v -0.013838 2.205659 0.045766
v -0.014320 2.228671 -0.092740
v -0.039946 2.226410 -0.082573
v -0.059070 2.222686 -0.061525
v -0.069330 2.218220 -0.035671
v -0.069186 2.213795 -0.008207
v -0.058591 2.209942 0.016978
v -0.039228 2.207016 0.036087
vn -0.0000 0.1111 0.9938
vn 0.9475 -0.2701 0.1714
vn -0.0000 -0.1555 0.9878
vn 0.9339 -0.0370 0.3555
vn -0.0000 0.0341 0.9994
vn 0.4975 -0.0161 0.8673
vn 0.9336 -0.0985 0.3444
vn 0.5986 -0.2507 0.7608
vn -0.0000 0.7327 0.6805
vn 0.7310 -0.0390 0.6812
vn 0.9281 -0.0992 0.3589
vn 0.4663 -0.2015 0.8614
vn -0.0000 -0.2102 0.9777
vn 0.6712 -0.0159 0.7411
vn 0.9519 -0.0738 0.2973
vn 0.7625 -0.1013 0.6390
vn 0.4534 -0.5144 0.7279
vn 0.5094 0.2182 0.8324
vn 0.6151 -0.0856 0.7838
vn 0.6455 -0.0928 0.7581
vn 0.6358 0.0747 0.7682
vn 0.6249 0.2153 0.7504
vn 0.5247 -0.4273 0.7362
vn 0.6604 -0.1752 0.7302
vn 0.1586 -0.9257 0.3434
vn 0.1757 0.8469 0.5020
vn 0.9619 -0.0422 0.2701
vn -0.4341 0.0995 0.8954
vn -0.0840 0.6907 0.7182
vn 0.7803 0.5113 0.3600
vn 0.7322 -0.6456 0.2172
vn -0.0781 -0.7236 0.6858
vn 0.3617 -0.9322 0.0150
vn -0.0000 -1.0000 -0.0078
vn -0.0000 -0.9751 0.2216
vn -0.0000 -0.7472 0.6646
vn -0.0000 -0.5694 0.8221
vn 0.1516 -0.9884 0.0118
vn 0.4282 -0.3639 0.8272
vn 0.4416 -0.7530 0.4878
vn -0.0000 0.9913 0.1316
vn 0.6378 -0.0818 0.7659
vn 0.8911 0.1628 0.4237
vn 0.7915 0.2805 0.5431
vn 0.4179 -0.3097 0.8541
vn 0.3238 -0.6272 0.7083
vn 0.2446 -0.9154 0.3198
vn 0.4643 0.0583 0.8837
vn 0.3838 0.3280 0.8632
vn 0.2645 0.8863 0.3801
vn -0.0000 -0.6375 0.7705
vn -0.0000 0.2415 0.9704
vn 0.3302 -0.5196 0.7880
vn 0.1949 0.5614 0.8043
vn 0.3262 -0.6933 0.6427
vn 0.2386 0.3675 0.8989
vn -0.0000 -0.9747 -0.2234
vn -0.0000 0.9756 -0.2196
vn -0.5449 -0.7895 -0.2826
vn -0.2074 0.9481 -0.2410
vn -0.1279 -0.9562 -0.2632
vn -0.1488 0.9639 -0.2209
vn -0.0000 -0.9587 0.2843
vn -0.0000 0.9782 0.2077
vn -0.6012 -0.7806 0.1706
vn -0.2925 0.9559 -0.0279
vn -0.0465 -0.9451 0.3234
vn -0.0330 0.9673 0.2516
vn 0.8051 0.5208 0.2839
vn 0.4969 0.8553 0.1470
vn 0.8732 0.3062 0.3792
vn -0.0000 -0.5089 -0.8608
vn -0.0000 -0.0088 -1.0000
vn -0.0000 -0.2456 -0.9694
vn -0.0000 0.1857 -0.9826
vn -0.0000 -0.6482 -0.7614
vn 0.5329 -0.2034 -0.8214
vn 0.5312 0.1136 -0.8396
vn 0.4320 -0.5675 -0.7010
vn 0.4892 -0.3979 -0.7761
vn 0.5446 -0.0465 -0.8374
vn 0.8904 0.0347 -0.4539
vn 0.8877 -0.0898 -0.4516
vn 0.8764 -0.2032 -0.4366
vn 0.7899 -0.4461 -0.4208
vn 0.8582 -0.2595 -0.4429
vn 0.9983 -0.0161 -0.0567
vn 0.9921 -0.1198 -0.0365
vn 0.9869 -0.1548 -0.0463
vn 0.8970 -0.4159 -0.1497
vn 0.9774 -0.1888 -0.0953
vn 0.7896 0.2620 0.5549
vn 0.7341 0.3596 0.5760
vn 0.4516 0.7027 0.5498
vn -0.0000 0.8358 0.5491
vn 0.9363 0.3360 0.1021
vn 0.8435 0.5295 -0.0898
vn 0.5312 0.7980 -0.2848
vn -0.0000 0.9462 -0.3235
vn 0.9366 0.0395 0.3481
vn 0.8032 0.0588 0.5928
vn 0.6906 0.0724 0.7196
vn 0.4496 0.1282 0.8840
vn -0.0000 0.2366 0.9716
vn 0.9920 0.1139 -0.0537
vn 0.8855 0.2464 -0.3938
vn 0.5345 0.4006 -0.7442
vn -0.0000 0.4811 -0.8767
vn 0.9226 0.1085 0.3702
vn 0.7944 0.1831 0.5791
vn 0.9836 0.1801 -0.0085
vn 0.7149 0.2771 0.6419
vn 0.4791 0.4980 0.7228
vn -0.0000 0.6001 0.7999
vn 0.8651 0.4134 -0.2841
vn 0.5427 0.6445 -0.5387
vn -0.0000 0.7729 -0.6346
vn -0.0715 -0.9960 -0.0531
vn -0.3347 0.9211 -0.1987
vn 0.9405 0.0446 -0.3370
vn -0.9920 0.1216 -0.0337
vn -0.7501 0.6333 -0.1907
vn 0.6594 0.6780 -0.3247
vn 0.6711 -0.6936 -0.2618
vn -0.7250 -0.6869 0.0496
vn 0.0824 0.9616 -0.2618
vn 0.2542 -0.7713 0.5835
vn 0.1030 0.8318 0.5454
vn 0.9974 0.0098 -0.0709
vn -0.9985 0.0533 -0.0107
vn -0.4860 0.7434 0.4595
vn 0.7398 0.6174 0.2674
vn 0.7283 -0.6242 0.2827
vn -0.4932 -0.7048 0.5099
vn 0.3692 0.7866 0.4950
vn 0.6894 0.6991 0.1894
vn 0.5078 -0.2750 0.8164
vn 0.5351 -0.5262 0.6609
vn 0.4161 -0.8799 0.2295
vn 0.7289 -0.1941 -0.6565
vn 0.6309 -0.4972 -0.5956
vn 0.7078 -0.3210 -0.6293
vn 0.7426 0.0477 -0.6680
vn 0.7388 -0.0684 -0.6704
vn 0.6230 0.5360 0.5698
vn 0.7391 0.6434 -0.1995
vn 0.7357 0.3313 -0.5908
vn 0.5751 0.0872 0.8134
vn 0.6259 0.3725 0.6852
vn 0.7400 0.5342 -0.4086
vn 0.2349 -0.9682 -0.0860
vn 0.4637 -0.7289 0.5037
vn 0.6126 -0.0091 0.7903
vn 0.5593 0.0238 0.8286
vn 0.3585 0.0262 0.9332
vn 0.2220 -0.0060 0.9750
vn 0.2876 0.9491 0.1283
vn 0.3297 -0.1666 0.9293
vn 0.3187 -0.2298 -0.9196
vn 0.2093 -0.6066 -0.7670
vn 0.2616 -0.4636 -0.8465
vn 0.3213 0.1345 -0.9374
vn 0.3340 -0.0471 -0.9414
vn 0.2806 0.7928 0.5411
vn 0.2887 0.9022 -0.3205
vn 0.2984 0.4521 -0.8406
vn 0.2908 0.1959 0.9365
vn 0.2828 0.5756 0.7673
vn 0.2905 0.7364 -0.6110
vn 0.2010 0.0729 -0.9769
vn -0.0000 -0.1499 0.9887
vn 0.3348 -0.2110 0.9184
vn 0.7009 -0.0429 0.7120
vn 0.9211 -0.0236 0.3886
vn 1.0000 -0.0053 0.0085
vn 0.9335 0.0275 -0.3575
vn 0.7354 0.0707 -0.6740
vn 0.3794 0.0609 -0.9232
vn -0.0000 -0.3901 -0.9208
vn -0.0000 -0.4536 0.8912
vn 0.3626 -0.4341 0.8247
vn 0.6703 -0.4223 0.6103
vn 0.8531 -0.4265 0.3006
vn 0.8957 -0.4397 -0.0655
vn 0.7985 -0.4384 -0.4126
vn 0.6011 -0.4281 -0.6748
vn 0.3474 -0.4120 -0.8424
vn -0.0000 -0.7961 -0.6051
vn -0.0000 -0.9933 0.1157
vn 0.1376 -0.9827 0.1242
vn 0.2842 -0.9552 0.0826
vn 0.3783 -0.9256 -0.0138
vn 0.3905 -0.9041 -0.1737
vn 0.3312 -0.8865 -0.3231
vn 0.2422 -0.8567 -0.4555
vn 0.1397 -0.8050 -0.5766
vn 0.1182 -0.8214 -0.5580
vn -0.0000 -0.8241 -0.5665
vn 0.2166 -0.8487 -0.4826
vn 0.3263 -0.8760 -0.3552
vn 0.3578 -0.9055 -0.2282
vn 0.3180 -0.9353 -0.1550
vn 0.6526 -0.4411 0.6161
vn 0.4601 -0.1651 0.8724
vn 0.1607 -0.0037 0.9870
vn 0.6947 -0.7176 0.0495
vn -0.7808 0.5690 -0.2580
vn -0.7724 0.2816 0.5693
vn 0.1086 -0.1406 0.9841
vn -0.0000 -0.1271 0.9919
vn 0.1596 -0.7347 -0.6593
vn -0.0000 -0.7553 -0.6554
vn 0.3225 -0.7386 -0.5921
vn 0.4755 -0.7382 -0.4785
vn 0.5568 -0.7592 -0.3371
vn 0.6003 -0.7757 -0.1946
vn 0.1902 -0.9767 -0.0990
vn 0.4311 -0.2697 0.8610
vn 0.3994 -0.4419 0.8032
vn 0.3688 -0.0800 0.9260
vn 0.7067 -0.0530 0.7055
vn 0.9223 -0.0341 0.3849
vn 0.9998 -0.0187 0.0054
vn 0.9288 0.0064 -0.3706
vn 0.7336 0.0535 -0.6774
vn 0.4048 0.0759 -0.9112
vn -0.0000 -0.0992 0.9951
vn -0.0000 0.0557 -0.9984
vn -0.0000 0.5982 0.8013
vn 0.8836 -0.1561 0.4415
vn 0.9303 -0.0725 0.3595
vn 0.5966 0.7860 0.1620
vn -0.0000 -0.1235 0.9923
vn 0.4643 -0.0032 0.8857
vn 0.9412 -0.0782 0.3287
vn 0.6740 -0.1794 0.7166
vn 0.5381 -0.3600 0.7622
vn 0.6921 -0.0315 0.7211
vn -0.0000 0.4061 0.9138
vn 0.5908 0.0200 0.8066
vn 0.9289 -0.1104 0.3536
vn 0.4801 -0.2377 0.8444
vn 0.3270 -0.2917 0.8989
vn 0.8193 0.0866 0.5667
vn 0.9621 -0.1249 0.2425
vn 0.8555 -0.0510 0.5152
vn 0.5282 0.1021 0.8430
vn 0.8503 -0.0940 0.5178
vn 0.6384 -0.0262 0.7693
vn 0.7022 0.0580 0.7096
vn 0.5451 0.1837 0.8180
vn 0.8460 -0.0219 0.5327
vn 0.6236 0.0763 0.7780
vn 0.6563 0.2406 0.7151
vn 0.8480 0.3328 0.4124
vn 0.5114 0.3008 0.8050
vn 0.4822 -0.3139 0.8179
vn 0.5865 -0.3168 0.7454
vn 0.3845 -0.2335 0.8931
vn 0.5466 -0.4779 0.6876
vn 0.7309 -0.1307 0.6699
vn 0.6615 -0.1263 0.7392
vn 0.5138 -0.3739 0.7721
vn 0.8437 -0.0886 0.5294
vn -0.3099 0.4253 0.8503
vn 0.0465 0.8200 0.5705
vn 0.9269 0.2252 0.3001
vn 0.5020 0.7751 0.3837
vn 0.9032 -0.3751 0.2088
vn 0.5728 -0.7868 0.2300
vn -0.3541 -0.2954 0.8874
vn 0.0507 -0.8974 0.4383
vn 0.0984 -0.9951 0.0016
vn -0.0000 -0.9955 0.0945
vn -0.0000 -0.9087 0.4175
vn -0.0000 -0.4518 0.8921
vn -0.0000 -0.3902 0.9207
vn 0.2505 -0.9678 0.0230
vn 0.2653 -0.7046 0.6581
vn 0.1763 -0.9529 0.2467
vn 0.7204 -0.2264 0.6556
vn 0.4490 -0.5725 0.6861
vn 0.8366 0.4297 0.3399
vn 0.5824 -0.0855 0.8084
vn 0.8685 0.0552 0.4926
vn 0.6980 0.2245 0.6800
vn 0.4386 -0.3704 0.8188
vn 0.5581 -0.2369 0.7952
vn 0.2023 0.9710 0.1274
vn 0.8569 0.2978 0.4207
vn 0.7061 0.1258 0.6969
vn 0.5877 -0.3170 0.7444
vn 0.3888 -0.5023 0.7723
vn 0.3402 -0.8481 0.4061
vn 0.2943 -0.8039 0.5168
vn 0.4784 -0.0962 0.8729
vn 0.5513 0.0605 0.8321
vn 0.4026 0.2829 0.8706
vn 0.2309 0.8689 0.4379
vn 0.4241 0.2408 0.8730
vn 0.4080 -0.8797 0.2444
vn 0.1942 -0.9694 0.1498
vn 0.3756 -0.0633 0.9246
vn -0.0000 -0.4811 0.8767
vn 0.4239 -0.2191 0.8788
vn 0.3520 -0.6720 0.6515
vn 0.2658 -0.6877 0.6756
vn 0.2454 0.4694 0.8482
vn 0.2113 0.3154 0.9251
vn 0.5190 -0.3149 0.7946
vn 0.4521 -0.2270 0.8626
vn 0.1149 0.4832 0.8679
vn 0.3296 -0.3539 0.8753
vn 0.8640 -0.4930 0.1022
vn -0.2618 -0.9254 -0.2740
vn -0.0345 -0.9680 -0.2486
vn -0.1360 0.9633 -0.2312
vn -0.1874 0.9567 -0.2228
vn -0.4103 0.8799 -0.2395
vn -0.0235 0.9681 0.2493
vn -0.0000 0.9456 0.3254
vn -0.0000 -0.9799 0.1997
vn 0.0470 -0.9873 0.1515
vn -0.1211 -0.9566 0.2652
vn -0.0720 0.9812 0.1790
vn -0.2382 -0.9229 0.3026
vn 0.0638 -0.9447 0.3216
vn -0.0788 0.9782 0.1920
vn -0.0897 0.9577 0.2736
vn -0.5540 0.7208 0.4166
vn -0.1488 0.9368 -0.3167
vn -0.0000 0.9522 -0.3056
vn -0.0000 -0.9655 -0.2604
vn -0.1307 -0.9597 -0.2488
vn -0.6333 -0.7133 -0.3003
vn -0.2644 0.8991 -0.3489
vn 0.1017 0.3616 0.9268
vn -0.0000 0.3959 0.9183
vn 0.3930 0.9095 0.1353
vn 0.2737 -0.1605 0.9483
vn 0.3099 -0.2369 -0.9208
vn -0.0000 -0.1054 -0.9944
vn -0.0000 0.0793 -0.9968
vn 0.9859 -0.0321 0.1645
vn 0.1876 -0.6274 -0.7558
vn 0.9047 0.1818 0.3852
vn -0.0000 -0.3933 -0.9194
vn -0.0000 -0.5929 -0.8053
vn 0.2498 -0.4864 -0.8373
vn 0.9779 -0.1128 0.1763
vn 0.6820 -0.1908 -0.7061
vn 0.4247 0.1215 -0.8971
vn 0.5769 -0.5286 -0.6227
vn 0.6517 -0.3478 -0.6740
vn 0.4020 -0.0447 -0.9145
vn 0.4633 -0.4857 -0.7412
vn 0.5457 -0.1101 -0.8307
vn 0.5133 -0.3038 -0.8026
vn 0.5354 0.0222 -0.8443
vn 0.8074 0.0406 -0.5887
vn 0.7923 -0.0722 -0.6059
vn 0.9512 -0.1860 -0.2462
vn 0.8569 -0.4370 -0.2735
vn 0.9347 -0.2251 -0.2751
vn 0.8887 -0.0360 -0.4571
vn 0.8649 -0.2472 -0.4368
vn 0.8850 -0.1430 -0.4431
vn 0.8435 -0.3078 -0.4402
vn 0.9626 0.0103 -0.2708
vn 0.9617 -0.1110 -0.2507
vn 0.9794 -0.1218 0.1613
vn 0.9333 -0.3586 -0.0170
vn 0.9858 -0.1350 0.1000
vn 0.9564 -0.2664 -0.1200
vn 0.9890 -0.1437 -0.0351
vn 0.9841 -0.1638 -0.0692
vn 0.9958 -0.0792 -0.0463
vn 0.8297 0.2797 0.4830
vn 0.7684 0.4453 0.4597
vn 0.7590 0.3100 0.5726
vn 0.7905 0.2075 0.5762
vn 0.6506 -0.1009 0.7527
vn 0.4658 0.7942 0.3901
vn 0.6956 0.4327 0.5735
vn 0.4458 -0.0660 0.8927
vn -0.0000 0.9278 0.3732
vn 0.3691 0.7544 0.5428
vn -0.0000 0.0571 0.9984
vn 0.9126 0.3262 0.2466
vn 0.8286 0.5529 0.0879
vn 0.8939 0.4481 -0.0060
vn 0.9697 0.2410 0.0390
vn 0.8907 0.1298 -0.4357
vn 0.5171 0.8512 -0.0901
vn 0.7978 0.5841 -0.1498
vn 0.5313 0.2318 -0.8149
vn -0.0000 0.9935 -0.1139
vn 0.4064 0.8602 -0.3079
vn -0.0000 0.3140 -0.9494
vn 0.9367 0.0032 0.3500
vn 0.7891 -0.0362 0.6133
vn 0.7110 0.2218 0.6673
vn 0.4705 0.3380 0.8151
vn -0.0000 0.4236 0.9058
vn 0.9966 0.0569 -0.0598
vn 0.8746 0.3504 -0.3350
vn 0.5390 0.5563 -0.6325
vn -0.0000 0.6504 -0.7596
vn 0.9854 0.0604 0.1592
vn 0.2003 0.4688 -0.8603
vn 0.6321 0.3723 -0.6796
vn 0.9520 0.1830 -0.2454
vn 0.8690 0.0451 0.4927
vn 0.3778 0.1606 0.9119
vn 0.6340 0.0775 0.7694
vn 0.7456 0.0679 0.6629
vn 0.9322 0.0715 0.3548
vn 0.8019 0.1463 0.5792
vn 0.9880 0.1503 -0.0366
vn 0.7170 0.2997 0.6294
vn 0.4656 0.6107 0.6406
vn -0.0000 0.7337 0.6795
vn 0.8565 0.4684 -0.2171
vn 0.5409 0.7169 -0.4399
vn -0.0000 0.8666 -0.4991
vn 0.7477 0.2373 0.6202
vn 0.6787 0.3163 0.6628
vn 0.3853 0.5448 0.7448
vn 0.9357 0.3035 -0.1797
vn 0.6513 0.5889 -0.4786
vn 0.1890 0.7574 -0.6251
vn 0.9737 0.1116 0.1985
vn 0.8577 0.1342 0.4964
vn -0.9124 0.3854 -0.1377
vn -0.5502 0.8123 -0.1932
vn 0.8654 0.3765 -0.3306
vn 0.3383 0.8934 -0.2958
vn 0.8860 -0.3337 -0.3218
vn 0.4063 -0.8992 -0.1626
vn -0.9723 -0.2263 0.0585
vn -0.3146 -0.9486 -0.0342
vn -0.1082 0.9694 -0.2203
vn 0.0681 0.9610 -0.2682
vn 0.6661 0.6930 -0.2760
vn -0.9790 0.1788 0.0976
vn -0.7104 0.7028 -0.0375
vn -0.1201 -0.9903 -0.0699
vn -0.7278 -0.6818 0.0735
vn 0.9357 0.0404 -0.3504
vn 0.6875 -0.6604 -0.3021
vn -0.3138 0.9350 -0.1653
vn -0.8230 0.4851 0.2955
vn -0.1323 0.8377 0.5298
vn 0.9262 0.3695 0.0752
vn 0.5055 0.7418 0.4407
vn 0.9251 -0.3718 0.0773
vn 0.5514 -0.7100 0.4380
vn -0.8693 -0.3930 0.2998
vn -0.0065 -0.8006 0.5992
vn 0.2624 0.8117 0.5218
vn 0.6717 0.7115 -0.2062
vn 0.9296 0.0355 -0.3669
vn -0.6810 -0.7299 0.0583
vn -0.9684 0.0728 -0.2385
vn 0.1560 0.9875 -0.0238
vn -0.7129 0.6843 -0.1533
vn 0.0397 -0.9941 0.1012
vn 0.6568 -0.7393 -0.1487
vn -0.2094 0.9778 0.0047
vn 0.7623 0.6050 0.2299
vn 0.5422 -0.2869 0.7898
vn 0.4767 -0.5567 0.6803
vn 0.2808 -0.9206 0.2715
vn 0.7818 -0.2026 -0.5897
vn 0.6943 -0.4678 -0.5470
vn 0.7640 -0.2953 -0.5736
vn 0.6500 0.0840 -0.7553
vn 0.6851 -0.0619 -0.7258
vn 0.5342 0.6324 0.5610
vn 0.6498 0.7188 -0.2474
vn 0.8207 0.2891 -0.4928
vn 0.5132 0.1038 0.8520
vn 0.5586 0.4380 0.7044
vn 0.8032 0.4829 -0.3487
vn 0.0851 -0.9954 -0.0431
vn 0.3852 -0.7489 0.5392
vn 0.2882 -0.9537 0.0855
vn 0.2225 -0.9645 -0.1424
vn 0.7457 0.5775 -0.3321
vn 0.6196 0.4435 0.6476
vn 0.6139 0.2717 0.7411
vn 0.7353 0.4691 -0.4891
vn 0.7367 0.1621 -0.6565
vn 0.7186 0.6950 -0.0238
vn 0.5302 -0.1097 0.8408
vn 0.6516 0.6372 0.4116
vn 0.7440 -0.0179 -0.6679
vn 0.7200 -0.2679 -0.6401
vn 0.7345 -0.1177 -0.6683
vn 0.6811 -0.3887 -0.6205
vn 0.5129 -0.3921 0.7637
vn 0.6636 -0.2625 0.7005
vn 0.5562 -0.2893 0.7791
vn 0.3622 -0.3101 0.8790
vn 0.0226 -0.3482 0.9371
vn 0.6424 0.2498 0.7246
vn 0.5071 0.3394 0.7923
vn 0.3316 0.3571 0.8732
vn 0.0554 0.3484 0.9357
vn 0.2848 0.0116 0.9585
vn 0.4635 0.0305 0.8856
vn 0.6079 0.0081 0.7940
vn 0.8186 -0.0171 0.5741
vn -0.5306 0.0137 0.8475
vn 0.4172 -0.1753 0.8917
vn 0.3716 -0.2189 -0.9022
vn 0.2705 -0.5917 -0.7594
vn 0.3180 -0.4390 -0.8403
vn 0.2446 0.1629 -0.9559
vn 0.3073 -0.0266 -0.9512
vn 0.2070 0.8153 0.5408
vn 0.1983 0.9247 -0.3251
vn 0.4220 0.4278 -0.7993
vn 0.2156 0.2228 0.9507
vn 0.2003 0.5890 0.7829
vn 0.4195 0.6969 -0.5817
vn 0.2873 0.8250 -0.4866
vn 0.2846 0.7015 0.6534
vn 0.2793 0.3965 0.8745
vn 0.2939 0.6215 -0.7262
vn 0.3081 0.2753 -0.9107
vn 0.2912 0.9491 -0.1197
vn 0.3218 0.0129 0.9467
vn 0.2802 0.8831 0.3763
vn 0.2324 -0.5483 -0.8034
vn 0.3320 -0.1177 -0.9359
vn 0.2928 -0.3555 -0.8876
vn 0.3304 0.0251 -0.9435
vn -0.0000 -0.2760 0.9612
vn 0.2655 -0.1962 0.9439
vn 0.5213 -0.0708 0.8505
vn 0.8271 -0.0330 0.5610
vn 0.9794 -0.0150 0.2013
vn 0.9834 0.0078 -0.1810
vn 0.8549 0.0549 -0.5160
vn 0.5635 0.0635 -0.8237
vn 0.2564 0.0693 -0.9641
vn 0.2281 -0.4377 0.8697
vn 0.5281 -0.4283 0.7332
vn 0.7784 -0.4212 0.4654
vn 0.8928 -0.4341 0.1206
vn 0.8628 -0.4413 -0.2466
vn 0.7091 -0.4329 -0.5567
vn 0.4775 -0.4250 -0.7690
vn 0.2195 -0.3890 -0.8947
vn 0.3772 -0.1596 0.9123
vn 0.7049 -0.0424 0.7080
vn 0.9228 -0.0229 0.3847
vn 1.0000 -0.0051 0.0049
vn 0.9314 0.0253 -0.3632
vn 0.7372 0.0733 -0.6717
vn 0.3842 0.0693 -0.9207
vn -0.0000 -0.1040 0.9946
vn -0.0000 -0.0694 -0.9976
vn 0.0895 -0.9871 0.1329
vn 0.2089 -0.9724 0.1043
vn 0.3418 -0.9386 0.0468
vn 0.3952 -0.9141 -0.0905
vn 0.3675 -0.8949 -0.2532
vn 0.2909 -0.8754 -0.3861
vn 0.1905 -0.8294 -0.5252
vn 0.0963 -0.7926 -0.6021
vn -0.0000 -0.8482 0.5297
vn 0.2640 -0.8236 0.5019
vn 0.4938 -0.7924 0.3582
vn 0.6143 -0.7770 0.1377
vn 0.6180 -0.7742 -0.1365
vn 0.5285 -0.7610 -0.3764
vn 0.3835 -0.7492 -0.5400
vn 0.2120 -0.7073 -0.6744
vn -0.0000 -0.6829 -0.7305
vn 0.1178 -0.8264 -0.5507
vn -0.0000 -0.8231 -0.5679
vn 0.2091 -0.8653 -0.4556
vn 0.2885 -0.9016 -0.3224
vn 0.3307 -0.9229 -0.1970
vn 0.1015 -0.9947 -0.0182
vn -0.0000 -0.9994 -0.0350
vn 0.1331 -0.7929 -0.5946
vn -0.0000 -0.8034 -0.5955
vn 0.2577 -0.8087 -0.5288
vn 0.3913 -0.8250 -0.4077
vn 0.4364 -0.8558 -0.2779
vn 0.3467 -0.8900 -0.2963
vn 0.2801 -0.8641 -0.4183
vn 0.1607 -0.8321 -0.5309
vn 0.0919 -0.8199 -0.5650
vn 0.3518 -0.9194 -0.1761
vn 0.3261 -0.9370 -0.1252
vn 0.4323 -0.8825 -0.1852
vn 0.2984 -0.9489 -0.1024
vn 0.5481 -0.6229 0.5582
vn 0.4459 -0.2499 0.8595
vn 0.2383 -0.3459 0.9075
vn 0.5052 -0.8628 0.0200
vn -0.9385 -0.1851 -0.2916
vn -0.8180 -0.3120 0.4832
vn 0.0663 -0.4875 0.8706
vn -0.0000 -0.4773 0.8787
vn 0.1871 -0.6634 -0.7245
vn -0.0000 -0.6964 -0.7177
vn 0.3858 -0.6517 -0.6530
vn 0.5603 -0.6221 -0.5469
vn 0.6862 -0.6158 -0.3873
vn 0.7762 -0.6040 -0.1805
vn 0.5832 -0.7739 -0.2469
vn 0.6391 -0.7592 -0.1235
vn 0.1311 -0.7453 -0.6537
vn 0.5091 -0.7441 -0.4325
vn 0.4307 -0.7383 -0.5191
vn 0.2156 -0.7343 -0.6436
vn 0.1494 -0.1370 0.9792
vn -0.1299 -0.0575 0.9899
vn -0.8582 0.4768 -0.1901
vn -0.6070 0.6185 0.4990
vn 0.7136 -0.6139 0.3376
vn 0.5553 -0.2744 0.7851
vn 0.3673 -0.1016 0.9245
vn 0.2405 -0.9629 -0.1222
vn 0.1979 -0.9788 -0.0527
vn 0.1702 -0.9833 -0.0637
vn 0.4152 -0.3674 0.8322
vn 0.3251 -0.4029 0.8556
vn 0.3531 -0.2124 0.9111
vn 0.3528 -0.0991 0.9304
vn 0.7083 -0.1416 0.6916
vn 0.9193 -0.1303 0.3714
vn 0.9920 -0.1260 -0.0096
vn 0.9140 -0.1129 -0.3897
vn 0.7099 -0.0842 -0.6993
vn 0.4171 -0.0527 -0.9073
vn -0.0000 -0.1786 0.9839
vn 0.1978 0.0716 -0.9776
vn 0.2229 -0.0929 0.9704
vn 0.2496 0.0617 -0.9664
vn 0.5889 0.0760 -0.8046
vn 0.8442 0.0268 -0.5354
vn 0.9822 -0.0082 -0.1874
vn 0.9796 -0.0267 0.1993
vn 0.8306 -0.0428 0.5553
vn 0.5498 -0.0652 0.8327
vn 0.8455 -0.0771 0.5283
vn 0.5077 -0.4115 0.7569
vn 0.8444 -0.0654 0.5317
vn 0.5825 0.1000 0.8067
vn 0.8678 -0.0279 0.4962
vn 0.6188 0.1000 0.7792
vn 0.7702 0.2566 0.5839
vn 0.4508 0.1452 0.8808
vn 0.5280 -0.2869 0.7993
vn 0.6188 -0.2423 0.7473
vn 0.8499 -0.0989 0.5177
vn 0.2248 -0.8709 0.4370
vn 0.5347 -0.1594 0.8299
vn 0.8749 0.3180 0.3652
vn 0.7935 0.1713 0.5840
vn 0.7669 -0.2229 0.6018
vn 0.3787 -0.6989 0.6067
vn 0.3928 -0.1728 0.9033
vn 0.5283 0.2596 0.8084
vn 0.2881 -0.9367 0.1987
vn 0.1359 -0.9848 0.1084
vn 0.4449 -0.2008 0.8728
vn 0.4150 -0.3733 0.8297
vn 0.5173 -0.2760 0.8101
vn 0.5071 -0.4315 0.7461
vn 0.2817 -0.4403 0.8525
vn 0.5502 -0.7841 0.2872
vn 0.3719 -0.2038 0.9056
vn -0.0445 0.9640 0.2622
vn 0.0756 -0.9854 0.1525
vn -0.4963 -0.6580 0.5664
vn -0.0207 0.9770 0.2124
vn 0.0017 -0.9854 0.1702
vn -0.2062 0.9316 -0.2994
vn -0.0286 -0.9687 -0.2468
vn -0.9649 -0.1166 -0.2353
vn -0.1352 0.9306 -0.3402
vn -0.2852 -0.9206 -0.2667
vn -0.1570 -0.4765 0.8650
vn 0.1400 -0.4773 0.8675
vn 0.4130 0.7805 -0.4693
vn 0.2790 0.0537 -0.9588
vn 0.2834 -0.3743 -0.8830
vn 0.3193 -0.1099 -0.9413
vn 0.2166 -0.5706 -0.7921
vn 0.6231 -0.4291 -0.6539
vn 0.6886 -0.1103 -0.7167
vn 0.6694 -0.2739 -0.6906
vn 0.6697 -0.0013 -0.7426
vn 0.9628 -0.0609 -0.2632
vn 0.9421 -0.2104 -0.2610
vn 0.9583 -0.1507 -0.2428
vn 0.9165 -0.2883 -0.2772
vn 0.9766 -0.2097 0.0473
vn 0.9767 -0.1267 0.1735
vn 0.9837 -0.1159 0.1374
vn 0.9818 -0.0810 0.1720
vn 0.7957 0.3745 0.4762
vn 0.7180 -0.0719 0.6923
vn 0.5569 0.7286 0.3987
vn 0.4817 -0.0935 0.8713
vn 0.2017 0.9066 0.3706
vn 0.2471 0.0432 0.9680
vn 0.8505 0.1835 0.4930
vn 0.8664 0.4680 0.1742
vn 0.9592 0.0968 -0.2657
vn 0.6273 0.7763 -0.0618
vn 0.6333 0.2013 -0.7473
vn 0.2042 0.9716 -0.1194
vn 0.2163 0.2979 -0.9298
vn 0.9535 0.1814 0.2407
vn 0.9870 0.0227 0.1588
vn 0.1928 0.6378 -0.7457
vn 0.6399 0.5183 -0.5674
vn 0.9435 0.2537 -0.2131
vn 0.8651 -0.0108 0.5015
vn 0.1996 0.4127 0.8888
vn 0.5485 0.3037 0.7791
vn 0.7524 0.1910 0.6304
vn 0.7448 0.2566 0.6159
vn 0.5440 0.5359 0.6456
vn 0.2072 0.7183 0.6642
vn 0.9219 0.3663 -0.1265
vn 0.6586 0.6426 -0.3916
vn 0.1901 0.8479 -0.4948
vn 0.9818 0.0831 0.1708
vn 0.8650 0.0992 0.4919
vn 0.3123 0.9100 -0.2726
vn -0.8904 0.4545 0.0257
vn -0.3435 -0.9381 -0.0448
vn 0.8799 -0.3144 -0.3563
vn -0.5096 0.8544 -0.1017
vn -0.0952 0.9679 -0.2327
vn 0.4208 -0.8830 -0.2080
vn 0.8802 0.3641 -0.3043
vn -0.9682 -0.1983 0.1524
vn 0.8543 0.3861 -0.3481
vn -0.9604 -0.2432 -0.1360
vn 0.3842 0.9178 -0.1005
vn -0.9041 0.3410 -0.2575
vn -0.2330 -0.9655 0.1161
vn 0.8837 -0.3714 -0.2847
vn -0.4482 0.8928 -0.0439
vn 0.0011 1.0000 0.0016
vn 0.4165 -0.9091 -0.0072
vn 0.1817 -0.9777 0.1050
vn 0.0552 -0.9936 -0.0987
vn 0.8027 0.5282 -0.2769
vn 0.6809 0.3563 0.6398
vn 0.6675 0.2452 0.7031
vn 0.8103 0.4163 -0.4125
vn 0.8196 0.1435 -0.5547
vn 0.7846 0.6196 0.0233
vn 0.5866 -0.1131 0.8020
vn 0.7279 0.5315 0.4333
vn 0.7973 -0.0216 -0.6033
vn 0.7724 -0.2654 -0.5770
vn 0.7887 -0.1285 -0.6012
vn 0.7446 -0.3470 -0.5703
vn 0.5050 -0.3448 0.7913
vn 0.7992 -0.1982 0.5675
vn 0.5678 0.2923 0.7695
vn 0.4237 0.3656 0.8288
vn 0.2511 0.3278 0.9108
vn -0.5049 -0.2262 0.8330
vn 0.2553 -0.3076 0.9166
vn 0.4695 -0.3075 0.8277
vn 0.6086 -0.2684 0.7467
vn 0.7913 0.1572 0.5909
vn -0.4821 0.2575 0.8374
vn 0.3791 0.6654 0.6431
vn 0.3790 0.3701 0.8481
vn 0.4215 0.5926 -0.6864
vn 0.4242 0.2529 -0.8696
vn 0.4022 0.9089 -0.1101
vn 0.4005 -0.0275 0.9159
vn 0.3751 0.8443 0.3827
vn 0.2914 -0.5266 -0.7986
vn 0.3887 -0.1155 -0.9141
vn 0.3469 -0.3341 -0.8764
vn 0.4159 0.0242 -0.9091
vn 0.2985 -0.2740 0.9142
vn 0.4086 -0.3036 0.8608
vn 0.5541 -0.1500 0.8188
vn 0.8301 -0.1347 0.5412
vn 0.9742 -0.1282 0.1857
vn 0.9713 -0.1213 -0.2047
vn 0.8247 -0.1006 -0.5566
vn 0.5732 -0.0637 -0.8170
vn 0.2606 -0.0593 -0.9636
vn 0.2325 -0.1700 0.9576
vn 0.1678 -0.8265 0.5373
vn 0.3871 -0.8114 0.4379
vn 0.5694 -0.7797 0.2603
vn 0.6301 -0.7765 0.0006
vn 0.5821 -0.7687 -0.2649
vn 0.4622 -0.7549 -0.4653
vn 0.2986 -0.7336 -0.6104
vn 0.1383 -0.6797 -0.7203
vn 0.0879 -0.8203 -0.5652
vn 0.2480 -0.6566 -0.7123
vn 0.5118 -0.6361 -0.5774
vn 0.6106 -0.6147 -0.4993
vn 0.0722 -0.9971 -0.0228
vn 0.3168 -0.9128 -0.2577
vn 0.2518 -0.8861 -0.3891
vn 0.1603 -0.8420 -0.5152
vn 0.1062 -0.7971 -0.5944
vn 0.8228 -0.5627 -0.0804
vn 0.3259 -0.9347 -0.1418
vn 0.4389 -0.8735 -0.2107
vn 0.7394 -0.6178 -0.2675
vn 0.4529 -0.8809 -0.1377
vn 0.1603 -0.6803 -0.7152
vn 0.4131 -0.8369 -0.3591
vn 0.3451 -0.8175 -0.4611
vn 0.1817 -0.7978 -0.5749
vn 0.1057 0.3479 0.9315
vn -0.1114 0.4995 0.8591
vn -0.5475 0.7892 -0.2781
vn -0.2125 0.9554 0.2053
vn 0.8402 -0.3781 0.3888
vn 0.5839 -0.1163 0.8034
vn 0.3616 -0.0333 0.9318
vn 0.2535 -0.9647 -0.0709
vn 0.2386 -0.9667 -0.0920
vn 0.1442 -0.9890 -0.0341
vn 0.3564 -0.3178 0.8786
vn 0.2272 -0.1091 0.9677
vn 0.2437 0.0691 -0.9674
vn 0.5724 0.0767 -0.8164
vn 0.8513 0.0504 -0.5223
vn 0.9827 0.0073 -0.1852
vn 0.9801 -0.0144 0.1978
vn 0.8298 -0.0322 0.5571
vn 0.5394 -0.0619 0.8397
vn -0.9475 -0.2701 0.1714
vn -0.9339 -0.0370 0.3555
vn -0.4975 -0.0161 0.8673
vn -0.9336 -0.0985 0.3444
vn -0.5986 -0.2507 0.7608
vn -0.7310 -0.0390 0.6812
vn -0.9281 -0.0992 0.3589
vn -0.4663 -0.2015 0.8614
vn -0.6712 -0.0159 0.7411
vn -0.9519 -0.0738 0.2973
vn -0.7625 -0.1013 0.6390
vn -0.4534 -0.5144 0.7279
vn -0.5094 0.2182 0.8324
vn -0.6151 -0.0856 0.7838
vn -0.6455 -0.0928 0.7581
vn -0.6358 0.0747 0.7682
vn -0.6249 0.2153 0.7504
vn -0.5247 -0.4273 0.7362
vn -0.6604 -0.1752 0.7302
vn -0.1586 -0.9257 0.3434
vn -0.1757 0.8469 0.5020
vn -0.9619 -0.0422 0.2701
vn 0.4341 0.0995 0.8954
vn 0.0840 0.6907 0.7182
vn -0.7803 0.5113 0.3600
vn -0.7322 -0.6456 0.2172
vn 0.0781 -0.7236 0.6858
vn -0.3617 -0.9322 0.0150
vn -0.1516 -0.9884 0.0118
vn -0.4282 -0.3639 0.8272
vn -0.4416 -0.7530 0.4878
vn -0.6378 -0.0818 0.7659
vn -0.8911 0.1628 0.4237
vn -0.7915 0.2805 0.5431
vn -0.4179 -0.3097 0.8541
vn -0.3238 -0.6272 0.7083
vn -0.2446 -0.9154 0.3198
vn -0.4643 0.0583 0.8837
vn -0.3838 0.3280 0.8632
vn -0.2645 0.8863 0.3801
vn -0.3302 -0.5196 0.7880
vn -0.1949 0.5614 0.8042
vn -0.3262 -0.6933 0.6427
vn -0.2386 0.3675 0.8989
vn 0.5449 -0.7895 -0.2826
vn 0.2074 0.9481 -0.2410
vn 0.1279 -0.9562 -0.2632
vn 0.1488 0.9639 -0.2209
vn 0.6012 -0.7806 0.1706
vn 0.2925 0.9559 -0.0279
vn 0.0465 -0.9451 0.3234
vn 0.0330 0.9673 0.2516
vn -0.8051 0.5208 0.2839
vn -0.4969 0.8553 0.1470
vn -0.8732 0.3062 0.3792
vn -0.5329 -0.2034 -0.8214
vn -0.5312 0.1136 -0.8396
vn -0.4320 -0.5675 -0.7010
vn -0.4892 -0.3979 -0.7761
vn -0.5446 -0.0465 -0.8374
vn -0.8904 0.0347 -0.4539
vn -0.8877 -0.0898 -0.4516
vn -0.8764 -0.2032 -0.4366
vn -0.7899 -0.4461 -0.4208
vn -0.8582 -0.2595 -0.4429
vn -0.9983 -0.0161 -0.0567
vn -0.9921 -0.1198 -0.0365
vn -0.9869 -0.1548 -0.0463
vn -0.8970 -0.4159 -0.1497
vn -0.9774 -0.1888 -0.0953
vn -0.7896 0.2620 0.5549
vn -0.7341 0.3596 0.5760
vn -0.4516 0.7027 0.5498
vn -0.9363 0.3360 0.1021
vn -0.8435 0.5295 -0.0898
vn -0.5312 0.7980 -0.2848
vn -0.9366 0.0395 0.3481
vn -0.8032 0.0588 0.5928
vn -0.6906 0.0724 0.7196
vn -0.4496 0.1282 0.8840
vn -0.9920 0.1139 -0.0537
vn -0.8855 0.2464 -0.3938
vn -0.5345 0.4006 -0.7442
vn -0.9226 0.1085 0.3702
vn -0.7944 0.1831 0.5791
vn -0.9836 0.1801 -0.0085
vn -0.7149 0.2771 0.6419
vn -0.4791 0.4980 0.7228
vn -0.8651 0.4134 -0.2841
vn -0.5427 0.6445 -0.5387
vn 0.0715 -0.9960 -0.0531
vn 0.3347 0.9211 -0.1987
vn -0.9405 0.0446 -0.3370
vn 0.9920 0.1216 -0.0337
vn 0.7501 0.6333 -0.1907
vn -0.6594 0.6780 -0.3247
vn -0.6711 -0.6936 -0.2618
vn 0.7250 -0.6869 0.0496
vn -0.0824 0.9616 -0.2618
vn -0.2542 -0.7713 0.5835
vn -0.1030 0.8318 0.5454
vn -0.9974 0.0098 -0.0709
vn 0.9985 0.0533 -0.0107
vn 0.4860 0.7434 0.4595
vn -0.7398 0.6174 0.2674
vn -0.7283 -0.6242 0.2827
vn 0.4932 -0.7048 0.5099
vn -0.3692 0.7866 0.4950
vn -0.6894 0.6991 0.1894
vn -0.5078 -0.2750 0.8164
vn -0.5351 -0.5262 0.6609
vn -0.4161 -0.8799 0.2295
vn -0.7289 -0.1941 -0.6565
vn -0.6309 -0.4972 -0.5956
vn -0.7078 -0.3210 -0.6293
vn -0.7426 0.0477 -0.6680
vn -0.7388 -0.0684 -0.6704
vn -0.6230 0.5360 0.5698
vn -0.7391 0.6434 -0.1995
vn -0.7357 0.3313 -0.5908
vn -0.5751 0.0872 0.8134
vn -0.6259 0.3725 0.6852
vn -0.7400 0.5342 -0.4086
vn -0.2349 -0.9682 -0.0860
vn -0.4637 -0.7289 0.5037
vn -0.6126 -0.0091 0.7903
vn -0.5593 0.0238 0.8286
vn -0.3585 0.0262 0.9332
vn -0.2220 -0.0060 0.9750
vn -0.2876 0.9491 0.1283
vn -0.3297 -0.1666 0.9293
vn -0.3187 -0.2298 -0.9196
vn -0.2093 -0.6066 -0.7670
vn -0.2616 -0.4636 -0.8465
vn -0.3213 0.1345 -0.9374
vn -0.3340 -0.0471 -0.9414
vn -0.2806 0.7928 0.5411
vn -0.2887 0.9022 -0.3205
vn -0.2984 0.4521 -0.8406
vn -0.2908 0.1959 0.9365
vn -0.2828 0.5756 0.7673
vn -0.2905 0.7364 -0.6110
vn -0.2010 0.0729 -0.9769
vn -0.3348 -0.2110 0.9184
vn -0.7009 -0.0429 0.7120
vn -0.9211 -0.0236 0.3886
vn -1.0000 -0.0053 0.0085
vn -0.9335 0.0275 -0.3575
vn -0.7354 0.0707 -0.6740
vn -0.3794 0.0609 -0.9232
vn -0.3626 -0.4341 0.8247
vn -0.6703 -0.4223 0.6103
vn -0.8531 -0.4265 0.3006
vn -0.8957 -0.4397 -0.0655
vn -0.7985 -0.4384 -0.4126
vn -0.6011 -0.4281 -0.6748
vn -0.3474 -0.4120 -0.8424
vn -0.1376 -0.9827 0.1242
vn -0.2842 -0.9552 0.0825
vn -0.3783 -0.9256 -0.0138
vn -0.3905 -0.9041 -0.1737
vn -0.3312 -0.8865 -0.3231
vn -0.2422 -0.8567 -0.4555
vn -0.1397 -0.8050 -0.5766
vn -0.1182 -0.8214 -0.5580
vn -0.2166 -0.8487 -0.4826
vn -0.3263 -0.8760 -0.3552
vn -0.3578 -0.9055 -0.2282
vn -0.3180 -0.9353 -0.1550
vn -0.6526 -0.4411 0.6161
vn -0.4601 -0.1651 0.8724
vn -0.1607 -0.0037 0.9870
vn -0.6947 -0.7176 0.0495
vn 0.7808 0.5690 -0.2580
vn 0.7724 0.2816 0.5693
vn -0.1086 -0.1406 0.9841
vn -0.1596 -0.7347 -0.6593
vn -0.3225 -0.7386 -0.5921
vn -0.4755 -0.7382 -0.4785
vn -0.5568 -0.7592 -0.3371
vn -0.6003 -0.7757 -0.1946
vn -0.1902 -0.9767 -0.0990
vn -0.4311 -0.2697 0.8610
vn -0.3994 -0.4419 0.8032
vn -0.3688 -0.0800 0.9260
vn -0.7067 -0.0530 0.7055
vn -0.9223 -0.0341 0.3849
vn -0.9998 -0.0187 0.0054
vn -0.9288 0.0064 -0.3706
vn -0.7336 0.0535 -0.6774
vn -0.4048 0.0759 -0.9112
vn -0.8836 -0.1561 0.4415
vn -0.9303 -0.0725 0.3595
vn -0.5966 0.7860 0.1620
vn -0.4643 -0.0032 0.8857
vn -0.9412 -0.0782 0.3287
vn -0.6740 -0.1794 0.7166
vn -0.5381 -0.3600 0.7622
vn -0.6921 -0.0315 0.7211
vn -0.5908 0.0200 0.8066
vn -0.9289 -0.1104 0.3536
vn -0.4801 -0.2377 0.8444
vn -0.3270 -0.2917 0.8989
vn -0.8193 0.0866 0.5667
vn -0.9621 -0.1249 0.2425
vn -0.8555 -0.0510 0.5152
vn -0.5282 0.1021 0.8430
vn -0.8503 -0.0940 0.5178
vn -0.6384 -0.0262 0.7693
vn -0.7022 0.0580 0.7096
vn -0.5451 0.1837 0.8180
vn -0.8460 -0.0219 0.5327
vn -0.6236 0.0763 0.7780
vn -0.6563 0.2406 0.7151
vn -0.8480 0.3328 0.4124
vn -0.5114 0.3008 0.8050
vn -0.4822 -0.3139 0.8179
vn -0.5865 -0.3168 0.7454
vn -0.3845 -0.2335 0.8931
vn -0.5466 -0.4779 0.6876
vn -0.7309 -0.1307 0.6699
vn -0.6615 -0.1263 0.7392
vn -0.5138 -0.3739 0.7721
vn -0.8437 -0.0886 0.5294
vn 0.3099 0.4253 0.8503
vn -0.0465 0.8200 0.5705
vn -0.9269 0.2252 0.3001
vn -0.5020 0.7751 0.3837
vn -0.9032 -0.3751 0.2088
vn -0.5728 -0.7868 0.2300
vn 0.3541 -0.2954 0.8874
vn -0.0507 -0.8974 0.4383
vn -0.0984 -0.9951 0.0016
vn -0.2505 -0.9678 0.0230
vn -0.2653 -0.7046 0.6581
vn -0.1763 -0.9529 0.2467
vn -0.7204 -0.2264 0.6556
vn -0.4490 -0.5725 0.6861
vn -0.8366 0.4297 0.3399
vn -0.5824 -0.0855 0.8084
vn -0.8685 0.0552 0.4926
vn -0.6980 0.2245 0.6800
vn -0.4386 -0.3704 0.8188
vn -0.5581 -0.2369 0.7952
vn -0.2023 0.9710 0.1274
vn -0.8569 0.2978 0.4207
vn -0.7061 0.1258 0.6969
vn -0.5877 -0.3170 0.7444
vn -0.3888 -0.5023 0.7723
vn -0.3402 -0.8481 0.4061
vn -0.2943 -0.8039 0.5168
vn -0.4784 -0.0962 0.8729
vn -0.5513 0.0605 0.8321
vn -0.4026 0.2829 0.8706
vn -0.2309 0.8689 0.4379
vn -0.4241 0.2408 0.8730
vn -0.4080 -0.8797 0.2444
vn -0.1942 -0.9694 0.1498
vn -0.3756 -0.0633 0.9246
vn -0.4239 -0.2191 0.8788
vn -0.3520 -0.6720 0.6515
vn -0.2658 -0.6877 0.6756
vn -0.2454 0.4694 0.8482
vn -0.2113 0.3154 0.9251
vn -0.5190 -0.3149 0.7946
vn -0.4521 -0.2270 0.8626
vn -0.1149 0.4832 0.8679
vn -0.3296 -0.3539 0.8753
vn -0.8640 -0.4930 0.1022
vn 0.2618 -0.9254 -0.2740
vn 0.0345 -0.9680 -0.2486
vn 0.1360 0.9633 -0.2312
vn 0.1874 0.9567 -0.2228
vn 0.4103 0.8799 -0.2395
vn 0.0235 0.9681 0.2493
vn -0.0470 -0.9873 0.1515
vn 0.1211 -0.9566 0.2652
vn 0.0720 0.9812 0.1790
vn 0.2382 -0.9229 0.3026
vn -0.0638 -0.9447 0.3216
vn 0.0788 0.9782 0.1920
vn 0.0897 0.9577 0.2736
vn 0.5540 0.7208 0.4166
vn 0.1488 0.9368 -0.3167
vn 0.1307 -0.9597 -0.2488
vn 0.6333 -0.7133 -0.3003
vn 0.2644 0.8991 -0.3489
vn -0.1017 0.3616 0.9268
vn -0.3930 0.9095 0.1353
vn -0.2737 -0.1605 0.9483
vn -0.3099 -0.2369 -0.9208
vn -0.9859 -0.0321 0.1645
vn -0.1876 -0.6274 -0.7558
vn -0.9047 0.1818 0.3852
vn -0.2498 -0.4864 -0.8373
vn -0.9779 -0.1128 0.1763
vn -0.6820 -0.1908 -0.7061
vn -0.4247 0.1215 -0.8971
vn -0.5769 -0.5286 -0.6227
vn -0.6517 -0.3478 -0.6740
vn -0.4020 -0.0447 -0.9145
vn -0.4633 -0.4857 -0.7412
vn -0.5457 -0.1101 -0.8307
vn -0.5133 -0.3038 -0.8026
vn -0.5354 0.0222 -0.8443
vn -0.8074 0.0406 -0.5887
vn -0.7923 -0.0722 -0.6059
vn -0.9512 -0.1860 -0.2462
vn -0.8569 -0.4370 -0.2735
vn -0.9347 -0.2251 -0.2751
vn -0.8887 -0.0360 -0.4571
vn -0.8649 -0.2472 -0.4368
vn -0.8850 -0.1430 -0.4431
vn -0.8435 -0.3078 -0.4402
vn -0.9626 0.0103 -0.2708
vn -0.9617 -0.1110 -0.2507
vn -0.9794 -0.1218 0.1613
vn -0.9333 -0.3586 -0.0170
vn -0.9858 -0.1350 0.1000
vn -0.9564 -0.2664 -0.1200
vn -0.9890 -0.1437 -0.0351
vn -0.9841 -0.1638 -0.0692
vn -0.9958 -0.0792 -0.0463
vn -0.8297 0.2797 0.4830
vn -0.7684 0.4453 0.4597
vn -0.7590 0.3100 0.5726
vn -0.7905 0.2075 0.5762
vn -0.6506 -0.1009 0.7527
vn -0.4658 0.7942 0.3901
vn -0.6956 0.4327 0.5735
vn -0.4458 -0.0660 0.8927
vn -0.3691 0.7544 0.5428
vn -0.9126 0.3262 0.2466
vn -0.8286 0.5529 0.0879
vn -0.8939 0.4481 -0.0060
vn -0.9697 0.2410 0.0390
vn -0.8907 0.1298 -0.4357
vn -0.5171 0.8512 -0.0901
vn -0.7978 0.5841 -0.1498
vn -0.5313 0.2318 -0.8149
vn -0.4064 0.8602 -0.3079
vn -0.9367 0.0032 0.3500
vn -0.7891 -0.0362 0.6133
vn -0.7110 0.2218 0.6673
vn -0.4705 0.3380 0.8151
vn -0.9966 0.0569 -0.0598
vn -0.8746 0.3504 -0.3350
vn -0.5390 0.5563 -0.6325
vn -0.9854 0.0604 0.1592
vn -0.2003 0.4688 -0.8603
vn -0.6321 0.3723 -0.6796
vn -0.9520 0.1830 -0.2454
vn -0.8690 0.0451 0.4927
vn -0.3778 0.1606 0.9119
vn -0.6340 0.0775 0.7694
vn -0.7456 0.0679 0.6629
vn -0.9322 0.0715 0.3548
vn -0.8019 0.1463 0.5792
vn -0.9880 0.1503 -0.0366
vn -0.7170 0.2997 0.6294
vn -0.4656 0.6107 0.6406
vn -0.8565 0.4684 -0.2171
vn -0.5409 0.7169 -0.4399
vn -0.7477 0.2373 0.6202
vn -0.6787 0.3163 0.6628
vn -0.3853 0.5448 0.7448
vn -0.9357 0.3035 -0.1797
vn -0.6513 0.5889 -0.4786
vn -0.1890 0.7574 -0.6251
vn -0.9737 0.1116 0.1985
vn -0.8577 0.1342 0.4964
vn 0.9124 0.3854 -0.1377
vn 0.5502 0.8123 -0.1932
vn -0.8654 0.3765 -0.3306
vn -0.3383 0.8934 -0.2958
vn -0.8860 -0.3337 -0.3218
vn -0.4063 -0.8992 -0.1626
vn 0.9723 -0.2263 0.0585
vn 0.3146 -0.9486 -0.0342
vn 0.1082 0.9694 -0.2203
vn -0.0681 0.9610 -0.2682
vn -0.6661 0.6930 -0.2760
vn 0.9790 0.1788 0.0976
vn 0.7104 0.7028 -0.0375
vn 0.1201 -0.9903 -0.0699
vn 0.7278 -0.6818 0.0735
vn -0.9357 0.0404 -0.3504
vn -0.6875 -0.6604 -0.3021
vn 0.3138 0.9350 -0.1653
vn 0.8230 0.4851 0.2955
vn 0.1323 0.8377 0.5298
vn -0.9262 0.3695 0.0752
vn -0.5055 0.7418 0.4407
vn -0.9251 -0.3718 0.0773
vn -0.5514 -0.7100 0.4380
vn 0.8693 -0.3930 0.2998
vn 0.0065 -0.8006 0.5992
vn -0.2624 0.8117 0.5218
vn -0.6717 0.7115 -0.2062
vn -0.9296 0.0355 -0.3669
vn 0.6810 -0.7299 0.0583
vn 0.9684 0.0728 -0.2385
vn -0.1560 0.9875 -0.0238
vn 0.7129 0.6843 -0.1533
vn -0.0397 -0.9941 0.1012
vn -0.6568 -0.7393 -0.1487
vn 0.2094 0.9778 0.0047
vn -0.7623 0.6050 0.2299
vn -0.5422 -0.2869 0.7898
vn -0.4767 -0.5567 0.6803
vn -0.2808 -0.9206 0.2715
vn -0.7818 -0.2026 -0.5897
vn -0.6943 -0.4678 -0.5470
vn -0.7640 -0.2953 -0.5736
vn -0.6500 0.0840 -0.7553
vn -0.6851 -0.0619 -0.7258
vn -0.5342 0.6324 0.5610
vn -0.6498 0.7188 -0.2474
vn -0.8207 0.2891 -0.4928
vn -0.5132 0.1038 0.8520
vn -0.5586 0.4380 0.7044
vn -0.8032 0.4829 -0.3487
vn -0.0851 -0.9954 -0.0431
vn -0.3852 -0.7489 0.5392
vn -0.2882 -0.9537 0.0855
vn -0.2225 -0.9645 -0.1424
vn -0.7457 0.5775 -0.3321
vn -0.6196 0.4435 0.6476
vn -0.6139 0.2717 0.7411
vn -0.7353 0.4691 -0.4891
vn -0.7367 0.1621 -0.6565
vn -0.7186 0.6950 -0.0238
vn -0.5302 -0.1097 0.8408
vn -0.6516 0.6372 0.4116
vn -0.7440 -0.0179 -0.6679
vn -0.7200 -0.2679 -0.6401
vn -0.7345 -0.1177 -0.6683
vn -0.6811 -0.3887 -0.6205
vn -0.5129 -0.3921 0.7637
vn -0.6636 -0.2625 0.7005
vn -0.5562 -0.2893 0.7791
vn -0.3622 -0.3101 0.8790
vn -0.0226 -0.3482 0.9371
vn -0.6424 0.2498 0.7246
vn -0.5071 0.3394 0.7923
vn -0.3316 0.3571 0.8732
vn -0.0554 0.3484 0.9357
vn -0.2848 0.0116 0.9585
vn -0.4635 0.0305 0.8856
vn -0.6079 0.0081 0.7940
vn -0.8186 -0.0171 0.5741
vn 0.5306 0.0137 0.8475
vn -0.4172 -0.1753 0.8917
vn -0.3716 -0.2189 -0.9022
vn -0.2705 -0.5917 -0.7594
vn -0.3180 -0.4390 -0.8403
vn -0.2446 0.1629 -0.9559
vn -0.3073 -0.0266 -0.9512
vn -0.2070 0.8153 0.5408
vn -0.1983 0.9247 -0.3251
vn -0.4220 0.4278 -0.7993
vn -0.2156 0.2228 0.9507
vn -0.2003 0.5890 0.7829
vn -0.4195 0.6969 -0.5817
vn -0.2873 0.8250 -0.4866
vn -0.2846 0.7015 0.6534
vn -0.2793 0.3965 0.8745
vn -0.2939 0.6215 -0.7262
vn -0.3081 0.2753 -0.9107
vn -0.2912 0.9491 -0.1197
vn -0.3218 0.0129 0.9467
vn -0.2802 0.8831 0.3763
vn -0.2324 -0.5483 -0.8034
vn -0.3320 -0.1177 -0.9359
vn -0.2928 -0.3555 -0.8876
vn -0.3304 0.0251 -0.9435
vn -0.2655 -0.1962 0.9439
vn -0.5213 -0.0708 0.8505
vn -0.8271 -0.0330 0.5610
vn -0.9794 -0.0150 0.2013
vn -0.9834 0.0078 -0.1810
vn -0.8549 0.0549 -0.5160
vn -0.5635 0.0635 -0.8237
vn -0.2564 0.0693 -0.9641
vn -0.2281 -0.4377 0.8697
vn -0.5281 -0.4283 0.7332
vn -0.7784 -0.4212 0.4654
vn -0.8928 -0.4341 0.1206
vn -0.8628 -0.4413 -0.2466
vn -0.7091 -0.4329 -0.5567
vn -0.4775 -0.4250 -0.7690
vn -0.2195 -0.3890 -0.8947
vn -0.3772 -0.1596 0.9123
vn -0.7049 -0.0424 0.7080
vn -0.9228 -0.0229 0.3847
vn -1.0000 -0.0051 0.0049
vn -0.9314 0.0253 -0.3632
vn -0.7372 0.0733 -0.6717
vn -0.3842 0.0693 -0.9207
vn -0.0895 -0.9871 0.1329
vn -0.2089 -0.9724 0.1043
vn -0.3418 -0.9386 0.0468
vn -0.3952 -0.9141 -0.0905
vn -0.3675 -0.8949 -0.2532
vn -0.2909 -0.8754 -0.3861
vn -0.1905 -0.8294 -0.5252
vn -0.0963 -0.7926 -0.6021
vn -0.2640 -0.8236 0.5019
vn -0.4938 -0.7924 0.3582
vn -0.6143 -0.7770 0.1377
vn -0.6180 -0.7742 -0.1365
vn -0.5285 -0.7610 -0.3764
vn -0.3835 -0.7492 -0.5400
vn -0.2120 -0.7073 -0.6744
vn -0.1178 -0.8264 -0.5507
vn -0.2091 -0.8653 -0.4556
vn -0.2885 -0.9016 -0.3224
vn -0.3307 -0.9229 -0.1970
vn -0.1015 -0.9947 -0.0182
vn -0.1331 -0.7929 -0.5946
vn -0.2577 -0.8087 -0.5288
vn -0.3913 -0.8250 -0.4077
vn -0.4364 -0.8558 -0.2779
vn -0.3467 -0.8900 -0.2963
vn -0.2801 -0.8641 -0.4183
vn -0.1607 -0.8321 -0.5309
vn -0.0919 -0.8199 -0.5650
vn -0.3518 -0.9194 -0.1761
vn -0.3261 -0.9370 -0.1252
vn -0.4323 -0.8825 -0.1852
vn -0.2984 -0.9489 -0.1024
vn -0.5481 -0.6229 0.5582
vn -0.4459 -0.2499 0.8595
vn -0.2383 -0.3459 0.9075
vn -0.5052 -0.8628 0.0200
vn 0.9385 -0.1851 -0.2916
vn 0.8180 -0.3120 0.4832
vn -0.0663 -0.4875 0.8706
vn -0.1871 -0.6634 -0.7245
vn -0.3858 -0.6517 -0.6530
vn -0.5603 -0.6221 -0.5469
vn -0.6862 -0.6158 -0.3873
vn -0.7762 -0.6040 -0.1805
vn -0.5832 -0.7739 -0.2469
vn -0.6391 -0.7592 -0.1235
vn -0.1311 -0.7453 -0.6537
vn -0.5091 -0.7441 -0.4325
vn -0.4307 -0.7383 -0.5191
vn -0.2156 -0.7343 -0.6436
vn -0.1494 -0.1370 0.9792
vn 0.1299 -0.0575 0.9899
vn 0.8582 0.4768 -0.1901
vn 0.6070 0.6185 0.4990
vn -0.7136 -0.6139 0.3376
vn -0.5553 -0.2744 0.7851
vn -0.3673 -0.1016 0.9245
vn -0.2405 -0.9629 -0.1222
vn -0.1979 -0.9788 -0.0527
vn -0.1702 -0.9833 -0.0637
vn -0.4152 -0.3674 0.8322
vn -0.3251 -0.4029 0.8556
vn -0.3531 -0.2124 0.9111
vn -0.3528 -0.0991 0.9304
vn -0.7083 -0.1416 0.6916
vn -0.9193 -0.1303 0.3714
vn -0.9920 -0.1260 -0.0096
vn -0.9140 -0.1129 -0.3897
vn -0.7099 -0.0842 -0.6993
vn -0.4171 -0.0527 -0.9073
vn -0.1978 0.0716 -0.9776
vn -0.2229 -0.0929 0.9704
vn -0.2496 0.0617 -0.9664
vn -0.5889 0.0760 -0.8046
vn -0.8442 0.0268 -0.5354
vn -0.9822 -0.0082 -0.1874
vn -0.9796 -0.0267 0.1993
vn -0.8306 -0.0428 0.5553
vn -0.5498 -0.0652 0.8327
vn -0.8455 -0.0771 0.5283
vn -0.5077 -0.4115 0.7569
vn -0.8444 -0.0654 0.5317
vn -0.5825 0.1000 0.8067
vn -0.8678 -0.0279 0.4962
vn -0.6188 0.1000 0.7792
vn -0.7702 0.2566 0.5839
vn -0.4508 0.1452 0.8808
vn -0.5280 -0.2869 0.7993
vn -0.6188 -0.2423 0.7473
vn -0.8499 -0.0989 0.5177
vn -0.2248 -0.8709 0.4370
vn -0.5347 -0.1594 0.8299
vn -0.8749 0.3180 0.3652
vn -0.7935 0.1713 0.5840
vn -0.7669 -0.2229 0.6018
vn -0.3787 -0.6989 0.6067
vn -0.3928 -0.1728 0.9033
vn -0.5283 0.2596 0.8084
vn -0.2881 -0.9367 0.1987
vn -0.1359 -0.9848 0.1084
vn -0.4449 -0.2008 0.8728
vn -0.4150 -0.3733 0.8297
vn -0.5173 -0.2760 0.8101
vn -0.5071 -0.4315 0.7461
vn -0.2817 -0.4403 0.8525
vn -0.5502 -0.7841 0.2872
vn -0.3719 -0.2038 0.9056
vn 0.0445 0.9640 0.2622
vn -0.0756 -0.9854 0.1525
vn 0.4963 -0.6580 0.5664
vn 0.0207 0.9770 0.2124
vn -0.0017 -0.9854 0.1702
vn 0.2062 0.9316 -0.2994
vn 0.0286 -0.9687 -0.2468
vn 0.9649 -0.1166 -0.2353
vn 0.1352 0.9306 -0.3402
vn 0.2852 -0.9206 -0.2667
vn 0.1570 -0.4765 0.8650
vn -0.1400 -0.4773 0.8675
vn -0.4130 0.7805 -0.4693
vn -0.2790 0.0537 -0.9588
vn -0.2834 -0.3743 -0.8830
vn -0.3193 -0.1099 -0.9413
vn -0.2166 -0.5706 -0.7921
vn -0.6231 -0.4291 -0.6539
vn -0.6886 -0.1103 -0.7167
vn -0.6694 -0.2739 -0.6906
vn -0.6697 -0.0013 -0.7426
vn -0.9628 -0.0609 -0.2632
vn -0.9421 -0.2104 -0.2610
vn -0.9583 -0.1507 -0.2428
vn -0.9165 -0.2883 -0.2772
vn -0.9766 -0.2097 0.0473
vn -0.9767 -0.1267 0.1735
vn -0.9837 -0.1159 0.1374
vn -0.9818 -0.0810 0.1720
vn -0.7957 0.3745 0.4762
vn -0.7180 -0.0719 0.6923
vn -0.5569 0.7286 0.3987
vn -0.4817 -0.0935 0.8713
vn -0.2017 0.9066 0.3706
vn -0.2471 0.0432 0.9680
vn -0.8505 0.1835 0.4930
vn -0.8664 0.4680 0.1742
vn -0.9592 0.0968 -0.2657
vn -0.6273 0.7763 -0.0618
vn -0.6333 0.2013 -0.7473
vn -0.2042 0.9716 -0.1194
vn -0.2163 0.2979 -0.9298
vn -0.9535 0.1814 0.2407
vn -0.9870 0.0227 0.1588
vn -0.1928 0.6378 -0.7457
vn -0.6399 0.5183 -0.5674
vn -0.9435 0.2537 -0.2131
vn -0.8651 -0.0108 0.5015
vn -0.1996 0.4127 0.8888
vn -0.5485 0.3037 0.7791
vn -0.7524 0.1910 0.6304
vn -0.7448 0.2566 0.6159
vn -0.5440 0.5359 0.6456
vn -0.2072 0.7183 0.6642
vn -0.9219 0.3663 -0.1265
vn -0.6586 0.6426 -0.3916
vn -0.1901 0.8479 -0.4948
vn -0.9818 0.0831 0.1708
vn -0.8650 0.0992 0.4919
vn -0.3123 0.9100 -0.2726
vn 0.8904 0.4545 0.0257
vn 0.3435 -0.9381 -0.0448
vn -0.8799 -0.3144 -0.3563
vn 0.5096 0.8544 -0.1017
vn 0.0952 0.9679 -0.2327
vn -0.4208 -0.8830 -0.2080
vn -0.8802 0.3641 -0.3043
vn 0.9682 -0.1983 0.1524
vn -0.8543 0.3861 -0.3481
vn 0.9604 -0.2432 -0.1360
vn -0.3842 0.9178 -0.1005
vn 0.9041 0.3410 -0.2575
vn 0.2330 -0.9655 0.1161
vn -0.8837 -0.3714 -0.2847
vn 0.4482 0.8928 -0.0439
vn -0.0011 1.0000 0.0016
vn -0.4165 -0.9091 -0.0072
vn -0.1817 -0.9777 0.1050
vn -0.0552 -0.9936 -0.0987
vn -0.8027 0.5282 -0.2769
vn -0.6809 0.3563 0.6398
vn -0.6675 0.2452 0.7031
vn -0.8103 0.4163 -0.4125
vn -0.8196 0.1435 -0.5547
vn -0.7846 0.6196 0.0233
vn -0.5866 -0.1131 0.8020
vn -0.7279 0.5315 0.4333
vn -0.7973 -0.0216 -0.6033
vn -0.7724 -0.2654 -0.5770
vn -0.7887 -0.1285 -0.6012
vn -0.7446 -0.3470 -0.5703
vn -0.5050 -0.3448 0.7913
vn -0.7992 -0.1982 0.5675
vn -0.5678 0.2923 0.7695
vn -0.4237 0.3656 0.8288
vn -0.2511 0.3278 0.9108
vn 0.5049 -0.2262 0.8330
vn -0.2553 -0.3076 0.9166
vn -0.4695 -0.3075 0.8277
vn -0.6086 -0.2684 0.7467
vn -0.7913 0.1572 0.5909
vn 0.4821 0.2575 0.8374
vn -0.3791 0.6654 0.6431
vn -0.3790 0.3701 0.8481
vn -0.4215 0.5926 -0.6864
vn -0.4242 0.2529 -0.8696
vn -0.4022 0.9089 -0.1101
vn -0.4005 -0.0275 0.9159
vn -0.3751 0.8443 0.3827
vn -0.2914 -0.5266 -0.7986
vn -0.3887 -0.1155 -0.9141
vn -0.3469 -0.3341 -0.8764
vn -0.4159 0.0242 -0.9091
vn -0.2985 -0.2740 0.9142
vn -0.4086 -0.3036 0.8608
vn -0.5541 -0.1500 0.8188
vn -0.8301 -0.1347 0.5412
vn -0.9742 -0.1282 0.1857
vn -0.9713 -0.1213 -0.2047
vn -0.8247 -0.1006 -0.5566
vn -0.5732 -0.0637 -0.8170
vn -0.2606 -0.0593 -0.9636
vn -0.2325 -0.1700 0.9576
vn -0.1678 -0.8265 0.5373
vn -0.3871 -0.8114 0.4379
vn -0.5694 -0.7797 0.2603
vn -0.6301 -0.7765 0.0006
vn -0.5821 -0.7687 -0.2649
vn -0.4622 -0.7549 -0.4653
vn -0.2986 -0.7336 -0.6104
vn -0.1383 -0.6797 -0.7203
vn -0.0879 -0.8203 -0.5652
vn -0.2480 -0.6566 -0.7123
vn -0.5118 -0.6361 -0.5774
vn -0.6106 -0.6147 -0.4993
vn -0.0722 -0.9971 -0.0228
vn -0.3168 -0.9128 -0.2577
vn -0.2518 -0.8861 -0.3891
vn -0.1603 -0.8420 -0.5152
vn -0.1062 -0.7971 -0.5944
vn -0.8228 -0.5627 -0.0804
vn -0.3259 -0.9347 -0.1418
vn -0.4389 -0.8735 -0.2107
vn -0.7394 -0.6178 -0.2675
vn -0.4529 -0.8809 -0.1377
vn -0.1603 -0.6803 -0.7152
vn -0.4131 -0.8369 -0.3591
vn -0.3451 -0.8175 -0.4611
vn -0.1817 -0.7978 -0.5749
vn -0.1057 0.3479 0.9315
vn 0.1114 0.4995 0.8591
vn 0.5475 0.7892 -0.2781
vn 0.2125 0.9554 0.2053
vn -0.8402 -0.3781 0.3888
vn -0.5839 -0.1163 0.8034
vn -0.3616 -0.0333 0.9318
vn -0.2535 -0.9647 -0.0709
vn -0.2386 -0.9667 -0.0920
vn -0.1442 -0.9890 -0.0341
vn -0.3564 -0.3178 0.8786
vn -0.2272 -0.1091 0.9677
vn -0.2437 0.0691 -0.9674
vn -0.5724 0.0767 -0.8164
vn -0.8513 0.0504 -0.5223
vn -0.9827 0.0073 -0.1852
vn -0.9801 -0.0144 0.1978
vn -0.8298 -0.0322 0.5571
vn -0.5394 -0.0619 0.8397
vt 0.262180 0.143276
vt 0.264268 0.160401
vt 0.252475 0.155281
vt 0.251545 0.138183
vt 0.263854 0.174180
vt 0.251595 0.170209
vt 0.240908 0.167257
vt 0.242550 0.151868
vt 0.242686 0.135050
vt 0.264521 0.060138
vt 0.257998 0.074923
vt 0.251140 0.076304
vt 0.256057 0.061175
vt 0.254193 0.093370
vt 0.248732 0.094592
vt 0.241790 0.096557
vt 0.243119 0.079290
vt 0.245007 0.064286
vt 0.332528 0.170849
vt 0.321708 0.183984
vt 0.308526 0.179760
vt 0.313467 0.170704
vt 0.314660 0.194093
vt 0.303003 0.189656
vt 0.290403 0.184837
vt 0.293716 0.174711
vt 0.295978 0.167043
vt 0.385189 0.143944
vt 0.366585 0.165722
vt 0.359538 0.161043
vt 0.375649 0.142682
vt 0.352432 0.180818
vt 0.343222 0.176655
vt 0.354704 0.155102
vt 0.371050 0.138086
vt 0.343177 0.191816
vt 0.332905 0.188329
vt 0.336150 0.201854
vt 0.325547 0.198298
vt 0.374211 0.047995
vt 0.375956 0.056405
vt 0.360370 0.046361
vt 0.360198 0.040648
vt 0.377390 0.067787
vt 0.359609 0.051585
vt 0.337342 0.040392
vt 0.339313 0.036014
vt 0.341211 0.031737
vt 0.389348 0.051634
vt 0.392150 0.059540
vt 0.385995 0.061070
vt 0.383903 0.051316
vt 0.398187 0.072760
vt 0.388280 0.073266
vt 0.397532 0.107815
vt 0.392992 0.125101
vt 0.385565 0.123749
vt 0.388820 0.106767
vt 0.380334 0.120123
vt 0.382451 0.104269
vt 0.314537 0.030509
vt 0.317388 0.025537
vt 0.312392 0.035551
vt 0.286155 0.036170
vt 0.290246 0.028278
vt 0.293159 0.021915
vt 0.255235 0.117058
vt 0.249110 0.116633
vt 0.241531 0.115910
vt 0.278313 0.167573
vt 0.278125 0.157758
vt 0.277050 0.179295
vt 0.367290 0.075110
vt 0.353964 0.059391
vt 0.260886 0.114766
vt 0.266727 0.133834
vt 0.279994 0.149605
vt 0.334469 0.047528
vt 0.337944 0.155294
vt 0.354590 0.144356
vt 0.299089 0.159479
vt 0.294469 0.046408
vt 0.281118 0.053690
vt 0.273680 0.047386
vt 0.366836 0.131547
vt 0.319420 0.160788
vt 0.271637 0.065242
vt 0.312913 0.043612
vt 0.373462 0.117762
vt 0.374966 0.105325
vt 0.373554 0.090729
vt 0.381898 0.086776
vt 0.431292 0.150958
vt 0.445152 0.151757
vt 0.443013 0.162686
vt 0.427109 0.163057
vt 0.460555 0.151770
vt 0.460707 0.162106
vt 0.460535 0.172749
vt 0.441736 0.173638
vt 0.424582 0.174656
vt 0.346667 0.020362
vt 0.343369 0.026653
vt 0.320029 0.019117
vt 0.322570 0.013264
vt 0.295555 0.015220
vt 0.297036 0.007960
vt 0.393939 0.032884
vt 0.391541 0.043108
vt 0.385474 0.040664
vt 0.388234 0.030421
vt 0.373971 0.039594
vt 0.377486 0.030759
vt 0.360745 0.034357
vt 0.364487 0.026990
vt 0.395879 0.049961
vt 0.402527 0.060939
vt 0.398960 0.038073
vt 0.405745 0.050667
vt 0.410484 0.152374
vt 0.419918 0.151267
vt 0.413584 0.164774
vt 0.401811 0.167054
vt 0.409366 0.177053
vt 0.395615 0.179936
vt 0.395545 0.153322
vt 0.389790 0.150813
vt 0.407410 0.133000
vt 0.411138 0.135827
vt 0.404623 0.127705
vt 0.419833 0.112325
vt 0.422503 0.120772
vt 0.425032 0.123999
vt 0.264917 0.078842
vt 0.398632 0.091748
vt 0.389374 0.089230
vt 0.420078 0.204289
vt 0.402035 0.204211
vt 0.405736 0.189870
vt 0.422157 0.187535
vt 0.386657 0.206055
vt 0.390810 0.192388
vt 0.458615 0.197569
vt 0.439886 0.199671
vt 0.440381 0.185705
vt 0.459976 0.184134
vt 0.401876 0.121391
vt 0.408301 0.109043
vt 0.423478 0.073719
vt 0.421003 0.078743
vt 0.412723 0.071591
vt 0.415886 0.065358
vt 0.419346 0.085462
vt 0.410512 0.080568
vt 0.409839 0.093771
vt 0.418878 0.095458
vt 0.371767 0.183556
vt 0.382059 0.169888
vt 0.391320 0.169085
vt 0.383039 0.182345
vt 0.402414 0.153486
vt 0.460192 0.134499
vt 0.460224 0.141488
vt 0.449224 0.140861
vt 0.453663 0.133968
vt 0.438777 0.138845
vt 0.447236 0.132756
vt 0.358667 0.206077
vt 0.364485 0.194783
vt 0.376947 0.194165
vt 0.371983 0.206703
vt 0.429737 0.137011
vt 0.422226 0.136423
vt 0.434580 0.127921
vt 0.440846 0.130625
vt 0.455107 0.129799
vt 0.459640 0.130561
vt 0.450491 0.128938
vt 0.451558 0.122469
vt 0.455934 0.122979
vt 0.460273 0.123917
vt 0.425905 0.084484
vt 0.424316 0.089945
vt 0.428172 0.080401
vt 0.432605 0.084809
vt 0.430989 0.089203
vt 0.429389 0.094604
vt 0.429052 0.115905
vt 0.432111 0.119703
vt 0.425339 0.108068
vt 0.429984 0.110423
vt 0.433428 0.114982
vt 0.436297 0.117146
vt 0.445835 0.127686
vt 0.441051 0.125752
vt 0.443038 0.120874
vt 0.447243 0.121917
vt 0.423709 0.097838
vt 0.428390 0.102080
vt 0.457359 0.114769
vt 0.461843 0.115229
vt 0.453078 0.114979
vt 0.452271 0.109340
vt 0.456543 0.108133
vt 0.461241 0.107616
vt 0.437107 0.091897
vt 0.435136 0.097144
vt 0.438376 0.087401
vt 0.443784 0.089303
vt 0.442045 0.093870
vt 0.439533 0.098904
vt 0.437158 0.112067
vt 0.439587 0.113255
vt 0.434675 0.109630
vt 0.437488 0.108503
vt 0.439252 0.109714
vt 0.441549 0.110632
vt 0.449003 0.115345
vt 0.445288 0.115340
vt 0.445846 0.111884
vt 0.448454 0.110767
vt 0.433543 0.103883
vt 0.437523 0.104770
vt 0.446927 0.103840
vt 0.443525 0.107937
vt 0.440402 0.106146
vt 0.442886 0.100937
vt 0.455272 0.096747
vt 0.450953 0.100085
vt 0.446022 0.096279
vt 0.449031 0.091696
vt 0.123238 0.186441
vt 0.126569 0.208042
vt 0.109175 0.211483
vt 0.105566 0.187118
vt 0.132462 0.227073
vt 0.116016 0.233031
vt 0.099527 0.238622
vt 0.091564 0.213992
vt 0.087710 0.186435
vt 0.164009 0.312857
vt 0.183480 0.322956
vt 0.173914 0.338767
vt 0.153406 0.327565
vt 0.201719 0.330048
vt 0.193062 0.346671
vt 0.184123 0.363714
vt 0.164054 0.355044
vt 0.142427 0.342791
vt 0.236362 0.338821
vt 0.253622 0.340305
vt 0.249456 0.358106
vt 0.230597 0.356426
vt 0.270236 0.339872
vt 0.267610 0.357762
vt 0.264507 0.376259
vt 0.244847 0.376409
vt 0.224465 0.374461
vt 0.219188 0.335323
vt 0.211853 0.352551
vt 0.204212 0.370188
vt 0.285274 0.337977
vt 0.283996 0.355878
vt 0.298629 0.335437
vt 0.298477 0.353118
vt 0.298039 0.371660
vt 0.282281 0.374496
vt 0.281756 0.280169
vt 0.292884 0.279561
vt 0.290379 0.292358
vt 0.278502 0.293515
vt 0.303619 0.279110
vt 0.301519 0.291255
vt 0.299318 0.304507
vt 0.287683 0.306147
vt 0.275032 0.307661
vt 0.231324 0.269648
vt 0.244801 0.274194
vt 0.238795 0.288545
vt 0.224548 0.284195
vt 0.257541 0.277541
vt 0.252332 0.291672
vt 0.246881 0.306349
vt 0.232478 0.303300
vt 0.217434 0.298904
vt 0.269902 0.279565
vt 0.265675 0.293364
vt 0.261227 0.307828
vt 0.202115 0.257127
vt 0.216900 0.263971
vt 0.208875 0.279226
vt 0.192955 0.271561
vt 0.201140 0.293087
vt 0.183875 0.284895
vt 0.232603 0.197537
vt 0.243549 0.201054
vt 0.237790 0.217543
vt 0.226340 0.212899
vt 0.255580 0.204686
vt 0.249988 0.222027
vt 0.243976 0.239251
vt 0.231313 0.233908
vt 0.219014 0.228147
vt 0.279709 0.212501
vt 0.290964 0.216281
vt 0.284475 0.233173
vt 0.273594 0.229987
vt 0.301633 0.219855
vt 0.294801 0.235859
vt 0.288783 0.252065
vt 0.278487 0.250267
vt 0.267662 0.247538
vt 0.267819 0.208543
vt 0.262023 0.226241
vt 0.256163 0.243836
vt 0.311942 0.223285
vt 0.304815 0.238214
vt 0.322344 0.226705
vt 0.315007 0.240752
vt 0.308889 0.254448
vt 0.298758 0.253129
vt 0.318781 0.209879
vt 0.308198 0.205884
vt 0.329388 0.213472
vt 0.273151 0.192890
vt 0.260574 0.188751
vt 0.285501 0.197390
vt 0.297187 0.201735
vt 0.248376 0.185329
vt 0.237506 0.182395
vt 0.200123 0.154959
vt 0.192222 0.152758
vt 0.194201 0.143813
vt 0.201540 0.146992
vt 0.182544 0.150330
vt 0.185060 0.139354
vt 0.189885 0.129379
vt 0.197846 0.136059
vt 0.202516 0.140869
vt 0.226201 0.133622
vt 0.224308 0.117606
vt 0.232978 0.116117
vt 0.234169 0.133604
vt 0.221789 0.101575
vt 0.232021 0.098605
vt 0.157070 0.144696
vt 0.142080 0.141666
vt 0.147901 0.123179
vt 0.161624 0.129192
vt 0.126679 0.137568
vt 0.133559 0.116641
vt 0.143804 0.098094
vt 0.156416 0.106913
vt 0.168697 0.115119
vt 0.215240 0.072945
vt 0.211678 0.060556
vt 0.229251 0.055131
vt 0.230284 0.068023
vt 0.208259 0.049084
vt 0.228110 0.043467
vt 0.248140 0.039644
vt 0.246801 0.051160
vt 0.095812 0.127217
vt 0.081069 0.121326
vt 0.093596 0.094640
vt 0.106150 0.102181
vt 0.066441 0.115075
vt 0.081346 0.086914
vt 0.100679 0.062455
vt 0.110437 0.071225
vt 0.120630 0.080029
vt 0.202552 0.027619
vt 0.200152 0.017271
vt 0.225083 0.012558
vt 0.226004 0.022340
vt 0.197841 0.006917
vt 0.224097 0.002922
vt 0.249408 0.002154
vt 0.249536 0.010966
vt 0.249316 0.019862
vt 0.212890 0.159086
vt 0.206843 0.157067
vt 0.207833 0.148097
vt 0.213780 0.148182
vt 0.207023 0.139093
vt 0.212693 0.136732
vt 0.199394 0.163288
vt 0.192308 0.162457
vt 0.198843 0.169729
vt 0.193849 0.171906
vt 0.184652 0.174680
vt 0.182736 0.162386
vt 0.216286 0.189671
vt 0.223500 0.193862
vt 0.216517 0.208140
vt 0.208828 0.202642
vt 0.208038 0.222202
vt 0.199492 0.215246
vt 0.155271 0.162305
vt 0.139513 0.162671
vt 0.156190 0.180651
vt 0.139983 0.184189
vt 0.123059 0.161770
vt 0.176533 0.239463
vt 0.187832 0.249575
vt 0.177374 0.261615
vt 0.164304 0.249685
vt 0.166593 0.273553
vt 0.151729 0.259697
vt 0.089173 0.156189
vt 0.072861 0.152138
vt 0.070479 0.184831
vt 0.053431 0.182603
vt 0.056735 0.147572
vt 0.125277 0.280504
vt 0.143629 0.298421
vt 0.131426 0.311535
vt 0.111348 0.291425
vt 0.118921 0.325034
vt 0.097008 0.303006
vt 0.210508 0.169552
vt 0.205196 0.165958
vt 0.206252 0.179388
vt 0.202156 0.173922
vt 0.228681 0.179530
vt 0.232166 0.164899
vt 0.221613 0.176466
vt 0.224961 0.162856
vt 0.110795 0.260653
vt 0.095402 0.269080
vt 0.082927 0.244100
vt 0.079339 0.278082
vt 0.065952 0.249572
vt 0.163718 0.213327
vt 0.168988 0.227592
vt 0.155032 0.236120
vt 0.148359 0.220722
vt 0.140538 0.244324
vt 0.210755 0.184786
vt 0.203465 0.196026
vt 0.199612 0.188503
vt 0.193934 0.206812
vt 0.190241 0.197045
vt 0.233961 0.149800
vt 0.226478 0.148707
vt 0.159589 0.046630
vt 0.153474 0.036276
vt 0.176437 0.025017
vt 0.180619 0.035578
vt 0.147533 0.025841
vt 0.172393 0.014346
vt 0.189187 0.089541
vt 0.181142 0.078509
vt 0.195808 0.068156
vt 0.201639 0.079949
vt 0.173338 0.067714
vt 0.190221 0.057003
vt 0.209254 0.124746
vt 0.216377 0.120559
vt 0.219060 0.134771
vt 0.203871 0.112639
vt 0.212402 0.106259
vt 0.203007 0.129886
vt 0.196269 0.120422
vt 0.167713 0.091736
vt 0.178000 0.101618
vt 0.157455 0.081565
vt 0.131014 0.051603
vt 0.139092 0.061343
vt 0.123254 0.041907
vt 0.196410 0.180443
vt 0.187214 0.186281
vt 0.159285 0.197701
vt 0.143196 0.203502
vt 0.074235 0.215839
vt 0.056810 0.217283
vt 0.215772 0.173132
vt 0.218741 0.160972
vt 0.219866 0.148264
vt 0.367141 0.092159
vt 0.362046 0.079169
vt 0.368626 0.104471
vt 0.362973 0.103219
vt 0.360365 0.093451
vt 0.356196 0.082661
vt 0.318949 0.154265
vt 0.335686 0.149326
vt 0.301317 0.152819
vt 0.303201 0.146363
vt 0.317936 0.147466
vt 0.331974 0.143330
vt 0.268314 0.116436
vt 0.273300 0.131507
vt 0.260718 0.095185
vt 0.267948 0.099737
vt 0.275144 0.102442
vt 0.275574 0.116406
vt 0.279834 0.128875
vt 0.314400 0.050466
vt 0.298124 0.052605
vt 0.333263 0.054142
vt 0.331581 0.060982
vt 0.315169 0.057526
vt 0.300751 0.059361
vt 0.350308 0.139708
vt 0.361154 0.128069
vt 0.344508 0.135415
vt 0.354176 0.125220
vt 0.367843 0.115802
vt 0.360304 0.114360
vt 0.285937 0.060449
vt 0.277329 0.071599
vt 0.290774 0.067002
vt 0.283152 0.077370
vt 0.350659 0.064940
vt 0.346651 0.070415
vt 0.284423 0.144489
vt 0.289167 0.139748
vt 0.342724 0.075372
vt 0.329925 0.067093
vt 0.350967 0.085745
vt 0.346605 0.086325
vt 0.339802 0.077853
vt 0.329028 0.070522
vt 0.293121 0.136100
vt 0.304512 0.141045
vt 0.285490 0.127217
vt 0.290626 0.127304
vt 0.296818 0.133112
vt 0.305430 0.136502
vt 0.355128 0.094940
vt 0.355331 0.104548
vt 0.347969 0.104737
vt 0.348704 0.095524
vt 0.316432 0.141743
vt 0.327803 0.138268
vt 0.314248 0.137256
vt 0.322768 0.135432
vt 0.281898 0.116852
vt 0.281681 0.105021
vt 0.287781 0.107886
vt 0.287547 0.118704
vt 0.315318 0.062958
vt 0.302917 0.066879
vt 0.316655 0.068568
vt 0.306562 0.071683
vt 0.338442 0.131909
vt 0.347135 0.123230
vt 0.331869 0.130491
vt 0.339902 0.122358
vt 0.352685 0.113933
vt 0.345123 0.113595
vt 0.294703 0.073888
vt 0.288666 0.082969
vt 0.299607 0.078657
vt 0.294404 0.087551
vt 0.277997 0.089212
vt 0.284182 0.093497
vt 0.290337 0.097358
vt 0.271293 0.084764
vt 0.174440 0.191859
vt 0.171590 0.177459
vt 0.178047 0.205144
vt 0.179956 0.122449
vt 0.187702 0.111057
vt 0.196979 0.100876
vt 0.207342 0.092640
vt 0.218702 0.086600
vt 0.182305 0.217053
vt 0.188615 0.227276
vt 0.198437 0.235700
vt 0.210862 0.242830
vt 0.170093 0.162263
vt 0.170679 0.147616
vt 0.231170 0.082485
vt 0.174091 0.134492
vt 0.224310 0.249241
vt 0.237777 0.254907
vt 0.273864 0.265512
vt 0.262467 0.263107
vt 0.284753 0.266651
vt 0.250504 0.259566
vt 0.295161 0.266724
vt 0.305507 0.267008
vt 0.261965 0.048143
vt 0.266351 0.036992
vt 0.328048 0.074309
vt 0.319134 0.072029
vt 0.326385 0.080155
vt 0.314288 0.075731
vt 0.320490 0.097327
vt 0.323782 0.088365
vt 0.338148 0.093119
vt 0.335939 0.102051
vt 0.338404 0.084600
vt 0.313297 0.114037
vt 0.317007 0.105724
vt 0.332732 0.110461
vt 0.328276 0.118708
vt 0.306784 0.130139
vt 0.309483 0.122692
vt 0.322240 0.126830
vt 0.316155 0.133131
vt 0.297255 0.128424
vt 0.299431 0.132448
vt 0.305676 0.134503
vt 0.296980 0.120307
vt 0.298683 0.110575
vt 0.301709 0.101230
vt 0.305415 0.092165
vt 0.309485 0.083124
vt 0.336442 0.078558
vt 0.311989 0.135751
vt 0.131765 0.089043
vt 0.147871 0.071368
vt 0.166160 0.057092
vt 0.185167 0.046195
vt 0.205219 0.038168
vt 0.125855 0.252414
vt 0.138707 0.269969
vt 0.155340 0.285793
vt 0.174204 0.298641
vt 0.106115 0.159538
vt 0.111107 0.132700
vt 0.227007 0.032587
vt 0.248889 0.029238
vt 0.119488 0.109619
vt 0.286348 0.321133
vt 0.272592 0.322891
vt 0.298742 0.319008
vt 0.226108 0.318657
vt 0.209930 0.313947
vt 0.241778 0.321847
vt 0.257477 0.323258
vt 0.192644 0.307656
vt 0.272647 0.012337
vt 0.271250 0.020205
vt 0.273281 0.004236
vt 0.269024 0.027709
vt 0.432311 0.262131
vt 0.428772 0.256528
vt 0.434493 0.252493
vt 0.437563 0.258499
vt 0.425828 0.251362
vt 0.432154 0.246816
vt 0.438426 0.243349
vt 0.440175 0.249288
vt 0.442802 0.255471
vt 0.422160 0.271207
vt 0.417584 0.266755
vt 0.423099 0.261325
vt 0.427148 0.266388
vt 0.413422 0.262969
vt 0.419540 0.256818
vt 0.412940 0.282161
vt 0.407383 0.278962
vt 0.412326 0.272671
vt 0.417409 0.276493
vt 0.402151 0.276586
vt 0.407602 0.269604
vt 0.405061 0.294323
vt 0.398702 0.292304
vt 0.402817 0.285537
vt 0.408801 0.288131
vt 0.392636 0.291196
vt 0.397135 0.283816
vt 0.399087 0.307027
vt 0.392178 0.306022
vt 0.395128 0.299164
vt 0.401798 0.300648
vt 0.385566 0.306033
vt 0.388748 0.298631
vt 0.395498 0.319715
vt 0.388492 0.319464
vt 0.389941 0.312795
vt 0.396977 0.313411
vt 0.381840 0.320504
vt 0.383213 0.313326
vt 0.394126 0.331871
vt 0.388189 0.332354
vt 0.387890 0.326051
vt 0.394585 0.325775
vt 0.382697 0.334187
vt 0.381586 0.327582
vt 0.445827 0.246919
vt 0.448098 0.252928
vt 0.444609 0.241068
vt 0.450760 0.239961
vt 0.451369 0.245262
vt 0.453437 0.250666
vt 0.437057 0.237960
vt 0.444113 0.235634
vt 0.434382 0.230664
vt 0.443279 0.227925
vt 0.452865 0.227046
vt 0.451219 0.234831
vt 0.423038 0.246998
vt 0.430057 0.241822
vt 0.418808 0.241916
vt 0.426527 0.235505
vt 0.409129 0.260104
vt 0.415993 0.253196
vt 0.402299 0.256874
vt 0.410521 0.249142
vt 0.396675 0.275113
vt 0.402664 0.267469
vt 0.388247 0.273551
vt 0.394847 0.265108
vt 0.386366 0.290830
vt 0.391225 0.282919
vt 0.377564 0.290308
vt 0.382532 0.281918
vt 0.378719 0.306777
vt 0.382169 0.298799
vt 0.369292 0.307730
vt 0.373180 0.298883
vt 0.374871 0.322585
vt 0.376165 0.314742
vt 0.366799 0.324489
vt 0.367364 0.316026
vt 0.377095 0.337264
vt 0.375351 0.330048
vt 0.369952 0.341630
vt 0.367712 0.333087
vt 0.345319 0.327462
vt 0.356723 0.326048
vt 0.358111 0.336430
vt 0.347026 0.339907
vt 0.360737 0.347098
vt 0.349775 0.353041
vt 0.321527 0.304110
vt 0.321205 0.316568
vt 0.310093 0.317442
vt 0.310389 0.303842
vt 0.321844 0.330820
vt 0.310547 0.333008
vt 0.326059 0.281945
vt 0.323474 0.292777
vt 0.312429 0.291427
vt 0.314555 0.279990
vt 0.332198 0.260349
vt 0.328424 0.271417
vt 0.316528 0.268739
vt 0.319936 0.256937
vt 0.455954 0.213471
vt 0.441554 0.214951
vt 0.429113 0.218873
vt 0.369768 0.280183
vt 0.375452 0.271049
vt 0.364585 0.289677
vt 0.351192 0.287080
vt 0.355280 0.277595
vt 0.360572 0.267620
vt 0.360856 0.298230
vt 0.358217 0.307021
vt 0.345783 0.305871
vt 0.347910 0.296421
vt 0.356789 0.316244
vt 0.344906 0.316130
vt 0.333493 0.329044
vt 0.335202 0.343434
vt 0.323245 0.346865
vt 0.337650 0.358825
vt 0.324943 0.363939
vt 0.352727 0.219346
vt 0.340526 0.216597
vt 0.346993 0.204469
vt 0.345977 0.233846
vt 0.333507 0.230220
vt 0.382687 0.261382
vt 0.368092 0.256446
vt 0.379210 0.241567
vt 0.391678 0.251700
vt 0.360525 0.237754
vt 0.352715 0.251992
vt 0.338509 0.247926
vt 0.345740 0.264161
vt 0.326115 0.244018
vt 0.382478 0.222289
vt 0.366826 0.221667
vt 0.311269 0.350051
vt 0.311988 0.368145
vt 0.341317 0.274427
vt 0.338363 0.284291
vt 0.335107 0.294687
vt 0.333357 0.304857
vt 0.332846 0.316198
vt 0.454563 0.104823
vt 0.459407 0.103087
vt 0.450202 0.107022
vt 0.446427 0.109437
vt 0.444071 0.111097
vt 0.439246 0.119090
vt 0.442164 0.114510
vt 0.429015 0.125697
vt 0.436108 0.122791
vt 0.353475 0.194010
vt 0.361737 0.183038
vt 0.373954 0.168715
vt 0.416043 0.136572
vt 0.402505 0.243160
vt 0.412420 0.234995
vt 0.396645 0.233770
vt 0.406691 0.229178
vt 0.410950 0.219282
vt 0.397863 0.219744
vt 0.420315 0.226339
vt 0.458985 0.260277
vt 0.461414 0.263921
vt 0.456768 0.267672
vt 0.454042 0.263713
vt 0.461843 0.267375
vt 0.459101 0.271177
vt 0.455161 0.273214
vt 0.451906 0.271451
vt 0.448780 0.269322
vt 0.446027 0.261504
vt 0.451005 0.258590
vt 0.456192 0.255746
vt 0.404719 0.331465
vt 0.399987 0.332215
vt 0.401137 0.326521
vt 0.407434 0.327717
vt 0.402289 0.320706
vt 0.408846 0.322282
vt 0.403768 0.314954
vt 0.410282 0.316700
vt 0.405762 0.308877
vt 0.412123 0.311250
vt 0.408286 0.302769
vt 0.414478 0.305404
vt 0.411293 0.296831
vt 0.417314 0.299646
vt 0.414728 0.291076
vt 0.420529 0.294173
vt 0.418519 0.285574
vt 0.424065 0.288996
vt 0.422601 0.280397
vt 0.427852 0.284187
vt 0.426932 0.275615
vt 0.431840 0.279814
vt 0.431487 0.271289
vt 0.436010 0.275923
vt 0.436247 0.267470
vt 0.440383 0.272523
vt 0.441146 0.264229
vt 0.444884 0.269894
s 1
f 4368/3455/4204 4608/3456/4444 4996/3457/4832 4605/3458/4441
f 4608/3456/4444 4355/3459/4191 4575/3460/4411 4996/3457/4832
f 4996/3457/4832 4575/3460/4411 4348/3461/4184 4590/3462/4426
f 4605/3458/4441 4996/3457/4832 4590/3462/4426 4360/3463/4196
f 4482/3464/4318 4816/3465/4652 4997/3466/4833 4845/3467/4681
f 4816/3465/4652 4361/3468/4197 4581/3469/4417 4997/3466/4833
f 4997/3466/4833 4581/3469/4417 4352/3470/4188 4815/3471/4651
f 4845/3467/4681 4997/3466/4833 4815/3471/4651 4481/3472/4317
f 4365/3473/4201 4596/3474/4432 4998/3475/4834 4593/3476/4429
f 4596/3474/4432 4359/3477/4195 4579/3478/4415 4998/3475/4834
f 4998/3475/4834 4579/3478/4415 4351/3479/4187 4592/3480/4428
f 4593/3476/4429 4998/3475/4834 4592/3480/4428 4364/3481/4200
f 4350/3482/4186 4584/3483/4420 4999/3484/4835 4591/3485/4427
f 4584/3483/4420 4354/3486/4190 4594/3487/4430 4999/3484/4835
f 4999/3484/4835 4594/3487/4430 4365/3473/4201 4595/3488/4431
f 4591/3485/4427 4999/3484/4835 4595/3488/4431 4362/3489/4198
f 4354/3486/4190 4574/3490/4410 5000/3491/4836 4594/3487/4430
f 4574/3490/4410 4346/3492/4182 4589/3493/4425 5000/3491/4836
f 5000/3491/4836 4589/3493/4425 4359/3477/4195 4596/3474/4432
f 4594/3487/4430 5000/3491/4836 4596/3474/4432 4365/3473/4201
f 4388/3494/4224 4630/3495/4466 5001/3496/4837 4635/3497/4471
f 4630/3495/4466 4366/3498/4202 4597/3499/4433 5001/3496/4837
f 5001/3496/4837 4597/3499/4433 4363/3500/4199 4628/3501/4464
f 4635/3497/4471 5001/3496/4837 4628/3501/4464 4386/3502/4222
f 4387/3503/4223 4588/3504/4424 5002/3505/4838 4634/3506/4470
f 4588/3504/4424 4358/3507/4194 4598/3508/4434 5002/3505/4838
f 5002/3505/4838 4598/3508/4434 4366/3498/4202 4630/3495/4466
f 4634/3506/4470 5002/3505/4838 4630/3495/4466 4388/3494/4224
f 4392/3509/4228 4578/3510/4414 5003/3511/4839 4644/3512/4480
f 4578/3510/4414 4350/3482/4186 4591/3485/4427 5003/3511/4839
f 5003/3511/4839 4591/3485/4427 4362/3489/4198 4642/3513/4478
f 4644/3512/4480 5003/3511/4839 4642/3513/4478 4393/3514/4229
f 4386/3502/4222 4628/3501/4464 5004/3515/4840 4632/3516/4468
f 4628/3501/4464 4363/3500/4199 4602/3517/4438 5004/3515/4840
f 5004/3515/4840 4602/3517/4438 4367/3518/4203 4631/3519/4467
f 4632/3516/4468 5004/3515/4840 4631/3519/4467 4389/3520/4225
f 4361/3468/4197 4607/3521/4443 5005/3522/4841 4581/3469/4417
f 4607/3521/4443 4368/3455/4204 4605/3458/4441 5005/3522/4841
f 5005/3522/4841 4605/3458/4441 4360/3463/4196 4580/3523/4416
f 4581/3469/4417 5005/3522/4841 4580/3523/4416 4352/3470/4188
f 4364/3481/4200 4592/3480/4428 5006/3524/4842 4606/3525/4442
f 4592/3480/4428 4351/3479/4187 4585/3526/4421 5006/3524/4842
f 5006/3524/4842 4585/3526/4421 4355/3459/4191 4608/3456/4444
f 4606/3525/4442 5006/3524/4842 4608/3456/4444 4368/3455/4204
f 4366/3498/4202 4374/3527/4210 4611/3528/4447 4597/3499/4433
f 4607/3521/4443 4616/3529/4452 4376/3530/4212 4368/3455/4204
f 4376/3530/4212 4615/3531/4451 4606/3525/4442 4368/3455/4204
f 4597/3499/4433 4611/3528/4447 4371/3532/4207 4363/3500/4199
f 4365/3473/4201 4373/3533/4209 4610/3534/4446 4595/3488/4431
f 4606/3525/4442 4615/3531/4451 4372/3535/4208 4364/3481/4200
f 4367/3518/4203 4375/3536/4211 4614/3537/4450 4604/3538/4440
f 4595/3488/4431 4610/3534/4446 4370/3539/4206 4362/3489/4198
f 4372/3535/4208 4609/3540/4445 4593/3476/4429 4364/3481/4200
f 4604/3538/4440 4614/3537/4450 4483/3541/4319 4482/3464/4318
f 4371/3532/4207 4613/3542/4449 4602/3517/4438 4363/3500/4199
f 4593/3476/4429 4609/3540/4445 4373/3533/4209 4365/3473/4201
f 4370/3539/4206 4643/3543/4479 4642/3513/4478 4362/3489/4198
f 4602/3517/4438 4613/3542/4449 4375/3536/4211 4367/3518/4203
f 4393/3514/4229 4394/3544/4230 4612/3545/4448 4600/3546/4436
f 4642/3513/4478 4643/3543/4479 4394/3544/4230 4393/3514/4229
f 4390/3547/4226 4623/3548/4459 5007/3549/4843 4639/3550/4475
f 4623/3548/4459 4380/3551/4216 4619/3552/4455 5007/3549/4843
f 5007/3549/4843 4619/3552/4455 4379/3553/4215 4624/3554/4460
f 4639/3550/4475 5007/3549/4843 4624/3554/4460 4391/3555/4227
f 4349/3556/4185 4582/3557/4418 5008/3558/4844 4577/3559/4413
f 4582/3557/4418 4386/3502/4222 4632/3516/4468 5008/3558/4844
f 5008/3558/4844 4632/3516/4468 4389/3520/4225 4603/3560/4439
f 4577/3559/4413 5008/3558/4844 4603/3560/4439 4357/3561/4193
f 4345/3562/4181 4629/3563/4465 5009/3564/4845 4573/3565/4409
f 4629/3563/4465 4387/3503/4223 4634/3506/4470 5009/3564/4845
f 5009/3564/4845 4634/3506/4470 4388/3494/4224 4599/3566/4435
f 4573/3565/4409 5009/3564/4845 4599/3566/4435 4353/3567/4189
f 4353/3567/4189 4599/3566/4435 5010/3568/4846 4583/3569/4419
f 4599/3566/4435 4388/3494/4224 4635/3497/4471 5010/3568/4846
f 5010/3568/4846 4635/3497/4471 4386/3502/4222 4582/3557/4418
f 4583/3569/4419 5010/3568/4846 4582/3557/4418 4349/3556/4185
f 4358/3507/4194 4588/3504/4424 5011/3570/4847 4636/3571/4472
f 4588/3504/4424 4387/3503/4223 4629/3563/4465 5011/3570/4847
f 5011/3570/4847 4629/3563/4465 4345/3562/4181 4621/3572/4457
f 4636/3571/4472 5011/3570/4847 4621/3572/4457 4381/3573/4217
f 4383/3574/4219 4637/3575/4473 5012/3576/4848 4626/3577/4462
f 4637/3575/4473 4390/3547/4226 4639/3550/4475 5012/3576/4848
f 5012/3576/4848 4639/3550/4475 4391/3555/4227 4638/3578/4474
f 4626/3577/4462 5012/3576/4848 4638/3578/4474 4384/3579/4220
f 4548/3580/4384 4640/3581/4476 5013/3582/4849 4972/3583/4808
f 4640/3581/4476 4350/3482/4186 4649/3584/4485 5013/3582/4849
f 5013/3582/4849 4649/3584/4485 4397/3585/4233 4948/3586/4784
f 4972/3583/4808 5013/3582/4849 4948/3586/4784 4549/3587/4385
f 4482/3464/4318 4483/3541/4319 4817/3588/4653 4816/3465/4652
f 4600/3546/4436 4612/3545/4448 4374/3527/4210 4366/3498/4202
f 4358/3507/4194 4641/3589/4477 5014/3590/4850 4598/3508/4434
f 4641/3589/4477 4392/3509/4228 4644/3512/4480 5014/3590/4850
f 5014/3590/4850 4644/3512/4480 4393/3514/4229 4600/3546/4436
f 4598/3508/4434 5014/3590/4850 4600/3546/4436 4366/3498/4202
f 4382/3591/4218 4622/3592/4458 5015/3593/4851 4646/3594/4482
f 4622/3592/4458 4377/3595/4213 4645/3596/4481 5015/3593/4851
f 5015/3593/4851 4645/3596/4481 4384/3579/4220 4638/3578/4474
f 4646/3594/4482 5015/3593/4851 4638/3578/4474 4391/3555/4227
f 4378/3597/4214 4617/3598/4453 5016/3599/4852 4618/3600/4454
f 4617/3598/4453 4382/3591/4218 4646/3594/4482 5016/3599/4852
f 5016/3599/4852 4646/3594/4482 4391/3555/4227 4624/3554/4460
f 4618/3600/4454 5016/3599/4852 4624/3554/4460 4379/3553/4215
f 4350/3482/4186 4578/3510/4414 5017/3601/4853 4649/3584/4485
f 4392/3509/4228 4655/3602/4491 5017/3601/4853 4578/3510/4414
f 4397/3585/4233 4649/3584/4485 5017/3601/4853 4655/3602/4491
f 4395/3603/4231 4651/3604/4487 5018/3605/4854 4620/3606/4456
f 4651/3604/4487 4399/3607/4235 4654/3608/4490 5018/3605/4854
f 5018/3605/4854 4654/3608/4490 4358/3507/4194 4636/3571/4472
f 4620/3606/4456 5018/3605/4854 4636/3571/4472 4381/3573/4217
f 4392/3509/4228 4641/3589/4477 5019/3609/4855 4655/3602/4491
f 4641/3589/4477 4358/3507/4194 4654/3608/4490 5019/3609/4855
f 5019/3609/4855 4654/3608/4490 4399/3607/4235 4650/3610/4486
f 4655/3602/4491 5019/3609/4855 4650/3610/4486 4397/3585/4233
f 4547/3611/4383 4971/3612/4807 5020/3613/4856 4946/3614/4782
f 4971/3612/4807 4548/3580/4384 4947/3615/4783 5020/3613/4856
f 5020/3613/4856 4947/3615/4783 4383/3574/4219 4626/3577/4462
f 4946/3614/4782 5020/3613/4856 4626/3577/4462 4384/3579/4220
f 4396/3616/4232 4648/3617/4484 5021/3618/4857 4653/3619/4489
f 4648/3617/4484 4380/3551/4216 4623/3548/4459 5021/3618/4857
f 5021/3618/4857 4623/3548/4459 4390/3547/4226 4657/3620/4493
f 4653/3619/4489 5021/3618/4857 4657/3620/4493 4400/3621/4236
f 4550/3622/4386 4970/3623/4806 5022/3624/4858 4949/3625/4785
f 4970/3623/4806 4547/3611/4383 4946/3614/4782 5022/3624/4858
f 5022/3624/4858 4946/3614/4782 4384/3579/4220 4645/3596/4481
f 4949/3625/4785 5022/3624/4858 4645/3596/4481 4377/3595/4213
f 4390/3547/4226 4637/3575/4473 5023/3626/4859 4657/3620/4493
f 4637/3575/4473 4383/3574/4219 4647/3627/4483 5023/3626/4859
f 5023/3626/4859 4647/3627/4483 4398/3628/4234 4652/3629/4488
f 4657/3620/4493 5023/3626/4859 4652/3629/4488 4400/3621/4236
f 4396/3616/4232 4653/3619/4489 5024/3630/4860 4665/3631/4501
f 4653/3619/4489 4400/3621/4236 4664/3632/4500 5024/3630/4860
f 5024/3630/4860 4664/3632/4500 4406/3633/4242 4662/3634/4498
f 4665/3631/4501 5024/3630/4860 4662/3634/4498 4402/3635/4238
f 4399/3607/4235 4651/3604/4487 5025/3636/4861 4667/3637/4503
f 4651/3604/4487 4395/3603/4231 4666/3638/4502 5025/3636/4861
f 5025/3636/4861 4666/3638/4502 4401/3639/4237 4660/3640/4496
f 4667/3637/4503 5025/3636/4861 4660/3640/4496 4405/3641/4241
f 4549/3587/4385 4948/3586/4784 5026/3642/4862 4969/3643/4805
f 4948/3586/4784 4397/3585/4233 4668/3644/4504 5026/3642/4862
f 5026/3642/4862 4668/3644/4504 4403/3645/4239 4950/3646/4786
f 4969/3643/4805 5026/3642/4862 4950/3646/4786 4551/3647/4387
f 4400/3621/4236 4652/3629/4488 5027/3648/4863 4664/3632/4500
f 4652/3629/4488 4398/3628/4234 4669/3649/4505 5027/3648/4863
f 5027/3648/4863 4669/3649/4505 4404/3650/4240 4661/3651/4497
f 4664/3632/4500 5027/3648/4863 4661/3651/4497 4406/3633/4242
f 4397/3585/4233 4650/3610/4486 5028/3652/4864 4668/3644/4504
f 4650/3610/4486 4399/3607/4235 4667/3637/4503 5028/3652/4864
f 5028/3652/4864 4667/3637/4503 4405/3641/4241 4659/3653/4495
f 4668/3644/4504 5028/3652/4864 4659/3653/4495 4403/3645/4239
f 4402/3635/4238 4662/3634/4498 5029/3654/4865 4676/3655/4512
f 4662/3634/4498 4406/3633/4242 4675/3656/4511 5029/3654/4865
f 5029/3654/4865 4675/3656/4511 4412/3657/4248 4673/3658/4509
f 4676/3655/4512 5029/3654/4865 4673/3658/4509 4408/3659/4244
f 4405/3641/4241 4660/3640/4496 5030/3660/4866 4678/3661/4514
f 4660/3640/4496 4401/3639/4237 4677/3662/4513 5030/3660/4866
f 5030/3660/4866 4677/3662/4513 4407/3663/4243 4671/3664/4507
f 4678/3661/4514 5030/3660/4866 4671/3664/4507 4411/3665/4247
f 4551/3647/4387 4950/3646/4786 5031/3666/4867 4968/3667/4804
f 4950/3646/4786 4403/3645/4239 4679/3668/4515 5031/3666/4867
f 5031/3666/4867 4679/3668/4515 4409/3669/4245 4951/3670/4787
f 4968/3667/4804 5031/3666/4867 4951/3670/4787 4552/3671/4388
f 4406/3633/4242 4661/3651/4497 5032/3672/4868 4675/3656/4511
f 4661/3651/4497 4404/3650/4240 4680/3673/4516 5032/3672/4868
f 5032/3672/4868 4680/3673/4516 4410/3674/4246 4672/3675/4508
f 4675/3656/4511 5032/3672/4868 4672/3675/4508 4412/3657/4248
f 4403/3645/4239 4659/3653/4495 5033/3676/4869 4679/3668/4515
f 4659/3653/4495 4405/3641/4241 4678/3661/4514 5033/3676/4869
f 5033/3676/4869 4678/3661/4514 4411/3665/4247 4670/3677/4506
f 4679/3668/4515 5033/3676/4869 4670/3677/4506 4409/3669/4245
f 4553/3678/4389 4967/3679/4803 5034/3680/4870 4952/3681/4788
f 4967/3679/4803 4552/3671/4388 4951/3670/4787 5034/3680/4870
f 5034/3680/4870 4951/3670/4787 4409/3669/4245 4670/3677/4506
f 4952/3681/4788 5034/3680/4870 4670/3677/4506 4411/3665/4247
f 4554/3682/4390 4966/3683/4802 5035/3684/4871 4953/3685/4789
f 4966/3683/4802 4553/3678/4389 4952/3681/4788 5035/3684/4871
f 5035/3684/4871 4952/3681/4788 4411/3665/4247 4671/3664/4507
f 4953/3685/4789 5035/3684/4871 4671/3664/4507 4407/3663/4243
f 4442/3686/4278 4768/3687/4604 5036/3688/4872 4742/3689/4578
f 4768/3687/4604 4460/3690/4296 4870/3691/4706 5036/3688/4872
f 5036/3688/4872 4870/3691/4706 4513/3692/4349 4871/3693/4707
f 4742/3689/4578 5036/3688/4872 4871/3693/4707 4509/3694/4345
f 4506/3695/4342 4882/3696/4718 5037/3697/4873 4863/3698/4699
f 4882/3696/4718 4507/3699/4343 4864/3700/4700 5037/3697/4873
f 5037/3697/4873 4864/3700/4700 4417/3701/4253 4687/3702/4523
f 4863/3698/4699 5037/3697/4873 4687/3702/4523 4419/3703/4255
f 4503/3704/4339 4881/3705/4717 5038/3706/4874 4685/3707/4521
f 4881/3705/4717 4505/3708/4341 4693/3709/4529 5038/3706/4874
f 5038/3706/4874 4693/3709/4529 4416/3710/4252 4691/3711/4527
f 4685/3707/4521 5038/3706/4874 4691/3711/4527 4418/3712/4254
f 4507/3699/4343 4880/3713/4716 5039/3714/4875 4864/3700/4700
f 4880/3713/4716 4503/3704/4339 4685/3707/4521 5039/3714/4875
f 5039/3714/4875 4685/3707/4521 4418/3712/4254 4686/3715/4522
f 4864/3700/4700 5039/3714/4875 4686/3715/4522 4417/3701/4253
f 4505/3708/4341 4879/3716/4715 5040/3717/4876 4693/3709/4529
f 4879/3716/4715 4504/3718/4340 4689/3719/4525 5040/3717/4876
f 5040/3717/4876 4689/3719/4525 4420/3720/4256 4692/3721/4528
f 4693/3709/4529 5040/3717/4876 4692/3721/4528 4416/3710/4252
f 4486/3722/4322 4844/3723/4680 5041/3724/4877 4698/3725/4534
f 4844/3723/4680 4485/3726/4321 4697/3727/4533 5041/3724/4877
f 5041/3724/4877 4697/3727/4533 4423/3728/4259 4700/3729/4536
f 4698/3725/4534 5041/3724/4877 4700/3729/4536 4424/3730/4260
f 4488/3731/4324 4843/3732/4679 5042/3733/4878 4822/3734/4658
f 4843/3732/4679 4484/3735/4320 4695/3736/4531 5042/3733/4878
f 5042/3733/4878 4695/3736/4531 4421/3737/4257 4701/3738/4537
f 4822/3734/4658 5042/3733/4878 4701/3738/4537 4425/3739/4261
f 4484/3735/4320 4842/3740/4678 5043/3741/4879 4695/3736/4531
f 4842/3740/4678 4486/3722/4322 4698/3725/4534 5043/3741/4879
f 5043/3741/4879 4698/3725/4534 4424/3730/4260 4702/3742/4538
f 4695/3736/4531 5043/3741/4879 4702/3742/4538 4421/3737/4257
f 4487/3743/4323 4841/3744/4677 5044/3745/4880 4821/3746/4657
f 4841/3744/4677 4488/3731/4324 4822/3734/4658 5044/3745/4880
f 5044/3745/4880 4822/3734/4658 4425/3739/4261 4703/3747/4539
f 4821/3746/4657 5044/3745/4880 4703/3747/4539 4422/3748/4258
f 4431/3749/4267 4721/3750/4557 5045/3751/4881 4713/3752/4549
f 4721/3750/4557 4432/3753/4268 4714/3754/4550 5045/3751/4881
f 5045/3751/4881 4714/3754/4550 4427/3755/4263 4709/3756/4545
f 4713/3752/4549 5045/3751/4881 4709/3756/4545 4426/3757/4262
f 4433/3758/4269 4720/3759/4556 5046/3760/4882 4706/3761/4542
f 4720/3759/4556 4435/3762/4271 4708/3763/4544 5046/3760/4882
f 5046/3760/4882 4708/3763/4544 4430/3764/4266 4710/3765/4546
f 4706/3761/4542 5046/3760/4882 4710/3765/4546 4428/3766/4264
f 4432/3753/4268 4719/3767/4555 5047/3768/4883 4714/3754/4550
f 4719/3767/4555 4433/3758/4269 4706/3761/4542 5047/3768/4883
f 5047/3768/4883 4706/3761/4542 4428/3766/4264 4711/3769/4547
f 4714/3754/4550 5047/3768/4883 4711/3769/4547 4427/3755/4263
f 4435/3762/4271 4718/3770/4554 5048/3771/4884 4708/3763/4544
f 4718/3770/4554 4434/3772/4270 4707/3773/4543 5048/3771/4884
f 5048/3771/4884 4707/3773/4543 4429/3774/4265 4712/3775/4548
f 4708/3763/4544 5048/3771/4884 4712/3775/4548 4430/3764/4266
f 4359/3477/4195 4589/3493/4425 5049/3776/4885 4717/3777/4553
f 4589/3493/4425 4346/3492/4182 4716/3778/4552 5049/3776/4885
f 5049/3776/4885 4716/3778/4552 4434/3772/4270 4718/3770/4554
f 4717/3777/4553 5049/3776/4885 4718/3770/4554 4435/3762/4271
f 4355/3459/4191 4585/3526/4421 5050/3779/4886 4694/3780/4530
f 4585/3526/4421 4351/3479/4187 4715/3781/4551 5050/3779/4886
f 5050/3779/4886 4715/3781/4551 4433/3758/4269 4719/3767/4555
f 4694/3780/4530 5050/3779/4886 4719/3767/4555 4432/3753/4268
f 4351/3479/4187 4579/3478/4415 5051/3782/4887 4715/3781/4551
f 4579/3478/4415 4359/3477/4195 4717/3777/4553 5051/3782/4887
f 5051/3782/4887 4717/3777/4553 4435/3762/4271 4720/3759/4556
f 4715/3781/4551 5051/3782/4887 4720/3759/4556 4433/3758/4269
f 4348/3461/4184 4575/3460/4411 5052/3783/4888 4688/3784/4524
f 4575/3460/4411 4355/3459/4191 4694/3780/4530 5052/3783/4888
f 5052/3783/4888 4694/3780/4530 4432/3753/4268 4721/3750/4557
f 4688/3784/4524 5052/3783/4888 4721/3750/4557 4431/3749/4267
f 4415/3785/4251 4627/3786/4463 5053/3787/4889 4722/3788/4558
f 4627/3786/4463 4413/3789/4249 4723/3790/4559 5053/3787/4889
f 5053/3787/4889 4723/3790/4559 4437/3791/4273 4724/3792/4560
f 4722/3788/4558 5053/3787/4889 4724/3792/4560 4436/3793/4272
f 4445/3794/4281 4760/3795/4596 5054/3796/4890 4745/3797/4581
f 4760/3795/4596 4446/3798/4282 4726/3799/4562 5054/3796/4890
f 5054/3796/4890 4726/3799/4562 4352/3470/4188 4580/3523/4416
f 4745/3797/4581 5054/3796/4890 4580/3523/4416 4360/3463/4196
f 4480/3800/4316 4576/3801/4412 5055/3802/4891 4840/3803/4676
f 4576/3801/4412 4414/3804/4250 4727/3805/4563 5055/3802/4891
f 5055/3802/4891 4727/3805/4563 4438/3806/4274 4823/3807/4659
f 4840/3803/4676 5055/3802/4891 4823/3807/4659 4489/3808/4325
f 4492/3809/4328 4826/3810/4662 5056/3811/4892 4839/3812/4675
f 4826/3810/4662 4447/3813/4283 4729/3814/4565 5056/3811/4892
f 5056/3811/4892 4729/3814/4565 4356/3815/4192 4586/3816/4422
f 4839/3812/4675 5056/3811/4892 4586/3816/4422 4481/3472/4317
f 4501/3817/4337 4633/3818/4469 5057/3819/4893 4878/3820/4714
f 4633/3818/4469 4385/3821/4221 4730/3822/4566 5057/3819/4893
f 5057/3819/4893 4730/3822/4566 4439/3823/4275 4865/3824/4701
f 4878/3820/4714 5057/3819/4893 4865/3824/4701 4508/3825/4344
f 4511/3826/4347 4868/3827/4704 5058/3828/4894 4877/3829/4713
f 4868/3827/4704 4448/3830/4284 4732/3831/4568 5058/3828/4894
f 5058/3828/4894 4732/3831/4568 4347/3832/4183 4684/3833/4520
f 4877/3829/4713 5058/3828/4894 4684/3833/4520 4502/3834/4338
f 4453/3835/4289 4690/3836/4526 5059/3837/4895 4777/3838/4613
f 4690/3836/4526 4415/3785/4251 4722/3788/4558 5059/3837/4895
f 5059/3837/4895 4722/3788/4558 4436/3793/4272 4725/3839/4561
f 4777/3838/4613 5059/3837/4895 4725/3839/4561 4454/3840/4290
f 4415/3785/4251 4733/3841/4569 5060/3842/4896 4627/3786/4463
f 4733/3841/4569 4440/3843/4276 4735/3844/4571 5060/3842/4896
f 5060/3842/4896 4735/3844/4571 4441/3845/4277 4734/3846/4570
f 4627/3786/4463 5060/3842/4896 4734/3846/4570 4413/3789/4249
f 4449/3847/4285 4749/3848/4585 5061/3849/4897 4756/3850/4592
f 4749/3848/4585 4431/3749/4267 4713/3752/4549 5061/3849/4897
f 5061/3849/4897 4713/3752/4549 4426/3757/4262 4737/3851/4573
f 4756/3850/4592 5061/3849/4897 4737/3851/4573 4450/3852/4286
f 4480/3800/4316 4838/3853/4674 5062/3854/4898 4576/3801/4412
f 4838/3853/4674 4490/3855/4326 4824/3856/4660 5062/3854/4898
f 5062/3854/4898 4824/3856/4660 4442/3686/4278 4738/3857/4574
f 4576/3801/4412 5062/3854/4898 4738/3857/4574 4414/3804/4250
f 4491/3858/4327 4837/3859/4673 5063/3860/4899 4755/3861/4591
f 4837/3859/4673 4487/3743/4323 4821/3746/4657 5063/3860/4899
f 5063/3860/4899 4821/3746/4657 4422/3748/4258 4740/3862/4576
f 4755/3861/4591 5063/3860/4899 4740/3862/4576 4451/3863/4287
f 4501/3817/4337 4876/3864/4712 5064/3865/4900 4633/3818/4469
f 4876/3864/4712 4509/3694/4345 4866/3866/4702 5064/3865/4900
f 5064/3865/4900 4866/3866/4702 4443/3867/4279 4741/3868/4577
f 4633/3818/4469 5064/3865/4900 4741/3868/4577 4385/3821/4221
f 4510/3869/4346 4875/3870/4711 5065/3871/4901 4754/3872/4590
f 4875/3870/4711 4506/3695/4342 4863/3698/4699 5065/3871/4901
f 5065/3871/4901 4863/3698/4699 4419/3703/4255 4743/3873/4579
f 4754/3872/4590 5065/3871/4901 4743/3873/4579 4452/3874/4288
f 4453/3835/4289 4776/3875/4612 5066/3876/4902 4690/3836/4526
f 4776/3875/4612 4455/3877/4291 4736/3878/4572 5066/3876/4902
f 5066/3876/4902 4736/3878/4572 4440/3843/4276 4733/3841/4569
f 4690/3836/4526 5066/3876/4902 4733/3841/4569 4415/3785/4251
f 4348/3461/4184 4688/3784/4524 5067/3879/4903 4744/3880/4580
f 4688/3784/4524 4431/3749/4267 4749/3848/4585 5067/3879/4903
f 5067/3879/4903 4749/3848/4585 4449/3847/4285 4753/3881/4589
f 4744/3880/4580 5067/3879/4903 4753/3881/4589 4444/3882/4280
f 4513/3692/4349 4874/3883/4710 5068/3884/4904 4775/3885/4611
f 4874/3883/4710 4510/3869/4346 4754/3872/4590 5068/3884/4904
f 5068/3884/4904 4754/3872/4590 4452/3874/4288 4752/3886/4588
f 4775/3885/4611 5068/3884/4904 4752/3886/4588 4461/3887/4297
f 4494/3888/4330 4836/3889/4672 5069/3890/4905 4774/3891/4610
f 4836/3889/4672 4491/3858/4327 4755/3861/4591 5069/3890/4905
f 5069/3890/4905 4755/3861/4591 4451/3863/4287 4751/3892/4587
f 4774/3891/4610 5069/3890/4905 4751/3892/4587 4460/3690/4296
f 4455/3877/4291 4763/3893/4599 5070/3894/4906 4773/3895/4609
f 4763/3893/4599 4449/3847/4285 4756/3850/4592 5070/3894/4906
f 5070/3894/4906 4756/3850/4592 4450/3852/4286 4750/3896/4586
f 4773/3895/4609 5070/3894/4906 4750/3896/4586 4459/3897/4295
f 4348/3461/4184 4744/3880/4580 5071/3898/4907 4590/3462/4426
f 4744/3880/4580 4444/3882/4280 4757/3899/4593 5071/3898/4907
f 5071/3898/4907 4757/3899/4593 4445/3794/4281 4745/3797/4581
f 4590/3462/4426 5071/3898/4907 4745/3797/4581 4360/3463/4196
f 4512/3900/4348 4869/3901/4705 5072/3902/4908 4873/3903/4709
f 4869/3901/4705 4458/3904/4294 4748/3905/4584 5072/3902/4908
f 5072/3902/4908 4748/3905/4584 4448/3830/4284 4868/3827/4704
f 4873/3903/4709 5072/3902/4908 4868/3827/4704 4511/3826/4347
f 4493/3906/4329 4827/3907/4663 5073/3908/4909 4835/3909/4671
f 4827/3907/4663 4457/3910/4293 4747/3911/4583 5073/3908/4909
f 5073/3908/4909 4747/3911/4583 4447/3813/4283 4826/3810/4662
f 4835/3909/4671 5073/3908/4909 4826/3810/4662 4492/3809/4328
f 4454/3840/4290 4770/3912/4606 5074/3913/4910 4762/3914/4598
f 4770/3912/4606 4456/3915/4292 4746/3916/4582 5074/3913/4910
f 5074/3913/4910 4746/3916/4582 4446/3798/4282 4760/3795/4596
f 4762/3914/4598 5074/3913/4910 4760/3795/4596 4445/3794/4281
f 4436/3793/4272 4724/3792/4560 5075/3917/4911 4725/3839/4561
f 4724/3792/4560 4437/3791/4273 4764/3918/4600 5075/3917/4911
f 5075/3917/4911 4764/3918/4600 4456/3915/4292 4770/3912/4606
f 4725/3839/4561 5075/3917/4911 4770/3912/4606 4454/3840/4290
f 4489/3808/4325 4823/3807/4659 5076/3919/4912 4834/3920/4670
f 4823/3807/4659 4438/3806/4274 4765/3921/4601 5076/3919/4912
f 5076/3919/4912 4765/3921/4601 4457/3910/4293 4827/3907/4663
f 4834/3920/4670 5076/3919/4912 4827/3907/4663 4493/3906/4329
f 4508/3825/4344 4865/3824/4701 5077/3922/4913 4872/3923/4708
f 4865/3824/4701 4439/3823/4275 4766/3924/4602 5077/3922/4913
f 5077/3922/4913 4766/3924/4602 4458/3904/4294 4869/3901/4705
f 4872/3923/4708 5077/3922/4913 4869/3901/4705 4512/3900/4348
f 4440/3843/4276 4736/3878/4572 5078/3925/4914 4735/3844/4571
f 4736/3878/4572 4455/3877/4291 4773/3895/4609 5078/3925/4914
f 5078/3925/4914 4773/3895/4609 4459/3897/4295 4767/3926/4603
f 4735/3844/4571 5078/3925/4914 4767/3926/4603 4441/3845/4277
f 4490/3855/4326 4833/3927/4669 5079/3928/4915 4824/3856/4660
f 4833/3927/4669 4494/3888/4330 4774/3891/4610 5079/3928/4915
f 5079/3928/4915 4774/3891/4610 4460/3690/4296 4768/3687/4604
f 4824/3856/4660 5079/3928/4915 4768/3687/4604 4442/3686/4278
f 4509/3694/4345 4871/3693/4707 5080/3929/4916 4866/3866/4702
f 4871/3693/4707 4513/3692/4349 4775/3885/4611 5080/3929/4916
f 5080/3929/4916 4775/3885/4611 4461/3887/4297 4769/3930/4605
f 4866/3866/4702 5080/3929/4916 4769/3930/4605 4443/3867/4279
f 4444/3882/4280 4753/3881/4589 5081/3931/4917 4761/3932/4597
f 4753/3881/4589 4449/3847/4285 4763/3893/4599 5081/3931/4917
f 5081/3931/4917 4763/3893/4599 4455/3877/4291 4776/3875/4612
f 4761/3932/4597 5081/3931/4917 4776/3875/4612 4453/3835/4289
f 4444/3882/4280 4761/3932/4597 5082/3933/4918 4757/3899/4593
f 4761/3932/4597 4453/3835/4289 4777/3838/4613 5082/3933/4918
f 5082/3933/4918 4777/3838/4613 4454/3840/4290 4762/3914/4598
f 4757/3899/4593 5082/3933/4918 4762/3914/4598 4445/3794/4281
f 4374/3527/4210 4612/3545/4448 5083/3934/4919 4788/3935/4624
f 4612/3545/4448 4394/3544/4230 4787/3936/4623 5083/3934/4919
f 5083/3934/4919 4787/3936/4623 4470/3937/4306 4781/3938/4617
f 4788/3935/4624 5083/3934/4919 4781/3938/4617 4467/3939/4303
f 4373/3533/4209 4609/3540/4445 5084/3940/4920 4790/3941/4626
f 4609/3540/4445 4372/3535/4208 4789/3942/4625 5084/3940/4920
f 5084/3940/4920 4789/3942/4625 4465/3943/4301 4778/3944/4614
f 4790/3941/4626 5084/3940/4920 4778/3944/4614 4466/3945/4302
f 4376/3530/4212 4616/3529/4452 5085/3946/4921 4792/3947/4628
f 4616/3529/4452 4369/3948/4205 4791/3949/4627 5085/3946/4921
f 5085/3946/4921 4791/3949/4627 4462/3950/4298 4785/3951/4621
f 4792/3947/4628 5085/3946/4921 4785/3951/4621 4469/3952/4305
f 4375/3536/4211 4613/3542/4449 5086/3953/4922 4794/3954/4630
f 4613/3542/4449 4371/3532/4207 4793/3955/4629 5086/3953/4922
f 5086/3953/4922 4793/3955/4629 4464/3956/4300 4782/3957/4618
f 4794/3954/4630 5086/3953/4922 4782/3957/4618 4468/3958/4304
f 4370/3539/4206 4610/3534/4446 5087/3959/4923 4795/3960/4631
f 4610/3534/4446 4373/3533/4209 4790/3941/4626 5087/3959/4923
f 5087/3959/4923 4790/3941/4626 4466/3945/4302 4779/3961/4615
f 4795/3960/4631 5087/3959/4923 4779/3961/4615 4463/3962/4299
f 4394/3544/4230 4643/3543/4479 5088/3963/4924 4787/3936/4623
f 4643/3543/4479 4370/3539/4206 4795/3960/4631 5088/3963/4924
f 5088/3963/4924 4795/3960/4631 4463/3962/4299 4786/3964/4622
f 4787/3936/4623 5088/3963/4924 4786/3964/4622 4470/3937/4306
f 4483/3541/4319 4614/3537/4450 5089/3965/4925 4832/3966/4668
f 4614/3537/4450 4375/3536/4211 4794/3954/4630 5089/3965/4925
f 5089/3965/4925 4794/3954/4630 4468/3958/4304 4783/3967/4619
f 4832/3966/4668 5089/3965/4925 4783/3967/4619 4495/3968/4331
f 4371/3532/4207 4611/3528/4447 5090/3969/4926 4793/3955/4629
f 4611/3528/4447 4374/3527/4210 4788/3935/4624 5090/3969/4926
f 5090/3969/4926 4788/3935/4624 4467/3939/4303 4780/3970/4616
f 4793/3955/4629 5090/3969/4926 4780/3970/4616 4464/3956/4300
f 4372/3535/4208 4615/3531/4451 5091/3971/4927 4789/3942/4625
f 4615/3531/4451 4376/3530/4212 4792/3947/4628 5091/3971/4927
f 5091/3971/4927 4792/3947/4628 4469/3952/4305 4784/3972/4620
f 4789/3942/4625 5091/3971/4927 4784/3972/4620 4465/3943/4301
f 4464/3956/4300 4780/3970/4616 5092/3973/4928 4806/3974/4642
f 4780/3970/4616 4467/3939/4303 4805/3975/4641 5092/3973/4928
f 5092/3973/4928 4805/3975/4641 4476/3976/4312 4798/3977/4634
f 4806/3974/4642 5092/3973/4928 4798/3977/4634 4473/3978/4309
f 4465/3943/4301 4784/3972/4620 5093/3979/4929 4808/3980/4644
f 4784/3972/4620 4469/3952/4305 4807/3981/4643 5093/3979/4929
f 5093/3979/4929 4807/3981/4643 4478/3982/4314 4802/3983/4638
f 4808/3980/4644 5093/3979/4929 4802/3983/4638 4474/3984/4310
f 4467/3939/4303 4781/3938/4617 5094/3985/4930 4805/3975/4641
f 4781/3938/4617 4470/3937/4306 4809/3986/4645 5094/3985/4930
f 5094/3985/4930 4809/3986/4645 4479/3987/4315 4799/3988/4635
f 4805/3975/4641 5094/3985/4930 4799/3988/4635 4476/3976/4312
f 4466/3945/4302 4778/3944/4614 5095/3989/4931 4810/3990/4646
f 4778/3944/4614 4465/3943/4301 4808/3980/4644 5095/3989/4931
f 5095/3989/4931 4808/3980/4644 4474/3984/4310 4796/3991/4632
f 4810/3990/4646 5095/3989/4931 4796/3991/4632 4475/3992/4311
f 4469/3952/4305 4785/3951/4621 5096/3993/4932 4807/3981/4643
f 4785/3951/4621 4462/3950/4298 4811/3994/4647 5096/3993/4932
f 5096/3993/4932 4811/3994/4647 4471/3995/4307 4803/3996/4639
f 4807/3981/4643 5096/3993/4932 4803/3996/4639 4478/3982/4314
f 4468/3958/4304 4782/3957/4618 5097/3997/4933 4812/3998/4648
f 4782/3957/4618 4464/3956/4300 4806/3974/4642 5097/3997/4933
f 5097/3997/4933 4806/3974/4642 4473/3978/4309 4800/3999/4636
f 4812/3998/4648 5097/3997/4933 4800/3999/4636 4477/4000/4313
f 4463/3962/4299 4779/3961/4615 5098/4001/4934 4813/4002/4649
f 4779/3961/4615 4466/3945/4302 4810/3990/4646 5098/4001/4934
f 5098/4001/4934 4810/3990/4646 4475/3992/4311 4797/4003/4633
f 4813/4002/4649 5098/4001/4934 4797/4003/4633 4472/4004/4308
f 4470/3937/4306 4786/3964/4622 5099/4005/4935 4809/3986/4645
f 4786/3964/4622 4463/3962/4299 4813/4002/4649 5099/4005/4935
f 5099/4005/4935 4813/4002/4649 4472/4004/4308 4804/4006/4640
f 4809/3986/4645 5099/4005/4935 4804/4006/4640 4479/3987/4315
f 4495/3968/4331 4783/3967/4619 5100/4007/4936 4831/4008/4667
f 4783/3967/4619 4468/3958/4304 4812/3998/4648 5100/4007/4936
f 5100/4007/4936 4812/3998/4648 4477/4000/4313 4801/4009/4637
f 4831/4008/4667 5100/4007/4936 4801/4009/4637 4496/4010/4332
f 4462/3950/4298 4829/4011/4665 5101/4012/4937 4811/3994/4647
f 4829/4011/4665 4495/3968/4331 4831/4008/4667 5101/4012/4937
f 5101/4012/4937 4831/4008/4667 4496/4010/4332 4830/4013/4666
f 4811/3994/4647 5101/4012/4937 4830/4013/4666 4471/3995/4307
f 4369/3948/4205 4817/3588/4653 5102/4014/4938 4791/3949/4627
f 4817/3588/4653 4483/3541/4319 4832/3966/4668 5102/4014/4938
f 5102/4014/4938 4832/3966/4668 4495/3968/4331 4829/4011/4665
f 4791/3949/4627 5102/4014/4938 4829/4011/4665 4462/3950/4298
f 4441/3845/4277 4767/3926/4603 5103/4015/4939 4739/4016/4575
f 4767/3926/4603 4459/3897/4295 4828/4017/4664 5103/4015/4939
f 5103/4015/4939 4828/4017/4664 4494/3888/4330 4833/3927/4669
f 4739/4016/4575 5103/4015/4939 4833/3927/4669 4490/3855/4326
f 4437/3791/4273 4728/4018/4564 5104/4019/4940 4764/3918/4600
f 4728/4018/4564 4489/3808/4325 4834/3920/4670 5104/4019/4940
f 5104/4019/4940 4834/3920/4670 4493/3906/4329 4771/4020/4607
f 4764/3918/4600 5104/4019/4940 4771/4020/4607 4456/3915/4292
f 4456/3915/4292 4771/4020/4607 5105/4021/4941 4746/3916/4582
f 4771/4020/4607 4493/3906/4329 4835/3909/4671 5105/4021/4941
f 5105/4021/4941 4835/3909/4671 4492/3809/4328 4759/4022/4595
f 4746/3916/4582 5105/4021/4941 4759/4022/4595 4446/3798/4282
f 4459/3897/4295 4750/3896/4586 5106/4023/4942 4828/4017/4664
f 4750/3896/4586 4450/3852/4286 4825/4024/4661 5106/4023/4942
f 5106/4023/4942 4825/4024/4661 4491/3858/4327 4836/3889/4672
f 4828/4017/4664 5106/4023/4942 4836/3889/4672 4494/3888/4330
f 4450/3852/4286 4737/3851/4573 5107/4025/4943 4825/4024/4661
f 4737/3851/4573 4426/3757/4262 4704/4026/4540 5107/4025/4943
f 5107/4025/4943 4704/4026/4540 4487/3743/4323 4837/3859/4673
f 4825/4024/4661 5107/4025/4943 4837/3859/4673 4491/3858/4327
f 4413/3789/4249 4734/3846/4570 5108/4027/4944 4814/4028/4650
f 4734/3846/4570 4441/3845/4277 4739/4016/4575 5108/4027/4944
f 5108/4027/4944 4739/4016/4575 4490/3855/4326 4838/3853/4674
f 4814/4028/4650 5108/4027/4944 4838/3853/4674 4480/3800/4316
f 4446/3798/4282 4759/4022/4595 5109/4029/4945 4726/3799/4562
f 4759/4022/4595 4492/3809/4328 4839/3812/4675 5109/4029/4945
f 5109/4029/4945 4839/3812/4675 4481/3472/4317 4815/3471/4651
f 4726/3799/4562 5109/4029/4945 4815/3471/4651 4352/3470/4188
f 4413/3789/4249 4814/4028/4650 5110/4030/4946 4723/3790/4559
f 4814/4028/4650 4480/3800/4316 4840/3803/4676 5110/4030/4946
f 5110/4030/4946 4840/3803/4676 4489/3808/4325 4728/4018/4564
f 4723/3790/4559 5110/4030/4946 4728/4018/4564 4437/3791/4273
f 4426/3757/4262 4709/3756/4545 5111/4031/4947 4704/4026/4540
f 4709/3756/4545 4427/3755/4263 4705/4032/4541 5111/4031/4947
f 5111/4031/4947 4705/4032/4541 4488/3731/4324 4841/3744/4677
f 4704/4026/4540 5111/4031/4947 4841/3744/4677 4487/3743/4323
f 4428/3766/4264 4710/3765/4546 5112/4033/4948 4818/4034/4654
f 4710/3765/4546 4430/3764/4266 4820/4035/4656 5112/4033/4948
f 5112/4033/4948 4820/4035/4656 4486/3722/4322 4842/3740/4678
f 4818/4034/4654 5112/4033/4948 4842/3740/4678 4484/3735/4320
f 4427/3755/4263 4711/3769/4547 5113/4036/4949 4705/4032/4541
f 4711/3769/4547 4428/3766/4264 4818/4034/4654 5113/4036/4949
f 5113/4036/4949 4818/4034/4654 4484/3735/4320 4843/3732/4679
f 4705/4032/4541 5113/4036/4949 4843/3732/4679 4488/3731/4324
f 4430/3764/4266 4712/3775/4548 5114/4037/4950 4820/4035/4656
f 4712/3775/4548 4429/3774/4265 4819/4038/4655 5114/4037/4950
f 5114/4037/4950 4819/4038/4655 4485/3726/4321 4844/3723/4680
f 4820/4035/4656 5114/4037/4950 4844/3723/4680 4486/3722/4322
f 4816/3465/4652 4817/3588/4653 4369/3948/4205 4361/3468/4197
f 4367/3518/4203 4604/3538/4440 5115/4039/4951 4601/4040/4437
f 4604/3538/4440 4482/3464/4318 4845/3467/4681 5115/4039/4951
f 5115/4039/4951 4845/3467/4681 4481/3472/4317 4586/3816/4422
f 4601/4040/4437 5115/4039/4951 4586/3816/4422 4356/3815/4192
f 4473/3978/4309 4857/4041/4693 5116/4042/4952 4800/3999/4636
f 4497/4043/4333 4846/4044/4682 5116/4042/4952 4857/4041/4693
f 4477/4000/4313 4800/3999/4636 5116/4042/4952 4846/4044/4682
f 4498/4045/4334 4856/4046/4692 5117/4047/4953 4851/4048/4687
f 4856/4046/4692 4497/4043/4333 4850/4049/4686 5117/4047/4953
f 5117/4047/4953 4850/4049/4686 4476/3976/4312 4799/3988/4635
f 4851/4048/4687 5117/4047/4953 4799/3988/4635 4479/3987/4315
f 4499/4050/4335 4855/4051/4691 5118/4052/4954 4852/4053/4688
f 4855/4051/4691 4498/4045/4334 4851/4048/4687 5118/4052/4954
f 5118/4052/4954 4851/4048/4687 4479/3987/4315 4804/4006/4640
f 4852/4053/4688 5118/4052/4954 4804/4006/4640 4472/4004/4308
f 4500/4054/4336 4854/4055/4690 5119/4056/4955 4853/4057/4689
f 4854/4055/4690 4499/4050/4335 4852/4053/4688 5119/4056/4955
f 5119/4056/4955 4852/4053/4688 4472/4004/4308 4797/4003/4633
f 4853/4057/4689 5119/4056/4955 4797/4003/4633 4475/3992/4311
f 4478/3982/4314 4849/4058/4685 5120/4059/4956 4802/3983/4638
f 4500/4054/4336 4858/4060/4694 5120/4059/4956 4849/4058/4685
f 4474/3984/4310 4802/3983/4638 5120/4059/4956 4858/4060/4694
f 4478/3982/4314 4803/3996/4639 5121/4061/4957 4849/4058/4685
f 4803/3996/4639 4471/3995/4307 4848/4062/4684 5121/4061/4957
f 5121/4061/4957 4848/4062/4684 4499/4050/4335 4854/4055/4690
f 4849/4058/4685 5121/4061/4957 4854/4055/4690 4500/4054/4336
f 4471/3995/4307 4830/4013/4666 5122/4063/4958 4848/4062/4684
f 4830/4013/4666 4496/4010/4332 4847/4064/4683 5122/4063/4958
f 5122/4063/4958 4847/4064/4683 4498/4045/4334 4855/4051/4691
f 4848/4062/4684 5122/4063/4958 4855/4051/4691 4499/4050/4335
f 4496/4010/4332 4801/4009/4637 5123/4065/4959 4847/4064/4683
f 4801/4009/4637 4477/4000/4313 4846/4044/4682 5123/4065/4959
f 5123/4065/4959 4846/4044/4682 4497/4043/4333 4856/4046/4692
f 4847/4064/4683 5123/4065/4959 4856/4046/4692 4498/4045/4334
f 4497/4043/4333 4857/4041/4693 5124/4066/4960 4850/4049/4686
f 4473/3978/4309 4798/3977/4634 5124/4066/4960 4857/4041/4693
f 4476/3976/4312 4850/4049/4686 5124/4066/4960 4798/3977/4634
f 4474/3984/4310 4858/4060/4694 5125/4067/4961 4796/3991/4632
f 4500/4054/4336 4853/4057/4689 5125/4067/4961 4858/4060/4694
f 4475/3992/4311 4796/3991/4632 5125/4067/4961 4853/4057/4689
f 4438/3806/4274 4731/4068/4567 5126/4069/4962 4765/3921/4601
f 4731/4068/4567 4508/3825/4344 4872/3923/4708 5126/4069/4962
f 5126/4069/4962 4872/3923/4708 4512/3900/4348 4772/4070/4608
f 4765/3921/4601 5126/4069/4962 4772/4070/4608 4457/3910/4293
f 4457/3910/4293 4772/4070/4608 5127/4071/4963 4747/3911/4583
f 4772/4070/4608 4512/3900/4348 4873/3903/4709 5127/4071/4963
f 5127/4071/4963 4873/3903/4709 4511/3826/4347 4758/4072/4594
f 4747/3911/4583 5127/4071/4963 4758/4072/4594 4447/3813/4283
f 4460/3690/4296 4751/3892/4587 5128/4073/4964 4870/3691/4706
f 4751/3892/4587 4451/3863/4287 4867/4074/4703 5128/4073/4964
f 5128/4073/4964 4867/4074/4703 4510/3869/4346 4874/3883/4710
f 4870/3691/4706 5128/4073/4964 4874/3883/4710 4513/3692/4349
f 4451/3863/4287 4740/3862/4576 5129/4075/4965 4867/4074/4703
f 4740/3862/4576 4422/3748/4258 4696/4076/4532 5129/4075/4965
f 5129/4075/4965 4696/4076/4532 4506/3695/4342 4875/3870/4711
f 4867/4074/4703 5129/4075/4965 4875/3870/4711 4510/3869/4346
f 4414/3804/4250 4738/3857/4574 5130/4077/4966 4683/4078/4519
f 4738/3857/4574 4442/3686/4278 4742/3689/4578 5130/4077/4966
f 5130/4077/4966 4742/3689/4578 4509/3694/4345 4876/3864/4712
f 4683/4078/4519 5130/4077/4966 4876/3864/4712 4501/3817/4337
f 4447/3813/4283 4758/4072/4594 5131/4079/4967 4729/3814/4565
f 4758/4072/4594 4511/3826/4347 4877/3829/4713 5131/4079/4967
f 5131/4079/4967 4877/3829/4713 4502/3834/4338 4859/4080/4695
f 4729/3814/4565 5131/4079/4967 4859/4080/4695 4356/3815/4192
f 4414/3804/4250 4683/4078/4519 5132/4081/4968 4727/3805/4563
f 4683/4078/4519 4501/3817/4337 4878/3820/4714 5132/4081/4968
f 5132/4081/4968 4878/3820/4714 4508/3825/4344 4731/4068/4567
f 4727/3805/4563 5132/4081/4968 4731/4068/4567 4438/3806/4274
f 4424/3730/4260 4700/3729/4536 5133/4082/4969 4862/4083/4698
f 4700/3729/4536 4423/3728/4259 4861/4084/4697 5133/4082/4969
f 5133/4082/4969 4861/4084/4697 4504/3718/4340 4879/3716/4715
f 4862/4083/4698 5133/4082/4969 4879/3716/4715 4505/3708/4341
f 4425/3739/4261 4701/3738/4537 5134/4085/4970 4699/4086/4535
f 4701/3738/4537 4421/3737/4257 4860/4087/4696 5134/4085/4970
f 5134/4085/4970 4860/4087/4696 4503/3704/4339 4880/3713/4716
f 4699/4086/4535 5134/4085/4970 4880/3713/4716 4507/3699/4343
f 4421/3737/4257 4702/3742/4538 5135/4088/4971 4860/4087/4696
f 4702/3742/4538 4424/3730/4260 4862/4083/4698 5135/4088/4971
f 5135/4088/4971 4862/4083/4698 4505/3708/4341 4881/3705/4717
f 4860/4087/4696 5135/4088/4971 4881/3705/4717 4503/3704/4339
f 4422/3748/4258 4703/3747/4539 5136/4089/4972 4696/4076/4532
f 4703/3747/4539 4425/3739/4261 4699/4086/4535 5136/4089/4972
f 5136/4089/4972 4699/4086/4535 4507/3699/4343 4882/3696/4718
f 4696/4076/4532 5136/4089/4972 4882/3696/4718 4506/3695/4342
f 4502/3834/4338 4684/3833/4520 5137/4090/4973 4587/4091/4423
f 4684/3833/4520 4347/3832/4183 4883/4092/4719 5137/4090/4973
f 5137/4090/4973 4883/4092/4719 4357/3561/4193 4603/3560/4439
f 4587/4091/4423 5137/4090/4973 4603/3560/4439 4389/3520/4225
f 4356/3815/4192 4859/4080/4695 5138/4093/4974 4601/4040/4437
f 4859/4080/4695 4502/3834/4338 4587/4091/4423 5138/4093/4974
f 5138/4093/4974 4587/4091/4423 4389/3520/4225 4631/3519/4467
f 4601/4040/4437 5138/4093/4974 4631/3519/4467 4367/3518/4203
f 4565/4094/4401 4980/4095/4816 5139/4096/4975 4995/4097/4831
f 4980/4095/4816 4526/4098/4362 4893/4099/4729 5139/4096/4975
f 5139/4096/4975 4893/4099/4729 4525/4100/4361 4900/4101/4736
f 4995/4097/4831 5139/4096/4975 4900/4101/4736 4564/4102/4400
f 4566/4103/4402 4981/4104/4817 5140/4105/4976 4994/4106/4830
f 4981/4104/4817 4527/4107/4363 4894/4108/4730 5140/4105/4976
f 5140/4105/4976 4894/4108/4730 4526/4098/4362 4980/4095/4816
f 4994/4106/4830 5140/4105/4976 4980/4095/4816 4565/4094/4401
f 4567/4109/4403 4982/4110/4818 5141/4111/4977 4993/4112/4829
f 4982/4110/4818 4528/4113/4364 4895/4114/4731 5141/4111/4977
f 5141/4111/4977 4895/4114/4731 4527/4107/4363 4981/4104/4817
f 4993/4112/4829 5141/4111/4977 4981/4104/4817 4566/4103/4402
f 4568/4115/4404 4983/4116/4819 5142/4117/4978 4992/4118/4828
f 4983/4116/4819 4529/4119/4365 4896/4120/4732 5142/4117/4978
f 5142/4117/4978 4896/4120/4732 4528/4113/4364 4982/4110/4818
f 4992/4118/4828 5142/4117/4978 4982/4110/4818 4567/4109/4403
f 4569/4121/4405 4984/4122/4820 5143/4123/4979 4991/4124/4827
f 4984/4122/4820 4530/4125/4366 4897/4126/4733 5143/4123/4979
f 5143/4123/4979 4897/4126/4733 4529/4119/4365 4983/4116/4819
f 4991/4124/4827 5143/4123/4979 4983/4116/4819 4568/4115/4404
f 4570/4127/4406 4985/4128/4821 5144/4129/4980 4990/4130/4826
f 4985/4128/4821 4531/4131/4367 4898/4132/4734 5144/4129/4980
f 5144/4129/4980 4898/4132/4734 4530/4125/4366 4984/4122/4820
f 4990/4130/4826 5144/4129/4980 4984/4122/4820 4569/4121/4405
f 4572/4133/4408 4908/4134/4744 5145/4135/4981 4989/4136/4825
f 4908/4134/4744 4523/4137/4359 4899/4138/4735 5145/4135/4981
f 5145/4135/4981 4899/4138/4735 4531/4131/4367 4985/4128/4821
f 4989/4136/4825 5145/4135/4981 4985/4128/4821 4570/4127/4406
f 4564/4102/4400 4900/4101/4736 5146/4139/4982 4988/4140/4824
f 4900/4101/4736 4525/4100/4361 4892/4141/4728 5146/4139/4982
f 5146/4139/4982 4892/4141/4728 4524/4142/4360 4986/4143/4822
f 4988/4140/4824 5146/4139/4982 4986/4143/4822 4571/4144/4407
f 4525/4100/4361 4918/4145/4754 5147/4146/4983 4892/4141/4728
f 4918/4145/4754 4534/4147/4370 4909/4148/4745 5147/4146/4983
f 5147/4146/4983 4909/4148/4745 4533/4149/4369 4917/4150/4753
f 4892/4141/4728 5147/4146/4983 4917/4150/4753 4524/4142/4360
f 4526/4098/4362 4919/4151/4755 5148/4152/4984 4893/4099/4729
f 4919/4151/4755 4535/4153/4371 4910/4154/4746 5148/4152/4984
f 5148/4152/4984 4910/4154/4746 4534/4147/4370 4918/4145/4754
f 4893/4099/4729 5148/4152/4984 4918/4145/4754 4525/4100/4361
f 4527/4107/4363 4920/4155/4756 5149/4156/4985 4894/4108/4730
f 4920/4155/4756 4536/4157/4372 4911/4158/4747 5149/4156/4985
f 5149/4156/4985 4911/4158/4747 4535/4153/4371 4919/4151/4755
f 4894/4108/4730 5149/4156/4985 4919/4151/4755 4526/4098/4362
f 4528/4113/4364 4921/4159/4757 5150/4160/4986 4895/4114/4731
f 4921/4159/4757 4537/4161/4373 4912/4162/4748 5150/4160/4986
f 5150/4160/4986 4912/4162/4748 4536/4157/4372 4920/4155/4756
f 4895/4114/4731 5150/4160/4986 4920/4155/4756 4527/4107/4363
f 4529/4119/4365 4922/4163/4758 5151/4164/4987 4896/4120/4732
f 4922/4163/4758 4538/4165/4374 4913/4166/4749 5151/4164/4987
f 5151/4164/4987 4913/4166/4749 4537/4161/4373 4921/4159/4757
f 4896/4120/4732 5151/4164/4987 4921/4159/4757 4528/4113/4364
f 4530/4125/4366 4923/4167/4759 5152/4168/4988 4897/4126/4733
f 4923/4167/4759 4539/4169/4375 4914/4170/4750 5152/4168/4988
f 5152/4168/4988 4914/4170/4750 4538/4165/4374 4922/4163/4758
f 4897/4126/4733 5152/4168/4988 4922/4163/4758 4529/4119/4365
f 4531/4131/4367 4924/4171/4760 5153/4172/4989 4898/4132/4734
f 4924/4171/4760 4540/4173/4376 4915/4174/4751 5153/4172/4989
f 5153/4172/4989 4915/4174/4751 4539/4169/4375 4923/4167/4759
f 4898/4132/4734 5153/4172/4989 4923/4167/4759 4530/4125/4366
f 4523/4137/4359 4925/4175/4761 5154/4176/4990 4899/4138/4735
f 4925/4175/4761 4532/4177/4368 4916/4178/4752 5154/4176/4990
f 5154/4176/4990 4916/4178/4752 4540/4173/4376 4924/4171/4760
f 4899/4138/4735 5154/4176/4990 4924/4171/4760 4531/4131/4367
f 4541/4179/4377 4926/4180/4762 5155/4181/4991 4941/4182/4777
f 4926/4180/4762 4540/4173/4376 4916/4178/4752 5155/4181/4991
f 5155/4181/4991 4916/4178/4752 4532/4177/4368 4927/4183/4763
f 4941/4182/4777 5155/4181/4991 4927/4183/4763 4542/4184/4378
f 4557/4185/4393 4965/4186/4801 5156/4187/4992 4956/4188/4792
f 4965/4186/4801 4555/4189/4391 4954/4190/4790 5156/4187/4992
f 5156/4187/4992 4954/4190/4790 4504/3718/4340 4861/4084/4697
f 4956/4188/4792 5156/4187/4992 4861/4084/4697 4423/3728/4259
f 4558/4191/4394 4964/4192/4800 5157/4193/4993 4957/4194/4793
f 4964/4192/4800 4557/4185/4393 4956/4188/4792 5157/4193/4993
f 5157/4193/4993 4956/4188/4792 4423/3728/4259 4697/3727/4533
f 4957/4194/4793 5157/4193/4993 4697/3727/4533 4485/3726/4321
f 4559/4195/4395 4963/4196/4799 5158/4197/4994 4958/4198/4794
f 4963/4196/4799 4558/4191/4394 4957/4194/4793 5158/4197/4994
f 5158/4197/4994 4957/4194/4793 4485/3726/4321 4819/4038/4655
f 4958/4198/4794 5158/4197/4994 4819/4038/4655 4429/3774/4265
f 4378/3597/4214 4932/4199/4768 5159/4200/4995 4617/3598/4453
f 4932/4199/4768 4533/4149/4369 4909/4148/4745 5159/4200/4995
f 5159/4200/4995 4909/4148/4745 4534/4147/4370 4931/4201/4767
f 4617/3598/4453 5159/4200/4995 4931/4201/4767 4382/3591/4218
f 4537/4161/4373 4913/4166/4749 5160/4202/4996 4930/4203/4766
f 4913/4166/4749 4538/4165/4374 4929/4204/4765 5160/4202/4996
f 5160/4202/4996 4929/4204/4765 4544/4205/4380 4938/4206/4774
f 4930/4203/4766 5160/4202/4996 4938/4206/4774 4545/4207/4381
f 4538/4165/4374 4914/4170/4750 5161/4208/4997 4929/4204/4765
f 4914/4170/4750 4539/4169/4375 4928/4209/4764 5161/4208/4997
f 5161/4208/4997 4928/4209/4764 4543/4210/4379 4939/4211/4775
f 4929/4204/4765 5161/4208/4997 4939/4211/4775 4544/4205/4380
f 4539/4169/4375 4915/4174/4751 5162/4212/4998 4928/4209/4764
f 4915/4174/4751 4540/4173/4376 4926/4180/4762 5162/4212/4998
f 5162/4212/4998 4926/4180/4762 4541/4179/4377 4940/4213/4776
f 4928/4209/4764 5162/4212/4998 4940/4213/4776 4543/4210/4379
f 4555/4189/4391 4933/4214/4769 5163/4215/4999 4962/4216/4798
f 4933/4214/4769 4541/4179/4377 4941/4182/4777 5163/4215/4999
f 5163/4215/4999 4941/4182/4777 4542/4184/4378 4934/4217/4770
f 4962/4216/4798 5163/4215/4999 4934/4217/4770 4556/4218/4392
f 4550/3622/4386 4961/4219/4797 5164/4220/5000 4658/4221/4494
f 4961/4219/4797 4560/4222/4396 4959/4223/4795 5164/4220/5000
f 5164/4220/5000 4959/4223/4795 4434/3772/4270 4716/3778/4552
f 4658/4221/4494 5164/4220/5000 4716/3778/4552 4346/3492/4182
f 4537/4161/4373 4930/4203/4766 5165/4224/5001 4912/4162/4748
f 4930/4203/4766 4545/4207/4381 4942/4225/4778 5165/4224/5001
f 5165/4224/5001 4942/4225/4778 4546/4226/4382 4945/4227/4781
f 4912/4162/4748 5165/4224/5001 4945/4227/4781 4536/4157/4372
f 4560/4222/4396 4944/4228/4780 5166/4229/5002 4960/4230/4796
f 4944/4228/4780 4546/4226/4382 4942/4225/4778 5166/4229/5002
f 5166/4229/5002 4942/4225/4778 4545/4207/4381 4937/4231/4773
f 4960/4230/4796 5166/4229/5002 4937/4231/4773 4559/4195/4395
f 4434/3772/4270 4959/4223/4795 5167/4232/5003 4707/3773/4543
f 4959/4223/4795 4560/4222/4396 4960/4230/4796 5167/4232/5003
f 5167/4232/5003 4960/4230/4796 4559/4195/4395 4958/4198/4794
f 4707/3773/4543 5167/4232/5003 4958/4198/4794 4429/3774/4265
f 4377/3595/4213 4943/4233/4779 5168/4234/5004 4949/3625/4785
f 4943/4233/4779 4546/4226/4382 4944/4228/4780 5168/4234/5004
f 5168/4234/5004 4944/4228/4780 4560/4222/4396 4961/4219/4797
f 4949/3625/4785 5168/4234/5004 4961/4219/4797 4550/3622/4386
f 4504/3718/4340 4954/4190/4790 5169/4235/5005 4689/3719/4525
f 4954/4190/4790 4555/4189/4391 4962/4216/4798 5169/4235/5005
f 5169/4235/5005 4962/4216/4798 4556/4218/4392 4955/4236/4791
f 4689/3719/4525 5169/4235/5005 4955/4236/4791 4420/3720/4256
f 4545/4207/4381 4938/4206/4774 5170/4237/5006 4937/4231/4773
f 4938/4206/4774 4544/4205/4380 4936/4238/4772 5170/4237/5006
f 5170/4237/5006 4936/4238/4772 4558/4191/4394 4963/4196/4799
f 4937/4231/4773 5170/4237/5006 4963/4196/4799 4559/4195/4395
f 4544/4205/4380 4939/4211/4775 5171/4239/5007 4936/4238/4772
f 4939/4211/4775 4543/4210/4379 4935/4240/4771 5171/4239/5007
f 5171/4239/5007 4935/4240/4771 4557/4185/4393 4964/4192/4800
f 4936/4238/4772 5171/4239/5007 4964/4192/4800 4558/4191/4394
f 4543/4210/4379 4940/4213/4776 5172/4241/5008 4935/4240/4771
f 4940/4213/4776 4541/4179/4377 4933/4214/4769 5172/4241/5008
f 5172/4241/5008 4933/4214/4769 4555/4189/4391 4965/4186/4801
f 4935/4240/4771 5172/4241/5008 4965/4186/4801 4557/4185/4393
f 4408/3659/4244 4673/3658/4509 5173/4242/5009 4682/4243/4518
f 4673/3658/4509 4412/3657/4248 4681/4244/4517 5173/4242/5009
f 5173/4242/5009 4681/4244/4517 4553/3678/4389 4966/3683/4802
f 4682/4243/4518 5173/4242/5009 4966/3683/4802 4554/3682/4390
f 4412/3657/4248 4672/3675/4508 5174/4245/5010 4681/4244/4517
f 4672/3675/4508 4410/3674/4246 4674/4246/4510 5174/4245/5010
f 5174/4245/5010 4674/4246/4510 4552/3671/4388 4967/3679/4803
f 4681/4244/4517 5174/4245/5010 4967/3679/4803 4553/3678/4389
f 4404/3650/4240 4663/4247/4499 5175/4248/5011 4680/3673/4516
f 4663/4247/4499 4551/3647/4387 4968/3667/4804 5175/4248/5011
f 5175/4248/5011 4968/3667/4804 4552/3671/4388 4674/4246/4510
f 4680/3673/4516 5175/4248/5011 4674/4246/4510 4410/3674/4246
f 4398/3628/4234 4656/4249/4492 5176/4250/5012 4669/3649/4505
f 4656/4249/4492 4549/3587/4385 4969/3643/4805 5176/4250/5012
f 5176/4250/5012 4969/3643/4805 4551/3647/4387 4663/4247/4499
f 4669/3649/4505 5176/4250/5012 4663/4247/4499 4404/3650/4240
f 4346/3492/4182 4574/3490/4410 5177/4251/5013 4658/4221/4494
f 4574/3490/4410 4354/3486/4190 4625/4252/4461 5177/4251/5013
f 5177/4251/5013 4625/4252/4461 4547/3611/4383 4970/3623/4806
f 4658/4221/4494 5177/4251/5013 4970/3623/4806 4550/3622/4386
f 4354/3486/4190 4584/3483/4420 5178/4253/5014 4625/4252/4461
f 4584/3483/4420 4350/3482/4186 4640/3581/4476 5178/4253/5014
f 5178/4253/5014 4640/3581/4476 4548/3580/4384 4971/3612/4807
f 4625/4252/4461 5178/4253/5014 4971/3612/4807 4547/3611/4383
f 4383/3574/4219 4947/3615/4783 5179/4254/5015 4647/3627/4483
f 4947/3615/4783 4548/3580/4384 4972/3583/4808 5179/4254/5015
f 5179/4254/5015 4972/3583/4808 4549/3587/4385 4656/4249/4492
f 4647/3627/4483 5179/4254/5015 4656/4249/4492 4398/3628/4234
f 4535/4153/4371 4911/4158/4747 5180/4255/5016 4974/4256/4810
f 4911/4158/4747 4536/4157/4372 4945/4227/4781 5180/4255/5016
f 5180/4255/5016 4945/4227/4781 4546/4226/4382 4973/4257/4809
f 4974/4256/4810 5180/4255/5016 4973/4257/4809 4561/4258/4397
f 4382/3591/4218 4975/4259/4811 5181/4260/5017 4622/3592/4458
f 4975/4259/4811 4561/4258/4397 4973/4257/4809 5181/4260/5017
f 5181/4260/5017 4973/4257/4809 4546/4226/4382 4943/4233/4779
f 4622/3592/4458 5181/4260/5017 4943/4233/4779 4377/3595/4213
f 4535/4153/4371 4974/4256/4810 5182/4261/5018 4910/4154/4746
f 4974/4256/4810 4561/4258/4397 4975/4259/4811 5182/4261/5018
f 5182/4261/5018 4975/4259/4811 4382/3591/4218 4931/4201/4767
f 4910/4154/4746 5182/4261/5018 4931/4201/4767 4534/4147/4370
f 4515/4262/4351 4978/4263/4814 5183/4264/5019 4884/4265/4720
f 4978/4263/4814 4562/4266/4398 4976/4267/4812 5183/4264/5019
f 5183/4264/5019 4976/4267/4812 4563/4268/4399 4977/4269/4813
f 4884/4265/4720 5183/4264/5019 4977/4269/4813 4516/4270/4352
f 4516/4270/4352 4979/4271/4815 5184/4272/5020 4884/4265/4720
f 4979/4271/4815 4564/4102/4400 4988/4140/4824 5184/4272/5020
f 5184/4272/5020 4988/4140/4824 4571/4144/4407 4907/4273/4743
f 4884/4265/4720 5184/4272/5020 4907/4273/4743 4515/4262/4351
f 4514/4274/4350 4987/4275/4823 5185/4276/5021 4891/4277/4727
f 4987/4275/4823 4572/4133/4408 4989/4136/4825 5185/4276/5021
f 5185/4276/5021 4989/4136/4825 4570/4127/4406 4906/4278/4742
f 4891/4277/4727 5185/4276/5021 4906/4278/4742 4522/4279/4358
f 4522/4279/4358 4906/4278/4742 5186/4280/5022 4890/4281/4726
f 4906/4278/4742 4570/4127/4406 4990/4130/4826 5186/4280/5022
f 5186/4280/5022 4990/4130/4826 4569/4121/4405 4905/4282/4741
f 4890/4281/4726 5186/4280/5022 4905/4282/4741 4521/4283/4357
f 4521/4283/4357 4905/4282/4741 5187/4284/5023 4889/4285/4725
f 4905/4282/4741 4569/4121/4405 4991/4124/4827 5187/4284/5023
f 5187/4284/5023 4991/4124/4827 4568/4115/4404 4904/4286/4740
f 4889/4285/4725 5187/4284/5023 4904/4286/4740 4520/4287/4356
f 4520/4287/4356 4904/4286/4740 5188/4288/5024 4888/4289/4724
f 4904/4286/4740 4568/4115/4404 4992/4118/4828 5188/4288/5024
f 5188/4288/5024 4992/4118/4828 4567/4109/4403 4903/4290/4739
f 4888/4289/4724 5188/4288/5024 4903/4290/4739 4519/4291/4355
f 4519/4291/4355 4903/4290/4739 5189/4292/5025 4887/4293/4723
f 4903/4290/4739 4567/4109/4403 4993/4112/4829 5189/4292/5025
f 5189/4292/5025 4993/4112/4829 4566/4103/4402 4902/4294/4738
f 4887/4293/4723 5189/4292/5025 4902/4294/4738 4518/4295/4354
f 4518/4295/4354 4902/4294/4738 5190/4296/5026 4886/4297/4722
f 4902/4294/4738 4566/4103/4402 4994/4106/4830 5190/4296/5026
f 5190/4296/5026 4994/4106/4830 4565/4094/4401 4901/4298/4737
f 4886/4297/4722 5190/4296/5026 4901/4298/4737 4517/4299/4353
f 4517/4299/4353 4901/4298/4737 5191/4300/5027 4885/4301/4721
f 4901/4298/4737 4565/4094/4401 4995/4097/4831 5191/4300/5027
f 5191/4300/5027 4995/4097/4831 4564/4102/4400 4979/4271/4815
f 4885/4301/4721 5191/4300/5027 4979/4271/4815 4516/4270/4352
f 4361/3468/4197 4369/3948/4205 4616/3529/4452 4607/3521/4443
f 5210/3455/5046 5412/3458/5248 5770/3457/5606 5415/3456/5251
f 5415/3456/5251 5770/3457/5606 5384/3460/5220 5198/3459/5034
f 5770/3457/5606 5397/3462/5233 5193/3461/5029 5384/3460/5220
f 5412/3458/5248 5202/3463/5038 5397/3462/5233 5770/3457/5606
f 5302/3464/5138 5630/3467/5466 5771/3466/5607 5601/3465/5437
f 5601/3465/5437 5771/3466/5607 5389/3469/5225 5203/3468/5039
f 5771/3466/5607 5600/3471/5436 5196/3470/5032 5389/3469/5225
f 5630/3467/5466 5301/3472/5137 5600/3471/5436 5771/3466/5607
f 5207/3473/5043 5400/3476/5236 5772/3475/5608 5403/3474/5239
f 5403/3474/5239 5772/3475/5608 5387/3478/5223 5201/3477/5037
f 5772/3475/5608 5399/3480/5235 5195/3479/5031 5387/3478/5223
f 5400/3476/5236 5206/3481/5042 5399/3480/5235 5772/3475/5608
f 5194/3482/5030 5398/3485/5234 5773/3484/5609 5391/3483/5227
f 5391/3483/5227 5773/3484/5609 5401/3487/5237 5197/3486/5033
f 5773/3484/5609 5402/3488/5238 5207/3473/5043 5401/3487/5237
f 5398/3485/5234 5204/3489/5040 5402/3488/5238 5773/3484/5609
f 5197/3486/5033 5401/3487/5237 5774/3491/5610 5383/3490/5219
f 5383/3490/5219 5774/3491/5610 5396/3493/5232 5192/3492/5028
f 5774/3491/5610 5403/3474/5239 5201/3477/5037 5396/3493/5232
f 5401/3487/5237 5207/3473/5043 5403/3474/5239 5774/3491/5610
f 5225/3494/5061 5438/3497/5274 5775/3496/5611 5433/3495/5269
f 5433/3495/5269 5775/3496/5611 5404/3499/5240 5208/3498/5044
f 5775/3496/5611 5431/3501/5267 5205/3500/5041 5404/3499/5240
f 5438/3497/5274 5223/3502/5059 5431/3501/5267 5775/3496/5611
f 5224/3503/5060 5437/3506/5273 5776/3505/5612 5395/3504/5231
f 5395/3504/5231 5776/3505/5612 5405/3508/5241 5200/3507/5036
f 5776/3505/5612 5433/3495/5269 5208/3498/5044 5405/3508/5241
f 5437/3506/5273 5225/3494/5061 5433/3495/5269 5776/3505/5612
f 5229/3509/5065 5447/3512/5283 5777/3511/5613 5386/3510/5222
f 5386/3510/5222 5777/3511/5613 5398/3485/5234 5194/3482/5030
f 5777/3511/5613 5445/3513/5281 5204/3489/5040 5398/3485/5234
f 5447/3512/5283 5230/3514/5066 5445/3513/5281 5777/3511/5613
f 5223/3502/5059 5435/3516/5271 5778/3515/5614 5431/3501/5267
f 5431/3501/5267 5778/3515/5614 5409/3517/5245 5205/3500/5041
f 5778/3515/5614 5434/3519/5270 5209/3518/5045 5409/3517/5245
f 5435/3516/5271 5226/3520/5062 5434/3519/5270 5778/3515/5614
f 5203/3468/5039 5389/3469/5225 5779/3522/5615 5414/3521/5250
f 5414/3521/5250 5779/3522/5615 5412/3458/5248 5210/3455/5046
f 5779/3522/5615 5388/3523/5224 5202/3463/5038 5412/3458/5248
f 5389/3469/5225 5196/3470/5032 5388/3523/5224 5779/3522/5615
f 5206/3481/5042 5413/3525/5249 5780/3524/5616 5399/3480/5235
f 5399/3480/5235 5780/3524/5616 5392/3526/5228 5195/3479/5031
f 5780/3524/5616 5415/3456/5251 5198/3459/5034 5392/3526/5228
f 5413/3525/5249 5210/3455/5046 5415/3456/5251 5780/3524/5616
f 5208/3498/5044 5404/3499/5240 5418/3528/5254 5216/3527/5052
f 5414/3521/5250 5210/3455/5046 5218/3530/5054 5423/3529/5259
f 5218/3530/5054 5210/3455/5046 5413/3525/5249 5422/3531/5258
f 5404/3499/5240 5205/3500/5041 5213/3532/5049 5418/3528/5254
f 5207/3473/5043 5402/3488/5238 5417/3534/5253 5215/3533/5051
f 5413/3525/5249 5206/3481/5042 5214/3535/5050 5422/3531/5258
f 5209/3518/5045 5411/3538/5247 5421/3537/5257 5217/3536/5053
f 5402/3488/5238 5204/3489/5040 5212/3539/5048 5417/3534/5253
f 5214/3535/5050 5206/3481/5042 5400/3476/5236 5416/3540/5252
f 5411/3538/5247 5302/3464/5138 5303/3541/5139 5421/3537/5257
f 5213/3532/5049 5205/3500/5041 5409/3517/5245 5420/3542/5256
f 5400/3476/5236 5207/3473/5043 5215/3533/5051 5416/3540/5252
f 5212/3539/5048 5204/3489/5040 5445/3513/5281 5446/3543/5282
f 5409/3517/5245 5209/3518/5045 5217/3536/5053 5420/3542/5256
f 5230/3514/5066 5407/3546/5243 5419/3545/5255 5231/3544/5067
f 5445/3513/5281 5230/3514/5066 5231/3544/5067 5446/3543/5282
f 5227/3547/5063 5442/3550/5278 5781/3549/5617 5426/3548/5262
f 5426/3548/5262 5781/3549/5617 4619/3552/4455 4380/3551/4216
f 5781/3549/5617 5427/3554/5263 4379/3553/4215 4619/3552/4455
f 5442/3550/5278 5228/3555/5064 5427/3554/5263 5781/3549/5617
f 4349/3556/4185 4577/3559/4413 5782/3558/5618 5390/3557/5226
f 5390/3557/5226 5782/3558/5618 5435/3516/5271 5223/3502/5059
f 5782/3558/5618 5410/3560/5246 5226/3520/5062 5435/3516/5271
f 4577/3559/4413 4357/3561/4193 5410/3560/5246 5782/3558/5618
f 4345/3562/4181 4573/3565/4409 5783/3564/5619 5432/3563/5268
f 5432/3563/5268 5783/3564/5619 5437/3506/5273 5224/3503/5060
f 5783/3564/5619 5406/3566/5242 5225/3494/5061 5437/3506/5273
f 4573/3565/4409 4353/3567/4189 5406/3566/5242 5783/3564/5619
f 4353/3567/4189 4583/3569/4419 5784/3568/5620 5406/3566/5242
f 5406/3566/5242 5784/3568/5620 5438/3497/5274 5225/3494/5061
f 5784/3568/5620 5390/3557/5226 5223/3502/5059 5438/3497/5274
f 4583/3569/4419 4349/3556/4185 5390/3557/5226 5784/3568/5620
f 5200/3507/5036 5439/3571/5275 5785/3570/5621 5395/3504/5231
f 5395/3504/5231 5785/3570/5621 5432/3563/5268 5224/3503/5060
f 5785/3570/5621 4621/3572/4457 4345/3562/4181 5432/3563/5268
f 5439/3571/5275 4381/3573/4217 4621/3572/4457 5785/3570/5621
f 5221/3574/5057 5429/3577/5265 5786/3576/5622 5440/3575/5276
f 5440/3575/5276 5786/3576/5622 5442/3550/5278 5227/3547/5063
f 5786/3576/5622 5441/3578/5277 5228/3555/5064 5442/3550/5278
f 5429/3577/5265 5222/3579/5058 5441/3578/5277 5786/3576/5622
f 5362/3580/5198 5747/3583/5583 5787/3582/5623 5443/3581/5279
f 5443/3581/5279 5787/3582/5623 5451/3584/5287 5194/3482/5030
f 5787/3582/5623 5725/3586/5561 5232/3585/5068 5451/3584/5287
f 5747/3583/5583 5363/3587/5199 5725/3586/5561 5787/3582/5623
f 5302/3464/5138 5601/3465/5437 5602/3588/5438 5303/3541/5139
f 5407/3546/5243 5208/3498/5044 5216/3527/5052 5419/3545/5255
f 5200/3507/5036 5405/3508/5241 5788/3590/5624 5444/3589/5280
f 5444/3589/5280 5788/3590/5624 5447/3512/5283 5229/3509/5065
f 5788/3590/5624 5407/3546/5243 5230/3514/5066 5447/3512/5283
f 5405/3508/5241 5208/3498/5044 5407/3546/5243 5788/3590/5624
f 5220/3591/5056 5449/3594/5285 5789/3593/5625 5425/3592/5261
f 5425/3592/5261 5789/3593/5625 5448/3596/5284 5219/3595/5055
f 5789/3593/5625 5441/3578/5277 5222/3579/5058 5448/3596/5284
f 5449/3594/5285 5228/3555/5064 5441/3578/5277 5789/3593/5625
f 4378/3597/4214 4618/3600/4454 5790/3599/5626 5424/3598/5260
f 5424/3598/5260 5790/3599/5626 5449/3594/5285 5220/3591/5056
f 5790/3599/5626 5427/3554/5263 5228/3555/5064 5449/3594/5285
f 4618/3600/4454 4379/3553/4215 5427/3554/5263 5790/3599/5626
f 5194/3482/5030 5451/3584/5287 5791/3601/5627 5386/3510/5222
f 5229/3509/5065 5386/3510/5222 5791/3601/5627 5457/3602/5293
f 5232/3585/5068 5457/3602/5293 5791/3601/5627 5451/3584/5287
f 4395/3603/4231 4620/3606/4456 5792/3605/5628 5453/3604/5289
f 5453/3604/5289 5792/3605/5628 5456/3608/5292 5234/3607/5070
f 5792/3605/5628 5439/3571/5275 5200/3507/5036 5456/3608/5292
f 4620/3606/4456 4381/3573/4217 5439/3571/5275 5792/3605/5628
f 5229/3509/5065 5457/3602/5293 5793/3609/5629 5444/3589/5280
f 5444/3589/5280 5793/3609/5629 5456/3608/5292 5200/3507/5036
f 5793/3609/5629 5452/3610/5288 5234/3607/5070 5456/3608/5292
f 5457/3602/5293 5232/3585/5068 5452/3610/5288 5793/3609/5629
f 5361/3611/5197 5723/3614/5559 5794/3613/5630 5746/3612/5582
f 5746/3612/5582 5794/3613/5630 5724/3615/5560 5362/3580/5198
f 5794/3613/5630 5429/3577/5265 5221/3574/5057 5724/3615/5560
f 5723/3614/5559 5222/3579/5058 5429/3577/5265 5794/3613/5630
f 4396/3616/4232 5455/3619/5291 5795/3618/5631 4648/3617/4484
f 4648/3617/4484 5795/3618/5631 5426/3548/5262 4380/3551/4216
f 5795/3618/5631 5459/3620/5295 5227/3547/5063 5426/3548/5262
f 5455/3619/5291 5235/3621/5071 5459/3620/5295 5795/3618/5631
f 5364/3622/5200 5726/3625/5562 5796/3624/5632 5745/3623/5581
f 5745/3623/5581 5796/3624/5632 5723/3614/5559 5361/3611/5197
f 5796/3624/5632 5448/3596/5284 5222/3579/5058 5723/3614/5559
f 5726/3625/5562 5219/3595/5055 5448/3596/5284 5796/3624/5632
f 5227/3547/5063 5459/3620/5295 5797/3626/5633 5440/3575/5276
f 5440/3575/5276 5797/3626/5633 5450/3627/5286 5221/3574/5057
f 5797/3626/5633 5454/3629/5290 5233/3628/5069 5450/3627/5286
f 5459/3620/5295 5235/3621/5071 5454/3629/5290 5797/3626/5633
f 4396/3616/4232 4665/3631/4501 5798/3630/5634 5455/3619/5291
f 5455/3619/5291 5798/3630/5634 5466/3632/5302 5235/3621/5071
f 5798/3630/5634 5464/3634/5300 5239/3633/5075 5466/3632/5302
f 4665/3631/4501 4402/3635/4238 5464/3634/5300 5798/3630/5634
f 5234/3607/5070 5467/3637/5303 5799/3636/5635 5453/3604/5289
f 5453/3604/5289 5799/3636/5635 4666/3638/4502 4395/3603/4231
f 5799/3636/5635 5462/3640/5298 4401/3639/4237 4666/3638/4502
f 5467/3637/5303 5238/3641/5074 5462/3640/5298 5799/3636/5635
f 5363/3587/5199 5744/3643/5580 5800/3642/5636 5725/3586/5561
f 5725/3586/5561 5800/3642/5636 5468/3644/5304 5232/3585/5068
f 5800/3642/5636 5727/3646/5563 5236/3645/5072 5468/3644/5304
f 5744/3643/5580 5365/3647/5201 5727/3646/5563 5800/3642/5636
f 5235/3621/5071 5466/3632/5302 5801/3648/5637 5454/3629/5290
f 5454/3629/5290 5801/3648/5637 5469/3649/5305 5233/3628/5069
f 5801/3648/5637 5463/3651/5299 5237/3650/5073 5469/3649/5305
f 5466/3632/5302 5239/3633/5075 5463/3651/5299 5801/3648/5637
f 5232/3585/5068 5468/3644/5304 5802/3652/5638 5452/3610/5288
f 5452/3610/5288 5802/3652/5638 5467/3637/5303 5234/3607/5070
f 5802/3652/5638 5461/3653/5297 5238/3641/5074 5467/3637/5303
f 5468/3644/5304 5236/3645/5072 5461/3653/5297 5802/3652/5638
f 4402/3635/4238 4676/3655/4512 5803/3654/5639 5464/3634/5300
f 5464/3634/5300 5803/3654/5639 5475/3656/5311 5239/3633/5075
f 5803/3654/5639 5473/3658/5309 5243/3657/5079 5475/3656/5311
f 4676/3655/4512 4408/3659/4244 5473/3658/5309 5803/3654/5639
f 5238/3641/5074 5476/3661/5312 5804/3660/5640 5462/3640/5298
f 5462/3640/5298 5804/3660/5640 4677/3662/4513 4401/3639/4237
f 5804/3660/5640 5471/3664/5307 4407/3663/4243 4677/3662/4513
f 5476/3661/5312 5242/3665/5078 5471/3664/5307 5804/3660/5640
f 5365/3647/5201 5743/3667/5579 5805/3666/5641 5727/3646/5563
f 5727/3646/5563 5805/3666/5641 5477/3668/5313 5236/3645/5072
f 5805/3666/5641 5728/3670/5564 5240/3669/5076 5477/3668/5313
f 5743/3667/5579 5366/3671/5202 5728/3670/5564 5805/3666/5641
f 5239/3633/5075 5475/3656/5311 5806/3672/5642 5463/3651/5299
f 5463/3651/5299 5806/3672/5642 5478/3673/5314 5237/3650/5073
f 5806/3672/5642 5472/3675/5308 5241/3674/5077 5478/3673/5314
f 5475/3656/5311 5243/3657/5079 5472/3675/5308 5806/3672/5642
f 5236/3645/5072 5477/3668/5313 5807/3676/5643 5461/3653/5297
f 5461/3653/5297 5807/3676/5643 5476/3661/5312 5238/3641/5074
f 5807/3676/5643 5470/3677/5306 5242/3665/5078 5476/3661/5312
f 5477/3668/5313 5240/3669/5076 5470/3677/5306 5807/3676/5643
f 5367/3678/5203 5729/3681/5565 5808/3680/5644 5742/3679/5578
f 5742/3679/5578 5808/3680/5644 5728/3670/5564 5366/3671/5202
f 5808/3680/5644 5470/3677/5306 5240/3669/5076 5728/3670/5564
f 5729/3681/5565 5242/3665/5078 5470/3677/5306 5808/3680/5644
f 4554/3682/4390 4953/3685/4789 5809/3684/5645 5741/3683/5577
f 5741/3683/5577 5809/3684/5645 5729/3681/5565 5367/3678/5203
f 5809/3684/5645 5471/3664/5307 5242/3665/5078 5729/3681/5565
f 4953/3685/4789 4407/3663/4243 5471/3664/5307 5809/3684/5645
f 5267/3686/5103 5532/3689/5368 5810/3688/5646 5554/3687/5390
f 5554/3687/5390 5810/3688/5646 5655/3691/5491 5281/3690/5117
f 5810/3688/5646 5656/3693/5492 5333/3692/5169 5655/3691/5491
f 5532/3689/5368 5329/3694/5165 5656/3693/5492 5810/3688/5646
f 5326/3695/5162 5648/3698/5484 5811/3697/5647 5667/3696/5503
f 5667/3696/5503 5811/3697/5647 5649/3700/5485 5327/3699/5163
f 5811/3697/5647 4687/3702/4523 4417/3701/4253 5649/3700/5485
f 5648/3698/5484 4419/3703/4255 4687/3702/4523 5811/3697/5647
f 5323/3704/5159 5482/3707/5318 5812/3706/5648 5666/3705/5502
f 5666/3705/5502 5812/3706/5648 5486/3709/5322 5325/3708/5161
f 5812/3706/5648 4691/3711/4527 4416/3710/4252 5486/3709/5322
f 5482/3707/5318 4418/3712/4254 4691/3711/4527 5812/3706/5648
f 5327/3699/5163 5649/3700/5485 5813/3714/5649 5665/3713/5501
f 5665/3713/5501 5813/3714/5649 5482/3707/5318 5323/3704/5159
f 5813/3714/5649 4686/3715/4522 4418/3712/4254 5482/3707/5318
f 5649/3700/5485 4417/3701/4253 4686/3715/4522 5813/3714/5649
f 5325/3708/5161 5486/3709/5322 5814/3717/5650 5664/3716/5500
f 5664/3716/5500 5814/3717/5650 5484/3719/5320 5324/3718/5160
f 5814/3717/5650 4692/3721/4528 4420/3720/4256 5484/3719/5320
f 5486/3709/5322 4416/3710/4252 4692/3721/4528 5814/3717/5650
f 5306/3722/5142 5491/3725/5327 5815/3724/5651 5629/3723/5465
f 5629/3723/5465 5815/3724/5651 5490/3727/5326 5305/3726/5141
f 5815/3724/5651 5493/3729/5329 5249/3728/5085 5490/3727/5326
f 5491/3725/5327 5250/3730/5086 5493/3729/5329 5815/3724/5651
f 5308/3731/5144 5607/3734/5443 5816/3733/5652 5628/3732/5464
f 5628/3732/5464 5816/3733/5652 5488/3736/5324 5304/3735/5140
f 5816/3733/5652 5494/3738/5330 5247/3737/5083 5488/3736/5324
f 5607/3734/5443 5251/3739/5087 5494/3738/5330 5816/3733/5652
f 5304/3735/5140 5488/3736/5324 5817/3741/5653 5627/3740/5463
f 5627/3740/5463 5817/3741/5653 5491/3725/5327 5306/3722/5142
f 5817/3741/5653 5495/3742/5331 5250/3730/5086 5491/3725/5327
f 5488/3736/5324 5247/3737/5083 5495/3742/5331 5817/3741/5653
f 5307/3743/5143 5606/3746/5442 5818/3745/5654 5626/3744/5462
f 5626/3744/5462 5818/3745/5654 5607/3734/5443 5308/3731/5144
f 5818/3745/5654 5496/3747/5332 5251/3739/5087 5607/3734/5443
f 5606/3746/5442 5248/3748/5084 5496/3747/5332 5818/3745/5654
f 5257/3749/5093 5506/3752/5342 5819/3751/5655 5514/3750/5350
f 5514/3750/5350 5819/3751/5655 5507/3754/5343 5258/3753/5094
f 5819/3751/5655 5502/3756/5338 5253/3755/5089 5507/3754/5343
f 5506/3752/5342 5252/3757/5088 5502/3756/5338 5819/3751/5655
f 5259/3758/5095 5499/3761/5335 5820/3760/5656 5513/3759/5349
f 5513/3759/5349 5820/3760/5656 5501/3763/5337 5261/3762/5097
f 5820/3760/5656 5503/3765/5339 5256/3764/5092 5501/3763/5337
f 5499/3761/5335 5254/3766/5090 5503/3765/5339 5820/3760/5656
f 5258/3753/5094 5507/3754/5343 5821/3768/5657 5512/3767/5348
f 5512/3767/5348 5821/3768/5657 5499/3761/5335 5259/3758/5095
f 5821/3768/5657 5504/3769/5340 5254/3766/5090 5499/3761/5335
f 5507/3754/5343 5253/3755/5089 5504/3769/5340 5821/3768/5657
f 5261/3762/5097 5501/3763/5337 5822/3771/5658 5511/3770/5347
f 5511/3770/5347 5822/3771/5658 5500/3773/5336 5260/3772/5096
f 5822/3771/5658 5505/3775/5341 5255/3774/5091 5500/3773/5336
f 5501/3763/5337 5256/3764/5092 5505/3775/5341 5822/3771/5658
f 5201/3477/5037 5510/3777/5346 5823/3776/5659 5396/3493/5232
f 5396/3493/5232 5823/3776/5659 5509/3778/5345 5192/3492/5028
f 5823/3776/5659 5511/3770/5347 5260/3772/5096 5509/3778/5345
f 5510/3777/5346 5261/3762/5097 5511/3770/5347 5823/3776/5659
f 5198/3459/5034 5487/3780/5323 5824/3779/5660 5392/3526/5228
f 5392/3526/5228 5824/3779/5660 5508/3781/5344 5195/3479/5031
f 5824/3779/5660 5512/3767/5348 5259/3758/5095 5508/3781/5344
f 5487/3780/5323 5258/3753/5094 5512/3767/5348 5824/3779/5660
f 5195/3479/5031 5508/3781/5344 5825/3782/5661 5387/3478/5223
f 5387/3478/5223 5825/3782/5661 5510/3777/5346 5201/3477/5037
f 5825/3782/5661 5513/3759/5349 5261/3762/5097 5510/3777/5346
f 5508/3781/5344 5259/3758/5095 5513/3759/5349 5825/3782/5661
f 5193/3461/5029 5483/3784/5319 5826/3783/5662 5384/3460/5220
f 5384/3460/5220 5826/3783/5662 5487/3780/5323 5198/3459/5034
f 5826/3783/5662 5514/3750/5350 5258/3753/5094 5487/3780/5323
f 5483/3784/5319 5257/3749/5093 5514/3750/5350 5826/3783/5662
f 5246/3785/5082 5515/3788/5351 5827/3787/5663 5430/3786/5266
f 5430/3786/5266 5827/3787/5663 5516/3790/5352 5244/3789/5080
f 5827/3787/5663 5517/3792/5353 5263/3791/5099 5516/3790/5352
f 5515/3788/5351 5262/3793/5098 5517/3792/5353 5827/3787/5663
f 5269/3794/5105 5534/3797/5370 5828/3796/5664 5547/3795/5383
f 5547/3795/5383 5828/3796/5664 5519/3799/5355 5270/3798/5106
f 5828/3796/5664 5388/3523/5224 5196/3470/5032 5519/3799/5355
f 5534/3797/5370 5202/3463/5038 5388/3523/5224 5828/3796/5664
f 5300/3800/5136 5625/3803/5461 5829/3802/5665 5385/3801/5221
f 5385/3801/5221 5829/3802/5665 5520/3805/5356 5245/3804/5081
f 5829/3802/5665 5608/3807/5444 5264/3806/5100 5520/3805/5356
f 5625/3803/5461 5309/3808/5145 5608/3807/5444 5829/3802/5665
f 5312/3809/5148 5624/3812/5460 5830/3811/5666 5611/3810/5447
f 5611/3810/5447 5830/3811/5666 5522/3814/5358 5271/3813/5107
f 5830/3811/5666 5393/3816/5229 5199/3815/5035 5522/3814/5358
f 5624/3812/5460 5301/3472/5137 5393/3816/5229 5830/3811/5666
f 5321/3817/5157 5663/3820/5499 5831/3819/5667 5436/3818/5272
f 5436/3818/5272 5831/3819/5667 4730/3822/4566 4385/3821/4221
f 5831/3819/5667 5650/3824/5486 4439/3823/4275 4730/3822/4566
f 5663/3820/5499 5328/3825/5164 5650/3824/5486 5831/3819/5667
f 5331/3826/5167 5662/3829/5498 5832/3828/5668 5653/3827/5489
f 5653/3827/5489 5832/3828/5668 4732/3831/4568 4448/3830/4284
f 5832/3828/5668 5481/3833/5317 4347/3832/4183 4732/3831/4568
f 5662/3829/5498 5322/3834/5158 5481/3833/5317 5832/3828/5668
f 5275/3835/5111 5562/3838/5398 5833/3837/5669 5485/3836/5321
f 5485/3836/5321 5833/3837/5669 5515/3788/5351 5246/3785/5082
f 5833/3837/5669 5518/3839/5354 5262/3793/5098 5515/3788/5351
f 5562/3838/5398 5276/3840/5112 5518/3839/5354 5833/3837/5669
f 5246/3785/5082 5430/3786/5266 5834/3842/5670 5524/3841/5360
f 5524/3841/5360 5834/3842/5670 5526/3844/5362 5265/3843/5101
f 5834/3842/5670 5525/3846/5361 5266/3845/5102 5526/3844/5362
f 5430/3786/5266 5244/3789/5080 5525/3846/5361 5834/3842/5670
f 5272/3847/5108 5543/3850/5379 5835/3849/5671 5537/3848/5373
f 5537/3848/5373 5835/3849/5671 5506/3752/5342 5257/3749/5093
f 5835/3849/5671 5528/3851/5364 5252/3757/5088 5506/3752/5342
f 5543/3850/5379 5273/3852/5109 5528/3851/5364 5835/3849/5671
f 5300/3800/5136 5385/3801/5221 5836/3854/5672 5623/3853/5459
f 5623/3853/5459 5836/3854/5672 5609/3856/5445 5310/3855/5146
f 5836/3854/5672 5529/3857/5365 5267/3686/5103 5609/3856/5445
f 5385/3801/5221 5245/3804/5081 5529/3857/5365 5836/3854/5672
f 5311/3858/5147 5542/3861/5378 5837/3860/5673 5622/3859/5458
f 5622/3859/5458 5837/3860/5673 5606/3746/5442 5307/3743/5143
f 5837/3860/5673 5531/3862/5367 5248/3748/5084 5606/3746/5442
f 5542/3861/5378 5274/3863/5110 5531/3862/5367 5837/3860/5673
f 5321/3817/5157 5436/3818/5272 5838/3865/5674 5661/3864/5497
f 5661/3864/5497 5838/3865/5674 5651/3866/5487 5329/3694/5165
f 5838/3865/5674 4741/3868/4577 4443/3867/4279 5651/3866/5487
f 5436/3818/5272 4385/3821/4221 4741/3868/4577 5838/3865/5674
f 5330/3869/5166 5541/3872/5377 5839/3871/5675 5660/3870/5496
f 5660/3870/5496 5839/3871/5675 5648/3698/5484 5326/3695/5162
f 5839/3871/5675 4743/3873/4579 4419/3703/4255 5648/3698/5484
f 5541/3872/5377 4452/3874/4288 4743/3873/4579 5839/3871/5675
f 5275/3835/5111 5485/3836/5321 5840/3876/5676 5561/3875/5397
f 5561/3875/5397 5840/3876/5676 5527/3878/5363 5277/3877/5113
f 5840/3876/5676 5524/3841/5360 5265/3843/5101 5527/3878/5363
f 5485/3836/5321 5246/3785/5082 5524/3841/5360 5840/3876/5676
f 5193/3461/5029 5533/3880/5369 5841/3879/5677 5483/3784/5319
f 5483/3784/5319 5841/3879/5677 5537/3848/5373 5257/3749/5093
f 5841/3879/5677 5540/3881/5376 5272/3847/5108 5537/3848/5373
f 5533/3880/5369 5268/3882/5104 5540/3881/5376 5841/3879/5677
f 5333/3692/5169 5560/3885/5396 5842/3884/5678 5659/3883/5495
f 5659/3883/5495 5842/3884/5678 5541/3872/5377 5330/3869/5166
f 5842/3884/5678 4752/3886/4588 4452/3874/4288 5541/3872/5377
f 5560/3885/5396 4461/3887/4297 4752/3886/4588 5842/3884/5678
f 5314/3888/5150 5559/3891/5395 5843/3890/5679 5621/3889/5457
f 5621/3889/5457 5843/3890/5679 5542/3861/5378 5311/3858/5147
f 5843/3890/5679 5539/3892/5375 5274/3863/5110 5542/3861/5378
f 5559/3891/5395 5281/3690/5117 5539/3892/5375 5843/3890/5679
f 5277/3877/5113 5558/3895/5394 5844/3894/5680 5550/3893/5386
f 5550/3893/5386 5844/3894/5680 5543/3850/5379 5272/3847/5108
f 5844/3894/5680 5538/3896/5374 5273/3852/5109 5543/3850/5379
f 5558/3895/5394 5280/3897/5116 5538/3896/5374 5844/3894/5680
f 5193/3461/5029 5397/3462/5233 5845/3898/5681 5533/3880/5369
f 5533/3880/5369 5845/3898/5681 5544/3899/5380 5268/3882/5104
f 5845/3898/5681 5534/3797/5370 5269/3794/5105 5544/3899/5380
f 5397/3462/5233 5202/3463/5038 5534/3797/5370 5845/3898/5681
f 5332/3900/5168 5658/3903/5494 5846/3902/5682 5654/3901/5490
f 5654/3901/5490 5846/3902/5682 4748/3905/4584 4458/3904/4294
f 5846/3902/5682 5653/3827/5489 4448/3830/4284 4748/3905/4584
f 5658/3903/5494 5331/3826/5167 5653/3827/5489 5846/3902/5682
f 5313/3906/5149 5620/3909/5456 5847/3908/5683 5612/3907/5448
f 5612/3907/5448 5847/3908/5683 5536/3911/5372 5279/3910/5115
f 5847/3908/5683 5611/3810/5447 5271/3813/5107 5536/3911/5372
f 5620/3909/5456 5312/3809/5148 5611/3810/5447 5847/3908/5683
f 5276/3840/5112 5549/3914/5385 5848/3913/5684 5555/3912/5391
f 5555/3912/5391 5848/3913/5684 5535/3916/5371 5278/3915/5114
f 5848/3913/5684 5547/3795/5383 5270/3798/5106 5535/3916/5371
f 5549/3914/5385 5269/3794/5105 5547/3795/5383 5848/3913/5684
f 5262/3793/5098 5518/3839/5354 5849/3917/5685 5517/3792/5353
f 5517/3792/5353 5849/3917/5685 5551/3918/5387 5263/3791/5099
f 5849/3917/5685 5555/3912/5391 5278/3915/5114 5551/3918/5387
f 5518/3839/5354 5276/3840/5112 5555/3912/5391 5849/3917/5685
f 5309/3808/5145 5619/3920/5455 5850/3919/5686 5608/3807/5444
f 5608/3807/5444 5850/3919/5686 5552/3921/5388 5264/3806/5100
f 5850/3919/5686 5612/3907/5448 5279/3910/5115 5552/3921/5388
f 5619/3920/5455 5313/3906/5149 5612/3907/5448 5850/3919/5686
f 5328/3825/5164 5657/3923/5493 5851/3922/5687 5650/3824/5486
f 5650/3824/5486 5851/3922/5687 4766/3924/4602 4439/3823/4275
f 5851/3922/5687 5654/3901/5490 4458/3904/4294 4766/3924/4602
f 5657/3923/5493 5332/3900/5168 5654/3901/5490 5851/3922/5687
f 5265/3843/5101 5526/3844/5362 5852/3925/5688 5527/3878/5363
f 5527/3878/5363 5852/3925/5688 5558/3895/5394 5277/3877/5113
f 5852/3925/5688 5553/3926/5389 5280/3897/5116 5558/3895/5394
f 5526/3844/5362 5266/3845/5102 5553/3926/5389 5852/3925/5688
f 5310/3855/5146 5609/3856/5445 5853/3928/5689 5618/3927/5454
f 5618/3927/5454 5853/3928/5689 5559/3891/5395 5314/3888/5150
f 5853/3928/5689 5554/3687/5390 5281/3690/5117 5559/3891/5395
f 5609/3856/5445 5267/3686/5103 5554/3687/5390 5853/3928/5689
f 5329/3694/5165 5651/3866/5487 5854/3929/5690 5656/3693/5492
f 5656/3693/5492 5854/3929/5690 5560/3885/5396 5333/3692/5169
f 5854/3929/5690 4769/3930/4605 4461/3887/4297 5560/3885/5396
f 5651/3866/5487 4443/3867/4279 4769/3930/4605 5854/3929/5690
f 5268/3882/5104 5548/3932/5384 5855/3931/5691 5540/3881/5376
f 5540/3881/5376 5855/3931/5691 5550/3893/5386 5272/3847/5108
f 5855/3931/5691 5561/3875/5397 5277/3877/5113 5550/3893/5386
f 5548/3932/5384 5275/3835/5111 5561/3875/5397 5855/3931/5691
f 5268/3882/5104 5544/3899/5380 5856/3933/5692 5548/3932/5384
f 5548/3932/5384 5856/3933/5692 5562/3838/5398 5275/3835/5111
f 5856/3933/5692 5549/3914/5385 5276/3840/5112 5562/3838/5398
f 5544/3899/5380 5269/3794/5105 5549/3914/5385 5856/3933/5692
f 5216/3527/5052 5573/3935/5409 5857/3934/5693 5419/3545/5255
f 5419/3545/5255 5857/3934/5693 5572/3936/5408 5231/3544/5067
f 5857/3934/5693 5566/3938/5402 5290/3937/5126 5572/3936/5408
f 5573/3935/5409 5287/3939/5123 5566/3938/5402 5857/3934/5693
f 5215/3533/5051 5575/3941/5411 5858/3940/5694 5416/3540/5252
f 5416/3540/5252 5858/3940/5694 5574/3942/5410 5214/3535/5050
f 5858/3940/5694 5563/3944/5399 5285/3943/5121 5574/3942/5410
f 5575/3941/5411 5286/3945/5122 5563/3944/5399 5858/3940/5694
f 5218/3530/5054 5577/3947/5413 5859/3946/5695 5423/3529/5259
f 5423/3529/5259 5859/3946/5695 5576/3949/5412 5211/3948/5047
f 5859/3946/5695 5570/3951/5406 5282/3950/5118 5576/3949/5412
f 5577/3947/5413 5289/3952/5125 5570/3951/5406 5859/3946/5695
f 5217/3536/5053 5579/3954/5415 5860/3953/5696 5420/3542/5256
f 5420/3542/5256 5860/3953/5696 5578/3955/5414 5213/3532/5049
f 5860/3953/5696 5567/3957/5403 5284/3956/5120 5578/3955/5414
f 5579/3954/5415 5288/3958/5124 5567/3957/5403 5860/3953/5696
f 5212/3539/5048 5580/3960/5416 5861/3959/5697 5417/3534/5253
f 5417/3534/5253 5861/3959/5697 5575/3941/5411 5215/3533/5051
f 5861/3959/5697 5564/3961/5400 5286/3945/5122 5575/3941/5411
f 5580/3960/5416 5283/3962/5119 5564/3961/5400 5861/3959/5697
f 5231/3544/5067 5572/3936/5408 5862/3963/5698 5446/3543/5282
f 5446/3543/5282 5862/3963/5698 5580/3960/5416 5212/3539/5048
f 5862/3963/5698 5571/3964/5407 5283/3962/5119 5580/3960/5416
f 5572/3936/5408 5290/3937/5126 5571/3964/5407 5862/3963/5698
f 5303/3541/5139 5617/3966/5453 5863/3965/5699 5421/3537/5257
f 5421/3537/5257 5863/3965/5699 5579/3954/5415 5217/3536/5053
f 5863/3965/5699 5568/3967/5404 5288/3958/5124 5579/3954/5415
f 5617/3966/5453 5315/3968/5151 5568/3967/5404 5863/3965/5699
f 5213/3532/5049 5578/3955/5414 5864/3969/5700 5418/3528/5254
f 5418/3528/5254 5864/3969/5700 5573/3935/5409 5216/3527/5052
f 5864/3969/5700 5565/3970/5401 5287/3939/5123 5573/3935/5409
f 5578/3955/5414 5284/3956/5120 5565/3970/5401 5864/3969/5700
f 5214/3535/5050 5574/3942/5410 5865/3971/5701 5422/3531/5258
f 5422/3531/5258 5865/3971/5701 5577/3947/5413 5218/3530/5054
f 5865/3971/5701 5569/3972/5405 5289/3952/5125 5577/3947/5413
f 5574/3942/5410 5285/3943/5121 5569/3972/5405 5865/3971/5701
f 5284/3956/5120 5591/3974/5427 5866/3973/5702 5565/3970/5401
f 5565/3970/5401 5866/3973/5702 5590/3975/5426 5287/3939/5123
f 5866/3973/5702 5583/3977/5419 5296/3976/5132 5590/3975/5426
f 5591/3974/5427 5293/3978/5129 5583/3977/5419 5866/3973/5702
f 5285/3943/5121 5593/3980/5429 5867/3979/5703 5569/3972/5405
f 5569/3972/5405 5867/3979/5703 5592/3981/5428 5289/3952/5125
f 5867/3979/5703 5587/3983/5423 5298/3982/5134 5592/3981/5428
f 5593/3980/5429 5294/3984/5130 5587/3983/5423 5867/3979/5703
f 5287/3939/5123 5590/3975/5426 5868/3985/5704 5566/3938/5402
f 5566/3938/5402 5868/3985/5704 5594/3986/5430 5290/3937/5126
f 5868/3985/5704 5584/3988/5420 5299/3987/5135 5594/3986/5430
f 5590/3975/5426 5296/3976/5132 5584/3988/5420 5868/3985/5704
f 5286/3945/5122 5595/3990/5431 5869/3989/5705 5563/3944/5399
f 5563/3944/5399 5869/3989/5705 5593/3980/5429 5285/3943/5121
f 5869/3989/5705 5581/3991/5417 5294/3984/5130 5593/3980/5429
f 5595/3990/5431 5295/3992/5131 5581/3991/5417 5869/3989/5705
f 5289/3952/5125 5592/3981/5428 5870/3993/5706 5570/3951/5406
f 5570/3951/5406 5870/3993/5706 5596/3994/5432 5282/3950/5118
f 5870/3993/5706 5588/3996/5424 5291/3995/5127 5596/3994/5432
f 5592/3981/5428 5298/3982/5134 5588/3996/5424 5870/3993/5706
f 5288/3958/5124 5597/3998/5433 5871/3997/5707 5567/3957/5403
f 5567/3957/5403 5871/3997/5707 5591/3974/5427 5284/3956/5120
f 5871/3997/5707 5585/3999/5421 5293/3978/5129 5591/3974/5427
f 5597/3998/5433 5297/4000/5133 5585/3999/5421 5871/3997/5707
f 5283/3962/5119 5598/4002/5434 5872/4001/5708 5564/3961/5400
f 5564/3961/5400 5872/4001/5708 5595/3990/5431 5286/3945/5122
f 5872/4001/5708 5582/4003/5418 5295/3992/5131 5595/3990/5431
f 5598/4002/5434 5292/4004/5128 5582/4003/5418 5872/4001/5708
f 5290/3937/5126 5594/3986/5430 5873/4005/5709 5571/3964/5407
f 5571/3964/5407 5873/4005/5709 5598/4002/5434 5283/3962/5119
f 5873/4005/5709 5589/4006/5425 5292/4004/5128 5598/4002/5434
f 5594/3986/5430 5299/3987/5135 5589/4006/5425 5873/4005/5709
f 5315/3968/5151 5616/4008/5452 5874/4007/5710 5568/3967/5404
f 5568/3967/5404 5874/4007/5710 5597/3998/5433 5288/3958/5124
f 5874/4007/5710 5586/4009/5422 5297/4000/5133 5597/3998/5433
f 5616/4008/5452 5316/4010/5152 5586/4009/5422 5874/4007/5710
f 5282/3950/5118 5596/3994/5432 5875/4012/5711 5614/4011/5450
f 5614/4011/5450 5875/4012/5711 5616/4008/5452 5315/3968/5151
f 5875/4012/5711 5615/4013/5451 5316/4010/5152 5616/4008/5452
f 5596/3994/5432 5291/3995/5127 5615/4013/5451 5875/4012/5711
f 5211/3948/5047 5576/3949/5412 5876/4014/5712 5602/3588/5438
f 5602/3588/5438 5876/4014/5712 5617/3966/5453 5303/3541/5139
f 5876/4014/5712 5614/4011/5450 5315/3968/5151 5617/3966/5453
f 5576/3949/5412 5282/3950/5118 5614/4011/5450 5876/4014/5712
f 5266/3845/5102 5530/4016/5366 5877/4015/5713 5553/3926/5389
f 5553/3926/5389 5877/4015/5713 5613/4017/5449 5280/3897/5116
f 5877/4015/5713 5618/3927/5454 5314/3888/5150 5613/4017/5449
f 5530/4016/5366 5310/3855/5146 5618/3927/5454 5877/4015/5713
f 5263/3791/5099 5551/3918/5387 5878/4019/5714 5521/4018/5357
f 5521/4018/5357 5878/4019/5714 5619/3920/5455 5309/3808/5145
f 5878/4019/5714 5556/4020/5392 5313/3906/5149 5619/3920/5455
f 5551/3918/5387 5278/3915/5114 5556/4020/5392 5878/4019/5714
f 5278/3915/5114 5535/3916/5371 5879/4021/5715 5556/4020/5392
f 5556/4020/5392 5879/4021/5715 5620/3909/5456 5313/3906/5149
f 5879/4021/5715 5546/4022/5382 5312/3809/5148 5620/3909/5456
f 5535/3916/5371 5270/3798/5106 5546/4022/5382 5879/4021/5715
f 5280/3897/5116 5613/4017/5449 5880/4023/5716 5538/3896/5374
f 5538/3896/5374 5880/4023/5716 5610/4024/5446 5273/3852/5109
f 5880/4023/5716 5621/3889/5457 5311/3858/5147 5610/4024/5446
f 5613/4017/5449 5314/3888/5150 5621/3889/5457 5880/4023/5716
f 5273/3852/5109 5610/4024/5446 5881/4025/5717 5528/3851/5364
f 5528/3851/5364 5881/4025/5717 5497/4026/5333 5252/3757/5088
f 5881/4025/5717 5622/3859/5458 5307/3743/5143 5497/4026/5333
f 5610/4024/5446 5311/3858/5147 5622/3859/5458 5881/4025/5717
f 5244/3789/5080 5599/4028/5435 5882/4027/5718 5525/3846/5361
f 5525/3846/5361 5882/4027/5718 5530/4016/5366 5266/3845/5102
f 5882/4027/5718 5623/3853/5459 5310/3855/5146 5530/4016/5366
f 5599/4028/5435 5300/3800/5136 5623/3853/5459 5882/4027/5718
f 5270/3798/5106 5519/3799/5355 5883/4029/5719 5546/4022/5382
f 5546/4022/5382 5883/4029/5719 5624/3812/5460 5312/3809/5148
f 5883/4029/5719 5600/3471/5436 5301/3472/5137 5624/3812/5460
f 5519/3799/5355 5196/3470/5032 5600/3471/5436 5883/4029/5719
f 5244/3789/5080 5516/3790/5352 5884/4030/5720 5599/4028/5435
f 5599/4028/5435 5884/4030/5720 5625/3803/5461 5300/3800/5136
f 5884/4030/5720 5521/4018/5357 5309/3808/5145 5625/3803/5461
f 5516/3790/5352 5263/3791/5099 5521/4018/5357 5884/4030/5720
f 5252/3757/5088 5497/4026/5333 5885/4031/5721 5502/3756/5338
f 5502/3756/5338 5885/4031/5721 5498/4032/5334 5253/3755/5089
f 5885/4031/5721 5626/3744/5462 5308/3731/5144 5498/4032/5334
f 5497/4026/5333 5307/3743/5143 5626/3744/5462 5885/4031/5721
f 5254/3766/5090 5603/4034/5439 5886/4033/5722 5503/3765/5339
f 5503/3765/5339 5886/4033/5722 5605/4035/5441 5256/3764/5092
f 5886/4033/5722 5627/3740/5463 5306/3722/5142 5605/4035/5441
f 5603/4034/5439 5304/3735/5140 5627/3740/5463 5886/4033/5722
f 5253/3755/5089 5498/4032/5334 5887/4036/5723 5504/3769/5340
f 5504/3769/5340 5887/4036/5723 5603/4034/5439 5254/3766/5090
f 5887/4036/5723 5628/3732/5464 5304/3735/5140 5603/4034/5439
f 5498/4032/5334 5308/3731/5144 5628/3732/5464 5887/4036/5723
f 5256/3764/5092 5605/4035/5441 5888/4037/5724 5505/3775/5341
f 5505/3775/5341 5888/4037/5724 5604/4038/5440 5255/3774/5091
f 5888/4037/5724 5629/3723/5465 5305/3726/5141 5604/4038/5440
f 5605/4035/5441 5306/3722/5142 5629/3723/5465 5888/4037/5724
f 5601/3465/5437 5203/3468/5039 5211/3948/5047 5602/3588/5438
f 5209/3518/5045 5408/4040/5244 5889/4039/5725 5411/3538/5247
f 5411/3538/5247 5889/4039/5725 5630/3467/5466 5302/3464/5138
f 5889/4039/5725 5393/3816/5229 5301/3472/5137 5630/3467/5466
f 5408/4040/5244 5199/3815/5035 5393/3816/5229 5889/4039/5725
f 5293/3978/5129 5585/3999/5421 5890/4042/5726 5642/4041/5478
f 5317/4043/5153 5642/4041/5478 5890/4042/5726 5631/4044/5467
f 5297/4000/5133 5631/4044/5467 5890/4042/5726 5585/3999/5421
f 5318/4045/5154 5636/4048/5472 5891/4047/5727 5641/4046/5477
f 5641/4046/5477 5891/4047/5727 5635/4049/5471 5317/4043/5153
f 5891/4047/5727 5584/3988/5420 5296/3976/5132 5635/4049/5471
f 5636/4048/5472 5299/3987/5135 5584/3988/5420 5891/4047/5727
f 5319/4050/5155 5637/4053/5473 5892/4052/5728 5640/4051/5476
f 5640/4051/5476 5892/4052/5728 5636/4048/5472 5318/4045/5154
f 5892/4052/5728 5589/4006/5425 5299/3987/5135 5636/4048/5472
f 5637/4053/5473 5292/4004/5128 5589/4006/5425 5892/4052/5728
f 5320/4054/5156 5638/4057/5474 5893/4056/5729 5639/4055/5475
f 5639/4055/5475 5893/4056/5729 5637/4053/5473 5319/4050/5155
f 5893/4056/5729 5582/4003/5418 5292/4004/5128 5637/4053/5473
f 5638/4057/5474 5295/3992/5131 5582/4003/5418 5893/4056/5729
f 5298/3982/5134 5587/3983/5423 5894/4059/5730 5634/4058/5470
f 5320/4054/5156 5634/4058/5470 5894/4059/5730 5643/4060/5479
f 5294/3984/5130 5643/4060/5479 5894/4059/5730 5587/3983/5423
f 5298/3982/5134 5634/4058/5470 5895/4061/5731 5588/3996/5424
f 5588/3996/5424 5895/4061/5731 5633/4062/5469 5291/3995/5127
f 5895/4061/5731 5639/4055/5475 5319/4050/5155 5633/4062/5469
f 5634/4058/5470 5320/4054/5156 5639/4055/5475 5895/4061/5731
f 5291/3995/5127 5633/4062/5469 5896/4063/5732 5615/4013/5451
f 5615/4013/5451 5896/4063/5732 5632/4064/5468 5316/4010/5152
f 5896/4063/5732 5640/4051/5476 5318/4045/5154 5632/4064/5468
f 5633/4062/5469 5319/4050/5155 5640/4051/5476 5896/4063/5732
f 5316/4010/5152 5632/4064/5468 5897/4065/5733 5586/4009/5422
f 5586/4009/5422 5897/4065/5733 5631/4044/5467 5297/4000/5133
f 5897/4065/5733 5641/4046/5477 5317/4043/5153 5631/4044/5467
f 5632/4064/5468 5318/4045/5154 5641/4046/5477 5897/4065/5733
f 5317/4043/5153 5635/4049/5471 5898/4066/5734 5642/4041/5478
f 5293/3978/5129 5642/4041/5478 5898/4066/5734 5583/3977/5419
f 5296/3976/5132 5583/3977/5419 5898/4066/5734 5635/4049/5471
f 5294/3984/5130 5581/3991/5417 5899/4067/5735 5643/4060/5479
f 5320/4054/5156 5643/4060/5479 5899/4067/5735 5638/4057/5474
f 5295/3992/5131 5638/4057/5474 5899/4067/5735 5581/3991/5417
f 5264/3806/5100 5552/3921/5388 5900/4069/5736 5523/4068/5359
f 5523/4068/5359 5900/4069/5736 5657/3923/5493 5328/3825/5164
f 5900/4069/5736 5557/4070/5393 5332/3900/5168 5657/3923/5493
f 5552/3921/5388 5279/3910/5115 5557/4070/5393 5900/4069/5736
f 5279/3910/5115 5536/3911/5372 5901/4071/5737 5557/4070/5393
f 5557/4070/5393 5901/4071/5737 5658/3903/5494 5332/3900/5168
f 5901/4071/5737 5545/4072/5381 5331/3826/5167 5658/3903/5494
f 5536/3911/5372 5271/3813/5107 5545/4072/5381 5901/4071/5737
f 5281/3690/5117 5655/3691/5491 5902/4073/5738 5539/3892/5375
f 5539/3892/5375 5902/4073/5738 5652/4074/5488 5274/3863/5110
f 5902/4073/5738 5659/3883/5495 5330/3869/5166 5652/4074/5488
f 5655/3691/5491 5333/3692/5169 5659/3883/5495 5902/4073/5738
f 5274/3863/5110 5652/4074/5488 5903/4075/5739 5531/3862/5367
f 5531/3862/5367 5903/4075/5739 5489/4076/5325 5248/3748/5084
f 5903/4075/5739 5660/3870/5496 5326/3695/5162 5489/4076/5325
f 5652/4074/5488 5330/3869/5166 5660/3870/5496 5903/4075/5739
f 5245/3804/5081 5480/4078/5316 5904/4077/5740 5529/3857/5365
f 5529/3857/5365 5904/4077/5740 5532/3689/5368 5267/3686/5103
f 5904/4077/5740 5661/3864/5497 5329/3694/5165 5532/3689/5368
f 5480/4078/5316 5321/3817/5157 5661/3864/5497 5904/4077/5740
f 5271/3813/5107 5522/3814/5358 5905/4079/5741 5545/4072/5381
f 5545/4072/5381 5905/4079/5741 5662/3829/5498 5331/3826/5167
f 5905/4079/5741 5644/4080/5480 5322/3834/5158 5662/3829/5498
f 5522/3814/5358 5199/3815/5035 5644/4080/5480 5905/4079/5741
f 5245/3804/5081 5520/3805/5356 5906/4081/5742 5480/4078/5316
f 5480/4078/5316 5906/4081/5742 5663/3820/5499 5321/3817/5157
f 5906/4081/5742 5523/4068/5359 5328/3825/5164 5663/3820/5499
f 5520/3805/5356 5264/3806/5100 5523/4068/5359 5906/4081/5742
f 5250/3730/5086 5647/4083/5483 5907/4082/5743 5493/3729/5329
f 5493/3729/5329 5907/4082/5743 5646/4084/5482 5249/3728/5085
f 5907/4082/5743 5664/3716/5500 5324/3718/5160 5646/4084/5482
f 5647/4083/5483 5325/3708/5161 5664/3716/5500 5907/4082/5743
f 5251/3739/5087 5492/4086/5328 5908/4085/5744 5494/3738/5330
f 5494/3738/5330 5908/4085/5744 5645/4087/5481 5247/3737/5083
f 5908/4085/5744 5665/3713/5501 5323/3704/5159 5645/4087/5481
f 5492/4086/5328 5327/3699/5163 5665/3713/5501 5908/4085/5744
f 5247/3737/5083 5645/4087/5481 5909/4088/5745 5495/3742/5331
f 5495/3742/5331 5909/4088/5745 5647/4083/5483 5250/3730/5086
f 5909/4088/5745 5666/3705/5502 5325/3708/5161 5647/4083/5483
f 5645/4087/5481 5323/3704/5159 5666/3705/5502 5909/4088/5745
f 5248/3748/5084 5489/4076/5325 5910/4089/5746 5496/3747/5332
f 5496/3747/5332 5910/4089/5746 5492/4086/5328 5251/3739/5087
f 5910/4089/5746 5667/3696/5503 5327/3699/5163 5492/4086/5328
f 5489/4076/5325 5326/3695/5162 5667/3696/5503 5910/4089/5746
f 5322/3834/5158 5394/4091/5230 5911/4090/5747 5481/3833/5317
f 5481/3833/5317 5911/4090/5747 4883/4092/4719 4347/3832/4183
f 5911/4090/5747 5410/3560/5246 4357/3561/4193 4883/4092/4719
f 5394/4091/5230 5226/3520/5062 5410/3560/5246 5911/4090/5747
f 5199/3815/5035 5408/4040/5244 5912/4093/5748 5644/4080/5480
f 5644/4080/5480 5912/4093/5748 5394/4091/5230 5322/3834/5158
f 5912/4093/5748 5434/3519/5270 5226/3520/5062 5394/4091/5230
f 5408/4040/5244 5209/3518/5045 5434/3519/5270 5912/4093/5748
f 5377/4094/5213 5769/4097/5605 5913/4096/5749 5755/4095/5591
f 5755/4095/5591 5913/4096/5749 5677/4099/5513 5343/4098/5179
f 5913/4096/5749 5684/4101/5520 5342/4100/5178 5677/4099/5513
f 5769/4097/5605 5376/4102/5212 5684/4101/5520 5913/4096/5749
f 5378/4103/5214 5768/4106/5604 5914/4105/5750 5756/4104/5592
f 5756/4104/5592 5914/4105/5750 5678/4108/5514 5344/4107/5180
f 5914/4105/5750 5755/4095/5591 5343/4098/5179 5678/4108/5514
f 5768/4106/5604 5377/4094/5213 5755/4095/5591 5914/4105/5750
f 5379/4109/5215 5767/4112/5603 5915/4111/5751 5757/4110/5593
f 5757/4110/5593 5915/4111/5751 5679/4114/5515 5345/4113/5181
f 5915/4111/5751 5756/4104/5592 5344/4107/5180 5679/4114/5515
f 5767/4112/5603 5378/4103/5214 5756/4104/5592 5915/4111/5751
f 5380/4115/5216 5766/4118/5602 5916/4117/5752 5758/4116/5594
f 5758/4116/5594 5916/4117/5752 5680/4120/5516 5346/4119/5182
f 5916/4117/5752 5757/4110/5593 5345/4113/5181 5680/4120/5516
f 5766/4118/5602 5379/4109/5215 5757/4110/5593 5916/4117/5752
f 5381/4121/5217 5765/4124/5601 5917/4123/5753 5759/4122/5595
f 5759/4122/5595 5917/4123/5753 5681/4126/5517 5347/4125/5183
f 5917/4123/5753 5758/4116/5594 5346/4119/5182 5681/4126/5517
f 5765/4124/5601 5380/4115/5216 5758/4116/5594 5917/4123/5753
f 5382/4127/5218 5764/4130/5600 5918/4129/5754 5760/4128/5596
f 5760/4128/5596 5918/4129/5754 5682/4132/5518 5348/4131/5184
f 5918/4129/5754 5759/4122/5595 5347/4125/5183 5682/4132/5518
f 5764/4130/5600 5381/4121/5217 5759/4122/5595 5918/4129/5754
f 4572/4133/4408 5763/4136/5599 5919/4135/5755 4908/4134/4744
f 4908/4134/4744 5919/4135/5755 5683/4138/5519 4523/4137/4359
f 5919/4135/5755 5760/4128/5596 5348/4131/5184 5683/4138/5519
f 5763/4136/5599 5382/4127/5218 5760/4128/5596 5919/4135/5755
f 5376/4102/5212 5762/4140/5598 5920/4139/5756 5684/4101/5520
f 5684/4101/5520 5920/4139/5756 5676/4141/5512 5342/4100/5178
f 5920/4139/5756 4986/4143/4822 4524/4142/4360 5676/4141/5512
f 5762/4140/5598 4571/4144/4407 4986/4143/4822 5920/4139/5756
f 5342/4100/5178 5676/4141/5512 5921/4146/5757 5699/4145/5535
f 5699/4145/5535 5921/4146/5757 5691/4148/5527 5349/4147/5185
f 5921/4146/5757 4917/4150/4753 4533/4149/4369 5691/4148/5527
f 5676/4141/5512 4524/4142/4360 4917/4150/4753 5921/4146/5757
f 5343/4098/5179 5677/4099/5513 5922/4152/5758 5700/4151/5536
f 5700/4151/5536 5922/4152/5758 5692/4154/5528 5350/4153/5186
f 5922/4152/5758 5699/4145/5535 5349/4147/5185 5692/4154/5528
f 5677/4099/5513 5342/4100/5178 5699/4145/5535 5922/4152/5758
f 5344/4107/5180 5678/4108/5514 5923/4156/5759 5701/4155/5537
f 5701/4155/5537 5923/4156/5759 5693/4158/5529 5351/4157/5187
f 5923/4156/5759 5700/4151/5536 5350/4153/5186 5693/4158/5529
f 5678/4108/5514 5343/4098/5179 5700/4151/5536 5923/4156/5759
f 5345/4113/5181 5679/4114/5515 5924/4160/5760 5702/4159/5538
f 5702/4159/5538 5924/4160/5760 5694/4162/5530 5352/4161/5188
f 5924/4160/5760 5701/4155/5537 5351/4157/5187 5694/4162/5530
f 5679/4114/5515 5344/4107/5180 5701/4155/5537 5924/4160/5760
f 5346/4119/5182 5680/4120/5516 5925/4164/5761 5703/4163/5539
f 5703/4163/5539 5925/4164/5761 5695/4166/5531 5353/4165/5189
f 5925/4164/5761 5702/4159/5538 5352/4161/5188 5695/4166/5531
f 5680/4120/5516 5345/4113/5181 5702/4159/5538 5925/4164/5761
f 5347/4125/5183 5681/4126/5517 5926/4168/5762 5704/4167/5540
f 5704/4167/5540 5926/4168/5762 5696/4170/5532 5354/4169/5190
f 5926/4168/5762 5703/4163/5539 5353/4165/5189 5696/4170/5532
f 5681/4126/5517 5346/4119/5182 5703/4163/5539 5926/4168/5762
f 5348/4131/5184 5682/4132/5518 5927/4172/5763 5705/4171/5541
f 5705/4171/5541 5927/4172/5763 5697/4174/5533 5355/4173/5191
f 5927/4172/5763 5704/4167/5540 5354/4169/5190 5697/4174/5533
f 5682/4132/5518 5347/4125/5183 5704/4167/5540 5927/4172/5763
f 4523/4137/4359 5683/4138/5519 5928/4176/5764 4925/4175/4761
f 4925/4175/4761 5928/4176/5764 5698/4178/5534 4532/4177/4368
f 5928/4176/5764 5705/4171/5541 5355/4173/5191 5698/4178/5534
f 5683/4138/5519 5348/4131/5184 5705/4171/5541 5928/4176/5764
f 5356/4179/5192 5718/4182/5554 5929/4181/5765 5706/4180/5542
f 5706/4180/5542 5929/4181/5765 5698/4178/5534 5355/4173/5191
f 5929/4181/5765 4927/4183/4763 4532/4177/4368 5698/4178/5534
f 5718/4182/5554 4542/4184/4378 4927/4183/4763 5929/4181/5765
f 5369/4185/5205 5731/4188/5567 5930/4187/5766 5740/4186/5576
f 5740/4186/5576 5930/4187/5766 5730/4190/5566 5368/4189/5204
f 5930/4187/5766 5646/4084/5482 5324/3718/5160 5730/4190/5566
f 5731/4188/5567 5249/3728/5085 5646/4084/5482 5930/4187/5766
f 5370/4191/5206 5732/4194/5568 5931/4193/5767 5739/4192/5575
f 5739/4192/5575 5931/4193/5767 5731/4188/5567 5369/4185/5205
f 5931/4193/5767 5490/3727/5326 5249/3728/5085 5731/4188/5567
f 5732/4194/5568 5305/3726/5141 5490/3727/5326 5931/4193/5767
f 5371/4195/5207 5733/4198/5569 5932/4197/5768 5738/4196/5574
f 5738/4196/5574 5932/4197/5768 5732/4194/5568 5370/4191/5206
f 5932/4197/5768 5604/4038/5440 5305/3726/5141 5732/4194/5568
f 5733/4198/5569 5255/3774/5091 5604/4038/5440 5932/4197/5768
f 4378/3597/4214 5424/3598/5260 5933/4200/5769 4932/4199/4768
f 4932/4199/4768 5933/4200/5769 5691/4148/5527 4533/4149/4369
f 5933/4200/5769 5710/4201/5546 5349/4147/5185 5691/4148/5527
f 5424/3598/5260 5220/3591/5056 5710/4201/5546 5933/4200/5769
f 5352/4161/5188 5709/4203/5545 5934/4202/5770 5695/4166/5531
f 5695/4166/5531 5934/4202/5770 5708/4204/5544 5353/4165/5189
f 5934/4202/5770 5715/4206/5551 5358/4205/5194 5708/4204/5544
f 5709/4203/5545 5359/4207/5195 5715/4206/5551 5934/4202/5770
f 5353/4165/5189 5708/4204/5544 5935/4208/5771 5696/4170/5532
f 5696/4170/5532 5935/4208/5771 5707/4209/5543 5354/4169/5190
f 5935/4208/5771 5716/4211/5552 5357/4210/5193 5707/4209/5543
f 5708/4204/5544 5358/4205/5194 5716/4211/5552 5935/4208/5771
f 5354/4169/5190 5707/4209/5543 5936/4212/5772 5697/4174/5533
f 5697/4174/5533 5936/4212/5772 5706/4180/5542 5355/4173/5191
f 5936/4212/5772 5717/4213/5553 5356/4179/5192 5706/4180/5542
f 5707/4209/5543 5357/4210/5193 5717/4213/5553 5936/4212/5772
f 5368/4189/5204 5737/4216/5573 5937/4215/5773 5711/4214/5547
f 5711/4214/5547 5937/4215/5773 5718/4182/5554 5356/4179/5192
f 5937/4215/5773 4934/4217/4770 4542/4184/4378 5718/4182/5554
f 5737/4216/5573 4556/4218/4392 4934/4217/4770 5937/4215/5773
f 5364/3622/5200 5460/4221/5296 5938/4220/5774 5736/4219/5572
f 5736/4219/5572 5938/4220/5774 5734/4223/5570 5372/4222/5208
f 5938/4220/5774 5509/3778/5345 5260/3772/5096 5734/4223/5570
f 5460/4221/5296 5192/3492/5028 5509/3778/5345 5938/4220/5774
f 5352/4161/5188 5694/4162/5530 5939/4224/5775 5709/4203/5545
f 5709/4203/5545 5939/4224/5775 5719/4225/5555 5359/4207/5195
f 5939/4224/5775 5722/4227/5558 5360/4226/5196 5719/4225/5555
f 5694/4162/5530 5351/4157/5187 5722/4227/5558 5939/4224/5775
f 5372/4222/5208 5735/4230/5571 5940/4229/5776 5721/4228/5557
f 5721/4228/5557 5940/4229/5776 5719/4225/5555 5360/4226/5196
f 5940/4229/5776 5714/4231/5550 5359/4207/5195 5719/4225/5555
f 5735/4230/5571 5371/4195/5207 5714/4231/5550 5940/4229/5776
f 5260/3772/5096 5500/3773/5336 5941/4232/5777 5734/4223/5570
f 5734/4223/5570 5941/4232/5777 5735/4230/5571 5372/4222/5208
f 5941/4232/5777 5733/4198/5569 5371/4195/5207 5735/4230/5571
f 5500/3773/5336 5255/3774/5091 5733/4198/5569 5941/4232/5777
f 5219/3595/5055 5726/3625/5562 5942/4234/5778 5720/4233/5556
f 5720/4233/5556 5942/4234/5778 5721/4228/5557 5360/4226/5196
f 5942/4234/5778 5736/4219/5572 5372/4222/5208 5721/4228/5557
f 5726/3625/5562 5364/3622/5200 5736/4219/5572 5942/4234/5778
f 5324/3718/5160 5484/3719/5320 5943/4235/5779 5730/4190/5566
f 5730/4190/5566 5943/4235/5779 5737/4216/5573 5368/4189/5204
f 5943/4235/5779 4955/4236/4791 4556/4218/4392 5737/4216/5573
f 5484/3719/5320 4420/3720/4256 4955/4236/4791 5943/4235/5779
f 5359/4207/5195 5714/4231/5550 5944/4237/5780 5715/4206/5551
f 5715/4206/5551 5944/4237/5780 5713/4238/5549 5358/4205/5194
f 5944/4237/5780 5738/4196/5574 5370/4191/5206 5713/4238/5549
f 5714/4231/5550 5371/4195/5207 5738/4196/5574 5944/4237/5780
f 5358/4205/5194 5713/4238/5549 5945/4239/5781 5716/4211/5552
f 5716/4211/5552 5945/4239/5781 5712/4240/5548 5357/4210/5193
f 5945/4239/5781 5739/4192/5575 5369/4185/5205 5712/4240/5548
f 5713/4238/5549 5370/4191/5206 5739/4192/5575 5945/4239/5781
f 5357/4210/5193 5712/4240/5548 5946/4241/5782 5717/4213/5553
f 5717/4213/5553 5946/4241/5782 5711/4214/5547 5356/4179/5192
f 5946/4241/5782 5740/4186/5576 5368/4189/5204 5711/4214/5547
f 5712/4240/5548 5369/4185/5205 5740/4186/5576 5946/4241/5782
f 4408/3659/4244 4682/4243/4518 5947/4242/5783 5473/3658/5309
f 5473/3658/5309 5947/4242/5783 5479/4244/5315 5243/3657/5079
f 5947/4242/5783 5741/3683/5577 5367/3678/5203 5479/4244/5315
f 4682/4243/4518 4554/3682/4390 5741/3683/5577 5947/4242/5783
f 5243/3657/5079 5479/4244/5315 5948/4245/5784 5472/3675/5308
f 5472/3675/5308 5948/4245/5784 5474/4246/5310 5241/3674/5077
f 5948/4245/5784 5742/3679/5578 5366/3671/5202 5474/4246/5310
f 5479/4244/5315 5367/3678/5203 5742/3679/5578 5948/4245/5784
f 5237/3650/5073 5478/3673/5314 5949/4248/5785 5465/4247/5301
f 5465/4247/5301 5949/4248/5785 5743/3667/5579 5365/3647/5201
f 5949/4248/5785 5474/4246/5310 5366/3671/5202 5743/3667/5579
f 5478/3673/5314 5241/3674/5077 5474/4246/5310 5949/4248/5785
f 5233/3628/5069 5469/3649/5305 5950/4250/5786 5458/4249/5294
f 5458/4249/5294 5950/4250/5786 5744/3643/5580 5363/3587/5199
f 5950/4250/5786 5465/4247/5301 5365/3647/5201 5744/3643/5580
f 5469/3649/5305 5237/3650/5073 5465/4247/5301 5950/4250/5786
f 5192/3492/5028 5460/4221/5296 5951/4251/5787 5383/3490/5219
f 5383/3490/5219 5951/4251/5787 5428/4252/5264 5197/3486/5033
f 5951/4251/5787 5745/3623/5581 5361/3611/5197 5428/4252/5264
f 5460/4221/5296 5364/3622/5200 5745/3623/5581 5951/4251/5787
f 5197/3486/5033 5428/4252/5264 5952/4253/5788 5391/3483/5227
f 5391/3483/5227 5952/4253/5788 5443/3581/5279 5194/3482/5030
f 5952/4253/5788 5746/3612/5582 5362/3580/5198 5443/3581/5279
f 5428/4252/5264 5361/3611/5197 5746/3612/5582 5952/4253/5788
f 5221/3574/5057 5450/3627/5286 5953/4254/5789 5724/3615/5560
f 5724/3615/5560 5953/4254/5789 5747/3583/5583 5362/3580/5198
f 5953/4254/5789 5458/4249/5294 5363/3587/5199 5747/3583/5583
f 5450/3627/5286 5233/3628/5069 5458/4249/5294 5953/4254/5789
f 5350/4153/5186 5749/4256/5585 5954/4255/5790 5693/4158/5529
f 5693/4158/5529 5954/4255/5790 5722/4227/5558 5351/4157/5187
f 5954/4255/5790 5748/4257/5584 5360/4226/5196 5722/4227/5558
f 5749/4256/5585 5373/4258/5209 5748/4257/5584 5954/4255/5790
f 5220/3591/5056 5425/3592/5261 5955/4260/5791 5750/4259/5586
f 5750/4259/5586 5955/4260/5791 5748/4257/5584 5373/4258/5209
f 5955/4260/5791 5720/4233/5556 5360/4226/5196 5748/4257/5584
f 5425/3592/5261 5219/3595/5055 5720/4233/5556 5955/4260/5791
f 5350/4153/5186 5692/4154/5528 5956/4261/5792 5749/4256/5585
f 5749/4256/5585 5956/4261/5792 5750/4259/5586 5373/4258/5209
f 5956/4261/5792 5710/4201/5546 5220/3591/5056 5750/4259/5586
f 5692/4154/5528 5349/4147/5185 5710/4201/5546 5956/4261/5792
f 4515/4262/4351 5668/4265/5504 5957/4264/5793 5753/4263/5589
f 5753/4263/5589 5957/4264/5793 5751/4267/5587 5374/4266/5210
f 5957/4264/5793 5752/4269/5588 5375/4268/5211 5751/4267/5587
f 5668/4265/5504 5335/4270/5171 5752/4269/5588 5957/4264/5793
f 5335/4270/5171 5668/4265/5504 5958/4272/5794 5754/4271/5590
f 5754/4271/5590 5958/4272/5794 5762/4140/5598 5376/4102/5212
f 5958/4272/5794 4907/4273/4743 4571/4144/4407 5762/4140/5598
f 5668/4265/5504 4515/4262/4351 4907/4273/4743 5958/4272/5794
f 5334/4274/5170 5675/4277/5511 5959/4276/5795 5761/4275/5597
f 5761/4275/5597 5959/4276/5795 5763/4136/5599 4572/4133/4408
f 5959/4276/5795 5690/4278/5526 5382/4127/5218 5763/4136/5599
f 5675/4277/5511 5341/4279/5177 5690/4278/5526 5959/4276/5795
f 5341/4279/5177 5674/4281/5510 5960/4280/5796 5690/4278/5526
f 5690/4278/5526 5960/4280/5796 5764/4130/5600 5382/4127/5218
f 5960/4280/5796 5689/4282/5525 5381/4121/5217 5764/4130/5600
f 5674/4281/5510 5340/4283/5176 5689/4282/5525 5960/4280/5796
f 5340/4283/5176 5673/4285/5509 5961/4284/5797 5689/4282/5525
f 5689/4282/5525 5961/4284/5797 5765/4124/5601 5381/4121/5217
f 5961/4284/5797 5688/4286/5524 5380/4115/5216 5765/4124/5601
f 5673/4285/5509 5339/4287/5175 5688/4286/5524 5961/4284/5797
f 5339/4287/5175 5672/4289/5508 5962/4288/5798 5688/4286/5524
f 5688/4286/5524 5962/4288/5798 5766/4118/5602 5380/4115/5216
f 5962/4288/5798 5687/4290/5523 5379/4109/5215 5766/4118/5602
f 5672/4289/5508 5338/4291/5174 5687/4290/5523 5962/4288/5798
f 5338/4291/5174 5671/4293/5507 5963/4292/5799 5687/4290/5523
f 5687/4290/5523 5963/4292/5799 5767/4112/5603 5379/4109/5215
f 5963/4292/5799 5686/4294/5522 5378/4103/5214 5767/4112/5603
f 5671/4293/5507 5337/4295/5173 5686/4294/5522 5963/4292/5799
f 5337/4295/5173 5670/4297/5506 5964/4296/5800 5686/4294/5522
f 5686/4294/5522 5964/4296/5800 5768/4106/5604 5378/4103/5214
f 5964/4296/5800 5685/4298/5521 5377/4094/5213 5768/4106/5604
f 5670/4297/5506 5336/4299/5172 5685/4298/5521 5964/4296/5800
f 5336/4299/5172 5669/4301/5505 5965/4300/5801 5685/4298/5521
f 5685/4298/5521 5965/4300/5801 5769/4097/5605 5377/4094/5213
f 5965/4300/5801 5754/4271/5590 5376/4102/5212 5769/4097/5605
f 5669/4301/5505 5335/4270/5171 5754/4271/5590 5965/4300/5801
f 5203/3468/5039 5414/3521/5250 5423/3529/5259 5211/3948/5047
o Iris
v 0.137064 2.559025 0.188534
v 0.121898 2.555970 0.195009
v 0.107610 2.547961 0.199882
v 0.095503 2.535620 0.203061
v 0.086700 2.519923 0.204591
v 0.082016 2.502124 0.204559
v 0.081878 2.483654 0.203070
v 0.086300 2.466012 0.200247
v 0.094872 2.450634 0.196213
v 0.106800 2.438784 0.191085
v 0.120974 2.431449 0.184976
v 0.136100 2.429247 0.178077
v 0.150890 2.432368 0.170812
v 0.164209 2.440548 0.163905
v 0.175123 2.453099 0.158218
v 0.182892 2.468979 0.154516
v 0.186986 2.486883 0.153308
v 0.187123 2.505353 0.154796
v 0.183292 2.522891 0.158860
v 0.175754 2.538086 0.165066
v 0.165020 2.549725 0.172702
v 0.151815 2.556889 0.180845
v 0.133574 2.548323 0.180469
v 0.145820 2.546548 0.174254
v 0.156883 2.540604 0.167862
v 0.165932 2.530960 0.161943
v 0.172306 2.518385 0.157133
v 0.175552 2.503888 0.153949
v 0.175439 2.488636 0.152720
v 0.171976 2.473865 0.153545
v 0.165411 2.460778 0.156288
v 0.156214 2.450445 0.160597
v 0.145056 2.443718 0.165968
v 0.132778 2.441152 0.171833
v 0.120351 2.442959 0.177665
v 0.108804 2.448989 0.183043
v 0.099138 2.458742 0.187664
v 0.092209 2.471414 0.191310
v 0.088640 2.485969 0.193814
v 0.088753 2.501221 0.195043
v 0.092540 2.515935 0.194898
v 0.099659 2.528924 0.193319
v 0.109474 2.539147 0.190307
v 0.121114 2.545789 0.185950
v 0.130568 2.532366 0.173083
v 0.139078 2.531132 0.168837
v 0.146815 2.527001 0.164563
v 0.153175 2.520304 0.160656
v 0.157671 2.511580 0.157493
v 0.159966 2.501529 0.155385
v 0.159887 2.490964 0.154534
v 0.157442 2.480740 0.155008
v 0.152814 2.471689 0.156739
v 0.146351 2.464548 0.159531
v 0.138549 2.459901 0.163097
v 0.130016 2.458128 0.167101
v 0.121436 2.459375 0.171200
v 0.113511 2.463539 0.175079
v 0.106907 2.470279 0.178473
v 0.102188 2.479043 0.181168
v 0.099762 2.489117 0.183000
v 0.099840 2.499682 0.183851
v 0.102417 2.509882 0.183653
v 0.107268 2.518894 0.182390
v 0.113975 2.525992 0.180111
v 0.121965 2.530606 0.176939
v 0.128859 2.515949 0.168409
v 0.133551 2.515268 0.166094
v 0.137834 2.512991 0.163797
v 0.141367 2.509301 0.161718
v 0.143871 2.504495 0.160041
v 0.145151 2.498962 0.158919
v 0.145108 2.493150 0.158451
v 0.143745 2.487528 0.158674
v 0.141168 2.482554 0.159563
v 0.137579 2.478631 0.161028
v 0.133260 2.476079 0.162936
v 0.128556 2.475105 0.165118
v 0.123845 2.475790 0.167394
v 0.119511 2.478076 0.169583
v 0.115911 2.481778 0.171520
v 0.113345 2.486594 0.173067
v 0.112028 2.492134 0.174112
v 0.112071 2.497946 0.174581
v 0.113471 2.503561 0.174434
v 0.116110 2.508525 0.173675
v 0.119766 2.512436 0.172351
v 0.124136 2.514979 0.170551
v 0.128276 2.505180 0.166479
v 0.130476 2.504860 0.165399
v 0.132488 2.503793 0.164338
v 0.134151 2.502063 0.163382
v 0.135332 2.499811 0.162613
v 0.135936 2.497220 0.162098
v 0.135915 2.494497 0.161878
v 0.135273 2.491866 0.161973
v 0.134058 2.489537 0.162373
v 0.132369 2.487702 0.163041
v 0.130340 2.486508 0.163921
v 0.128134 2.486052 0.164937
v 0.125930 2.486372 0.166008
v 0.123907 2.487442 0.167047
v 0.122230 2.489174 0.167973
v 0.121036 2.491428 0.168713
v 0.120424 2.494021 0.169213
v 0.120444 2.496743 0.169432
v 0.121095 2.499374 0.169354
v 0.122323 2.501700 0.168982
v 0.124027 2.503533 0.168344
v 0.126067 2.504725 0.167487
v 0.128067 2.495641 0.165417
v -0.137064 2.559025 0.188534
v -0.121898 2.555970 0.195009
v -0.107610 2.547961 0.199882
v -0.095503 2.535620 0.203061
v -0.086700 2.519923 0.204591
v -0.082016 2.502124 0.204559
v -0.081878 2.483654 0.203070
v -0.086300 2.466012 0.200247
v -0.094872 2.450634 0.196213
v -0.106800 2.438784 0.191085
v -0.120974 2.431449 0.184976
v -0.136100 2.429247 0.178077
v -0.150890 2.432368 0.170812
v -0.164209 2.440548 0.163905
v -0.175123 2.453099 0.158218
v -0.182892 2.468979 0.154516
v -0.186986 2.486883 0.153308
v -0.187123 2.505353 0.154796
v -0.183292 2.522891 0.158860
v -0.175754 2.538086 0.165066
v -0.165020 2.549725 0.172702
v -0.151815 2.556889 0.180845
v -0.133574 2.548323 0.180469
v -0.145820 2.546548 0.174254
v -0.156883 2.540604 0.167862
v -0.165932 2.530960 0.161943
v -0.172306 2.518385 0.157133
v -0.175552 2.503888 0.153949
v -0.175439 2.488636 0.152720
v -0.171976 2.473865 0.153545
v -0.165411 2.460778 0.156288
v -0.156214 2.450445 0.160597
v -0.145056 2.443718 0.165968
v -0.132778 2.441152 0.171833
v -0.120351 2.442959 0.177665
v -0.108804 2.448989 0.183043
v -0.099138 2.458742 0.187664
v -0.092209 2.471414 0.191310
v -0.088640 2.485969 0.193814
v -0.088753 2.501221 0.195043
v -0.092540 2.515935 0.194898
v -0.099659 2.528924 0.193319
v -0.109474 2.539147 0.190307
v -0.121114 2.545789 0.185950
v -0.130568 2.532366 0.173083
v -0.139078 2.531132 0.168837
v -0.146815 2.527001 0.164563
v -0.153175 2.520304 0.160656
v -0.157671 2.511580 0.157493
v -0.159966 2.501529 0.155385
v -0.159887 2.490964 0.154534
v -0.157442 2.480740 0.155008
v -0.152814 2.471689 0.156739
v -0.146351 2.464548 0.159531
v -0.138549 2.459901 0.163097
v -0.130016 2.458128 0.167101
v -0.121436 2.459375 0.171200
v -0.113511 2.463539 0.175079
v -0.106907 2.470279 0.178473
v -0.102188 2.479043 0.181168
v -0.099762 2.489117 0.183000
v -0.099840 2.499682 0.183851
v -0.102417 2.509882 0.183653
v -0.107268 2.518894 0.182390
v -0.113975 2.525992 0.180111
v -0.121965 2.530606 0.176939
v -0.128859 2.515949 0.168409
v -0.133551 2.515268 0.166094
v -0.137834 2.512991 0.163797
v -0.141367 2.509301 0.161718
v -0.143871 2.504495 0.160041
v -0.145151 2.498962 0.158919
v -0.145108 2.493150 0.158451
v -0.143745 2.487528 0.158674
v -0.141168 2.482554 0.159563
v -0.137579 2.478631 0.161028
v -0.133260 2.476079 0.162936
v -0.128556 2.475105 0.165118
v -0.123845 2.475790 0.167394
v -0.119511 2.478076 0.169583
v -0.115911 2.481778 0.171520
v -0.113345 2.486594 0.173067
v -0.112028 2.492134 0.174112
v -0.112071 2.497946 0.174581
v -0.113471 2.503561 0.174434
v -0.116110 2.508525 0.173675
v -0.119766 2.512436 0.172351
v -0.124136 2.514979 0.170551
v -0.128276 2.505180 0.166479
v -0.130476 2.504860 0.165399
v -0.132488 2.503793 0.164338
v -0.134151 2.502063 0.163382
v -0.135332 2.499811 0.162613
v -0.135936 2.497220 0.162098
v -0.135915 2.494497 0.161878
v -0.135273 2.491866 0.161973
v -0.134058 2.489537 0.162373
v -0.132369 2.487702 0.163041
v -0.130340 2.486508 0.163921
v -0.128134 2.486052 0.164937
v -0.125930 2.486372 0.166008
v -0.123907 2.487442 0.167047
v -0.122230 2.489174 0.167973
v -0.121036 2.491428 0.168713
v -0.120424 2.494021 0.169213
v -0.120444 2.496743 0.169432
v -0.121095 2.499374 0.169354
v -0.122323 2.501700 0.168982
v -0.124027 2.503533 0.168344
v -0.126067 2.504725 0.167487
v -0.128067 2.495641 0.165417
vn 0.3480 -0.6303 0.6940
vn 0.4757 -0.6025 0.6409
vn 0.5961 -0.5296 0.6035
vn 0.6967 -0.4192 0.5821
vn 0.7683 -0.2825 0.5745
vn 0.8055 -0.1310 0.5779
vn 0.8067 0.0249 0.5905
vn 0.7717 0.1755 0.6114
vn 0.7022 0.3102 0.6409
vn 0.6031 0.4173 0.6798
vn 0.4838 0.4850 0.7285
vn 0.3564 0.5058 0.7856
vn 0.2327 0.4773 0.8474
vn 0.1230 0.4025 0.9071
vn 0.0356 0.2898 0.9564
vn -0.0244 0.1510 0.9882
vn -0.0551 -0.0016 0.9985
vn -0.0563 -0.1575 0.9859
vn -0.0278 -0.3069 0.9513
vn 0.0302 -0.4396 0.8977
vn 0.1160 -0.5443 0.8308
vn 0.2246 -0.6102 0.7597
vn 0.3713 -0.5492 0.7487
vn 0.2632 -0.5311 0.8054
vn 0.1686 -0.4731 0.8648
vn 0.0946 -0.3829 0.9189
vn 0.0449 -0.2706 0.9616
vn 0.0204 -0.1454 0.9892
vn 0.0214 -0.0152 0.9997
vn 0.0477 0.1125 0.9925
vn 0.0992 0.2294 0.9683
vn 0.1745 0.3260 0.9291
vn 0.2700 0.3914 0.8797
vn 0.3785 0.4167 0.8265
vn 0.4895 0.3981 0.7758
vn 0.5914 0.3388 0.7318
vn 0.6741 0.2471 0.6960
vn 0.7313 0.1335 0.6689
vn 0.7599 0.0075 0.6500
vn 0.7589 -0.1227 0.6395
vn 0.7285 -0.2496 0.6380
vn 0.6696 -0.3653 0.6467
vn 0.5855 -0.4602 0.6674
vn 0.4827 -0.5244 0.7015
vn 0.4061 -0.3751 0.8333
vn 0.3377 -0.3645 0.8678
vn 0.2761 -0.3298 0.9028
vn 0.2260 -0.2744 0.9347
vn 0.1911 -0.2034 0.9603
vn 0.1734 -0.1226 0.9772
vn 0.1740 -0.0380 0.9840
vn 0.1929 0.0442 0.9802
vn 0.2289 0.1178 0.9663
vn 0.2798 0.1769 0.9436
vn 0.3420 0.2158 0.9146
vn 0.4106 0.2308 0.8822
vn 0.4798 0.2201 0.8494
vn 0.5435 0.1850 0.8188
vn 0.5961 0.1291 0.7924
vn 0.6334 0.0577 0.7717
vn 0.6524 -0.0233 0.7575
vn 0.6517 -0.1079 0.7507
vn 0.6315 -0.1899 0.7517
vn 0.5932 -0.2631 0.7608
vn 0.5397 -0.3217 0.7780
vn 0.4754 -0.3603 0.8026
vn 0.4214 -0.2404 0.8744
vn 0.3839 -0.2349 0.8930
vn 0.3497 -0.2165 0.9115
vn 0.3212 -0.1866 0.9284
vn 0.3010 -0.1476 0.9422
vn 0.2905 -0.1026 0.9513
vn 0.2909 -0.0553 0.9552
vn 0.3020 -0.0096 0.9533
vn 0.3229 0.0307 0.9459
vn 0.3518 0.0625 0.9340
vn 0.3863 0.0832 0.9186
vn 0.4238 0.0911 0.9011
vn 0.4615 0.0855 0.8830
vn 0.4963 0.0670 0.8656
vn 0.5254 0.0370 0.8501
vn 0.5463 -0.0021 0.8376
vn 0.5570 -0.0472 0.8291
vn 0.5567 -0.0944 0.8253
vn 0.5452 -0.1401 0.8265
vn 0.5238 -0.1803 0.8326
vn 0.4942 -0.2120 0.8431
vn 0.4591 -0.2326 0.8574
vn 0.4269 -0.1492 0.8919
vn 0.4108 -0.1469 0.8998
vn 0.3958 -0.1391 0.9078
vn 0.3829 -0.1261 0.9151
vn 0.3734 -0.1087 0.9213
vn 0.3683 -0.0882 0.9255
vn 0.3685 -0.0665 0.9272
vn 0.3739 -0.0457 0.9264
vn 0.3836 -0.0277 0.9231
vn 0.3967 -0.0139 0.9178
vn 0.4118 -0.0052 0.9112
vn 0.4280 -0.0019 0.9038
vn 0.4441 -0.0042 0.8960
vn 0.4592 -0.0120 0.8883
vn 0.4722 -0.0250 0.8811
vn 0.4818 -0.0424 0.8752
vn 0.4869 -0.0629 0.8712
vn 0.4868 -0.0846 0.8694
vn 0.4813 -0.1054 0.8702
vn 0.4714 -0.1234 0.8732
vn 0.4582 -0.1371 0.8782
vn 0.4430 -0.1459 0.8846
vn 0.4286 -0.0757 0.9003
vn -0.3480 -0.6303 0.6940
vn -0.4757 -0.6025 0.6409
vn -0.5961 -0.5296 0.6035
vn -0.6967 -0.4192 0.5821
vn -0.7683 -0.2825 0.5745
vn -0.8055 -0.1310 0.5779
vn -0.8067 0.0249 0.5905
vn -0.7717 0.1755 0.6114
vn -0.7022 0.3102 0.6409
vn -0.6031 0.4173 0.6798
vn -0.4838 0.4850 0.7285
vn -0.3564 0.5058 0.7856
vn -0.2327 0.4773 0.8474
vn -0.1230 0.4025 0.9071
vn -0.0356 0.2898 0.9564
vn 0.0244 0.1510 0.9882
vn 0.0551 -0.0016 0.9985
vn 0.0563 -0.1575 0.9859
vn 0.0278 -0.3069 0.9513
vn -0.0302 -0.4396 0.8977
vn -0.1160 -0.5443 0.8308
vn -0.2246 -0.6102 0.7597
vn -0.3713 -0.5492 0.7487
vn -0.2632 -0.5311 0.8054
vn -0.1686 -0.4731 0.8648
vn -0.0946 -0.3829 0.9189
vn -0.0449 -0.2706 0.9616
vn -0.0204 -0.1454 0.9892
vn -0.0214 -0.0152 0.9997
vn -0.0477 0.1125 0.9925
vn -0.0992 0.2294 0.9683
vn -0.1745 0.3260 0.9291
vn -0.2700 0.3914 0.8797
vn -0.3785 0.4167 0.8265
vn -0.4895 0.3981 0.7758
vn -0.5914 0.3388 0.7318
vn -0.6741 0.2471 0.6960
vn -0.7313 0.1335 0.6689
vn -0.7599 0.0075 0.6500
vn -0.7589 -0.1227 0.6395
vn -0.7285 -0.2496 0.6380
vn -0.6696 -0.3653 0.6467
vn -0.5855 -0.4602 0.6674
vn -0.4827 -0.5244 0.7015
vn -0.4061 -0.3751 0.8333
vn -0.3377 -0.3645 0.8678
vn -0.2761 -0.3298 0.9028
vn -0.2260 -0.2744 0.9347
vn -0.1911 -0.2034 0.9603
vn -0.1734 -0.1226 0.9772
vn -0.1740 -0.0380 0.9840
vn -0.1929 0.0442 0.9802
vn -0.2289 0.1178 0.9663
vn -0.2798 0.1769 0.9436
vn -0.3420 0.2158 0.9146
vn -0.4106 0.2308 0.8822
vn -0.4798 0.2201 0.8494
vn -0.5435 0.1850 0.8188
vn -0.5961 0.1291 0.7924
vn -0.6334 0.0577 0.7717
vn -0.6524 -0.0233 0.7575
vn -0.6517 -0.1079 0.7507
vn -0.6315 -0.1899 0.7517
vn -0.5932 -0.2631 0.7608
vn -0.5397 -0.3217 0.7780
vn -0.4754 -0.3603 0.8026
vn -0.4214 -0.2404 0.8744
vn -0.3839 -0.2349 0.8930
vn -0.3497 -0.2165 0.9115
vn -0.3212 -0.1866 0.9284
vn -0.3010 -0.1476 0.9422
vn -0.2905 -0.1026 0.9513
vn -0.2909 -0.0553 0.9552
vn -0.3020 -0.0096 0.9533
vn -0.3229 0.0307 0.9459
vn -0.3518 0.0625 0.9340
vn -0.3863 0.0832 0.9186
vn -0.4238 0.0911 0.9011
vn -0.4615 0.0855 0.8830
vn -0.4963 0.0670 0.8656
vn -0.5254 0.0370 0.8501
vn -0.5463 -0.0021 0.8376
vn -0.5570 -0.0472 0.8291
vn -0.5567 -0.0944 0.8253
vn -0.5452 -0.1401 0.8265
vn -0.5238 -0.1803 0.8326
vn -0.4942 -0.2120 0.8431
vn -0.4591 -0.2326 0.8574
vn -0.4269 -0.1492 0.8919
vn -0.4108 -0.1469 0.8998
vn -0.3958 -0.1391 0.9078
vn -0.3829 -0.1261 0.9151
vn -0.3734 -0.1087 0.9213
vn -0.3683 -0.0882 0.9255
vn -0.3685 -0.0665 0.9272
vn -0.3739 -0.0457 0.9264
vn -0.3836 -0.0277 0.9231
vn -0.3967 -0.0139 0.9178
vn -0.4118 -0.0052 0.9112
vn -0.4280 -0.0019 0.9038
vn -0.4441 -0.0042 0.8960
vn -0.4592 -0.0120 0.8883
vn -0.4722 -0.0250 0.8811
vn -0.4818 -0.0424 0.8752
vn -0.4869 -0.0629 0.8712
vn -0.4868 -0.0846 0.8694
vn -0.4813 -0.1054 0.8702
vn -0.4714 -0.1234 0.8732
vn -0.4582 -0.1371 0.8782
vn -0.4430 -0.1459 0.8846
vn -0.4286 -0.0757 0.9003
vt 0.932845 0.986375
vt 0.926427 0.971311
vt 0.905645 0.975095
vt 0.906969 0.991070
vt 0.884424 0.973427
vt 0.880599 0.988916
vt 0.864482 0.966432
vt 0.855795 0.980309
vt 0.966004 0.849993
vt 0.953043 0.861143
vt 0.965795 0.876660
vt 0.982087 0.869179
vt 0.973236 0.894688
vt 0.991558 0.891550
vt 0.974776 0.913777
vt 0.993498 0.915248
vt 0.844338 0.840439
vt 0.855398 0.853478
vt 0.874057 0.844545
vt 0.867645 0.829482
vt 0.847446 0.954695
vt 0.834486 0.965847
vt 0.944697 0.835522
vt 0.936005 0.849399
vt 0.970273 0.932392
vt 0.987881 0.938353
vt 0.894848 0.840749
vt 0.893489 0.824854
vt 0.956151 0.975410
vt 0.945090 0.962372
vt 0.834695 0.939180
vt 0.818403 0.946662
vt 0.960109 0.949037
vt 0.975032 0.958970
vt 0.916069 0.842417
vt 0.919871 0.826844
vt 0.827256 0.921155
vt 0.808933 0.924293
vt 0.825715 0.902067
vt 0.806993 0.900596
vt 0.830217 0.883454
vt 0.812610 0.877492
vt 0.840380 0.866810
vt 0.825457 0.856877
vt 0.944692 0.886589
vt 0.949728 0.898876
vt 0.859676 0.879911
vt 0.869854 0.870819
vt 0.889499 0.952566
vt 0.875977 0.947816
vt 0.950776 0.911892
vt 0.882504 0.864728
vt 0.864433 0.939824
vt 0.896603 0.862147
vt 0.855800 0.929254
vt 0.947708 0.924584
vt 0.940816 0.935934
vt 0.910993 0.863308
vt 0.850764 0.916967
vt 0.930638 0.945025
vt 0.924515 0.868036
vt 0.849716 0.903952
vt 0.917989 0.951109
vt 0.936059 0.876020
vt 0.852784 0.891261
vt 0.903894 0.953668
vt 0.898265 0.882943
vt 0.906100 0.883573
vt 0.926100 0.917017
vt 0.922340 0.923214
vt 0.880741 0.925346
vt 0.876035 0.919579
vt 0.890591 0.884346
vt 0.927771 0.910085
vt 0.887028 0.929701
vt 0.927203 0.902976
vt 0.883701 0.887666
vt 0.894388 0.932285
vt 0.878153 0.892627
vt 0.924457 0.896268
vt 0.902226 0.932887
vt 0.874393 0.898826
vt 0.919751 0.890504
vt 0.909902 0.931488
vt 0.872722 0.905760
vt 0.913463 0.886153
vt 0.916792 0.928173
vt 0.873290 0.912869
vt 0.891138 0.916062
vt 0.888940 0.913369
vt 0.895738 0.896910
vt 0.899321 0.896254
vt 0.913098 0.908932
vt 0.912318 0.912171
vt 0.894074 0.918095
vt 0.892521 0.898460
vt 0.912834 0.905611
vt 0.897510 0.919302
vt 0.889929 0.900777
vt 0.911551 0.902477
vt 0.901169 0.919587
vt 0.888173 0.903672
vt 0.909352 0.899785
vt 0.904752 0.918930
vt 0.887394 0.906912
vt 0.906416 0.897753
vt 0.907970 0.917381
vt 0.887658 0.910234
vt 0.902979 0.896544
vt 0.910562 0.915065
vt 0.900245 0.907922
s 1
f 5984/4302/5820 5992/4303/5828 5993/4304/5829 5983/4305/5819
f 5983/4305/5819 5993/4304/5829 5994/4306/5830 5982/4307/5818
f 5982/4307/5818 5994/4306/5830 5995/4308/5831 5981/4309/5817
f 5969/4310/5805 6007/4311/5843 6008/4312/5844 5968/4313/5804
f 5968/4313/5804 6008/4312/5844 6009/4314/5845 5967/4315/5803
f 5967/4315/5803 6009/4314/5845 5988/4316/5824 5966/4317/5802
f 5974/4318/5810 6002/4319/5838 6003/4320/5839 5973/4321/5809
f 5981/4309/5817 5995/4308/5831 5996/4322/5832 5980/4323/5816
f 5970/4324/5806 6006/4325/5842 6007/4311/5843 5969/4310/5805
f 5966/4317/5802 5988/4316/5824 5989/4326/5825 5987/4327/5823
f 5973/4321/5809 6003/4320/5839 6004/4328/5840 5972/4329/5808
f 5985/4330/5821 5991/4331/5827 5992/4303/5828 5984/4302/5820
f 5980/4323/5816 5996/4322/5832 5997/4332/5833 5979/4333/5815
f 5987/4327/5823 5989/4326/5825 5990/4334/5826 5986/4335/5822
f 5972/4329/5808 6004/4328/5840 6005/4336/5841 5971/4337/5807
f 5979/4333/5815 5997/4332/5833 5998/4338/5834 5978/4339/5814
f 5986/4335/5822 5990/4334/5826 5991/4331/5827 5985/4330/5821
f 5971/4337/5807 6005/4336/5841 6006/4325/5842 5970/4324/5806
f 5978/4339/5814 5998/4338/5834 5999/4340/5835 5977/4341/5813
f 5977/4341/5813 5999/4340/5835 6000/4342/5836 5976/4343/5812
f 5976/4343/5812 6000/4342/5836 6001/4344/5837 5975/4345/5811
f 5975/4345/5811 6001/4344/5837 6002/4319/5838 5974/4318/5810
f 6008/4312/5844 6030/4346/5866 6031/4347/5867 6009/4314/5845
f 6001/4344/5837 6023/4348/5859 6024/4349/5860 6002/4319/5838
f 5994/4306/5830 6016/4350/5852 6017/4351/5853 5995/4308/5831
f 6009/4314/5845 6031/4347/5867 6010/4352/5846 5988/4316/5824
f 6002/4319/5838 6024/4349/5860 6025/4353/5861 6003/4320/5839
f 5995/4308/5831 6017/4351/5853 6018/4354/5854 5996/4322/5832
f 6003/4320/5839 6025/4353/5861 6026/4355/5862 6004/4328/5840
f 5996/4322/5832 6018/4354/5854 6019/4356/5855 5997/4332/5833
f 5989/4326/5825 6011/4357/5847 6012/4358/5848 5990/4334/5826
f 6004/4328/5840 6026/4355/5862 6027/4359/5863 6005/4336/5841
f 5997/4332/5833 6019/4356/5855 6020/4360/5856 5998/4338/5834
f 5990/4334/5826 6012/4358/5848 6013/4361/5849 5991/4331/5827
f 6005/4336/5841 6027/4359/5863 6028/4362/5864 6006/4325/5842
f 5998/4338/5834 6020/4360/5856 6021/4363/5857 5999/4340/5835
f 5991/4331/5827 6013/4361/5849 6014/4364/5850 5992/4303/5828
f 6006/4325/5842 6028/4362/5864 6029/4365/5865 6007/4311/5843
f 5999/4340/5835 6021/4363/5857 6022/4366/5858 6000/4342/5836
f 5992/4303/5828 6014/4364/5850 6015/4367/5851 5993/4304/5829
f 6007/4311/5843 6029/4365/5865 6030/4346/5866 6008/4312/5844
f 6000/4342/5836 6022/4366/5858 6023/4348/5859 6001/4344/5837
f 5988/4316/5824 6010/4352/5846 6011/4357/5847 5989/4326/5825
f 5993/4304/5829 6015/4367/5851 6016/4350/5852 5994/4306/5830
f 6026/4355/5862 6048/4368/5884 6049/4369/5885 6027/4359/5863
f 6011/4357/5847 6033/4370/5869 6034/4371/5870 6012/4358/5848
f 6018/4354/5854 6040/4372/5876 6041/4373/5877 6019/4356/5855
f 6025/4353/5861 6047/4374/5883 6048/4368/5884 6026/4355/5862
f 6010/4352/5846 6032/4375/5868 6033/4370/5869 6011/4357/5847
f 6017/4351/5853 6039/4376/5875 6040/4372/5876 6018/4354/5854
f 6031/4347/5867 6053/4377/5889 6032/4375/5868 6010/4352/5846
f 6024/4349/5860 6046/4378/5882 6047/4374/5883 6025/4353/5861
f 6016/4350/5852 6038/4379/5874 6039/4376/5875 6017/4351/5853
f 6023/4348/5859 6045/4380/5881 6046/4378/5882 6024/4349/5860
f 6030/4346/5866 6052/4381/5888 6053/4377/5889 6031/4347/5867
f 6015/4367/5851 6037/4382/5873 6038/4379/5874 6016/4350/5852
f 6022/4366/5858 6044/4383/5880 6045/4380/5881 6023/4348/5859
f 6029/4365/5865 6051/4384/5887 6052/4381/5888 6030/4346/5866
f 6014/4364/5850 6036/4385/5872 6037/4382/5873 6015/4367/5851
f 6021/4363/5857 6043/4386/5879 6044/4383/5880 6022/4366/5858
f 6028/4362/5864 6050/4387/5886 6051/4384/5887 6029/4365/5865
f 6013/4361/5849 6035/4388/5871 6036/4385/5872 6014/4364/5850
f 6020/4360/5856 6042/4389/5878 6043/4386/5879 6021/4363/5857
f 6027/4359/5863 6049/4369/5885 6050/4387/5886 6028/4362/5864
f 6012/4358/5848 6034/4371/5870 6035/4388/5871 6013/4361/5849
f 6019/4356/5855 6041/4373/5877 6042/4389/5878 6020/4360/5856
f 6040/4372/5876 6062/4390/5898 6063/4391/5899 6041/4373/5877
f 6047/4374/5883 6069/4392/5905 6070/4393/5906 6048/4368/5884
f 6032/4375/5868 6054/4394/5890 6055/4395/5891 6033/4370/5869
f 6039/4376/5875 6061/4396/5897 6062/4390/5898 6040/4372/5876
f 6046/4378/5882 6068/4397/5904 6069/4392/5905 6047/4374/5883
f 6053/4377/5889 6075/4398/5911 6054/4394/5890 6032/4375/5868
f 6038/4379/5874 6060/4399/5896 6061/4396/5897 6039/4376/5875
f 6045/4380/5881 6067/4400/5903 6068/4397/5904 6046/4378/5882
f 6052/4381/5888 6074/4401/5910 6075/4398/5911 6053/4377/5889
f 6037/4382/5873 6059/4402/5895 6060/4399/5896 6038/4379/5874
f 6044/4383/5880 6066/4403/5902 6067/4400/5903 6045/4380/5881
f 6051/4384/5887 6073/4404/5909 6074/4401/5910 6052/4381/5888
f 6036/4385/5872 6058/4405/5894 6059/4402/5895 6037/4382/5873
f 6043/4386/5879 6065/4406/5901 6066/4403/5902 6044/4383/5880
f 6050/4387/5886 6072/4407/5908 6073/4404/5909 6051/4384/5887
f 6035/4388/5871 6057/4408/5893 6058/4405/5894 6036/4385/5872
f 6042/4389/5878 6064/4409/5900 6065/4406/5901 6043/4386/5879
f 6049/4369/5885 6071/4410/5907 6072/4407/5908 6050/4387/5886
f 6034/4371/5870 6056/4411/5892 6057/4408/5893 6035/4388/5871
f 6041/4373/5877 6063/4391/5899 6064/4409/5900 6042/4389/5878
f 6048/4368/5884 6070/4393/5906 6071/4410/5907 6049/4369/5885
f 6033/4370/5869 6055/4395/5891 6056/4411/5892 6034/4371/5870
f 6069/4392/5905 6076/4412/5912 6070/4393/5906
f 6054/4394/5890 6076/4412/5912 6055/4395/5891
f 6061/4396/5897 6076/4412/5912 6062/4390/5898
f 6068/4397/5904 6076/4412/5912 6069/4392/5905
f 6075/4398/5911 6076/4412/5912 6054/4394/5890
f 6060/4399/5896 6076/4412/5912 6061/4396/5897
f 6067/4400/5903 6076/4412/5912 6068/4397/5904
f 6074/4401/5910 6076/4412/5912 6075/4398/5911
f 6059/4402/5895 6076/4412/5912 6060/4399/5896
f 6066/4403/5902 6076/4412/5912 6067/4400/5903
f 6073/4404/5909 6076/4412/5912 6074/4401/5910
f 6058/4405/5894 6076/4412/5912 6059/4402/5895
f 6065/4406/5901 6076/4412/5912 6066/4403/5902
f 6072/4407/5908 6076/4412/5912 6073/4404/5909
f 6057/4408/5893 6076/4412/5912 6058/4405/5894
f 6064/4409/5900 6076/4412/5912 6065/4406/5901
f 6071/4410/5907 6076/4412/5912 6072/4407/5908
f 6056/4411/5892 6076/4412/5912 6057/4408/5893
f 6063/4391/5899 6076/4412/5912 6064/4409/5900
f 6070/4393/5906 6076/4412/5912 6071/4410/5907
f 6055/4395/5891 6076/4412/5912 6056/4411/5892
f 6062/4390/5898 6076/4412/5912 6063/4391/5899
f 6095/4302/5931 6094/4305/5930 6104/4304/5940 6103/4303/5939
f 6094/4305/5930 6093/4307/5929 6105/4306/5941 6104/4304/5940
f 6093/4307/5929 6092/4309/5928 6106/4308/5942 6105/4306/5941
f 6080/4310/5916 6079/4313/5915 6119/4312/5955 6118/4311/5954
f 6079/4313/5915 6078/4315/5914 6120/4314/5956 6119/4312/5955
f 6078/4315/5914 6077/4317/5913 6099/4316/5935 6120/4314/5956
f 6085/4318/5921 6084/4321/5920 6114/4320/5950 6113/4319/5949
f 6092/4309/5928 6091/4323/5927 6107/4322/5943 6106/4308/5942
f 6081/4324/5917 6080/4310/5916 6118/4311/5954 6117/4325/5953
f 6077/4317/5913 6098/4327/5934 6100/4326/5936 6099/4316/5935
f 6084/4321/5920 6083/4329/5919 6115/4328/5951 6114/4320/5950
f 6096/4330/5932 6095/4302/5931 6103/4303/5939 6102/4331/5938
f 6091/4323/5927 6090/4333/5926 6108/4332/5944 6107/4322/5943
f 6098/4327/5934 6097/4335/5933 6101/4334/5937 6100/4326/5936
f 6083/4329/5919 6082/4337/5918 6116/4336/5952 6115/4328/5951
f 6090/4333/5926 6089/4339/5925 6109/4338/5945 6108/4332/5944
f 6097/4335/5933 6096/4330/5932 6102/4331/5938 6101/4334/5937
f 6082/4337/5918 6081/4324/5917 6117/4325/5953 6116/4336/5952
f 6089/4339/5925 6088/4341/5924 6110/4340/5946 6109/4338/5945
f 6088/4341/5924 6087/4343/5923 6111/4342/5947 6110/4340/5946
f 6087/4343/5923 6086/4345/5922 6112/4344/5948 6111/4342/5947
f 6086/4345/5922 6085/4318/5921 6113/4319/5949 6112/4344/5948
f 6119/4312/5955 6120/4314/5956 6142/4347/5978 6141/4346/5977
f 6112/4344/5948 6113/4319/5949 6135/4349/5971 6134/4348/5970
f 6105/4306/5941 6106/4308/5942 6128/4351/5964 6127/4350/5963
f 6120/4314/5956 6099/4316/5935 6121/4352/5957 6142/4347/5978
f 6113/4319/5949 6114/4320/5950 6136/4353/5972 6135/4349/5971
f 6106/4308/5942 6107/4322/5943 6129/4354/5965 6128/4351/5964
f 6114/4320/5950 6115/4328/5951 6137/4355/5973 6136/4353/5972
f 6107/4322/5943 6108/4332/5944 6130/4356/5966 6129/4354/5965
f 6100/4326/5936 6101/4334/5937 6123/4358/5959 6122/4357/5958
f 6115/4328/5951 6116/4336/5952 6138/4359/5974 6137/4355/5973
f 6108/4332/5944 6109/4338/5945 6131/4360/5967 6130/4356/5966
f 6101/4334/5937 6102/4331/5938 6124/4361/5960 6123/4358/5959
f 6116/4336/5952 6117/4325/5953 6139/4362/5975 6138/4359/5974
f 6109/4338/5945 6110/4340/5946 6132/4363/5968 6131/4360/5967
f 6102/4331/5938 6103/4303/5939 6125/4364/5961 6124/4361/5960
f 6117/4325/5953 6118/4311/5954 6140/4365/5976 6139/4362/5975
f 6110/4340/5946 6111/4342/5947 6133/4366/5969 6132/4363/5968
f 6103/4303/5939 6104/4304/5940 6126/4367/5962 6125/4364/5961
f 6118/4311/5954 6119/4312/5955 6141/4346/5977 6140/4365/5976
f 6111/4342/5947 6112/4344/5948 6134/4348/5970 6133/4366/5969
f 6099/4316/5935 6100/4326/5936 6122/4357/5958 6121/4352/5957
f 6104/4304/5940 6105/4306/5941 6127/4350/5963 6126/4367/5962
f 6137/4355/5973 6138/4359/5974 6160/4369/5996 6159/4368/5995
f 6122/4357/5958 6123/4358/5959 6145/4371/5981 6144/4370/5980
f 6129/4354/5965 6130/4356/5966 6152/4373/5988 6151/4372/5987
f 6136/4353/5972 6137/4355/5973 6159/4368/5995 6158/4374/5994
f 6121/4352/5957 6122/4357/5958 6144/4370/5980 6143/4375/5979
f 6128/4351/5964 6129/4354/5965 6151/4372/5987 6150/4376/5986
f 6142/4347/5978 6121/4352/5957 6143/4375/5979 6164/4377/6000
f 6135/4349/5971 6136/4353/5972 6158/4374/5994 6157/4378/5993
f 6127/4350/5963 6128/4351/5964 6150/4376/5986 6149/4379/5985
f 6134/4348/5970 6135/4349/5971 6157/4378/5993 6156/4380/5992
f 6141/4346/5977 6142/4347/5978 6164/4377/6000 6163/4381/5999
f 6126/4367/5962 6127/4350/5963 6149/4379/5985 6148/4382/5984
f 6133/4366/5969 6134/4348/5970 6156/4380/5992 6155/4383/5991
f 6140/4365/5976 6141/4346/5977 6163/4381/5999 6162/4384/5998
f 6125/4364/5961 6126/4367/5962 6148/4382/5984 6147/4385/5983
f 6132/4363/5968 6133/4366/5969 6155/4383/5991 6154/4386/5990
f 6139/4362/5975 6140/4365/5976 6162/4384/5998 6161/4387/5997
f 6124/4361/5960 6125/4364/5961 6147/4385/5983 6146/4388/5982
f 6131/4360/5967 6132/4363/5968 6154/4386/5990 6153/4389/5989
f 6138/4359/5974 6139/4362/5975 6161/4387/5997 6160/4369/5996
f 6123/4358/5959 6124/4361/5960 6146/4388/5982 6145/4371/5981
f 6130/4356/5966 6131/4360/5967 6153/4389/5989 6152/4373/5988
f 6151/4372/5987 6152/4373/5988 6174/4391/6010 6173/4390/6009
f 6158/4374/5994 6159/4368/5995 6181/4393/6017 6180/4392/6016
f 6143/4375/5979 6144/4370/5980 6166/4395/6002 6165/4394/6001
f 6150/4376/5986 6151/4372/5987 6173/4390/6009 6172/4396/6008
f 6157/4378/5993 6158/4374/5994 6180/4392/6016 6179/4397/6015
f 6164/4377/6000 6143/4375/5979 6165/4394/6001 6186/4398/6022
f 6149/4379/5985 6150/4376/5986 6172/4396/6008 6171/4399/6007
f 6156/4380/5992 6157/4378/5993 6179/4397/6015 6178/4400/6014
f 6163/4381/5999 6164/4377/6000 6186/4398/6022 6185/4401/6021
f 6148/4382/5984 6149/4379/5985 6171/4399/6007 6170/4402/6006
f 6155/4383/5991 6156/4380/5992 6178/4400/6014 6177/4403/6013
f 6162/4384/5998 6163/4381/5999 6185/4401/6021 6184/4404/6020
f 6147/4385/5983 6148/4382/5984 6170/4402/6006 6169/4405/6005
f 6154/4386/5990 6155/4383/5991 6177/4403/6013 6176/4406/6012
f 6161/4387/5997 6162/4384/5998 6184/4404/6020 6183/4407/6019
f 6146/4388/5982 6147/4385/5983 6169/4405/6005 6168/4408/6004
f 6153/4389/5989 6154/4386/5990 6176/4406/6012 6175/4409/6011
f 6160/4369/5996 6161/4387/5997 6183/4407/6019 6182/4410/6018
f 6145/4371/5981 6146/4388/5982 6168/4408/6004 6167/4411/6003
f 6152/4373/5988 6153/4389/5989 6175/4409/6011 6174/4391/6010
f 6159/4368/5995 6160/4369/5996 6182/4410/6018 6181/4393/6017
f 6144/4370/5980 6145/4371/5981 6167/4411/6003 6166/4395/6002
f 6180/4392/6016 6181/4393/6017 6187/4412/6023
f 6165/4394/6001 6166/4395/6002 6187/4412/6023
f 6172/4396/6008 6173/4390/6009 6187/4412/6023
f 6179/4397/6015 6180/4392/6016 6187/4412/6023
f 6186/4398/6022 6165/4394/6001 6187/4412/6023
f 6171/4399/6007 6172/4396/6008 6187/4412/6023
f 6178/4400/6014 6179/4397/6015 6187/4412/6023
f 6185/4401/6021 6186/4398/6022 6187/4412/6023
f 6170/4402/6006 6171/4399/6007 6187/4412/6023
f 6177/4403/6013 6178/4400/6014 6187/4412/6023
f 6184/4404/6020 6185/4401/6021 6187/4412/6023
f 6169/4405/6005 6170/4402/6006 6187/4412/6023
f 6176/4406/6012 6177/4403/6013 6187/4412/6023
f 6183/4407/6019 6184/4404/6020 6187/4412/6023
f 6168/4408/6004 6169/4405/6005 6187/4412/6023
f 6175/4409/6011 6176/4406/6012 6187/4412/6023
f 6182/4410/6018 6183/4407/6019 6187/4412/6023
f 6167/4411/6003 6168/4408/6004 6187/4412/6023
f 6174/4391/6010 6175/4409/6011 6187/4412/6023
f 6181/4393/6017 6182/4410/6018 6187/4412/6023
f 6166/4395/6002 6167/4411/6003 6187/4412/6023
f 6173/4390/6009 6174/4391/6010 6187/4412/6023
o Lashes
v 0.174931 2.585530 0.178147
v 0.057524 2.498761 0.219231
v 0.238583 2.496532 0.113928
v 0.070666 2.541013 0.222458
v 0.246981 2.561558 0.122596
v 0.170405 2.571522 0.168044
v 0.062459 2.498945 0.213315
v 0.230085 2.499821 0.119263
v 0.078464 2.538872 0.213138
v 0.225018 2.552732 0.132687
v 0.115532 2.573108 0.207462
v 0.119238 2.564666 0.196782
v 0.226415 2.468030 0.118753
v 0.058369 2.516958 0.221803
v 0.090756 2.559211 0.217682
v 0.245432 2.526371 0.114872
v 0.218046 2.581936 0.151002
v 0.220692 2.472753 0.122657
v 0.066776 2.517353 0.213730
v 0.096765 2.554682 0.207986
v 0.233305 2.526502 0.121869
v 0.202327 2.564901 0.148883
v 0.144220 2.581828 0.193980
v 0.144663 2.570175 0.182636
v 0.235804 2.575159 0.135484
v 0.214565 2.559483 0.140489
v 0.198234 2.584549 0.164806
v 0.187770 2.569180 0.157811
v 0.248665 2.546274 0.117440
v 0.230430 2.541632 0.126877
v 0.173679 2.575924 0.174840
v 0.235986 2.556038 0.130885
v 0.062009 2.495284 0.216394
v 0.234254 2.498846 0.120228
v 0.078390 2.539012 0.218250
v 0.119963 2.566604 0.203020
v 0.210506 2.571287 0.152449
v 0.239256 2.526295 0.121907
v 0.097085 2.555264 0.213365
v 0.223596 2.471596 0.123982
v 0.066504 2.516996 0.218335
v 0.146219 2.573444 0.189609
v 0.225320 2.565636 0.140884
v 0.193545 2.574422 0.163443
v 0.239461 2.543307 0.125577
v 0.212057 2.452910 0.127830
v 0.209362 2.455510 0.129718
v 0.208028 2.451907 0.131688
v -0.174931 2.585530 0.178147
v -0.057524 2.498761 0.219231
v -0.238583 2.496532 0.113928
v -0.070666 2.541013 0.222458
v -0.246981 2.561558 0.122596
v -0.170405 2.571522 0.168044
v -0.062459 2.498944 0.213315
v -0.230085 2.499821 0.119263
v -0.078464 2.538872 0.213138
v -0.225018 2.552732 0.132687
v -0.115532 2.573108 0.207462
v -0.119238 2.564666 0.196782
v -0.226415 2.468030 0.118753
v -0.058369 2.516958 0.221803
v -0.090756 2.559211 0.217682
v -0.245432 2.526371 0.114872
v -0.218046 2.581936 0.151002
v -0.220692 2.472753 0.122657
v -0.066776 2.517353 0.213730
v -0.096765 2.554682 0.207986
v -0.233305 2.526502 0.121869
v -0.202327 2.564901 0.148883
v -0.144220 2.581828 0.193980
v -0.144663 2.570175 0.182636
v -0.235804 2.575159 0.135484
v -0.214565 2.559483 0.140489
v -0.198234 2.584549 0.164806
v -0.187770 2.569180 0.157811
v -0.248665 2.546274 0.117440
v -0.230430 2.541632 0.126877
v -0.173679 2.575924 0.174840
v -0.235986 2.556038 0.130885
v -0.062009 2.495284 0.216394
v -0.234254 2.498846 0.120228
v -0.078390 2.539012 0.218250
v -0.119963 2.566604 0.203020
v -0.210506 2.571287 0.152449
v -0.239256 2.526295 0.121907
v -0.097085 2.555264 0.213365
v -0.223596 2.471596 0.123982
v -0.066504 2.516996 0.218335
v -0.146219 2.573444 0.189609
v -0.225320 2.565636 0.140884
v -0.193545 2.574422 0.163443
v -0.239461 2.543307 0.125577
v -0.212057 2.452910 0.127830
v -0.209362 2.455510 0.129718
v -0.208028 2.451907 0.131688
v 0.233232 2.481214 0.115493
v 0.056672 2.506230 0.220577
v 0.063213 2.529203 0.222612
v 0.102653 2.566692 0.213094
v 0.079990 2.550877 0.220839
v 0.242556 2.512243 0.113942
v 0.248781 2.554090 0.119274
v 0.227402 2.579380 0.143294
v 0.187453 2.585408 0.171238
v 0.226101 2.485584 0.120162
v 0.063756 2.506754 0.213264
v 0.071694 2.528499 0.213834
v 0.107594 2.560302 0.202979
v 0.086937 2.547605 0.211308
v 0.232547 2.514181 0.120006
v 0.228198 2.547589 0.129594
v 0.208659 2.562277 0.144639
v 0.179922 2.570705 0.162490
v 0.172232 2.573235 0.171769
v 0.241481 2.558590 0.127349
v 0.059926 2.495756 0.217910
v 0.236403 2.497815 0.117759
v 0.079144 2.538767 0.215779
v 0.159997 2.584332 0.186008
v 0.129337 2.578128 0.201131
v 0.158172 2.571365 0.175021
v 0.131587 2.567944 0.189958
v 0.120084 2.565207 0.200070
v 0.214336 2.576212 0.152195
v 0.242323 2.526306 0.119052
v 0.094544 2.556922 0.215623
v 0.225014 2.470039 0.121982
v 0.063174 2.516947 0.220176
v 0.145553 2.577157 0.192038
v 0.242541 2.568904 0.128242
v 0.220260 2.556517 0.136405
v 0.230588 2.570081 0.138727
v 0.208323 2.583486 0.158155
v 0.195267 2.567220 0.153296
v 0.195991 2.579028 0.164525
v 0.247472 2.537445 0.116062
v 0.232345 2.535172 0.124259
v 0.244047 2.544670 0.122150
v 0.174495 2.580239 0.176821
v 0.230499 2.554177 0.132394
v 0.062437 2.495770 0.214601
v 0.232154 2.499459 0.120426
v 0.075245 2.539838 0.220439
v 0.118231 2.569428 0.205410
v 0.206476 2.567695 0.151136
v 0.236259 2.526372 0.122551
v 0.097548 2.554657 0.210775
v 0.222152 2.472401 0.123934
v 0.067377 2.517144 0.216139
v 0.145775 2.571330 0.186366
v 0.219968 2.562243 0.141230
v 0.190759 2.571343 0.161027
v 0.234929 2.542348 0.126868
v 0.238431 2.549977 0.127782
v 0.184423 2.575511 0.168810
v 0.218257 2.568899 0.146667
v 0.202210 2.573050 0.158044
v 0.160458 2.575243 0.182037
v 0.132642 2.570577 0.196642
v 0.071429 2.528361 0.218726
v 0.063672 2.505982 0.217474
v 0.108095 2.561484 0.208730
v 0.229651 2.484445 0.121415
v 0.087069 2.547911 0.216527
v 0.237442 2.513454 0.120569
v 0.239805 2.535884 0.123639
v 0.231453 2.561315 0.135410
v 0.209016 2.451447 0.130563
v 0.207708 2.452709 0.131479
v 0.214370 2.462391 0.126312
v 0.216184 2.461066 0.127571
v 0.218579 2.458433 0.123378
v -0.233232 2.481214 0.115493
v -0.056672 2.506230 0.220577
v -0.063213 2.529203 0.222612
v -0.102653 2.566692 0.213094
v -0.079990 2.550877 0.220839
v -0.242556 2.512243 0.113942
v -0.248781 2.554090 0.119274
v -0.227402 2.579380 0.143294
v -0.187453 2.585408 0.171238
v -0.226101 2.485584 0.120162
v -0.063756 2.506754 0.213264
v -0.071694 2.528499 0.213834
v -0.107594 2.560302 0.202979
v -0.086937 2.547605 0.211308
v -0.232547 2.514181 0.120006
v -0.228198 2.547589 0.129594
v -0.208659 2.562277 0.144639
v -0.179922 2.570705 0.162490
v -0.172232 2.573235 0.171769
v -0.241481 2.558590 0.127349
v -0.059926 2.495756 0.217910
v -0.236403 2.497815 0.117759
v -0.079144 2.538767 0.215779
v -0.159997 2.584332 0.186008
v -0.129337 2.578128 0.201131
v -0.158172 2.571365 0.175021
v -0.131587 2.567944 0.189958
v -0.120084 2.565207 0.200070
v -0.214336 2.576212 0.152195
v -0.242323 2.526306 0.119052
v -0.094544 2.556922 0.215623
v -0.225014 2.470039 0.121982
v -0.063173 2.516947 0.220176
v -0.145553 2.577157 0.192038
v -0.242541 2.568904 0.128242
v -0.220260 2.556517 0.136405
v -0.230588 2.570081 0.138727
v -0.208323 2.583486 0.158155
v -0.195267 2.567220 0.153296
v -0.195991 2.579028 0.164525
v -0.247472 2.537445 0.116062
v -0.232345 2.535172 0.124259
v -0.244047 2.544670 0.122150
v -0.174495 2.580239 0.176821
v -0.230499 2.554177 0.132394
v -0.062437 2.495770 0.214601
v -0.232154 2.499459 0.120426
v -0.075245 2.539838 0.220439
v -0.118231 2.569428 0.205410
v -0.206476 2.567695 0.151136
v -0.236259 2.526372 0.122551
v -0.097548 2.554657 0.210775
v -0.222152 2.472401 0.123934
v -0.067377 2.517144 0.216139
v -0.145775 2.571330 0.186366
v -0.219968 2.562243 0.141230
v -0.190759 2.571343 0.161027
v -0.234929 2.542348 0.126868
v -0.238431 2.549977 0.127782
v -0.184423 2.575511 0.168810
v -0.218257 2.568899 0.146667
v -0.202210 2.573050 0.158044
v -0.160458 2.575243 0.182037
v -0.132642 2.570577 0.196642
v -0.071429 2.528361 0.218726
v -0.063672 2.505982 0.217474
v -0.108095 2.561485 0.208730
v -0.229651 2.484445 0.121415
v -0.087069 2.547911 0.216527
v -0.237442 2.513453 0.120569
v -0.239805 2.535884 0.123639
v -0.231453 2.561315 0.135410
v -0.209016 2.451447 0.130563
v -0.207708 2.452709 0.131479
v -0.214370 2.462391 0.126312
v -0.216184 2.461066 0.127571
v -0.218579 2.458433 0.123378
v 0.225866 2.558654 0.136486
v 0.243619 2.536585 0.120502
v 0.234974 2.513863 0.120962
v 0.087679 2.547509 0.214002
v 0.231439 2.483026 0.119127
v 0.108402 2.560516 0.205984
v 0.060798 2.505952 0.219139
v 0.072307 2.528338 0.216374
v 0.132523 2.568800 0.193506
v 0.159573 2.572816 0.178814
v 0.198816 2.569703 0.156105
v 0.213500 2.565226 0.146160
v 0.182310 2.572631 0.166015
v 0.243595 2.551872 0.124156
v 0.233304 2.548621 0.129316
v 0.186076 2.579982 0.170389
v 0.222872 2.573778 0.145487
v 0.205344 2.577836 0.158534
v 0.160485 2.579299 0.184308
v 0.131398 2.573892 0.199092
v 0.068066 2.528690 0.220763
v 0.064345 2.506205 0.215442
v 0.105931 2.563711 0.211042
v 0.227873 2.485210 0.121461
v 0.084205 2.549145 0.218768
v 0.239978 2.512894 0.117930
v 0.236056 2.535448 0.124601
v 0.237007 2.564848 0.132405
v 0.215175 2.461794 0.127475
v 0.217274 2.459819 0.126011
v -0.225866 2.558654 0.136486
v -0.243619 2.536585 0.120502
v -0.234974 2.513863 0.120962
v -0.087679 2.547509 0.214002
v -0.231439 2.483026 0.119127
v -0.108402 2.560516 0.205984
v -0.060798 2.505952 0.219139
v -0.072307 2.528338 0.216374
v -0.132523 2.568799 0.193506
v -0.159572 2.572816 0.178814
v -0.198817 2.569703 0.156105
v -0.213500 2.565226 0.146160
v -0.182310 2.572631 0.166015
v -0.243595 2.551872 0.124156
v -0.233304 2.548621 0.129316
v -0.186076 2.579982 0.170389
v -0.222872 2.573778 0.145487
v -0.205344 2.577836 0.158534
v -0.160485 2.579299 0.184308
v -0.131398 2.573892 0.199092
v -0.068066 2.528690 0.220763
v -0.064345 2.506205 0.215442
v -0.105931 2.563711 0.211042
v -0.227873 2.485210 0.121461
v -0.084205 2.549145 0.218768
v -0.239978 2.512894 0.117930
v -0.236056 2.535448 0.124601
v -0.237007 2.564848 0.132405
v -0.215175 2.461794 0.127475
v -0.217274 2.459819 0.126011
vn 0.3669 -0.4751 0.7998
vn 0.2205 -0.6219 0.7514
vn 0.1929 -0.5492 0.8131
vn 0.3610 -0.4035 0.8408
vn 0.6327 -0.1777 0.7538
vn 0.6566 -0.1783 0.7329
vn 0.7732 -0.1954 0.6034
vn 0.7455 -0.1860 0.6401
vn 0.1732 -0.1338 0.9758
vn -0.2977 -0.1074 0.9486
vn -0.4215 0.0371 0.9060
vn 0.1162 -0.0541 0.9917
vn 0.7145 -0.6420 0.2782
vn 0.6793 -0.7040 -0.2075
vn 0.5397 -0.8248 -0.1683
vn 0.6226 -0.7326 0.2752
vn 0.7127 -0.1741 0.6795
vn 0.7117 -0.2026 0.6726
vn 0.8005 -0.2813 0.5293
vn 0.8170 -0.2283 0.5295
vn 0.5584 -0.7703 0.3079
vn 0.4339 -0.8964 -0.0900
vn 0.3684 -0.9295 0.0146
vn 0.5053 -0.7828 0.3630
vn 0.5236 -0.1561 0.8375
vn 0.4850 -0.1884 0.8540
vn 0.3161 -0.1567 0.9357
vn 0.3266 -0.1367 0.9352
vn 0.8642 -0.3865 0.3221
vn 0.8881 -0.3878 -0.2468
vn 0.8079 -0.5428 -0.2294
vn 0.8049 -0.5116 0.3008
vn 0.4511 -0.7913 0.4129
vn 0.3197 -0.9412 0.1089
vn 0.2721 -0.9445 0.1844
vn 0.3991 -0.7980 0.4516
vn 0.3561 -0.7975 0.4870
vn 0.2304 -0.9407 0.2488
vn 0.1951 -0.9312 0.3081
vn 0.3213 -0.7896 0.5228
vn 0.2751 -0.7065 0.6520
vn 0.1204 -0.8450 0.5210
vn 0.1484 -0.7888 0.5965
vn 0.3054 -0.6520 0.6940
vn 0.3380 -0.5921 0.7315
vn 0.1832 -0.7239 0.6652
vn 0.2135 -0.6661 0.7147
vn 0.3602 -0.5329 0.7657
vn 0.2819 -0.7754 0.5651
vn 0.1489 -0.9158 0.3731
vn 0.1127 -0.8869 0.4480
vn 0.2592 -0.7477 0.6114
vn 0.5979 -0.1723 0.7828
vn 0.6141 -0.1685 0.7710
vn 0.7212 -0.1564 0.6749
vn 0.6981 -0.1307 0.7040
vn 0.1488 -0.4304 0.8903
vn 0.0937 -0.3622 0.9274
vn 0.3278 -0.2594 0.9085
vn 0.3482 -0.3129 0.8837
vn 0.4657 -0.2511 0.8486
vn 0.4276 -0.4400 0.7896
vn 0.4253 -0.4261 0.7985
vn 0.4792 -0.2454 0.8427
vn 0.5838 -0.1885 0.7897
vn 0.5128 -0.3255 0.7944
vn 0.5380 -0.2864 0.7928
vn 0.6143 -0.1681 0.7710
vn 0.5113 -0.2317 0.8276
vn 0.4483 -0.4001 0.7993
vn 0.4799 -0.3636 0.7984
vn 0.5480 -0.2103 0.8096
vn 0.4704 -0.2313 0.8516
vn 0.4643 -0.4302 0.7742
vn 0.4463 -0.4406 0.7789
vn 0.4682 -0.2464 0.8486
vn 0.4664 -0.1683 0.8684
vn 0.5041 -0.3706 0.7801
vn 0.4836 -0.4067 0.7750
vn 0.4693 -0.2049 0.8589
vn 0.3238 -0.1855 0.9278
vn 0.4792 -0.2393 0.8444
vn 0.4860 -0.2850 0.8262
vn 0.3413 -0.1984 0.9188
vn 0.9369 -0.1509 -0.3155
vn 0.9277 -0.2455 -0.2812
vn 0.9127 -0.2658 0.3105
vn 0.9532 -0.1829 0.2407
vn 0.4284 -0.1239 0.8951
vn 0.5127 -0.3175 0.7977
vn 0.5188 -0.3328 0.7875
vn 0.4571 -0.1319 0.8796
vn -0.5008 0.2025 0.8415
vn -0.5245 0.3757 0.7640
vn 0.0765 0.1582 0.9844
vn 0.0813 0.0520 0.9953
vn 0.3622 -0.1888 0.9128
vn 0.4881 -0.3216 0.8114
vn 0.4940 -0.3291 0.8048
vn 0.3900 -0.1560 0.9075
vn 0.7986 -0.1938 0.5698
vn 0.6806 -0.1745 0.7116
vn 0.6989 -0.1712 0.6944
vn 0.8135 -0.2027 0.5451
vn 0.0033 -0.3427 0.9395
vn -0.1417 -0.2490 0.9581
vn 0.2370 -0.1971 0.9513
vn 0.2924 -0.2416 0.9252
vn 0.6437 -0.1490 0.7506
vn 0.5585 -0.2447 0.7926
vn 0.5793 -0.2033 0.7893
vn 0.6725 -0.1322 0.7282
vn 0.1027 0.2544 0.9616
vn -0.4969 0.5465 0.6741
vn -0.4580 0.6428 0.6140
vn 0.1347 0.3043 0.9430
vn 0.7553 -0.3523 0.5526
vn 0.6869 -0.2513 0.6819
vn 0.6648 -0.2800 0.6926
vn 0.7181 -0.3906 0.5760
vn -0.3669 -0.4751 0.7998
vn -0.3610 -0.4035 0.8408
vn -0.1929 -0.5492 0.8131
vn -0.2205 -0.6219 0.7514
vn -0.6327 -0.1777 0.7538
vn -0.7455 -0.1860 0.6401
vn -0.7732 -0.1954 0.6034
vn -0.6566 -0.1783 0.7329
vn -0.1732 -0.1338 0.9758
vn -0.1162 -0.0541 0.9917
vn 0.4215 0.0371 0.9060
vn 0.2977 -0.1074 0.9486
vn -0.7145 -0.6420 0.2782
vn -0.6226 -0.7326 0.2752
vn -0.5397 -0.8248 -0.1683
vn -0.6793 -0.7040 -0.2075
vn -0.7127 -0.1741 0.6795
vn -0.8170 -0.2283 0.5295
vn -0.8005 -0.2813 0.5293
vn -0.7117 -0.2026 0.6726
vn -0.5584 -0.7703 0.3079
vn -0.5053 -0.7828 0.3631
vn -0.3684 -0.9295 0.0146
vn -0.4339 -0.8964 -0.0900
vn -0.5236 -0.1561 0.8375
vn -0.3266 -0.1367 0.9352
vn -0.3161 -0.1567 0.9357
vn -0.4850 -0.1884 0.8540
vn -0.8642 -0.3865 0.3221
vn -0.8049 -0.5116 0.3008
vn -0.8079 -0.5428 -0.2294
vn -0.8881 -0.3877 -0.2468
vn -0.4511 -0.7913 0.4129
vn -0.3991 -0.7980 0.4516
vn -0.2721 -0.9445 0.1844
vn -0.3197 -0.9412 0.1089
vn -0.3562 -0.7975 0.4870
vn -0.3213 -0.7896 0.5228
vn -0.1951 -0.9312 0.3081
vn -0.2304 -0.9407 0.2488
vn -0.2751 -0.7065 0.6520
vn -0.3054 -0.6520 0.6940
vn -0.1484 -0.7888 0.5965
vn -0.1204 -0.8450 0.5210
vn -0.3380 -0.5921 0.7315
vn -0.3602 -0.5329 0.7657
vn -0.2135 -0.6661 0.7147
vn -0.1832 -0.7239 0.6652
vn -0.2819 -0.7754 0.5651
vn -0.2592 -0.7477 0.6114
vn -0.1127 -0.8869 0.4480
vn -0.1489 -0.9158 0.3731
vn -0.5979 -0.1723 0.7828
vn -0.6981 -0.1307 0.7040
vn -0.7212 -0.1564 0.6749
vn -0.6141 -0.1685 0.7710
vn -0.1488 -0.4304 0.8903
vn -0.3482 -0.3129 0.8837
vn -0.3278 -0.2594 0.9085
vn -0.0937 -0.3622 0.9274
vn -0.4657 -0.2511 0.8486
vn -0.4792 -0.2454 0.8427
vn -0.4253 -0.4261 0.7985
vn -0.4276 -0.4400 0.7897
vn -0.5838 -0.1885 0.7897
vn -0.6143 -0.1681 0.7710
vn -0.5380 -0.2864 0.7928
vn -0.5128 -0.3255 0.7944
vn -0.5112 -0.2317 0.8276
vn -0.5480 -0.2103 0.8096
vn -0.4800 -0.3636 0.7984
vn -0.4483 -0.4001 0.7993
vn -0.4704 -0.2313 0.8516
vn -0.4682 -0.2464 0.8486
vn -0.4463 -0.4406 0.7789
vn -0.4643 -0.4302 0.7742
vn -0.4664 -0.1683 0.8684
vn -0.4693 -0.2049 0.8589
vn -0.4836 -0.4067 0.7750
vn -0.5041 -0.3706 0.7801
vn -0.3238 -0.1855 0.9278
vn -0.3413 -0.1984 0.9188
vn -0.4860 -0.2850 0.8262
vn -0.4792 -0.2393 0.8444
vn -0.9369 -0.1509 -0.3155
vn -0.9532 -0.1829 0.2407
vn -0.9127 -0.2658 0.3105
vn -0.9277 -0.2455 -0.2812
vn -0.4284 -0.1239 0.8951
vn -0.4570 -0.1319 0.8796
vn -0.5188 -0.3328 0.7875
vn -0.5127 -0.3175 0.7977
vn 0.5008 0.2025 0.8415
vn -0.0813 0.0520 0.9953
vn -0.0765 0.1582 0.9844
vn 0.5245 0.3757 0.7640
vn -0.3622 -0.1888 0.9128
vn -0.3900 -0.1559 0.9075
vn -0.4940 -0.3291 0.8048
vn -0.4881 -0.3216 0.8114
vn -0.7986 -0.1938 0.5698
vn -0.8135 -0.2027 0.5451
vn -0.6989 -0.1712 0.6944
vn -0.6806 -0.1745 0.7116
vn -0.0033 -0.3427 0.9395
vn -0.2924 -0.2416 0.9253
vn -0.2370 -0.1971 0.9513
vn 0.1417 -0.2490 0.9581
vn -0.6437 -0.1490 0.7506
vn -0.6725 -0.1322 0.7282
vn -0.5793 -0.2033 0.7893
vn -0.5585 -0.2447 0.7925
vn -0.1027 0.2544 0.9616
vn -0.1347 0.3044 0.9430
vn 0.4580 0.6428 0.6141
vn 0.4969 0.5465 0.6741
vn -0.7553 -0.3523 0.5527
vn -0.7181 -0.3906 0.5759
vn -0.6648 -0.2800 0.6926
vn -0.6869 -0.2513 0.6819
vt 0.921515 0.242326
vt 0.919164 0.242903
vt 0.919803 0.239681
vt 0.922101 0.238998
vt 0.916842 0.243490
vt 0.917720 0.240342
vt 0.918598 0.237194
vt 0.920207 0.236603
vt 0.922357 0.235916
vt 0.921614 0.230607
vt 0.921143 0.227820
vt 0.923021 0.227475
vt 0.923781 0.230120
vt 0.920775 0.224269
vt 0.922388 0.224077
vt 0.923947 0.224614
vt 0.925068 0.227155
vt 0.926190 0.229696
vt 0.920775 0.224269
vt 0.919452 0.224506
vt 0.919332 0.219666
vt 0.920523 0.219557
vt 0.918378 0.225428
vt 0.918333 0.219778
vt 0.918287 0.214129
vt 0.919256 0.214202
vt 0.920384 0.214154
vt 0.919576 0.305518
vt 0.918366 0.305366
vt 0.918210 0.300731
vt 0.919416 0.300914
vt 0.917412 0.305380
vt 0.917177 0.300754
vt 0.916941 0.296127
vt 0.917981 0.296046
vt 0.919197 0.296273
vt 0.920315 0.208675
vt 0.921730 0.208492
vt 0.921832 0.213988
vt 0.920117 0.203452
vt 0.921432 0.203244
vt 0.923353 0.202604
vt 0.923382 0.208204
vt 0.923412 0.213805
vt 0.917727 0.291165
vt 0.919010 0.291439
vt 0.916571 0.291080
vt 0.916200 0.286034
vt 0.917505 0.286102
vt 0.918885 0.286396
vt 0.918542 0.322611
vt 0.919097 0.318820
vt 0.920491 0.319156
vt 0.919863 0.322833
vt 0.919432 0.314708
vt 0.920973 0.315189
vt 0.922970 0.316256
vt 0.922077 0.319655
vt 0.921183 0.323054
vt 0.919432 0.314708
vt 0.918276 0.314569
vt 0.918388 0.310043
vt 0.919590 0.310195
vt 0.917414 0.314808
vt 0.917413 0.310094
vt 0.917364 0.280838
vt 0.918836 0.281150
vt 0.915992 0.280653
vt 0.915784 0.275271
vt 0.917295 0.275338
vt 0.918860 0.275626
vt 0.917297 0.269624
vt 0.918940 0.269879
vt 0.915745 0.269349
vt 0.915705 0.263428
vt 0.917315 0.264340
vt 0.919028 0.264544
vt 0.919271 0.256426
vt 0.917408 0.256564
vt 0.917683 0.253019
vt 0.919642 0.252804
vt 0.915548 0.256721
vt 0.915823 0.253195
vt 0.916099 0.249669
vt 0.918093 0.249526
vt 0.920187 0.249237
vt 0.918590 0.246175
vt 0.920838 0.245746
vt 0.916470 0.246579
vt 0.917321 0.260168
vt 0.919102 0.260179
vt 0.915626 0.260074
vt 0.922357 0.235916
vt 0.922115 0.233191
vt 0.924510 0.232526
vt 0.924937 0.235121
vt 0.927163 0.231779
vt 0.928136 0.233861
vt 0.918294 0.234264
vt 0.920089 0.233756
vt 0.920207 0.236603
vt 0.917990 0.231333
vt 0.919771 0.230999
vt 0.922892 0.264050
vt 0.920899 0.264620
vt 0.921036 0.260126
vt 0.923049 0.259980
vt 0.921276 0.256235
vt 0.923207 0.255910
vt 0.924780 0.248527
vt 0.922476 0.248893
vt 0.923326 0.245291
vt 0.925968 0.244822
vt 0.924153 0.241735
vt 0.927156 0.241116
vt 0.921777 0.252532
vt 0.923993 0.252219
vt 0.922367 0.276872
vt 0.920583 0.276075
vt 0.920738 0.270170
vt 0.922630 0.270461
vt 0.922119 0.287702
vt 0.920457 0.286934
vt 0.920488 0.281649
vt 0.922243 0.282287
vt 0.920973 0.315189
vt 0.921160 0.310667
vt 0.922981 0.311348
vt 0.921124 0.305969
vt 0.922991 0.306441
vt 0.916826 0.322718
vt 0.917120 0.318763
vt 0.918020 0.318720
vt 0.917684 0.322665
vt 0.918276 0.314569
vt 0.922079 0.297839
vt 0.920635 0.296854
vt 0.920499 0.292005
vt 0.922099 0.292770
vt 0.918379 0.208656
vt 0.919245 0.208718
vt 0.919256 0.214202
vt 0.918472 0.203184
vt 0.919163 0.203483
vt 0.920895 0.301427
vt 0.922535 0.302140
vt 0.922388 0.224077
vt 0.922022 0.219374
vt 0.923679 0.219210
vt 0.921832 0.213988
vt 0.918184 0.228380
vt 0.919573 0.228096
vt 0.919452 0.224506
vt 0.924745 0.238274
vt 0.927646 0.237488
vt 0.924937 0.235121
vt 0.919163 0.203483
vt 0.918877 0.198697
vt 0.919613 0.198661
vt 0.918291 0.198661
vt 0.918110 0.194139
vt 0.918468 0.194143
vt 0.918825 0.194147
vt 0.921432 0.203244
vt 0.920622 0.198532
vt 0.921815 0.198320
vt 0.919551 0.194092
vt 0.920277 0.194036
vt 0.921515 0.242326
vt 0.919164 0.242903
vt 0.922357 0.235916
vt 0.921614 0.230607
vt 0.923781 0.230120
vt 0.923021 0.227475
vt 0.921143 0.227820
vt 0.922388 0.224077
vt 0.920775 0.224269
vt 0.920523 0.219557
vt 0.919332 0.219666
vt 0.919452 0.224506
vt 0.919576 0.305518
vt 0.919416 0.300914
vt 0.917981 0.296046
vt 0.920384 0.214154
vt 0.921832 0.213988
vt 0.921730 0.208492
vt 0.920315 0.208675
vt 0.919010 0.291439
vt 0.917727 0.291165
vt 0.917505 0.286102
vt 0.919097 0.318820
vt 0.920973 0.315189
vt 0.919432 0.314708
vt 0.918388 0.310043
vt 0.917295 0.275338
vt 0.918939 0.269879
vt 0.917297 0.269624
vt 0.919028 0.264544
vt 0.919272 0.256426
vt 0.919642 0.252804
vt 0.917683 0.253019
vt 0.920186 0.249237
vt 0.918093 0.249526
vt 0.920838 0.245746
vt 0.918590 0.246175
vt 0.919102 0.260179
vt 0.922357 0.235916
vt 0.924510 0.232526
vt 0.922115 0.233191
vt 0.920207 0.236603
vt 0.920089 0.233756
vt 0.919771 0.230999
vt 0.923326 0.245291
vt 0.922476 0.248893
vt 0.924153 0.241735
vt 0.921776 0.252532
vt 0.920738 0.270170
vt 0.920583 0.276075
vt 0.920488 0.281649
vt 0.920457 0.286934
vt 0.921160 0.310667
vt 0.920499 0.292005
vt 0.919245 0.208718
vt 0.920895 0.301427
vt 0.922022 0.219374
vt 0.922388 0.224077
vt 0.919573 0.228096
vt 0.919452 0.224506
vt 0.924745 0.238274
vt 0.924937 0.235121
vt 0.920117 0.203452
vt 0.919613 0.198661
vt 0.918877 0.198697
vt 0.919163 0.203483
s 0
f 6230/4413/6024 6339/4414/6024 6438/4415/6024 6355/4416/6024
f 6339/4414/6025 6213/4417/6025 6319/4418/6025 6438/4415/6025
f 6438/4415/6026 6319/4418/6026 6197/4419/6026 6328/4420/6026
f 6355/4416/6027 6438/4415/6027 6328/4420/6027 6219/4421/6027
f 6232/4422/6028 6354/4423/6028 6439/4424/6028 6326/4425/6028
f 6354/4423/6029 6225/4426/6029 6313/4427/6029 6439/4424/6029
f 6439/4424/6030 6313/4427/6030 6203/4428/6030 6324/4429/6030
f 6326/4425/6031 6439/4424/6031 6324/4429/6031 6216/4430/6031
f 6225/4431/6032 6334/4432/6032 6440/4433/6032 6353/4434/6032
f 6334/4432/6033 6208/4435/6033 6298/4436/6033 6440/4433/6033
f 6440/4433/6034 6298/4436/6034 6195/4437/6034 6330/4438/6034
f 6353/4434/6035 6440/4433/6035 6330/4438/6035 6221/4439/6035
f 6222/4440/6036 6306/4441/6036 6441/4442/6036 6352/4443/6036
f 6306/4441/6037 6196/4444/6037 6297/4445/6037 6441/4442/6037
f 6441/4442/6038 6297/4445/6038 6207/4446/6038 6335/4447/6038
f 6352/4443/6039 6441/4442/6039 6335/4447/6039 6226/4448/6039
f 6221/4439/6040 6351/4449/6040 6442/4450/6040 6305/4451/6040
f 6351/4449/6041 6227/4452/6041 6315/4453/6041 6442/4450/6041
f 6442/4450/6042 6315/4453/6042 6200/4454/6042 6284/4455/6042
f 6305/4451/6043 6442/4450/6043 6284/4455/6043 6190/4456/6043
f 6226/4448/6044 6335/4447/6044 6443/4457/6044 6350/4458/6044
f 6335/4447/6045 6207/4446/6045 6296/4459/6045 6443/4457/6045
f 6443/4457/6046 6296/4459/6046 6199/4460/6046 6311/4461/6046
f 6350/4458/6047 6443/4457/6047 6311/4461/6047 6223/4462/6047
f 6220/4463/6048 6349/4464/6048 6444/4465/6048 6304/4466/6048
f 6349/4464/6049 6228/4467/6049 6316/4468/6049 6444/4465/6049
f 6444/4465/6050 6316/4468/6050 6201/4469/6050 6285/4470/6050
f 6304/4466/6051 6444/4465/6051 6285/4470/6051 6189/4471/6051
f 6228/4472/6052 6337/4473/6052 6445/4474/6052 6348/4475/6052
f 6337/4473/6053 6206/4476/6053 6295/4477/6053 6445/4474/6053
f 6445/4474/6054 6295/4477/6054 6196/4444/6054 6306/4441/6054
f 6348/4475/6055 6445/4474/6055 6306/4441/6055 6222/4440/6055
f 6223/4462/6056 6311/4461/6056 6446/4478/6056 6347/4479/6056
f 6311/4461/6057 6199/4460/6057 6310/4480/6057 6446/4478/6057
f 6446/4478/6058 6310/4480/6058 6211/4481/6058 6338/4482/6058
f 6347/4479/6059 6446/4478/6059 6338/4482/6059 6229/4483/6059
f 6229/4483/6060 6338/4482/6060 6447/4484/6060 6346/4485/6060
f 6338/4482/6061 6211/4481/6061 6309/4486/6061 6447/4484/6061
f 6447/4484/6062 6309/4486/6062 6193/4487/6062 6302/4488/6062
f 6346/4485/6063 6447/4484/6063 6302/4488/6063 6218/4489/6063
f 6231/4490/6064 6340/4491/6064 6448/4492/6064 6345/4493/6064
f 6340/4491/6065 6215/4494/6065 6322/4495/6065 6448/4492/6065
f 6448/4492/6066 6322/4495/6066 6209/4496/6066 6333/4497/6066
f 6345/4493/6067 6448/4492/6067 6333/4497/6067 6224/4498/6067
f 6224/4498/6068 6333/4497/6068 6449/4499/6068 6344/4500/6068
f 6333/4497/6069 6209/4496/6069 6300/4501/6069 6449/4499/6069
f 6449/4499/6070 6300/4501/6070 6213/4417/6070 6339/4414/6070
f 6344/4500/6071 6449/4499/6071 6339/4414/6071 6230/4413/6071
f 6218/4489/6072 6302/4488/6072 6450/4502/6072 6343/4503/6072
f 6302/4488/6073 6193/4487/6073 6301/4504/6073 6450/4502/6073
f 6450/4502/6074 6301/4504/6074 6215/4494/6074 6340/4491/6074
f 6343/4503/6075 6450/4502/6075 6340/4491/6075 6231/4490/6075
f 6219/4505/6076 6342/4506/6076 6451/4507/6076 6303/4508/6076
f 6342/4506/6077 6232/4422/6077 6326/4425/6077 6451/4507/6077
f 6451/4507/6078 6326/4425/6078 6216/4430/6078 6290/4509/6078
f 6303/4508/6079 6451/4507/6079 6290/4509/6079 6192/4510/6079
f 6197/4419/6080 6299/4511/6080 6452/4512/6080 6328/4513/6080
f 6299/4511/6081 6217/4514/6081 6341/4515/6081 6452/4512/6081
f 6452/4512/6082 6341/4515/6082 6232/4422/6082 6342/4506/6082
f 6328/4513/6083 6452/4512/6083 6342/4506/6083 6219/4505/6083
f 6188/4516/6084 6327/4517/6084 6453/4518/6084 6292/4519/6084
f 6327/4517/6085 6218/4489/6085 6343/4503/6085 6453/4518/6085
f 6453/4518/6086 6343/4503/6086 6231/4490/6086 6323/4520/6086
f 6292/4519/6087 6453/4518/6087 6323/4520/6087 6214/4521/6087
f 6204/4522/6088 6312/4523/6088 6454/4524/6088 6291/4525/6088
f 6312/4523/6089 6224/4498/6089 6344/4500/6089 6454/4524/6089
f 6454/4524/6090 6344/4500/6090 6230/4413/6090 6320/4526/6090
f 6291/4525/6091 6454/4524/6091 6320/4526/6091 6212/4527/6091
f 6214/4521/6092 6323/4520/6092 6455/4528/6092 6321/4529/6092
f 6323/4520/6093 6231/4490/6093 6345/4493/6093 6455/4528/6093
f 6455/4528/6094 6345/4493/6094 6224/4498/6094 6312/4523/6094
f 6321/4529/6095 6455/4528/6095 6312/4523/6095 6204/4522/6095
f 6210/4530/6096 6317/4531/6096 6456/4532/6096 6307/4533/6096
f 6317/4531/6097 6229/4483/6097 6346/4485/6097 6456/4532/6097
f 6456/4532/6098 6346/4485/6098 6218/4489/6098 6327/4517/6098
f 6307/4533/6099 6456/4532/6099 6327/4517/6099 6188/4516/6099
f 6198/4534/6100 6332/4535/6100 6457/4536/6100 6308/4537/6100
f 6332/4535/6101 6223/4462/6101 6347/4479/6101 6457/4536/6101
f 6457/4536/6102 6347/4479/6102 6229/4483/6102 6317/4531/6102
f 6308/4537/6103 6457/4536/6103 6317/4531/6103 6210/4530/6103
f 6201/4469/6104 6316/4538/6104 6458/4539/6104 6286/4540/6104
f 6316/4538/6105 6228/4472/6105 6348/4475/6105 6458/4539/6105
f 6458/4539/6106 6348/4475/6106 6222/4440/6106 6331/4541/6106
f 6286/4540/6107 6458/4539/6107 6331/4541/6107 6191/4542/6107
f 6194/4543/6108 6294/4544/6108 6459/4545/6108 6329/4546/6108
f 6294/4544/6109 6206/4476/6109 6337/4547/6109 6459/4545/6109
f 6459/4545/6110 6337/4547/6110 6228/4467/6110 6349/4464/6110
f 6329/4546/6111 6459/4545/6111 6349/4464/6111 6220/4463/6111
f 6202/4548/6112 6314/4549/6112 6460/4550/6112 6287/4551/6112
f 6314/4549/6113 6226/4448/6113 6350/4458/6113 6460/4550/6113
f 6460/4550/6114 6350/4458/6114 6223/4462/6114 6332/4535/6114
f 6287/4551/6115 6460/4550/6115 6332/4535/6115 6198/4534/6115
f 6195/4437/6116 6293/4552/6116 6461/4553/6116 6330/4554/6116
f 6293/4552/6117 6205/4555/6117 6336/4556/6117 6461/4553/6117
f 6461/4553/6118 6336/4556/6118 6227/4452/6118 6351/4449/6118
f 6330/4554/6119 6461/4553/6119 6351/4449/6119 6221/4439/6119
f 6191/4542/6120 6331/4541/6120 6462/4557/6120 6288/4558/6120
f 6331/4541/6121 6222/4440/6121 6352/4443/6121 6462/4557/6121
f 6462/4557/6122 6352/4443/6122 6226/4448/6122 6314/4549/6122
f 6288/4558/6123 6462/4557/6123 6314/4549/6123 6202/4548/6123
f 6203/4428/6124 6313/4559/6124 6463/4560/6124 6289/4561/6124
f 6313/4559/6125 6225/4431/6125 6353/4434/6125 6463/4560/6125
f 6463/4560/6126 6353/4434/6126 6221/4439/6126 6305/4562/6126
f 6289/4561/6127 6463/4560/6127 6305/4562/6127 6190/4456/6127
f 6217/4514/6128 6325/4563/6128 6464/4564/6128 6341/4515/6128
f 6325/4563/6129 6208/4435/6129 6334/4565/6129 6464/4564/6129
f 6464/4564/6130 6334/4565/6130 6225/4426/6130 6354/4423/6130
f 6341/4515/6131 6464/4564/6131 6354/4423/6131 6232/4422/6131
f 6212/4527/6132 6320/4526/6132 6465/4566/6132 6318/4567/6132
f 6320/4526/6133 6230/4413/6133 6355/4416/6133 6465/4566/6133
f 6465/4566/6134 6355/4416/6134 6219/4421/6134 6303/4568/6134
f 6318/4567/6135 6465/4566/6135 6303/4568/6135 6192/4510/6135
f 6227/4452/6136 6336/4569/6136 6466/4570/6136 6359/4571/6136
f 6336/4569/6137 6205/4555/6137 6358/4572/6137 6466/4570/6137
f 6466/4570/6138 6358/4572/6138 6234/4573/6138 6357/4574/6138
f 6359/4571/6139 6466/4570/6139 6357/4574/6139 6235/4575/6139
f 6200/4454/6140 6315/4576/6140 6467/4577/6140 6360/4578/6140
f 6315/4576/6141 6227/4452/6141 6359/4571/6141 6467/4577/6141
f 6467/4577/6142 6359/4571/6142 6235/4575/6142 6356/4579/6142
f 6360/4578/6143 6467/4577/6143 6356/4579/6143 6233/4580/6143
f 6278/4581/6144 6432/4416/6144 6468/4415/6144 6416/4582/6144
f 6432/4416/6145 6267/4583/6145 6405/4420/6145 6468/4415/6145
f 6468/4415/6146 6405/4420/6146 6245/4419/6146 6396/4418/6146
f 6416/4582/6147 6468/4415/6147 6396/4418/6147 6261/4417/6147
f 6280/4584/6148 6403/4585/6148 6469/4586/6148 6431/4587/6148
f 6403/4585/6149 6264/4430/6149 6401/4429/6149 6469/4586/6149
f 6469/4586/6150 6401/4429/6150 6251/4428/6150 6390/4588/6150
f 6431/4587/6151 6469/4586/6151 6390/4588/6151 6273/4426/6151
f 6273/4589/6152 6430/4590/6152 6470/4591/6152 6411/4592/6152
f 6430/4590/6153 6269/4439/6153 6407/4438/6153 6470/4591/6153
f 6470/4591/6154 6407/4438/6154 6243/4437/6154 6375/4436/6154
f 6411/4592/6155 6470/4591/6155 6375/4436/6155 6256/4435/6155
f 6270/4593/6156 6429/4594/6156 6471/4442/6156 6383/4441/6156
f 6429/4594/6157 6274/4448/6157 6412/4595/6157 6471/4442/6157
f 6471/4442/6158 6412/4595/6158 6255/4446/6158 6374/4445/6158
f 6383/4441/6159 6471/4442/6159 6374/4445/6159 6244/4444/6159
f 6269/4596/6160 6382/4597/6160 6472/4598/6160 6428/4599/6160
f 6382/4597/6161 6238/4456/6161 6361/4455/6161 6472/4598/6161
f 6472/4598/6162 6361/4455/6162 6248/4454/6162 6392/4453/6162
f 6428/4599/6163 6472/4598/6163 6392/4453/6163 6275/4452/6163
f 6274/4448/6164 6427/4600/6164 6473/4601/6164 6412/4595/6164
f 6427/4600/6165 6271/4462/6165 6388/4602/6165 6473/4601/6165
f 6473/4601/6166 6388/4602/6166 6247/4460/6166 6373/4459/6166
f 6412/4595/6167 6473/4601/6167 6373/4459/6167 6255/4446/6167
f 6268/4463/6168 6381/4466/6168 6474/4465/6168 6426/4603/6168
f 6381/4466/6169 6237/4471/6169 6362/4470/6169 6474/4465/6169
f 6474/4465/6170 6362/4470/6170 6249/4469/6170 6393/4604/6170
f 6426/4603/6171 6474/4465/6171 6393/4604/6171 6276/4605/6171
f 6276/4472/6172 6425/4475/6172 6475/4606/6172 6414/4473/6172
f 6425/4475/6173 6270/4593/6173 6383/4441/6173 6475/4606/6173
f 6475/4606/6174 6383/4441/6174 6244/4444/6174 6372/4477/6174
f 6414/4473/6175 6475/4606/6175 6372/4477/6175 6254/4476/6175
f 6271/4462/6176 6424/4479/6176 6476/4478/6176 6388/4602/6176
f 6424/4479/6177 6277/4483/6177 6415/4607/6177 6476/4478/6177
f 6476/4478/6178 6415/4607/6178 6259/4481/6178 6387/4480/6178
f 6388/4602/6179 6476/4478/6179 6387/4480/6179 6247/4460/6179
f 6277/4483/6180 6423/4608/6180 6477/4609/6180 6415/4607/6180
f 6423/4608/6181 6266/4610/6181 6379/4488/6181 6477/4609/6181
f 6477/4609/6182 6379/4488/6182 6241/4487/6182 6386/4486/6182
f 6415/4607/6183 6477/4609/6183 6386/4486/6183 6259/4481/6183
f 6279/4611/6184 6422/4612/6184 6478/4613/6184 6417/4491/6184
f 6422/4612/6185 6272/4614/6185 6410/4615/6185 6478/4613/6185
f 6478/4613/6186 6410/4615/6186 6257/4496/6186 6399/4495/6186
f 6417/4491/6187 6478/4613/6187 6399/4495/6187 6263/4494/6187
f 6272/4614/6188 6421/4616/6188 6479/4617/6188 6410/4615/6188
f 6421/4616/6189 6278/4581/6189 6416/4582/6189 6479/4617/6189
f 6479/4617/6190 6416/4582/6190 6261/4417/6190 6377/4501/6190
f 6410/4615/6191 6479/4617/6191 6377/4501/6191 6257/4496/6191
f 6266/4610/6192 6420/4618/6192 6480/4502/6192 6379/4488/6192
f 6420/4618/6193 6279/4611/6193 6417/4491/6193 6480/4502/6193
f 6480/4502/6194 6417/4491/6194 6263/4494/6194 6378/4504/6194
f 6379/4488/6195 6480/4502/6195 6378/4504/6195 6241/4487/6195
f 6267/4619/6196 6380/4568/6196 6481/4620/6196 6419/4621/6196
f 6380/4568/6197 6240/4510/6197 6367/4509/6197 6481/4620/6197
f 6481/4620/6198 6367/4509/6198 6264/4430/6198 6403/4585/6198
f 6419/4621/6199 6481/4620/6199 6403/4585/6199 6280/4584/6199
f 6245/4419/6200 6405/4622/6200 6482/4623/6200 6376/4511/6200
f 6405/4622/6201 6267/4619/6201 6419/4621/6201 6482/4623/6201
f 6482/4623/6202 6419/4621/6202 6280/4584/6202 6418/4624/6202
f 6376/4511/6203 6482/4623/6203 6418/4624/6203 6265/4514/6203
f 6236/4516/6204 6369/4519/6204 6483/4518/6204 6404/4517/6204
f 6369/4519/6205 6262/4521/6205 6400/4520/6205 6483/4518/6205
f 6483/4518/6206 6400/4520/6206 6279/4611/6206 6420/4618/6206
f 6404/4517/6207 6483/4518/6207 6420/4618/6207 6266/4610/6207
f 6252/4522/6208 6368/4525/6208 6484/4625/6208 6389/4626/6208
f 6368/4525/6209 6260/4527/6209 6397/4627/6209 6484/4625/6209
f 6484/4625/6210 6397/4627/6210 6278/4581/6210 6421/4616/6210
f 6389/4626/6211 6484/4625/6211 6421/4616/6211 6272/4614/6211
f 6262/4521/6212 6398/4529/6212 6485/4628/6212 6400/4520/6212
f 6398/4529/6213 6252/4522/6213 6389/4626/6213 6485/4628/6213
f 6485/4628/6214 6389/4626/6214 6272/4614/6214 6422/4612/6214
f 6400/4520/6215 6485/4628/6215 6422/4612/6215 6279/4611/6215
f 6258/4530/6216 6384/4533/6216 6486/4629/6216 6394/4630/6216
f 6384/4533/6217 6236/4516/6217 6404/4517/6217 6486/4629/6217
f 6486/4629/6218 6404/4517/6218 6266/4610/6218 6423/4608/6218
f 6394/4630/6219 6486/4629/6219 6423/4608/6219 6277/4483/6219
f 6246/4534/6220 6385/4537/6220 6487/4631/6220 6409/4632/6220
f 6385/4537/6221 6258/4530/6221 6394/4630/6221 6487/4631/6221
f 6487/4631/6222 6394/4630/6222 6277/4483/6222 6424/4479/6222
f 6409/4632/6223 6487/4631/6223 6424/4479/6223 6271/4462/6223
f 6249/4469/6224 6363/4540/6224 6488/4633/6224 6393/4538/6224
f 6363/4540/6225 6239/4542/6225 6408/4541/6225 6488/4633/6225
f 6488/4633/6226 6408/4541/6226 6270/4593/6226 6425/4475/6226
f 6393/4538/6227 6488/4633/6227 6425/4475/6227 6276/4472/6227
f 6242/4543/6228 6406/4546/6228 6489/4545/6228 6371/4544/6228
f 6406/4546/6229 6268/4463/6229 6426/4603/6229 6489/4545/6229
f 6489/4545/6230 6426/4603/6230 6276/4605/6230 6414/4473/6230
f 6371/4544/6231 6489/4545/6231 6414/4473/6231 6254/4476/6231
f 6250/4548/6232 6364/4551/6232 6490/4634/6232 6391/4549/6232
f 6364/4551/6233 6246/4534/6233 6409/4632/6233 6490/4634/6233
f 6490/4634/6234 6409/4632/6234 6271/4462/6234 6427/4600/6234
f 6391/4549/6235 6490/4634/6235 6427/4600/6235 6274/4448/6235
f 6243/4437/6236 6407/4438/6236 6491/4635/6236 6370/4552/6236
f 6407/4438/6237 6269/4596/6237 6428/4599/6237 6491/4635/6237
f 6491/4635/6238 6428/4599/6238 6275/4452/6238 6413/4556/6238
f 6370/4552/6239 6491/4635/6239 6413/4556/6239 6253/4555/6239
f 6239/4542/6240 6365/4558/6240 6492/4636/6240 6408/4541/6240
f 6365/4558/6241 6250/4548/6241 6391/4549/6241 6492/4636/6241
f 6492/4636/6242 6391/4549/6242 6274/4448/6242 6429/4594/6242
f 6408/4541/6243 6492/4636/6243 6429/4594/6243 6270/4593/6243
f 6251/4428/6244 6366/4561/6244 6493/4637/6244 6390/4638/6244
f 6366/4561/6245 6238/4456/6245 6382/4562/6245 6493/4637/6245
f 6493/4637/6246 6382/4562/6246 6269/4439/6246 6430/4590/6246
f 6390/4638/6247 6493/4637/6247 6430/4590/6247 6273/4589/6247
f 6265/4514/6248 6418/4624/6248 6494/4639/6248 6402/4563/6248
f 6418/4624/6249 6280/4584/6249 6431/4587/6249 6494/4639/6249
f 6494/4639/6250 6431/4587/6250 6273/4426/6250 6411/4640/6250
f 6402/4563/6251 6494/4639/6251 6411/4640/6251 6256/4435/6251
f 6260/4527/6252 6395/4567/6252 6495/4641/6252 6397/4627/6252
f 6395/4567/6253 6240/4510/6253 6380/4642/6253 6495/4641/6253
f 6495/4641/6254 6380/4642/6254 6267/4583/6254 6432/4416/6254
f 6397/4627/6255 6495/4641/6255 6432/4416/6255 6278/4581/6255
f 6275/4643/6256 6436/4644/6256 6496/4645/6256 6413/4646/6256
f 6436/4644/6257 6283/4575/6257 6434/4574/6257 6496/4645/6257
f 6496/4645/6258 6434/4574/6258 6282/4573/6258 6435/4572/6258
f 6413/4646/6259 6496/4645/6259 6435/4572/6259 6253/4555/6259
f 6248/4454/6260 6437/4578/6260 6497/4577/6260 6392/4453/6260
f 6437/4578/6261 6281/4580/6261 6433/4579/6261 6497/4577/6261
f 6497/4577/6262 6433/4579/6262 6283/4575/6262 6436/4644/6262
f 6392/4453/6263 6497/4577/6263 6436/4644/6263 6275/4643/6263
o Head.001
v 0.076396 2.621192 0.266558
v 0.143788 2.655524 0.229583
v 0.076004 2.605846 0.262664
v 0.185454 2.648404 0.203748
v 0.104498 2.642612 0.254261
v 0.141399 2.617408 0.221013
v 0.102838 2.606644 0.245482
v 0.184083 2.628247 0.199570
v -0.076396 2.621192 0.266558
v -0.143788 2.655524 0.229583
v -0.076004 2.605846 0.262664
v -0.185454 2.648404 0.203748
v -0.104498 2.642612 0.254261
v -0.141399 2.617408 0.221013
v -0.102838 2.606644 0.245482
v -0.184083 2.628247 0.199570
v 0.072303 2.611937 0.266522
v 0.167003 2.654561 0.215400
v 0.088162 2.632041 0.262298
v 0.122845 2.651058 0.243037
v 0.142593 2.636466 0.225298
v 0.103668 2.624628 0.249872
v 0.087167 2.604296 0.255360
v 0.120669 2.611763 0.233795
v 0.191354 2.638216 0.198120
v 0.164840 2.622077 0.208416
v -0.072303 2.611937 0.266522
v -0.167003 2.654561 0.215400
v -0.088162 2.632041 0.262298
v -0.122845 2.651058 0.243037
v -0.142593 2.636466 0.225298
v -0.103668 2.624628 0.249872
v -0.087166 2.604296 0.255360
v -0.120669 2.611763 0.233795
v -0.191354 2.638216 0.198120
v -0.164840 2.622077 0.208416
v 0.121757 2.631411 0.238416
v 0.087222 2.617989 0.259046
v 0.166669 2.638306 0.211507
v -0.121757 2.631411 0.238416
v -0.087222 2.617989 0.259046
v -0.166669 2.638306 0.211507
vn 0.5586 -0.2171 0.8005
vn 0.5797 -0.2176 0.7852
vn 0.5786 -0.2177 0.7860
vn 0.5559 -0.2174 0.8023
vn 0.5424 -0.2232 0.8099
vn 0.5090 -0.2270 0.8303
vn 0.5095 -0.2230 0.8311
vn 0.5426 -0.2217 0.8102
vn 0.4678 -0.2106 0.8584
vn 0.5001 -0.2159 0.8386
vn 0.4965 -0.2182 0.8402
vn 0.4645 -0.2152 0.8590
vn -0.5586 -0.2171 0.8005
vn -0.5559 -0.2174 0.8023
vn -0.5786 -0.2177 0.7860
vn -0.5797 -0.2176 0.7852
vn -0.5424 -0.2232 0.8099
vn -0.5427 -0.2217 0.8102
vn -0.5095 -0.2230 0.8311
vn -0.5090 -0.2270 0.8303
vn -0.4678 -0.2106 0.8584
vn -0.4645 -0.2152 0.8590
vn -0.4965 -0.2182 0.8402
vn -0.5001 -0.2159 0.8386
vt 0.513556 0.469555
vt 0.514500 0.459777
vt 0.523087 0.458700
vt 0.523044 0.469158
vt 0.515444 0.449998
vt 0.523776 0.449297
vt 0.532117 0.447457
vt 0.531512 0.457361
vt 0.530906 0.467264
vt 0.518523 0.441847
vt 0.524539 0.440992
vt 0.521602 0.433695
vt 0.525299 0.433142
vt 0.528996 0.432588
vt 0.530557 0.440023
vt 0.520943 0.494127
vt 0.517250 0.481841
vt 0.524462 0.481021
vt 0.526530 0.493483
vt 0.531512 0.480051
vt 0.532117 0.492839
vt 0.523087 0.458700
vt 0.523776 0.449297
s 0
f 6499/4647/6264 6517/4648/6264 6534/4649/6264 6518/4650/6264
f 6517/4648/6265 6502/4651/6265 6519/4652/6265 6534/4649/6265
f 6534/4649/6266 6519/4652/6266 6504/4653/6266 6521/4654/6266
f 6518/4650/6267 6534/4649/6267 6521/4654/6267 6503/4655/6267
f 6502/4651/6268 6516/4656/6268 6535/4657/6268 6519/4652/6268
f 6516/4656/6269 6498/4658/6269 6514/4659/6269 6535/4657/6269
f 6535/4657/6270 6514/4659/6270 6500/4660/6270 6520/4661/6270
f 6519/4652/6271 6535/4657/6271 6520/4661/6271 6504/4653/6271
f 6501/4662/6272 6515/4663/6272 6536/4664/6272 6522/4665/6272
f 6515/4663/6273 6499/4647/6273 6518/4650/6273 6536/4664/6273
f 6536/4664/6274 6518/4650/6274 6503/4655/6274 6523/4666/6274
f 6522/4665/6275 6536/4664/6275 6523/4666/6275 6505/4667/6275
f 6507/4647/6276 6528/4650/6276 6537/4668/6276 6527/4648/6276
f 6528/4650/6277 6511/4655/6277 6531/4654/6277 6537/4668/6277
f 6537/4668/6278 6531/4654/6278 6512/4653/6278 6529/4669/6278
f 6527/4648/6279 6537/4668/6279 6529/4669/6279 6510/4651/6279
f 6510/4651/6280 6529/4669/6280 6538/4657/6280 6526/4656/6280
f 6529/4669/6281 6512/4653/6281 6530/4661/6281 6538/4657/6281
f 6538/4657/6282 6530/4661/6282 6508/4660/6282 6524/4659/6282
f 6526/4656/6283 6538/4657/6283 6524/4659/6283 6506/4658/6283
f 6509/4662/6284 6532/4665/6284 6539/4664/6284 6525/4663/6284
f 6532/4665/6285 6513/4667/6285 6533/4666/6285 6539/4664/6285
f 6539/4664/6286 6533/4666/6286 6511/4655/6286 6528/4650/6286
f 6525/4663/6287 6539/4664/6287 6528/4650/6287 6507/4647/6287
o BézierCircle
v -0.102375 0.000000 1.549572
v -0.095102 0.000000 1.513415
v -0.072384 0.000000 1.483973
v -0.039234 0.000000 1.462662
v 0.000000 0.000000 1.456793
v 0.039234 0.000000 1.462662
v 0.072384 0.000000 1.483973
v 0.095102 0.000000 1.513415
v 0.102375 0.000000 1.549572
v 0.095102 0.000000 1.585730
v 0.072384 0.000000 1.615172
v 0.039234 0.000000 1.636483
v 0.000000 0.000000 1.642352
v -0.039234 0.000000 1.636483
v -0.072384 0.000000 1.615172
v -0.095102 0.000000 1.585730
l 6540 6541
l 6541 6542
l 6542 6543
l 6543 6544
l 6544 6545
l 6545 6546
l 6546 6547
l 6547 6548
l 6548 6549
l 6549 6550
l 6550 6551
l 6551 6552
l 6552 6553
l 6553 6554
l 6554 6555
l 6555 6540
o BézierCircle.001
v -0.137652 0.000000 1.764957
v -0.124777 0.000000 1.741334
v -0.097326 0.000000 1.726758
v -0.050162 0.000000 1.712438
v 0.000000 0.000000 1.710930
v 0.050162 0.000000 1.712438
v 0.097326 0.000000 1.726758
v 0.124777 0.000000 1.741334
v 0.137652 0.000000 1.764957
v 0.124777 0.000000 1.788580
v 0.097326 0.000000 1.803156
v 0.050162 0.000000 1.817476
v 0.000000 0.000000 1.818983
v -0.050162 0.000000 1.817476
v -0.097326 0.000000 1.803156
v -0.124777 0.000000 1.788580
l 6556 6557
l 6557 6558
l 6558 6559
l 6559 6560
l 6560 6561
l 6561 6562
l 6562 6563
l 6563 6564
l 6564 6565
l 6565 6566
l 6566 6567
l 6567 6568
l 6568 6569
l 6569 6570
l 6570 6571
l 6571 6556
o BézierCircle.002
v -0.149021 0.000000 2.000776
v -0.141632 0.000000 1.950852
v -0.101131 0.000000 1.906971
v -0.066106 0.000000 1.874609
v -0.022781 0.000000 1.861350
v 0.029665 0.000000 1.877382
v 0.073468 0.000000 1.915650
v 0.117021 0.000000 1.953711
v 0.129494 0.000000 1.999691
v 0.076728 0.000000 2.042388
v -0.004339 0.000000 2.046367
v -0.090304 0.000000 2.044391
l 6572 6573
l 6573 6574
l 6574 6575
l 6575 6576
l 6576 6577
l 6577 6578
l 6578 6579
l 6579 6580
l 6580 6581
l 6581 6582
l 6582 6583
l 6583 6572
o teststrand.001
v 0.112158 2.922309 0.096435
v 0.110397 2.906634 0.090755
v 0.113386 2.894320 0.076107
v 0.120541 2.879488 0.050180
v 0.130737 2.871805 0.021631
v 0.141501 2.865901 -0.007131
v 0.154052 2.867958 -0.035090
v 0.162533 2.872837 -0.051805
v 0.169674 2.885025 -0.060835
v 0.171434 2.900701 -0.055155
v 0.168446 2.913014 -0.040507
v 0.161290 2.927846 -0.014580
v 0.151094 2.935529 0.013969
v 0.140330 2.941433 0.042732
v 0.127779 2.939376 0.070690
v 0.119298 2.934497 0.087405
v 0.176653 2.900578 0.119060
v 0.172341 2.885782 0.112491
v 0.172019 2.874602 0.096696
v 0.174124 2.861496 0.069022
v 0.179765 2.855366 0.038903
v 0.186153 2.850951 0.008633
v 0.195358 2.854141 -0.020473
v 0.202262 2.859550 -0.037725
v 0.209662 2.871640 -0.046656
v 0.213974 2.886436 -0.040087
v 0.214296 2.897615 -0.024292
v 0.212190 2.910722 0.003382
v 0.206550 2.916852 0.033501
v 0.200161 2.921267 0.063771
v 0.190957 2.918076 0.092877
v 0.184052 2.912667 0.110129
v 0.227965 2.875522 0.128415
v 0.221264 2.861969 0.121400
v 0.217900 2.852320 0.105081
v 0.215392 2.841509 0.076634
v 0.216912 2.837391 0.045855
v 0.219353 2.834893 0.014962
v 0.225585 2.839484 -0.014576
v 0.231117 2.845512 -0.032005
v 0.238834 2.857367 -0.040820
v 0.245535 2.870920 -0.033805
v 0.248900 2.880569 -0.017486
v 0.251408 2.891380 0.010961
v 0.249888 2.895499 0.041740
v 0.247447 2.897996 0.072633
v 0.241215 2.893406 0.102171
v 0.235683 2.887377 0.119600
v 0.265845 2.851576 0.129500
v 0.257613 2.839219 0.122456
v 0.252405 2.830877 0.106218
v 0.247154 2.821938 0.077951
v 0.246301 2.819334 0.047419
v 0.246488 2.818247 0.016784
v 0.251112 2.823715 -0.012460
v 0.255956 2.830037 -0.029693
v 0.264017 2.841446 -0.038349
v 0.272249 2.853803 -0.031305
v 0.277457 2.862146 -0.015066
v 0.282708 2.871084 0.013201
v 0.283561 2.873688 0.043733
v 0.283375 2.874775 0.074368
v 0.278750 2.869308 0.103611
v 0.273906 2.862985 0.120845
v 0.294573 2.830215 0.127369
v 0.285363 2.819080 0.120505
v 0.279130 2.811827 0.104691
v 0.272437 2.804307 0.077165
v 0.270458 2.802630 0.047436
v 0.269608 2.802342 0.017608
v 0.273640 2.808016 -0.010862
v 0.278324 2.814193 -0.027639
v 0.286808 2.824825 -0.036061
v 0.296018 2.835961 -0.029198
v 0.302251 2.843213 -0.013383
v 0.308943 2.850734 0.014143
v 0.310923 2.852411 0.043872
v 0.311773 2.852698 0.073700
v 0.307741 2.847025 0.102170
v 0.303056 2.840847 0.118947
v 0.318765 2.808214 0.123066
v 0.308547 2.798756 0.116537
v 0.301316 2.792916 0.101397
v 0.293252 2.787176 0.075019
v 0.290255 2.786563 0.046497
v 0.288484 2.787157 0.017872
v 0.292065 2.792881 -0.009481
v 0.296687 2.798710 -0.025613
v 0.305681 2.808164 -0.033752
v 0.315898 2.817623 -0.027222
v 0.323129 2.823462 -0.012082
v 0.331193 2.829203 0.014296
v 0.334190 2.829816 0.042818
v 0.335961 2.829221 0.071442
v 0.332380 2.823498 0.098795
v 0.327758 2.817668 0.114928
v 0.339383 2.783740 0.116542
v 0.328261 2.776428 0.110511
v 0.320172 2.772323 0.096275
v 0.310955 2.768712 0.071402
v 0.307142 2.769275 0.044419
v 0.304645 2.770806 0.017321
v 0.307929 2.776385 -0.008655
v 0.312564 2.781635 -0.024014
v 0.322066 2.789484 -0.031864
v 0.333187 2.796796 -0.025834
v 0.341276 2.800901 -0.011597
v 0.350493 2.804512 0.013276
v 0.354306 2.803949 0.040258
v 0.356804 2.802418 0.067357
v 0.353520 2.796839 0.093333
v 0.348884 2.791589 0.108692
v 0.356266 2.755113 0.107978
v 0.344636 2.750293 0.102574
v 0.336178 2.747924 0.089409
v 0.326541 2.746223 0.066296
v 0.322555 2.747445 0.041083
v 0.319946 2.749333 0.015732
v 0.323382 2.753959 -0.008697
v 0.328232 2.758030 -0.023202
v 0.338169 2.763648 -0.030777
v 0.349800 2.768467 -0.025373
v 0.358258 2.770837 -0.012208
v 0.367895 2.772538 0.010905
v 0.371881 2.771316 0.036118
v 0.374490 2.769428 0.061469
v 0.371053 2.764802 0.085898
v 0.366204 2.760731 0.100403
v 0.370155 2.713538 0.097255
v 0.358894 2.710919 0.092515
v 0.350795 2.709806 0.080619
v 0.341646 2.709232 0.059643
v 0.338015 2.710336 0.036647
v 0.335724 2.711816 0.013500
v 0.339305 2.714819 -0.008909
v 0.344164 2.717346 -0.022264
v 0.353905 2.720628 -0.029368
v 0.365166 2.723247 -0.024629
v 0.373265 2.724360 -0.012733
v 0.382414 2.724934 0.008243
v 0.386045 2.723830 0.031239
v 0.388336 2.722350 0.054386
v 0.384755 2.719347 0.076795
v 0.379896 2.716820 0.090150
v 0.382147 2.646688 0.083876
v 0.372189 2.645443 0.079850
v 0.365076 2.644976 0.069591
v 0.357086 2.644827 0.051464
v 0.354001 2.645507 0.031543
v 0.352105 2.646372 0.011481
v 0.355413 2.647972 -0.007986
v 0.359800 2.649285 -0.019608
v 0.368480 2.650926 -0.025844
v 0.378438 2.652171 -0.021818
v 0.385551 2.652638 -0.011559
v 0.393541 2.652786 0.006567
v 0.396626 2.652107 0.026489
v 0.398522 2.651242 0.046551
v 0.395214 2.649642 0.066017
v 0.390827 2.648329 0.077639
v 0.384307 2.631895 0.073459
v 0.376153 2.630876 0.070162
v 0.370328 2.630493 0.061761
v 0.363785 2.630372 0.046917
v 0.361258 2.630929 0.030604
v 0.359706 2.631636 0.014175
v 0.362415 2.632947 -0.001767
v 0.366008 2.634022 -0.011284
v 0.373115 2.635366 -0.016391
v 0.381270 2.636385 -0.013094
v 0.387095 2.636768 -0.004693
v 0.393638 2.636889 0.010151
v 0.396164 2.636333 0.026464
v 0.397717 2.635625 0.042893
v 0.395008 2.634314 0.058835
v 0.391415 2.633239 0.068352
v 0.383520 2.623268 0.057160
v 0.378270 2.622612 0.055037
v 0.374519 2.622365 0.049628
v 0.370306 2.622287 0.040070
v 0.368680 2.622646 0.029566
v 0.367680 2.623101 0.018988
v 0.369424 2.623945 0.008724
v 0.371738 2.624638 0.002596
v 0.376314 2.625503 -0.000692
v 0.381565 2.626159 0.001431
v 0.385315 2.626406 0.006840
v 0.389528 2.626484 0.016397
v 0.391155 2.626125 0.026901
v 0.392154 2.625669 0.037479
v 0.390410 2.624825 0.047743
v 0.388097 2.624133 0.053871
v 0.379766 2.621309 0.027327
vn -0.2592 0.2118 0.9423
vn -0.4326 -0.5112 0.7426
vn -0.4230 -0.7848 0.4530
vn -0.3866 -0.8870 0.2525
vn -0.3466 -0.9331 0.0957
vn -0.2998 -0.9525 -0.0541
vn -0.2183 -0.9379 -0.2697
vn -0.0587 -0.8033 -0.5926
vn 0.2730 -0.1845 -0.9442
vn 0.4359 0.5370 -0.7222
vn 0.4224 0.7906 -0.4434
vn 0.3844 0.8916 -0.2393
vn 0.3469 0.9333 -0.0926
vn 0.2979 0.9523 0.0655
vn 0.2185 0.9359 0.2763
vn 0.0590 0.7986 0.5990
vn -0.1831 0.1822 0.9661
vn -0.4132 -0.5185 0.7486
vn -0.4395 -0.7782 0.4487
vn -0.4229 -0.8729 0.2433
vn -0.3964 -0.9144 0.0825
vn -0.3609 -0.9299 -0.0704
vn -0.2928 -0.9109 -0.2906
vn -0.1448 -0.7717 -0.6193
vn 0.2052 -0.1544 -0.9665
vn 0.4249 0.5427 -0.7245
vn 0.4440 0.7820 -0.4375
vn 0.4252 0.8759 -0.2283
vn 0.3996 0.9133 -0.0786
vn 0.3619 0.9285 0.0830
vn 0.2953 0.9078 0.2979
vn 0.1485 0.7656 0.6259
vn -0.0442 0.1120 0.9927
vn -0.3794 -0.5379 0.7528
vn -0.4703 -0.7645 0.4409
vn -0.4885 -0.8422 0.2280
vn -0.4854 -0.8720 0.0635
vn -0.4684 -0.8784 -0.0946
vn -0.4220 -0.8487 -0.3187
vn -0.2914 -0.7001 -0.6519
vn 0.0910 -0.1039 -0.9904
vn 0.4139 0.5429 -0.7307
vn 0.4904 0.7577 -0.4305
vn 0.5043 0.8364 -0.2149
vn 0.4987 0.8647 -0.0597
vn 0.4811 0.8704 0.1050
vn 0.4367 0.8389 0.3250
vn 0.3132 0.6856 0.6571
vn 0.0516 0.0447 0.9977
vn -0.3611 -0.5566 0.7482
vn -0.4957 -0.7515 0.4353
vn -0.5362 -0.8150 0.2196
vn -0.5466 -0.8355 0.0565
vn -0.5383 -0.8362 -0.1049
vn -0.5006 -0.8009 -0.3286
vn -0.3713 -0.6505 -0.6626
vn 0.0410 -0.0844 -0.9956
vn 0.4296 0.5224 -0.7366
vn 0.5407 0.7229 -0.4302
vn 0.5733 0.7910 -0.2138
vn 0.5796 0.8130 -0.0547
vn 0.5744 0.8113 0.1090
vn 0.5439 0.7711 0.3311
vn 0.4346 0.6093 0.6632
vn 0.1166 -0.0066 0.9932
vn -0.3597 -0.5614 0.7453
vn -0.5266 -0.7315 0.4331
vn -0.5807 -0.7844 0.2178
vn -0.5982 -0.7994 0.0549
vn -0.5922 -0.7986 -0.1070
vn -0.5545 -0.7637 -0.3306
vn -0.4141 -0.6213 -0.6652
vn 0.0396 -0.0868 -0.9954
vn 0.4719 0.4842 -0.7368
vn 0.6005 0.6733 -0.4314
vn 0.6425 0.7355 -0.2150
vn 0.6546 0.7539 -0.0557
vn 0.6557 0.7473 0.1075
vn 0.6317 0.7018 0.3293
vn 0.5265 0.5366 0.6594
vn 0.1703 -0.0637 0.9833
vn -0.3774 -0.5531 0.7428
vn -0.5778 -0.6918 0.4332
vn -0.6455 -0.7316 0.2192
vn -0.6702 -0.7400 0.0565
vn -0.6672 -0.7374 -0.1050
vn -0.6299 -0.7036 -0.3290
vn -0.4779 -0.5747 -0.6643
vn 0.0290 -0.0879 -0.9957
vn 0.5190 0.4302 -0.7386
vn 0.6700 0.6007 -0.4361
vn 0.7231 0.6547 -0.2200
vn 0.7411 0.6686 -0.0616
vn 0.7471 0.6569 0.1011
vn 0.7269 0.6067 0.3219
vn 0.6191 0.4417 0.6493
vn 0.2070 -0.1266 0.9701
vn -0.4170 -0.5248 0.7421
vn -0.6492 -0.6219 0.4380
vn -0.7304 -0.6445 0.2262
vn -0.7625 -0.6437 0.0650
vn -0.7646 -0.6373 -0.0963
vn -0.7304 -0.6032 -0.3205
vn -0.5703 -0.4903 -0.6590
vn -0.0041 -0.0722 -0.9974
vn 0.5588 0.3637 -0.7453
vn 0.7398 0.5029 -0.4470
vn 0.8066 0.5434 -0.2325
vn 0.8315 0.5505 -0.0750
vn 0.8416 0.5331 0.0863
vn 0.8226 0.4790 0.3063
vn 0.7064 0.3201 0.6313
vn 0.2141 -0.1679 0.9623
vn -0.4848 -0.4459 0.7525
vn -0.7409 -0.4950 0.4540
vn -0.8315 -0.4996 0.2430
vn -0.8675 -0.4904 0.0836
vn -0.8730 -0.4813 -0.0793
vn -0.8387 -0.4516 -0.3044
vn -0.6663 -0.3656 -0.6499
vn -0.0375 -0.0542 -0.9978
vn 0.5972 0.2632 -0.7577
vn 0.8078 0.3625 -0.4648
vn 0.8862 0.3883 -0.2528
vn 0.9161 0.3895 -0.0951
vn 0.9270 0.3695 0.0643
vn 0.9042 0.3181 0.2849
vn 0.7720 0.1825 0.6088
vn 0.1839 -0.1736 0.9675
vn -0.5542 -0.3274 0.7653
vn -0.8145 -0.3383 0.4713
vn -0.9066 -0.3317 0.2610
vn -0.9417 -0.3203 0.1028
vn -0.9478 -0.3132 -0.0604
vn -0.9118 -0.2949 -0.2858
vn -0.7332 -0.2468 -0.6336
vn -0.0695 -0.0606 -0.9957
vn 0.6207 0.1423 -0.7710
vn 0.8520 0.2085 -0.4801
vn 0.9364 0.2245 -0.2699
vn 0.9682 0.2240 -0.1117
vn 0.9773 0.2064 0.0473
vn 0.9487 0.1658 0.2694
vn 0.7983 0.0642 0.5988
vn 0.1692 -0.3479 0.9221
vn -0.5295 -0.4201 0.7370
vn -0.7967 -0.3883 0.4632
vn -0.8943 -0.3642 0.2601
vn -0.9316 -0.3490 0.1020
vn -0.9326 -0.3552 -0.0636
vn -0.8860 -0.3663 -0.2842
vn -0.6916 -0.3768 -0.6162
vn -0.0631 -0.2839 -0.9568
vn 0.6163 -0.1080 -0.7800
vn 0.8685 0.0047 -0.4957
vn 0.9568 0.0469 -0.2870
vn 0.9906 0.0622 -0.1217
vn 0.9983 0.0386 0.0430
vn 0.9641 -0.0158 0.2651
vn 0.7905 -0.1485 0.5942
vn 0.2026 -0.6954 0.6894
vn -0.3887 -0.7224 0.5718
vn -0.6549 -0.6480 0.3889
vn -0.7726 -0.5942 0.2236
vn -0.8220 -0.5637 0.0808
vn -0.8054 -0.5886 -0.0704
vn -0.7270 -0.6347 -0.2620
vn -0.5118 -0.6975 -0.5015
vn 0.0265 -0.6624 -0.7487
vn 0.5884 -0.4911 -0.6423
vn 0.8206 -0.3504 -0.4514
vn 0.9221 -0.2720 -0.2753
vn 0.9624 -0.2391 -0.1289
vn 0.9607 -0.2768 0.0221
vn 0.9078 -0.3615 0.2128
vn 0.7294 -0.5135 0.4521
vn 0.1799 -0.9325 0.3132
vn -0.1729 -0.9467 0.2719
vn -0.3280 -0.9247 0.1934
vn -0.4326 -0.8956 0.1034
vn -0.4654 -0.8848 0.0241
vn -0.4548 -0.8885 -0.0604
vn -0.3740 -0.9105 -0.1766
vn -0.2408 -0.9260 -0.2908
vn 0.0898 -0.9062 -0.4133
vn 0.4270 -0.8271 -0.3656
vn 0.5669 -0.7735 -0.2834
vn 0.6579 -0.7288 -0.1899
vn 0.6831 -0.7216 -0.1126
vn 0.6764 -0.7359 -0.0314
vn 0.6120 -0.7871 0.0767
vn 0.4976 -0.8469 0.1877
vn 0.1350 -0.9892 -0.0579
vt 0.525460 0.970200
vt 0.525671 0.959988
vt 0.528124 0.959830
vt 0.527964 0.970122
vt 0.522914 0.969977
vt 0.523210 0.960070
vt 0.519946 0.969545
vt 0.520352 0.960059
vt 0.515249 0.968633
vt 0.515773 0.959867
vt 0.510521 0.967631
vt 0.511070 0.959560
vt 0.505882 0.966689
vt 0.506307 0.959272
vt 0.501385 0.966088
vt 0.501551 0.959150
vt 0.498576 0.965978
vt 0.498491 0.959222
vt 0.496124 0.966162
vt 0.495825 0.959406
vt 0.493649 0.966692
vt 0.493166 0.959639
vt 0.490720 0.967417
vt 0.490139 0.959915
vt 0.485952 0.968525
vt 0.485413 0.960255
vt 0.481015 0.969403
vt 0.480682 0.960401
vt 0.476100 0.969994
vt 0.476016 0.960326
vt 0.471380 0.970200
vt 0.471489 0.960043
vt 0.468499 0.970131
vt 0.468649 0.959772
vt 0.525230 0.952193
vt 0.527661 0.951914
vt 0.522808 0.952435
vt 0.520004 0.952663
vt 0.515519 0.952950
vt 0.510891 0.953200
vt 0.506188 0.953476
vt 0.501486 0.953799
vt 0.498480 0.954011
vt 0.495858 0.954151
vt 0.493261 0.954165
vt 0.490301 0.954075
vt 0.485690 0.953791
vt 0.481083 0.953338
vt 0.476545 0.952760
vt 0.472122 0.952114
vt 0.469328 0.951701
vt 0.524542 0.946267
vt 0.526929 0.945888
vt 0.522151 0.946576
vt 0.519389 0.946894
vt 0.514988 0.947395
vt 0.510458 0.947913
vt 0.505894 0.948463
vt 0.501357 0.948987
vt 0.498484 0.949286
vt 0.495997 0.949414
vt 0.493541 0.949316
vt 0.490714 0.949039
vt 0.486276 0.948435
vt 0.481807 0.947657
vt 0.477382 0.946793
vt 0.473057 0.945925
vt 0.470319 0.945423
vt 0.523866 0.941542
vt 0.526173 0.941062
vt 0.521537 0.941884
vt 0.518839 0.942218
vt 0.514546 0.942781
vt 0.510136 0.943379
vt 0.505682 0.944004
vt 0.501288 0.944577
vt 0.498525 0.944890
vt 0.496141 0.945014
vt 0.493779 0.944844
vt 0.491068 0.944475
vt 0.486800 0.943723
vt 0.482499 0.942795
vt 0.478237 0.941806
vt 0.474059 0.940830
vt 0.471406 0.940273
vt 0.523057 0.937213
vt 0.525239 0.936613
vt 0.520828 0.937628
vt 0.518236 0.938028
vt 0.514105 0.938717
vt 0.509854 0.939440
vt 0.505548 0.940152
vt 0.501295 0.940747
vt 0.498616 0.941045
vt 0.496305 0.941120
vt 0.494028 0.940848
vt 0.491432 0.940349
vt 0.487365 0.939404
vt 0.483279 0.938295
vt 0.479234 0.937148
vt 0.475263 0.936038
vt 0.472736 0.935395
vt 0.522002 0.932949
vt 0.524030 0.932243
vt 0.519905 0.933458
vt 0.517457 0.933966
vt 0.513549 0.934837
vt 0.509517 0.935717
vt 0.505415 0.936518
vt 0.501347 0.937109
vt 0.498777 0.937346
vt 0.496559 0.937328
vt 0.494391 0.936940
vt 0.491940 0.936294
vt 0.488125 0.935125
vt 0.484310 0.933811
vt 0.480542 0.932482
vt 0.476835 0.931209
vt 0.474472 0.930461
vt 0.520644 0.928449
vt 0.522514 0.927678
vt 0.518703 0.929047
vt 0.516428 0.929663
vt 0.512802 0.930668
vt 0.509071 0.931621
vt 0.505254 0.932403
vt 0.501457 0.932871
vt 0.499061 0.932970
vt 0.497009 0.932829
vt 0.495011 0.932345
vt 0.492759 0.931593
vt 0.489263 0.930262
vt 0.485781 0.928807
vt 0.482348 0.927359
vt 0.478950 0.925987
vt 0.476780 0.925159
vt 0.518573 0.922339
vt 0.520251 0.921548
vt 0.516845 0.922966
vt 0.514827 0.923606
vt 0.511650 0.924587
vt 0.508430 0.925486
vt 0.505149 0.926224
vt 0.501839 0.926616
vt 0.499724 0.926639
vt 0.497901 0.926427
vt 0.496116 0.925928
vt 0.494133 0.925137
vt 0.491104 0.923706
vt 0.488140 0.922139
vt 0.485180 0.920619
vt 0.482203 0.919155
vt 0.480299 0.918221
vt 0.514530 0.912522
vt 0.515777 0.911538
vt 0.513176 0.913204
vt 0.511568 0.913781
vt 0.509059 0.914602
vt 0.506591 0.915385
vt 0.504304 0.916360
vt 0.502075 0.917150
vt 0.500649 0.917433
vt 0.499415 0.917378
vt 0.498268 0.916834
vt 0.497031 0.915948
vt 0.495168 0.914293
vt 0.493218 0.912548
vt 0.490952 0.910961
vt 0.488527 0.909484
vt 0.486912 0.908592
vt 0.512474 0.910328
vt 0.512724 0.909042
vt 0.500778 0.915209
vt 0.501855 0.914721
vt 0.489804 0.906948
vt 0.491198 0.907823
vt 0.496772 0.912328
vt 0.497997 0.913853
vt 0.505358 0.912859
vt 0.507578 0.912196
vt 0.499732 0.915291
vt 0.495355 0.910746
vt 0.511370 0.911073
vt 0.503540 0.913811
vt 0.498806 0.914756
vt 0.493359 0.909267
vt 0.509895 0.911521
vt 0.501731 0.912608
vt 0.502818 0.911853
vt 0.494216 0.907287
vt 0.495910 0.908626
vt 0.501002 0.913074
vt 0.509438 0.909057
vt 0.509029 0.908263
vt 0.493172 0.906324
vt 0.500183 0.913156
vt 0.508793 0.909735
vt 0.499483 0.912722
vt 0.507579 0.910182
vt 0.499027 0.911996
vt 0.505699 0.910725
vt 0.498331 0.910873
vt 0.503982 0.911142
vt 0.497484 0.909757
vt 0.501360 0.909244
s 1
f 6584/4670/6288 6600/4671/6304 6615/4672/6319 6599/4673/6303
f 6585/4674/6289 6601/4675/6305 6600/4671/6304 6584/4670/6288
f 6586/4676/6290 6602/4677/6306 6601/4675/6305 6585/4674/6289
f 6587/4678/6291 6603/4679/6307 6602/4677/6306 6586/4676/6290
f 6588/4680/6292 6604/4681/6308 6603/4679/6307 6587/4678/6291
f 6589/4682/6293 6605/4683/6309 6604/4681/6308 6588/4680/6292
f 6590/4684/6294 6606/4685/6310 6605/4683/6309 6589/4682/6293
f 6591/4686/6295 6607/4687/6311 6606/4685/6310 6590/4684/6294
f 6592/4688/6296 6608/4689/6312 6607/4687/6311 6591/4686/6295
f 6593/4690/6297 6609/4691/6313 6608/4689/6312 6592/4688/6296
f 6594/4692/6298 6610/4693/6314 6609/4691/6313 6593/4690/6297
f 6595/4694/6299 6611/4695/6315 6610/4693/6314 6594/4692/6298
f 6596/4696/6300 6612/4697/6316 6611/4695/6315 6595/4694/6299
f 6597/4698/6301 6613/4699/6317 6612/4697/6316 6596/4696/6300
f 6598/4700/6302 6614/4701/6318 6613/4699/6317 6597/4698/6301
f 6599/4702/6303 6615/4703/6319 6614/4701/6318 6598/4700/6302
f 6600/4671/6304 6616/4704/6320 6631/4705/6335 6615/4672/6319
f 6601/4675/6305 6617/4706/6321 6616/4704/6320 6600/4671/6304
f 6602/4677/6306 6618/4707/6322 6617/4706/6321 6601/4675/6305
f 6603/4679/6307 6619/4708/6323 6618/4707/6322 6602/4677/6306
f 6604/4681/6308 6620/4709/6324 6619/4708/6323 6603/4679/6307
f 6605/4683/6309 6621/4710/6325 6620/4709/6324 6604/4681/6308
f 6606/4685/6310 6622/4711/6326 6621/4710/6325 6605/4683/6309
f 6607/4687/6311 6623/4712/6327 6622/4711/6326 6606/4685/6310
f 6608/4689/6312 6624/4713/6328 6623/4712/6327 6607/4687/6311
f 6609/4691/6313 6625/4714/6329 6624/4713/6328 6608/4689/6312
f 6610/4693/6314 6626/4715/6330 6625/4714/6329 6609/4691/6313
f 6611/4695/6315 6627/4716/6331 6626/4715/6330 6610/4693/6314
f 6612/4697/6316 6628/4717/6332 6627/4716/6331 6611/4695/6315
f 6613/4699/6317 6629/4718/6333 6628/4717/6332 6612/4697/6316
f 6614/4701/6318 6630/4719/6334 6629/4718/6333 6613/4699/6317
f 6615/4703/6319 6631/4720/6335 6630/4719/6334 6614/4701/6318
f 6616/4704/6320 6632/4721/6336 6647/4722/6351 6631/4705/6335
f 6617/4706/6321 6633/4723/6337 6632/4721/6336 6616/4704/6320
f 6618/4707/6322 6634/4724/6338 6633/4723/6337 6617/4706/6321
f 6619/4708/6323 6635/4725/6339 6634/4724/6338 6618/4707/6322
f 6620/4709/6324 6636/4726/6340 6635/4725/6339 6619/4708/6323
f 6621/4710/6325 6637/4727/6341 6636/4726/6340 6620/4709/6324
f 6622/4711/6326 6638/4728/6342 6637/4727/6341 6621/4710/6325
f 6623/4712/6327 6639/4729/6343 6638/4728/6342 6622/4711/6326
f 6624/4713/6328 6640/4730/6344 6639/4729/6343 6623/4712/6327
f 6625/4714/6329 6641/4731/6345 6640/4730/6344 6624/4713/6328
f 6626/4715/6330 6642/4732/6346 6641/4731/6345 6625/4714/6329
f 6627/4716/6331 6643/4733/6347 6642/4732/6346 6626/4715/6330
f 6628/4717/6332 6644/4734/6348 6643/4733/6347 6627/4716/6331
f 6629/4718/6333 6645/4735/6349 6644/4734/6348 6628/4717/6332
f 6630/4719/6334 6646/4736/6350 6645/4735/6349 6629/4718/6333
f 6631/4720/6335 6647/4737/6351 6646/4736/6350 6630/4719/6334
f 6632/4721/6336 6648/4738/6352 6663/4739/6367 6647/4722/6351
f 6633/4723/6337 6649/4740/6353 6648/4738/6352 6632/4721/6336
f 6634/4724/6338 6650/4741/6354 6649/4740/6353 6633/4723/6337
f 6635/4725/6339 6651/4742/6355 6650/4741/6354 6634/4724/6338
f 6636/4726/6340 6652/4743/6356 6651/4742/6355 6635/4725/6339
f 6637/4727/6341 6653/4744/6357 6652/4743/6356 6636/4726/6340
f 6638/4728/6342 6654/4745/6358 6653/4744/6357 6637/4727/6341
f 6639/4729/6343 6655/4746/6359 6654/4745/6358 6638/4728/6342
f 6640/4730/6344 6656/4747/6360 6655/4746/6359 6639/4729/6343
f 6641/4731/6345 6657/4748/6361 6656/4747/6360 6640/4730/6344
f 6642/4732/6346 6658/4749/6362 6657/4748/6361 6641/4731/6345
f 6643/4733/6347 6659/4750/6363 6658/4749/6362 6642/4732/6346
f 6644/4734/6348 6660/4751/6364 6659/4750/6363 6643/4733/6347
f 6645/4735/6349 6661/4752/6365 6660/4751/6364 6644/4734/6348
f 6646/4736/6350 6662/4753/6366 6661/4752/6365 6645/4735/6349
f 6647/4737/6351 6663/4754/6367 6662/4753/6366 6646/4736/6350
f 6648/4738/6352 6664/4755/6368 6679/4756/6383 6663/4739/6367
f 6649/4740/6353 6665/4757/6369 6664/4755/6368 6648/4738/6352
f 6650/4741/6354 6666/4758/6370 6665/4757/6369 6649/4740/6353
f 6651/4742/6355 6667/4759/6371 6666/4758/6370 6650/4741/6354
f 6652/4743/6356 6668/4760/6372 6667/4759/6371 6651/4742/6355
f 6653/4744/6357 6669/4761/6373 6668/4760/6372 6652/4743/6356
f 6654/4745/6358 6670/4762/6374 6669/4761/6373 6653/4744/6357
f 6655/4746/6359 6671/4763/6375 6670/4762/6374 6654/4745/6358
f 6656/4747/6360 6672/4764/6376 6671/4763/6375 6655/4746/6359
f 6657/4748/6361 6673/4765/6377 6672/4764/6376 6656/4747/6360
f 6658/4749/6362 6674/4766/6378 6673/4765/6377 6657/4748/6361
f 6659/4750/6363 6675/4767/6379 6674/4766/6378 6658/4749/6362
f 6660/4751/6364 6676/4768/6380 6675/4767/6379 6659/4750/6363
f 6661/4752/6365 6677/4769/6381 6676/4768/6380 6660/4751/6364
f 6662/4753/6366 6678/4770/6382 6677/4769/6381 6661/4752/6365
f 6663/4754/6367 6679/4771/6383 6678/4770/6382 6662/4753/6366
f 6664/4755/6368 6680/4772/6384 6695/4773/6399 6679/4756/6383
f 6665/4757/6369 6681/4774/6385 6680/4772/6384 6664/4755/6368
f 6666/4758/6370 6682/4775/6386 6681/4774/6385 6665/4757/6369
f 6667/4759/6371 6683/4776/6387 6682/4775/6386 6666/4758/6370
f 6668/4760/6372 6684/4777/6388 6683/4776/6387 6667/4759/6371
f 6669/4761/6373 6685/4778/6389 6684/4777/6388 6668/4760/6372
f 6670/4762/6374 6686/4779/6390 6685/4778/6389 6669/4761/6373
f 6671/4763/6375 6687/4780/6391 6686/4779/6390 6670/4762/6374
f 6672/4764/6376 6688/4781/6392 6687/4780/6391 6671/4763/6375
f 6673/4765/6377 6689/4782/6393 6688/4781/6392 6672/4764/6376
f 6674/4766/6378 6690/4783/6394 6689/4782/6393 6673/4765/6377
f 6675/4767/6379 6691/4784/6395 6690/4783/6394 6674/4766/6378
f 6676/4768/6380 6692/4785/6396 6691/4784/6395 6675/4767/6379
f 6677/4769/6381 6693/4786/6397 6692/4785/6396 6676/4768/6380
f 6678/4770/6382 6694/4787/6398 6693/4786/6397 6677/4769/6381
f 6679/4771/6383 6695/4788/6399 6694/4787/6398 6678/4770/6382
f 6680/4772/6384 6696/4789/6400 6711/4790/6415 6695/4773/6399
f 6681/4774/6385 6697/4791/6401 6696/4789/6400 6680/4772/6384
f 6682/4775/6386 6698/4792/6402 6697/4791/6401 6681/4774/6385
f 6683/4776/6387 6699/4793/6403 6698/4792/6402 6682/4775/6386
f 6684/4777/6388 6700/4794/6404 6699/4793/6403 6683/4776/6387
f 6685/4778/6389 6701/4795/6405 6700/4794/6404 6684/4777/6388
f 6686/4779/6390 6702/4796/6406 6701/4795/6405 6685/4778/6389
f 6687/4780/6391 6703/4797/6407 6702/4796/6406 6686/4779/6390
f 6688/4781/6392 6704/4798/6408 6703/4797/6407 6687/4780/6391
f 6689/4782/6393 6705/4799/6409 6704/4798/6408 6688/4781/6392
f 6690/4783/6394 6706/4800/6410 6705/4799/6409 6689/4782/6393
f 6691/4784/6395 6707/4801/6411 6706/4800/6410 6690/4783/6394
f 6692/4785/6396 6708/4802/6412 6707/4801/6411 6691/4784/6395
f 6693/4786/6397 6709/4803/6413 6708/4802/6412 6692/4785/6396
f 6694/4787/6398 6710/4804/6414 6709/4803/6413 6693/4786/6397
f 6695/4788/6399 6711/4805/6415 6710/4804/6414 6694/4787/6398
f 6696/4789/6400 6712/4806/6416 6727/4807/6431 6711/4790/6415
f 6697/4791/6401 6713/4808/6417 6712/4806/6416 6696/4789/6400
f 6698/4792/6402 6714/4809/6418 6713/4808/6417 6697/4791/6401
f 6699/4793/6403 6715/4810/6419 6714/4809/6418 6698/4792/6402
f 6700/4794/6404 6716/4811/6420 6715/4810/6419 6699/4793/6403
f 6701/4795/6405 6717/4812/6421 6716/4811/6420 6700/4794/6404
f 6702/4796/6406 6718/4813/6422 6717/4812/6421 6701/4795/6405
f 6703/4797/6407 6719/4814/6423 6718/4813/6422 6702/4796/6406
f 6704/4798/6408 6720/4815/6424 6719/4814/6423 6703/4797/6407
f 6705/4799/6409 6721/4816/6425 6720/4815/6424 6704/4798/6408
f 6706/4800/6410 6722/4817/6426 6721/4816/6425 6705/4799/6409
f 6707/4801/6411 6723/4818/6427 6722/4817/6426 6706/4800/6410
f 6708/4802/6412 6724/4819/6428 6723/4818/6427 6707/4801/6411
f 6709/4803/6413 6725/4820/6429 6724/4819/6428 6708/4802/6412
f 6710/4804/6414 6726/4821/6430 6725/4820/6429 6709/4803/6413
f 6711/4805/6415 6727/4822/6431 6726/4821/6430 6710/4804/6414
f 6712/4806/6416 6728/4823/6432 6743/4824/6447 6727/4807/6431
f 6713/4808/6417 6729/4825/6433 6728/4823/6432 6712/4806/6416
f 6714/4809/6418 6730/4826/6434 6729/4825/6433 6713/4808/6417
f 6715/4810/6419 6731/4827/6435 6730/4826/6434 6714/4809/6418
f 6716/4811/6420 6732/4828/6436 6731/4827/6435 6715/4810/6419
f 6717/4812/6421 6733/4829/6437 6732/4828/6436 6716/4811/6420
f 6718/4813/6422 6734/4830/6438 6733/4829/6437 6717/4812/6421
f 6719/4814/6423 6735/4831/6439 6734/4830/6438 6718/4813/6422
f 6720/4815/6424 6736/4832/6440 6735/4831/6439 6719/4814/6423
f 6721/4816/6425 6737/4833/6441 6736/4832/6440 6720/4815/6424
f 6722/4817/6426 6738/4834/6442 6737/4833/6441 6721/4816/6425
f 6723/4818/6427 6739/4835/6443 6738/4834/6442 6722/4817/6426
f 6724/4819/6428 6740/4836/6444 6739/4835/6443 6723/4818/6427
f 6725/4820/6429 6741/4837/6445 6740/4836/6444 6724/4819/6428
f 6726/4821/6430 6742/4838/6446 6741/4837/6445 6725/4820/6429
f 6727/4822/6431 6743/4839/6447 6742/4838/6446 6726/4821/6430
f 6743/4824/6447 6728/4823/6432 6744/4840/6448 6759/4841/6463
f 6734/4830/6438 6735/4831/6439 6751/4842/6455 6750/4843/6454
f 6742/4838/6446 6743/4839/6447 6759/4844/6463 6758/4845/6462
f 6738/4834/6442 6739/4835/6443 6755/4846/6459 6754/4847/6458
f 6731/4827/6435 6732/4828/6436 6748/4848/6452 6747/4849/6451
f 6735/4831/6439 6736/4832/6440 6752/4850/6456 6751/4842/6455
f 6739/4835/6443 6740/4836/6444 6756/4851/6460 6755/4846/6459
f 6728/4823/6432 6729/4825/6433 6745/4852/6449 6744/4840/6448
f 6732/4828/6436 6733/4829/6437 6749/4853/6453 6748/4848/6452
f 6736/4832/6440 6737/4833/6441 6753/4854/6457 6752/4850/6456
f 6740/4836/6444 6741/4837/6445 6757/4855/6461 6756/4851/6460
f 6729/4825/6433 6730/4826/6434 6746/4856/6450 6745/4852/6449
f 6733/4829/6437 6734/4830/6438 6750/4843/6454 6749/4853/6453
f 6737/4833/6441 6738/4834/6442 6754/4847/6458 6753/4854/6457
f 6741/4837/6445 6742/4838/6446 6758/4845/6462 6757/4855/6461
f 6730/4826/6434 6731/4827/6435 6747/4849/6451 6746/4856/6450
f 6749/4853/6453 6750/4843/6454 6766/4857/6470 6765/4858/6469
f 6757/4855/6461 6758/4845/6462 6774/4859/6478 6773/4860/6477
f 6750/4843/6454 6751/4842/6455 6767/4861/6471 6766/4857/6470
f 6759/4841/6463 6744/4840/6448 6760/4862/6464 6775/4863/6479
f 6758/4845/6462 6759/4844/6463 6775/4864/6479 6774/4859/6478
f 6751/4842/6455 6752/4850/6456 6768/4865/6472 6767/4861/6471
f 6744/4840/6448 6745/4852/6449 6761/4866/6465 6760/4862/6464
f 6752/4850/6456 6753/4854/6457 6769/4867/6473 6768/4865/6472
f 6745/4852/6449 6746/4856/6450 6762/4868/6466 6761/4866/6465
f 6753/4854/6457 6754/4847/6458 6770/4869/6474 6769/4867/6473
f 6746/4856/6450 6747/4849/6451 6763/4870/6467 6762/4868/6466
f 6754/4847/6458 6755/4846/6459 6771/4871/6475 6770/4869/6474
f 6747/4849/6451 6748/4848/6452 6764/4872/6468 6763/4870/6467
f 6755/4846/6459 6756/4851/6460 6772/4873/6476 6771/4871/6475
f 6748/4848/6452 6749/4853/6453 6765/4858/6469 6764/4872/6468
f 6756/4851/6460 6757/4855/6461 6773/4860/6477 6772/4873/6476
f 6770/4869/6474 6771/4871/6475 6776/4874/6480
f 6763/4870/6467 6764/4872/6468 6776/4874/6480
f 6771/4871/6475 6772/4873/6476 6776/4874/6480
f 6764/4872/6468 6765/4858/6469 6776/4874/6480
f 6772/4873/6476 6773/4860/6477 6776/4874/6480
f 6765/4858/6469 6766/4857/6470 6776/4874/6480
f 6773/4860/6477 6774/4859/6478 6776/4874/6480
f 6766/4857/6470 6767/4861/6471 6776/4874/6480
f 6775/4863/6479 6760/4862/6464 6776/4874/6480
f 6774/4859/6478 6775/4864/6479 6776/4874/6480
f 6767/4861/6471 6768/4865/6472 6776/4874/6480
f 6760/4862/6464 6761/4866/6465 6776/4874/6480
f 6768/4865/6472 6769/4867/6473 6776/4874/6480
f 6761/4866/6465 6762/4868/6466 6776/4874/6480
f 6769/4867/6473 6770/4869/6474 6776/4874/6480
f 6762/4868/6466 6763/4870/6467 6776/4874/6480
o teststrand2.001
v -0.061693 2.934577 0.115312
v -0.062128 2.912769 0.099376
v -0.053258 2.900165 0.072242
v -0.035082 2.888664 0.027671
v -0.011994 2.889425 -0.017110
v 0.011919 2.893041 -0.061315
v 0.037934 2.908659 -0.100411
v 0.054784 2.923659 -0.121973
v 0.067283 2.946590 -0.128877
v 0.067717 2.968397 -0.112941
v 0.058847 2.981002 -0.085807
v 0.040671 2.992503 -0.041236
v 0.017583 2.991742 0.003545
v -0.006330 2.988125 0.047750
v -0.032345 2.972508 0.086846
v -0.049195 2.957508 0.108408
v 0.133104 2.829947 0.211786
v 0.125712 2.812593 0.193087
v 0.128708 2.803560 0.163918
v 0.139479 2.796419 0.117006
v 0.158125 2.799547 0.071212
v 0.178353 2.805030 0.026320
v 0.204133 2.820267 -0.012032
v 0.222410 2.834013 -0.032489
v 0.239780 2.853576 -0.037066
v 0.247173 2.870930 -0.018368
v 0.244176 2.879963 0.010801
v 0.233406 2.887104 0.057714
v 0.214759 2.883976 0.103507
v 0.194532 2.878493 0.148399
v 0.168751 2.863256 0.186752
v 0.150475 2.849510 0.207208
v 0.208395 2.751204 0.214853
v 0.194628 2.742148 0.196305
v 0.190509 2.740923 0.167968
v 0.190993 2.744239 0.122637
v 0.201183 2.754698 0.078722
v 0.213498 2.766681 0.035751
v 0.234174 2.784466 -0.000612
v 0.250608 2.797972 -0.019821
v 0.270151 2.812788 -0.023575
v 0.283918 2.821844 -0.005027
v 0.288037 2.823068 0.023310
v 0.287553 2.819753 0.068641
v 0.277363 2.809293 0.112556
v 0.265048 2.797311 0.155527
v 0.244373 2.779525 0.191889
v 0.227938 2.766020 0.211099
v 0.250872 2.688767 0.190982
v 0.235475 2.684570 0.174409
v 0.229298 2.687201 0.148691
v 0.226670 2.695190 0.107387
v 0.234093 2.708126 0.067144
v 0.243761 2.722038 0.027712
v 0.262459 2.739292 -0.005895
v 0.277989 2.751354 -0.023778
v 0.297772 2.762442 -0.027655
v 0.313169 2.766639 -0.011081
v 0.319346 2.764009 0.014636
v 0.321974 2.756019 0.055941
v 0.314551 2.743083 0.096183
v 0.304883 2.729171 0.135615
v 0.286186 2.711917 0.169223
v 0.270656 2.699855 0.187106
v 0.275435 2.638276 0.170413
v 0.260821 2.635651 0.155430
v 0.255584 2.637015 0.131671
v 0.254355 2.641445 0.093300
v 0.262987 2.648826 0.055627
v 0.273802 2.656793 0.018645
v 0.293316 2.666794 -0.013177
v 0.309195 2.673828 -0.030271
v 0.328801 2.680393 -0.034450
v 0.343415 2.683018 -0.019468
v 0.348651 2.681653 0.004292
v 0.349880 2.677224 0.042663
v 0.341249 2.669843 0.080335
v 0.330433 2.661876 0.117318
v 0.310919 2.651875 0.149140
v 0.295041 2.644841 0.166234
v 0.296242 2.567801 0.146183
v 0.284332 2.567025 0.134345
v 0.280333 2.567243 0.115343
v 0.279873 2.568177 0.084563
v 0.287585 2.569888 0.054218
v 0.297100 2.571757 0.024399
v 0.313759 2.574188 -0.001390
v 0.327185 2.575930 -0.015311
v 0.343516 2.577625 -0.018916
v 0.355426 2.578401 -0.007078
v 0.359425 2.578184 0.011924
v 0.359885 2.577250 0.042704
v 0.352173 2.575539 0.073049
v 0.342658 2.573670 0.102868
v 0.326000 2.571238 0.128657
v 0.312573 2.569496 0.142579
v 0.303792 2.409131 0.112162
v 0.296449 2.409592 0.104917
v 0.293985 2.409975 0.093251
v 0.293705 2.410451 0.074340
v 0.298465 2.410726 0.055678
v 0.304337 2.410951 0.037334
v 0.314614 2.410946 0.021450
v 0.322896 2.410838 0.012864
v 0.332968 2.410505 0.010611
v 0.340311 2.410043 0.017857
v 0.342775 2.409662 0.029523
v 0.343055 2.409185 0.048433
v 0.338295 2.408910 0.067096
v 0.332423 2.408685 0.085440
v 0.322146 2.408690 0.101324
v 0.313864 2.408798 0.109910
v 0.304749 2.397065 0.104449
v 0.298609 2.397451 0.098391
v 0.296549 2.397771 0.088636
v 0.296315 2.398169 0.072825
v 0.300295 2.398399 0.057220
v 0.305205 2.398587 0.041882
v 0.313797 2.398583 0.028601
v 0.320722 2.398492 0.021422
v 0.329144 2.398214 0.019539
v 0.335284 2.397828 0.025597
v 0.337344 2.397509 0.035351
v 0.337578 2.397111 0.051163
v 0.333598 2.396880 0.066767
v 0.328688 2.396692 0.082105
v 0.320095 2.396697 0.095387
v 0.313171 2.396787 0.102565
v 0.307434 2.384701 0.090779
v 0.303307 2.384960 0.086707
v 0.301922 2.385175 0.080150
v 0.301765 2.385442 0.069523
v 0.304440 2.385597 0.059034
v 0.307740 2.385723 0.048725
v 0.313516 2.385720 0.039798
v 0.318170 2.385660 0.034973
v 0.323831 2.385473 0.033706
v 0.327958 2.385213 0.037778
v 0.329343 2.384999 0.044335
v 0.329500 2.384731 0.054963
v 0.326825 2.384576 0.065451
v 0.323525 2.384450 0.075761
v 0.317749 2.384453 0.084688
v 0.313095 2.384513 0.089513
v 0.310229 2.380916 0.079716
v 0.307707 2.381074 0.077228
v 0.306861 2.381206 0.073221
v 0.306765 2.381369 0.066726
v 0.308400 2.381464 0.060316
v 0.310417 2.381541 0.054016
v 0.313946 2.381539 0.048560
v 0.316791 2.381502 0.045611
v 0.320250 2.381388 0.044837
v 0.322772 2.381229 0.047326
v 0.323618 2.381098 0.051333
v 0.323715 2.380935 0.057828
v 0.322080 2.380840 0.064238
v 0.320063 2.380763 0.070538
v 0.316533 2.380764 0.075994
v 0.313689 2.380802 0.078943
v 0.314863 2.378341 0.062523
vn -0.4477 -0.0097 0.8942
vn -0.5855 -0.6652 0.4634
vn -0.5109 -0.8516 0.1172
vn -0.4285 -0.8989 -0.0911
vn -0.3556 -0.9045 -0.2356
vn -0.2723 -0.8866 -0.3740
vn -0.1454 -0.8226 -0.5497
vn 0.0906 -0.6129 -0.7849
vn 0.4938 0.0588 -0.8676
vn 0.5964 0.6736 -0.4365
vn 0.5193 0.8476 -0.1092
vn 0.4386 0.8934 0.0973
vn 0.3685 0.8979 0.2410
vn 0.2904 0.8792 0.3776
vn 0.1675 0.8154 0.5542
vn -0.0511 0.6214 0.7819
vn -0.3298 -0.0739 0.9411
vn -0.6158 -0.6293 0.4740
vn -0.6180 -0.7810 0.0900
vn -0.5701 -0.8113 -0.1298
vn -0.5122 -0.8074 -0.2929
vn -0.4377 -0.7869 -0.4350
vn -0.3054 -0.7228 -0.6199
vn -0.0297 -0.5284 -0.8485
vn 0.4895 0.0794 -0.8684
vn 0.6976 0.5981 -0.3944
vn 0.6665 0.7430 -0.0613
vn 0.6038 0.7810 0.1597
vn 0.5451 0.7810 0.3048
vn 0.4719 0.7557 0.4541
vn 0.3558 0.6851 0.6356
vn 0.1282 0.4860 0.8645
vn -0.1600 -0.2931 0.9426
vn -0.6492 -0.6195 0.4413
vn -0.7583 -0.6500 0.0499
vn -0.7600 -0.6260 -0.1746
vn -0.7337 -0.5884 -0.3398
vn -0.6827 -0.5501 -0.4809
vn -0.5708 -0.4744 -0.6701
vn -0.2994 -0.3131 -0.9013
vn 0.3745 0.1369 -0.9171
vn 0.7897 0.4797 -0.3825
vn 0.8383 0.5442 -0.0319
vn 0.8185 0.5404 0.1950
vn 0.7838 0.5185 0.3417
vn 0.7318 0.4706 0.4929
vn 0.6351 0.3791 0.6731
vn 0.4083 0.1698 0.8969
vn -0.1142 -0.4199 0.9004
vn -0.6970 -0.5845 0.4155
vn -0.8409 -0.5386 0.0524
vn -0.8600 -0.4807 -0.1714
vn -0.8439 -0.4279 -0.3235
vn -0.7974 -0.3747 -0.4731
vn -0.6945 -0.2912 -0.6579
vn -0.4233 -0.1332 -0.8961
vn 0.2744 0.2051 -0.9395
vn 0.8032 0.4035 -0.4382
vn 0.9090 0.4104 -0.0731
vn 0.9136 0.3776 0.1510
vn 0.8898 0.3375 0.3073
vn 0.8484 0.2787 0.4500
vn 0.7550 0.1750 0.6319
vn 0.5258 -0.0299 0.8501
vn -0.1557 -0.3980 0.9041
vn -0.7658 -0.4769 0.4314
vn -0.9061 -0.4161 0.0759
vn -0.9189 -0.3651 -0.1497
vn -0.8971 -0.3238 -0.3004
vn -0.8409 -0.2905 -0.4566
vn -0.7256 -0.2427 -0.6439
vn -0.4248 -0.1559 -0.8917
vn 0.3049 0.0502 -0.9511
vn 0.8565 0.1972 -0.4769
vn 0.9694 0.2210 -0.1066
vn 0.9712 0.2068 0.1185
vn 0.9421 0.1818 0.2818
vn 0.8949 0.1376 0.4244
vn 0.7884 0.0562 0.6126
vn 0.5364 -0.1062 0.8372
vn -0.2075 -0.2962 0.9323
vn -0.8381 -0.2886 0.4628
vn -0.9686 -0.2283 0.0987
vn -0.9718 -0.1970 -0.1299
vn -0.9422 -0.1752 -0.2855
vn -0.8814 -0.1715 -0.4401
vn -0.7566 -0.1690 -0.6317
vn -0.4441 -0.1776 -0.8782
vn 0.3197 -0.1375 -0.9375
vn 0.8813 -0.0484 -0.4701
vn 0.9935 -0.0070 -0.1134
vn 0.9937 0.0023 0.1123
vn 0.9622 0.0003 0.2723
vn 0.9083 -0.0206 0.4178
vn 0.7915 -0.0617 0.6081
vn 0.5217 -0.1499 0.8398
vn -0.2563 -0.3639 0.8955
vn -0.8429 -0.2685 0.4663
vn -0.9787 -0.1730 0.1102
vn -0.9839 -0.1356 -0.1167
vn -0.9532 -0.1214 -0.2770
vn -0.8892 -0.1478 -0.4329
vn -0.7614 -0.1971 -0.6176
vn -0.4525 -0.3002 -0.8397
vn 0.2545 -0.3860 -0.8867
vn 0.8114 -0.3547 -0.4647
vn 0.9509 -0.2850 -0.1210
vn 0.9639 -0.2464 0.1007
vn 0.9378 -0.2254 0.2640
vn 0.8793 -0.2364 0.4134
vn 0.7547 -0.2652 0.6001
vn 0.4583 -0.3292 0.8256
vn -0.2483 -0.6256 0.7396
vn -0.7799 -0.4854 0.3952
vn -0.9341 -0.3435 0.0975
vn -0.9533 -0.2795 -0.1142
vn -0.9290 -0.2531 -0.2700
vn -0.8627 -0.2959 -0.4101
vn -0.7258 -0.3795 -0.5738
vn -0.4383 -0.5330 -0.7238
vn 0.1677 -0.6760 -0.7175
vn 0.6783 -0.6258 -0.3850
vn 0.8468 -0.5205 -0.1099
vn 0.8838 -0.4580 0.0956
vn 0.8721 -0.4235 0.2452
vn 0.8095 -0.4439 0.3842
vn 0.6797 -0.4901 0.5458
vn 0.3900 -0.5846 0.7114
vn -0.1918 -0.8367 0.5129
vn -0.6143 -0.7422 0.2679
vn -0.7687 -0.6364 0.0641
vn -0.8186 -0.5641 -0.1079
vn -0.8122 -0.5316 -0.2402
vn -0.7434 -0.5688 -0.3518
vn -0.6031 -0.6458 -0.4681
vn -0.3654 -0.7504 -0.5508
vn 0.1072 -0.8418 -0.5290
vn 0.5115 -0.8103 -0.2859
vn 0.6679 -0.7386 -0.0918
vn 0.7278 -0.6817 0.0752
vn 0.7299 -0.6533 0.2012
vn 0.6659 -0.6781 0.3110
vn 0.5334 -0.7318 0.4243
vn 0.2963 -0.8046 0.5146
vn -0.1131 -0.9655 0.2347
vn -0.3588 -0.9257 0.1195
vn -0.4770 -0.8787 0.0190
vn -0.5387 -0.8377 -0.0896
vn -0.5462 -0.8206 -0.1680
vn -0.4947 -0.8385 -0.2284
vn -0.3815 -0.8791 -0.2859
vn -0.2296 -0.9236 -0.3069
vn 0.0333 -0.9609 -0.2749
vn 0.2678 -0.9503 -0.1588
vn 0.3815 -0.9224 -0.0612
vn 0.4446 -0.8947 0.0434
vn 0.4561 -0.8819 0.1192
vn 0.4097 -0.8944 0.1792
vn 0.3038 -0.9229 0.2365
vn 0.1539 -0.9531 0.2606
vn -0.0472 -0.9986 -0.0238
vt 0.308859 0.962155
vt 0.309067 0.941543
vt 0.311370 0.941215
vt 0.311293 0.962324
vt 0.306419 0.961917
vt 0.306753 0.941798
vt 0.303587 0.961700
vt 0.304034 0.941936
vt 0.299114 0.961361
vt 0.299641 0.942019
vt 0.294581 0.961148
vt 0.295095 0.942013
vt 0.290076 0.961058
vt 0.290480 0.942080
vt 0.285653 0.961231
vt 0.285889 0.942197
vt 0.282857 0.961457
vt 0.282997 0.942335
vt 0.280437 0.961769
vt 0.280519 0.942315
vt 0.277996 0.962043
vt 0.278127 0.942093
vt 0.275144 0.962206
vt 0.275377 0.941848
vt 0.270600 0.962324
vt 0.271064 0.941385
vt 0.265981 0.962190
vt 0.266717 0.940829
vt 0.261415 0.961900
vt 0.262411 0.940176
vt 0.257015 0.961375
vt 0.258178 0.939547
vt 0.314066 0.940826
vt 0.314066 0.962302
vt 0.307367 0.933188
vt 0.309420 0.932501
vt 0.305301 0.933755
vt 0.302882 0.934324
vt 0.298977 0.935218
vt 0.294882 0.936064
vt 0.290644 0.936877
vt 0.286354 0.937421
vt 0.283558 0.937528
vt 0.281133 0.937314
vt 0.278763 0.936671
vt 0.276186 0.935788
vt 0.272261 0.934307
vt 0.268413 0.932786
vt 0.264593 0.931305
vt 0.260808 0.929942
vt 0.311793 0.931692
vt 0.305364 0.927171
vt 0.307268 0.926381
vt 0.303409 0.927824
vt 0.301143 0.928509
vt 0.297558 0.929634
vt 0.293869 0.930709
vt 0.290143 0.931665
vt 0.286401 0.932213
vt 0.284037 0.932320
vt 0.282006 0.932100
vt 0.280052 0.931476
vt 0.277855 0.930471
vt 0.274462 0.928745
vt 0.271100 0.926886
vt 0.267740 0.925077
vt 0.264402 0.923414
vt 0.309412 0.925437
vt 0.303780 0.922377
vt 0.305476 0.921573
vt 0.301983 0.922870
vt 0.299895 0.923277
vt 0.296613 0.923894
vt 0.293305 0.924400
vt 0.290026 0.924795
vt 0.286876 0.925001
vt 0.284917 0.925004
vt 0.283236 0.924820
vt 0.281602 0.924287
vt 0.279751 0.923497
vt 0.276807 0.922124
vt 0.273745 0.920654
vt 0.270658 0.919194
vt 0.267570 0.917791
vt 0.307372 0.920558
vt 0.301817 0.915793
vt 0.303205 0.915203
vt 0.300357 0.916097
vt 0.298653 0.916300
vt 0.295966 0.916547
vt 0.293250 0.916692
vt 0.290542 0.916747
vt 0.287889 0.916683
vt 0.286218 0.916590
vt 0.284781 0.916383
vt 0.283384 0.915921
vt 0.281825 0.915252
vt 0.279372 0.914155
vt 0.276905 0.912982
vt 0.274418 0.911810
vt 0.271988 0.910569
vt 0.304741 0.914404
vt 0.297594 0.901629
vt 0.298368 0.901189
vt 0.296764 0.901859
vt 0.295789 0.901997
vt 0.294249 0.902168
vt 0.292702 0.902322
vt 0.291200 0.902553
vt 0.289740 0.902727
vt 0.288824 0.902768
vt 0.288046 0.902663
vt 0.287328 0.902309
vt 0.286548 0.901772
vt 0.285339 0.900830
vt 0.284089 0.899839
vt 0.282723 0.898906
vt 0.281302 0.898034
vt 0.299251 0.900622
vt 0.297339 0.899988
vt 0.297501 0.899126
vt 0.286262 0.899862
vt 0.287155 0.900758
vt 0.292360 0.901040
vt 0.293772 0.900938
vt 0.288371 0.901662
vt 0.289090 0.901719
vt 0.285319 0.898917
vt 0.296102 0.900786
vt 0.296861 0.900551
vt 0.291072 0.901312
vt 0.287730 0.901304
vt 0.284112 0.898043
vt 0.295192 0.900856
vt 0.289856 0.901577
vt 0.282904 0.897111
vt 0.285139 0.896671
vt 0.286068 0.897392
vt 0.289374 0.900354
vt 0.289917 0.900184
vt 0.295354 0.899323
vt 0.295489 0.898847
vt 0.295224 0.898219
vt 0.288839 0.900341
vt 0.294827 0.899538
vt 0.288394 0.900048
vt 0.294111 0.899568
vt 0.288068 0.899600
vt 0.292911 0.899596
vt 0.287586 0.898882
vt 0.291736 0.899661
vt 0.287021 0.898138
vt 0.290784 0.899905
vt 0.291240 0.899030
vt 0.292104 0.899002
vt 0.288101 0.897979
vt 0.288399 0.898470
vt 0.290629 0.899212
vt 0.287368 0.897410
vt 0.290019 0.899406
vt 0.286521 0.896735
vt 0.289605 0.899522
vt 0.294099 0.898695
vt 0.293993 0.898380
vt 0.293440 0.898080
vt 0.289167 0.899487
vt 0.293721 0.898888
vt 0.288830 0.899266
vt 0.293079 0.898951
vt 0.288653 0.898953
vt 0.290194 0.898075
s 1
f 6777/4875/6481 6793/4876/6497 6808/4877/6512 6792/4878/6496
f 6778/4879/6482 6794/4880/6498 6793/4876/6497 6777/4875/6481
f 6779/4881/6483 6795/4882/6499 6794/4880/6498 6778/4879/6482
f 6780/4883/6484 6796/4884/6500 6795/4882/6499 6779/4881/6483
f 6781/4885/6485 6797/4886/6501 6796/4884/6500 6780/4883/6484
f 6782/4887/6486 6798/4888/6502 6797/4886/6501 6781/4885/6485
f 6783/4889/6487 6799/4890/6503 6798/4888/6502 6782/4887/6486
f 6784/4891/6488 6800/4892/6504 6799/4890/6503 6783/4889/6487
f 6785/4893/6489 6801/4894/6505 6800/4892/6504 6784/4891/6488
f 6786/4895/6490 6802/4896/6506 6801/4894/6505 6785/4893/6489
f 6787/4897/6491 6803/4898/6507 6802/4896/6506 6786/4895/6490
f 6788/4899/6492 6804/4900/6508 6803/4898/6507 6787/4897/6491
f 6789/4901/6493 6805/4902/6509 6804/4900/6508 6788/4899/6492
f 6790/4903/6494 6806/4904/6510 6805/4902/6509 6789/4901/6493
f 6791/4905/6495 6807/4906/6511 6806/4904/6510 6790/4903/6494
f 6792/4878/6496 6808/4877/6512 6807/4907/6511 6791/4908/6495
f 6793/4876/6497 6809/4909/6513 6824/4910/6528 6808/4877/6512
f 6794/4880/6498 6810/4911/6514 6809/4909/6513 6793/4876/6497
f 6795/4882/6499 6811/4912/6515 6810/4911/6514 6794/4880/6498
f 6796/4884/6500 6812/4913/6516 6811/4912/6515 6795/4882/6499
f 6797/4886/6501 6813/4914/6517 6812/4913/6516 6796/4884/6500
f 6798/4888/6502 6814/4915/6518 6813/4914/6517 6797/4886/6501
f 6799/4890/6503 6815/4916/6519 6814/4915/6518 6798/4888/6502
f 6800/4892/6504 6816/4917/6520 6815/4916/6519 6799/4890/6503
f 6801/4894/6505 6817/4918/6521 6816/4917/6520 6800/4892/6504
f 6802/4896/6506 6818/4919/6522 6817/4918/6521 6801/4894/6505
f 6803/4898/6507 6819/4920/6523 6818/4919/6522 6802/4896/6506
f 6804/4900/6508 6820/4921/6524 6819/4920/6523 6803/4898/6507
f 6805/4902/6509 6821/4922/6525 6820/4921/6524 6804/4900/6508
f 6806/4904/6510 6822/4923/6526 6821/4922/6525 6805/4902/6509
f 6807/4906/6511 6823/4924/6527 6822/4923/6526 6806/4904/6510
f 6808/4877/6512 6824/4910/6528 6823/4925/6527 6807/4907/6511
f 6809/4909/6513 6825/4926/6529 6840/4927/6544 6824/4910/6528
f 6810/4911/6514 6826/4928/6530 6825/4926/6529 6809/4909/6513
f 6811/4912/6515 6827/4929/6531 6826/4928/6530 6810/4911/6514
f 6812/4913/6516 6828/4930/6532 6827/4929/6531 6811/4912/6515
f 6813/4914/6517 6829/4931/6533 6828/4930/6532 6812/4913/6516
f 6814/4915/6518 6830/4932/6534 6829/4931/6533 6813/4914/6517
f 6815/4916/6519 6831/4933/6535 6830/4932/6534 6814/4915/6518
f 6816/4917/6520 6832/4934/6536 6831/4933/6535 6815/4916/6519
f 6817/4918/6521 6833/4935/6537 6832/4934/6536 6816/4917/6520
f 6818/4919/6522 6834/4936/6538 6833/4935/6537 6817/4918/6521
f 6819/4920/6523 6835/4937/6539 6834/4936/6538 6818/4919/6522
f 6820/4921/6524 6836/4938/6540 6835/4937/6539 6819/4920/6523
f 6821/4922/6525 6837/4939/6541 6836/4938/6540 6820/4921/6524
f 6822/4923/6526 6838/4940/6542 6837/4939/6541 6821/4922/6525
f 6823/4924/6527 6839/4941/6543 6838/4940/6542 6822/4923/6526
f 6824/4910/6528 6840/4927/6544 6839/4942/6543 6823/4925/6527
f 6825/4926/6529 6841/4943/6545 6856/4944/6560 6840/4927/6544
f 6826/4928/6530 6842/4945/6546 6841/4943/6545 6825/4926/6529
f 6827/4929/6531 6843/4946/6547 6842/4945/6546 6826/4928/6530
f 6828/4930/6532 6844/4947/6548 6843/4946/6547 6827/4929/6531
f 6829/4931/6533 6845/4948/6549 6844/4947/6548 6828/4930/6532
f 6830/4932/6534 6846/4949/6550 6845/4948/6549 6829/4931/6533
f 6831/4933/6535 6847/4950/6551 6846/4949/6550 6830/4932/6534
f 6832/4934/6536 6848/4951/6552 6847/4950/6551 6831/4933/6535
f 6833/4935/6537 6849/4952/6553 6848/4951/6552 6832/4934/6536
f 6834/4936/6538 6850/4953/6554 6849/4952/6553 6833/4935/6537
f 6835/4937/6539 6851/4954/6555 6850/4953/6554 6834/4936/6538
f 6836/4938/6540 6852/4955/6556 6851/4954/6555 6835/4937/6539
f 6837/4939/6541 6853/4956/6557 6852/4955/6556 6836/4938/6540
f 6838/4940/6542 6854/4957/6558 6853/4956/6557 6837/4939/6541
f 6839/4941/6543 6855/4958/6559 6854/4957/6558 6838/4940/6542
f 6840/4927/6544 6856/4944/6560 6855/4959/6559 6839/4942/6543
f 6841/4943/6545 6857/4960/6561 6872/4961/6576 6856/4944/6560
f 6842/4945/6546 6858/4962/6562 6857/4960/6561 6841/4943/6545
f 6843/4946/6547 6859/4963/6563 6858/4962/6562 6842/4945/6546
f 6844/4947/6548 6860/4964/6564 6859/4963/6563 6843/4946/6547
f 6845/4948/6549 6861/4965/6565 6860/4964/6564 6844/4947/6548
f 6846/4949/6550 6862/4966/6566 6861/4965/6565 6845/4948/6549
f 6847/4950/6551 6863/4967/6567 6862/4966/6566 6846/4949/6550
f 6848/4951/6552 6864/4968/6568 6863/4967/6567 6847/4950/6551
f 6849/4952/6553 6865/4969/6569 6864/4968/6568 6848/4951/6552
f 6850/4953/6554 6866/4970/6570 6865/4969/6569 6849/4952/6553
f 6851/4954/6555 6867/4971/6571 6866/4970/6570 6850/4953/6554
f 6852/4955/6556 6868/4972/6572 6867/4971/6571 6851/4954/6555
f 6853/4956/6557 6869/4973/6573 6868/4972/6572 6852/4955/6556
f 6854/4957/6558 6870/4974/6574 6869/4973/6573 6853/4956/6557
f 6855/4958/6559 6871/4975/6575 6870/4974/6574 6854/4957/6558
f 6856/4944/6560 6872/4961/6576 6871/4976/6575 6855/4959/6559
f 6857/4960/6561 6873/4977/6577 6888/4978/6592 6872/4961/6576
f 6858/4962/6562 6874/4979/6578 6873/4977/6577 6857/4960/6561
f 6859/4963/6563 6875/4980/6579 6874/4979/6578 6858/4962/6562
f 6860/4964/6564 6876/4981/6580 6875/4980/6579 6859/4963/6563
f 6861/4965/6565 6877/4982/6581 6876/4981/6580 6860/4964/6564
f 6862/4966/6566 6878/4983/6582 6877/4982/6581 6861/4965/6565
f 6863/4967/6567 6879/4984/6583 6878/4983/6582 6862/4966/6566
f 6864/4968/6568 6880/4985/6584 6879/4984/6583 6863/4967/6567
f 6865/4969/6569 6881/4986/6585 6880/4985/6584 6864/4968/6568
f 6866/4970/6570 6882/4987/6586 6881/4986/6585 6865/4969/6569
f 6867/4971/6571 6883/4988/6587 6882/4987/6586 6866/4970/6570
f 6868/4972/6572 6884/4989/6588 6883/4988/6587 6867/4971/6571
f 6869/4973/6573 6885/4990/6589 6884/4989/6588 6868/4972/6572
f 6870/4974/6574 6886/4991/6590 6885/4990/6589 6869/4973/6573
f 6871/4975/6575 6887/4992/6591 6886/4991/6590 6870/4974/6574
f 6872/4961/6576 6888/4978/6592 6887/4993/6591 6871/4976/6575
f 6887/4993/6591 6888/4978/6592 6904/4994/6608 6903/4995/6607
f 6883/4988/6587 6884/4989/6588 6900/4996/6604 6899/4997/6603
f 6876/4981/6580 6877/4982/6581 6893/4998/6597 6892/4999/6596
f 6880/4985/6584 6881/4986/6585 6897/5000/6601 6896/5001/6600
f 6884/4989/6588 6885/4990/6589 6901/5002/6605 6900/4996/6604
f 6873/4977/6577 6874/4979/6578 6890/5003/6594 6889/5004/6593
f 6877/4982/6581 6878/4983/6582 6894/5005/6598 6893/4998/6597
f 6881/4986/6585 6882/4987/6586 6898/5006/6602 6897/5000/6601
f 6885/4990/6589 6886/4991/6590 6902/5007/6606 6901/5002/6605
f 6874/4979/6578 6875/4980/6579 6891/5008/6595 6890/5003/6594
f 6878/4983/6582 6879/4984/6583 6895/5009/6599 6894/5005/6598
f 6882/4987/6586 6883/4988/6587 6899/4997/6603 6898/5006/6602
f 6886/4991/6590 6887/4992/6591 6903/5010/6607 6902/5007/6606
f 6875/4980/6579 6876/4981/6580 6892/4999/6596 6891/5008/6595
f 6888/4978/6592 6873/4977/6577 6889/5004/6593 6904/4994/6608
f 6879/4984/6583 6880/4985/6584 6896/5001/6600 6895/5009/6599
f 6902/5007/6606 6903/5010/6607 6919/5011/6623 6918/5012/6622
f 6895/5009/6599 6896/5001/6600 6912/5013/6616 6911/5014/6615
f 6904/4994/6608 6889/5004/6593 6905/5015/6609 6920/5016/6624
f 6903/4995/6607 6904/4994/6608 6920/5016/6624 6919/5017/6623
f 6896/5001/6600 6897/5000/6601 6913/5018/6617 6912/5013/6616
f 6889/5004/6593 6890/5003/6594 6906/5019/6610 6905/5015/6609
f 6897/5000/6601 6898/5006/6602 6914/5020/6618 6913/5018/6617
f 6890/5003/6594 6891/5008/6595 6907/5021/6611 6906/5019/6610
f 6898/5006/6602 6899/4997/6603 6915/5022/6619 6914/5020/6618
f 6891/5008/6595 6892/4999/6596 6908/5023/6612 6907/5021/6611
f 6899/4997/6603 6900/4996/6604 6916/5024/6620 6915/5022/6619
f 6892/4999/6596 6893/4998/6597 6909/5025/6613 6908/5023/6612
f 6900/4996/6604 6901/5002/6605 6917/5026/6621 6916/5024/6620
f 6893/4998/6597 6894/5005/6598 6910/5027/6614 6909/5025/6613
f 6901/5002/6605 6902/5007/6606 6918/5012/6622 6917/5026/6621
f 6894/5005/6598 6895/5009/6599 6911/5014/6615 6910/5027/6614
f 6908/5023/6612 6909/5025/6613 6925/5028/6629 6924/5029/6628
f 6916/5024/6620 6917/5026/6621 6933/5030/6637 6932/5031/6636
f 6909/5025/6613 6910/5027/6614 6926/5032/6630 6925/5028/6629
f 6917/5026/6621 6918/5012/6622 6934/5033/6638 6933/5030/6637
f 6910/5027/6614 6911/5014/6615 6927/5034/6631 6926/5032/6630
f 6918/5012/6622 6919/5011/6623 6935/5035/6639 6934/5033/6638
f 6911/5014/6615 6912/5013/6616 6928/5036/6632 6927/5034/6631
f 6920/5016/6624 6905/5015/6609 6921/5037/6625 6936/5038/6640
f 6919/5017/6623 6920/5016/6624 6936/5038/6640 6935/5039/6639
f 6912/5013/6616 6913/5018/6617 6929/5040/6633 6928/5036/6632
f 6905/5015/6609 6906/5019/6610 6922/5041/6626 6921/5037/6625
f 6913/5018/6617 6914/5020/6618 6930/5042/6634 6929/5040/6633
f 6906/5019/6610 6907/5021/6611 6923/5043/6627 6922/5041/6626
f 6914/5020/6618 6915/5022/6619 6931/5044/6635 6930/5042/6634
f 6907/5021/6611 6908/5023/6612 6924/5029/6628 6923/5043/6627
f 6915/5022/6619 6916/5024/6620 6932/5031/6636 6931/5044/6635
f 6929/5040/6633 6930/5042/6634 6937/5045/6641
f 6922/5041/6626 6923/5043/6627 6937/5045/6641
f 6930/5042/6634 6931/5044/6635 6937/5045/6641
f 6923/5043/6627 6924/5029/6628 6937/5045/6641
f 6931/5044/6635 6932/5031/6636 6937/5045/6641
f 6924/5029/6628 6925/5028/6629 6937/5045/6641
f 6932/5031/6636 6933/5030/6637 6937/5045/6641
f 6925/5028/6629 6926/5032/6630 6937/5045/6641
f 6933/5030/6637 6934/5033/6638 6937/5045/6641
f 6926/5032/6630 6927/5034/6631 6937/5045/6641
f 6934/5033/6638 6935/5035/6639 6937/5045/6641
f 6927/5034/6631 6928/5036/6632 6937/5045/6641
f 6936/5038/6640 6921/5037/6625 6937/5045/6641
f 6935/5039/6639 6936/5038/6640 6937/5045/6641
f 6928/5036/6632 6929/5040/6633 6937/5045/6641
f 6921/5037/6625 6922/5041/6626 6937/5045/6641
