# Blender 5.0.1
# www.blender.org
mtllib Wolf_student_girlCENTERED.mtl
o Lashes
v 0.174931 2.585530 0.178147
v 0.057524 2.498760 0.219231
v 0.238583 2.496532 0.113928
v 0.070666 2.541012 0.222458
v 0.246981 2.561558 0.122596
v 0.170405 2.571522 0.168044
v 0.062459 2.498944 0.213315
v 0.230085 2.499821 0.119263
v 0.078464 2.538871 0.213138
v 0.225018 2.552731 0.132687
v 0.115532 2.573108 0.207462
v 0.119238 2.564666 0.196782
v 0.226415 2.468030 0.118753
v 0.058369 2.516958 0.221803
v 0.090756 2.559211 0.217682
v 0.245432 2.526370 0.114872
v 0.218046 2.581936 0.151002
v 0.220691 2.472753 0.122657
v 0.066776 2.517353 0.213730
v 0.096765 2.554682 0.207986
v 0.233305 2.526502 0.121869
v 0.202327 2.564901 0.148883
v 0.144220 2.581828 0.193980
v 0.144663 2.570174 0.182636
v 0.235804 2.575159 0.135484
v 0.214565 2.559483 0.140489
v 0.198234 2.584549 0.164806
v 0.187770 2.569180 0.157811
v 0.248665 2.546274 0.117440
v 0.230430 2.541632 0.126876
v 0.173679 2.575924 0.174840
v 0.235986 2.556038 0.130885
v 0.062009 2.495284 0.216394
v 0.234254 2.498846 0.120228
v 0.078390 2.539011 0.218250
v 0.119963 2.566604 0.203020
v 0.210506 2.571287 0.152449
v 0.239256 2.526294 0.121907
v 0.097085 2.555263 0.213365
v 0.223596 2.471596 0.123982
v 0.066504 2.516995 0.218335
v 0.146219 2.573444 0.189609
v 0.225320 2.565635 0.140884
v 0.193545 2.574422 0.163443
v 0.239461 2.543307 0.125577
v 0.212057 2.452910 0.127830
v 0.209362 2.455510 0.129718
v 0.208028 2.451907 0.131687
v -0.174931 2.585530 0.178147
v -0.057524 2.498760 0.219231
v -0.238583 2.496532 0.113928
v -0.070666 2.541012 0.222458
v -0.246981 2.561558 0.122596
v -0.170405 2.571522 0.168044
v -0.062459 2.498944 0.213315
v -0.230085 2.499821 0.119263
v -0.078464 2.538871 0.213138
v -0.225018 2.552731 0.132687
v -0.115532 2.573108 0.207462
v -0.119238 2.564666 0.196782
v -0.226415 2.468030 0.118753
v -0.058369 2.516958 0.221803
v -0.090756 2.559211 0.217682
v -0.245432 2.526370 0.114872
v -0.218046 2.581936 0.151002
v -0.220692 2.472753 0.122657
v -0.066776 2.517353 0.213730
v -0.096765 2.554682 0.207986
v -0.233305 2.526502 0.121869
v -0.202327 2.564901 0.148883
v -0.144220 2.581828 0.193980
v -0.144663 2.570174 0.182636
v -0.235804 2.575159 0.135484
v -0.214565 2.559483 0.140489
v -0.198234 2.584549 0.164806
v -0.187770 2.569180 0.157811
v -0.248665 2.546274 0.117440
v -0.230430 2.541632 0.126876
v -0.173679 2.575924 0.174840
v -0.235986 2.556038 0.130885
v -0.062009 2.495284 0.216394
v -0.234254 2.498846 0.120228
v -0.078390 2.539011 0.218250
v -0.119963 2.566604 0.203020
v -0.210506 2.571287 0.152449
v -0.239256 2.526294 0.121907
v -0.097085 2.555263 0.213365
v -0.223596 2.471596 0.123982
v -0.066504 2.516995 0.218335
v -0.146219 2.573444 0.189609
v -0.225320 2.565635 0.140884
v -0.193545 2.574422 0.163443
v -0.239461 2.543307 0.125577
v -0.212057 2.452910 0.127830
v -0.209362 2.455510 0.129718
v -0.208028 2.451907 0.131687
v 0.233232 2.481214 0.115493
v 0.056672 2.506230 0.220577
v 0.063213 2.529203 0.222612
v 0.102653 2.566692 0.213094
v 0.079990 2.550876 0.220839
v 0.242556 2.512243 0.113942
v 0.248781 2.554090 0.119274
v 0.227402 2.579380 0.143294
v 0.187453 2.585407 0.171238
v 0.226101 2.485584 0.120162
v 0.063756 2.506754 0.213264
v 0.071694 2.528499 0.213834
v 0.107594 2.560302 0.202979
v 0.086937 2.547604 0.211308
v 0.232547 2.514181 0.120006
v 0.228198 2.547588 0.129594
v 0.208659 2.562277 0.144639
v 0.179922 2.570705 0.162490
v 0.172232 2.573235 0.171769
v 0.241481 2.558590 0.127349
v 0.059926 2.495756 0.217910
v 0.236403 2.497814 0.117759
v 0.079144 2.538767 0.215779
v 0.159997 2.584332 0.186008
v 0.129337 2.578128 0.201131
v 0.158172 2.571365 0.175021
v 0.131587 2.567944 0.189958
v 0.120084 2.565207 0.200070
v 0.214336 2.576211 0.152195
v 0.242323 2.526306 0.119052
v 0.094544 2.556921 0.215623
v 0.225014 2.470039 0.121982
v 0.063174 2.516947 0.220176
v 0.145553 2.577156 0.192038
v 0.242541 2.568904 0.128242
v 0.220260 2.556517 0.136405
v 0.230588 2.570081 0.138727
v 0.208323 2.583485 0.158155
v 0.195267 2.567219 0.153296
v 0.195991 2.579028 0.164525
v 0.247472 2.537445 0.116062
v 0.232345 2.535171 0.124259
v 0.244047 2.544669 0.122150
v 0.174494 2.580239 0.176821
v 0.230499 2.554177 0.132394
v 0.062437 2.495769 0.214601
v 0.232154 2.499459 0.120426
v 0.075245 2.539837 0.220439
v 0.118231 2.569428 0.205409
v 0.206476 2.567694 0.151136
v 0.236259 2.526371 0.122551
v 0.097548 2.554657 0.210775
v 0.222152 2.472400 0.123934
v 0.067377 2.517144 0.216139
v 0.145775 2.571330 0.186366
v 0.219968 2.562243 0.141230
v 0.190759 2.571343 0.161027
v 0.234929 2.542348 0.126868
v 0.238431 2.549977 0.127782
v 0.184423 2.575511 0.168810
v 0.218257 2.568899 0.146667
v 0.202210 2.573050 0.158044
v 0.160458 2.575243 0.182037
v 0.132642 2.570577 0.196642
v 0.071429 2.528361 0.218726
v 0.063672 2.505982 0.217474
v 0.108095 2.561484 0.208730
v 0.229651 2.484444 0.121415
v 0.087069 2.547911 0.216527
v 0.237442 2.513453 0.120569
v 0.239805 2.535883 0.123639
v 0.231453 2.561315 0.135410
v 0.209016 2.451447 0.130563
v 0.207708 2.452709 0.131479
v 0.214370 2.462391 0.126312
v 0.216184 2.461065 0.127571
v 0.218579 2.458432 0.123378
v -0.233232 2.481214 0.115493
v -0.056672 2.506230 0.220577
v -0.063213 2.529203 0.222612
v -0.102653 2.566692 0.213094
v -0.079990 2.550876 0.220839
v -0.242556 2.512243 0.113942
v -0.248781 2.554090 0.119274
v -0.227402 2.579380 0.143294
v -0.187453 2.585407 0.171238
v -0.226101 2.485584 0.120162
v -0.063756 2.506754 0.213264
v -0.071694 2.528499 0.213834
v -0.107594 2.560302 0.202979
v -0.086937 2.547604 0.211308
v -0.232547 2.514181 0.120006
v -0.228198 2.547588 0.129594
v -0.208659 2.562277 0.144639
v -0.179922 2.570705 0.162490
v -0.172232 2.573235 0.171769
v -0.241481 2.558590 0.127349
v -0.059926 2.495756 0.217910
v -0.236403 2.497814 0.117759
v -0.079144 2.538767 0.215779
v -0.159997 2.584332 0.186008
v -0.129337 2.578128 0.201131
v -0.158172 2.571365 0.175021
v -0.131587 2.567944 0.189958
v -0.120084 2.565207 0.200070
v -0.214336 2.576211 0.152195
v -0.242323 2.526306 0.119052
v -0.094544 2.556921 0.215623
v -0.225014 2.470039 0.121982
v -0.063173 2.516947 0.220176
v -0.145553 2.577156 0.192038
v -0.242541 2.568904 0.128242
v -0.220260 2.556517 0.136405
v -0.230588 2.570081 0.138727
v -0.208323 2.583485 0.158155
v -0.195267 2.567219 0.153296
v -0.195991 2.579028 0.164525
v -0.247472 2.537445 0.116062
v -0.232345 2.535171 0.124259
v -0.244047 2.544669 0.122150
v -0.174494 2.580239 0.176821
v -0.230499 2.554177 0.132394
v -0.062437 2.495769 0.214601
v -0.232154 2.499459 0.120426
v -0.075245 2.539837 0.220439
v -0.118231 2.569428 0.205409
v -0.206476 2.567694 0.151136
v -0.236259 2.526372 0.122551
v -0.097548 2.554657 0.210775
v -0.222152 2.472400 0.123934
v -0.067377 2.517144 0.216139
v -0.145775 2.571330 0.186366
v -0.219968 2.562243 0.141230
v -0.190759 2.571343 0.161027
v -0.234929 2.542348 0.126868
v -0.238431 2.549977 0.127782
v -0.184423 2.575511 0.168810
v -0.218257 2.568899 0.146667
v -0.202210 2.573050 0.158044
v -0.160458 2.575243 0.182037
v -0.132642 2.570577 0.196642
v -0.071429 2.528361 0.218726
v -0.063672 2.505982 0.217474
v -0.108095 2.561484 0.208730
v -0.229651 2.484444 0.121415
v -0.087069 2.547911 0.216527
v -0.237442 2.513453 0.120569
v -0.239805 2.535883 0.123639
v -0.231453 2.561315 0.135410
v -0.209016 2.451447 0.130563
v -0.207708 2.452709 0.131479
v -0.214370 2.462391 0.126312
v -0.216184 2.461065 0.127571
v -0.218579 2.458432 0.123378
v 0.225866 2.558654 0.136486
v 0.243619 2.536585 0.120502
v 0.234974 2.513862 0.120962
v 0.087679 2.547508 0.214002
v 0.231439 2.483025 0.119127
v 0.108402 2.560516 0.205984
v 0.060798 2.505951 0.219139
v 0.072307 2.528338 0.216374
v 0.132523 2.568799 0.193506
v 0.159572 2.572815 0.178814
v 0.198816 2.569703 0.156105
v 0.213500 2.565226 0.146160
v 0.182310 2.572631 0.166015
v 0.243595 2.551872 0.124156
v 0.233304 2.548621 0.129316
v 0.186076 2.579982 0.170389
v 0.222872 2.573777 0.145487
v 0.205344 2.577836 0.158534
v 0.160485 2.579299 0.184308
v 0.131398 2.573891 0.199092
v 0.068066 2.528690 0.220763
v 0.064345 2.506205 0.215442
v 0.105931 2.563711 0.211042
v 0.227873 2.485210 0.121461
v 0.084205 2.549145 0.218768
v 0.239978 2.512893 0.117930
v 0.236055 2.535448 0.124601
v 0.237007 2.564847 0.132405
v 0.215175 2.461794 0.127475
v 0.217274 2.459819 0.126011
v -0.225866 2.558654 0.136486
v -0.243619 2.536585 0.120502
v -0.234974 2.513862 0.120962
v -0.087679 2.547508 0.214002
v -0.231439 2.483025 0.119127
v -0.108402 2.560516 0.205984
v -0.060798 2.505951 0.219139
v -0.072307 2.528338 0.216374
v -0.132523 2.568799 0.193506
v -0.159572 2.572815 0.178814
v -0.198816 2.569703 0.156105
v -0.213500 2.565226 0.146160
v -0.182310 2.572631 0.166015
v -0.243595 2.551872 0.124156
v -0.233304 2.548621 0.129316
v -0.186076 2.579982 0.170389
v -0.222872 2.573777 0.145487
v -0.205344 2.577836 0.158534
v -0.160485 2.579299 0.184308
v -0.131398 2.573891 0.199092
v -0.068066 2.528690 0.220763
v -0.064345 2.506205 0.215442
v -0.105931 2.563711 0.211042
v -0.227873 2.485210 0.121461
v -0.084205 2.549144 0.218768
v -0.239978 2.512893 0.117930
v -0.236055 2.535448 0.124601
v -0.237007 2.564847 0.132405
v -0.215175 2.461794 0.127475
v -0.217274 2.459819 0.126011
v 0.028453 2.145825 0.071682
v 0.018785 2.162173 0.070339
v 0.022208 2.141343 0.062042
v 0.012540 2.157692 0.060699
v 0.111285 2.183182 0.021479
v 0.098204 2.206913 0.020269
v 0.099564 2.176160 0.010384
v 0.086482 2.199890 0.009174
v 0.021851 2.141212 0.068390
v 0.019941 2.152225 0.072841
v 0.011563 2.158522 0.066927
v 0.013473 2.147509 0.062476
v 0.058456 2.154418 0.041943
v 0.044572 2.178748 0.040335
v 0.097200 2.190142 0.005065
v 0.111049 2.180867 0.011792
v 0.096559 2.207262 0.010494
v 0.110408 2.197987 0.017221
v 0.069156 2.161361 0.054756
v 0.055272 2.185691 0.053149
v 0.048534 2.184652 0.046581
v 0.065195 2.155456 0.048510
v 0.063284 2.174220 0.055234
v 0.113644 2.199121 0.002777
v 0.050444 2.165888 0.039858
v 0.009128 2.146085 0.070595
v -0.028453 2.145825 0.071682
v -0.018785 2.162173 0.070339
v -0.022208 2.141344 0.062042
v -0.012540 2.157692 0.060699
v -0.111285 2.183182 0.021479
v -0.098204 2.206913 0.020269
v -0.099564 2.176160 0.010384
v -0.086482 2.199890 0.009174
v -0.021851 2.141212 0.068390
v -0.019941 2.152225 0.072841
v -0.011563 2.158522 0.066927
v -0.013473 2.147509 0.062476
v -0.058456 2.154418 0.041943
v -0.044572 2.178748 0.040335
v -0.097200 2.190142 0.005065
v -0.111049 2.180867 0.011792
v -0.096559 2.207262 0.010494
v -0.110408 2.197987 0.017221
v -0.069156 2.161361 0.054756
v -0.055272 2.185691 0.053149
v -0.048534 2.184652 0.046581
v -0.065195 2.155456 0.048510
v -0.063284 2.174220 0.055234
v -0.113644 2.199121 0.002777
v -0.050444 2.165888 0.039858
v -0.009128 2.146085 0.070595
v 0.024264 2.142938 0.071038
v 0.017685 2.157389 0.072118
v 0.010448 2.157444 0.063775
v 0.017027 2.142993 0.062696
v 0.035397 2.145215 0.055551
v 0.069332 2.192213 0.021784
v 0.100557 2.182362 0.006237
v 0.106373 2.178457 0.009087
v 0.099549 2.208806 0.014633
v 0.113508 2.190065 0.018212
v 0.095745 2.174087 0.035787
v 0.031776 2.171404 0.065547
v 0.020635 2.140291 0.065218
v 0.023461 2.147672 0.072940
v 0.014077 2.160091 0.069596
v 0.011251 2.152711 0.061874
v 0.083634 2.166615 0.023237
v 0.023462 2.165695 0.054006
v 0.092414 2.197198 0.005508
v 0.113798 2.182867 0.015917
v 0.092124 2.204396 0.007803
v 0.105365 2.204901 0.017483
v 0.043711 2.150924 0.067093
v 0.081443 2.199685 0.034334
v 0.051783 2.186344 0.050285
v 0.045631 2.182352 0.042918
v 0.074631 2.198780 0.027378
v 0.025994 2.170244 0.059818
v 0.068097 2.157756 0.052174
v 0.061945 2.153764 0.044806
v 0.040197 2.145885 0.061661
v 0.091722 2.168175 0.029109
v 0.038031 2.161458 0.067613
v 0.090428 2.187947 0.035732
v 0.067142 2.167139 0.055536
v 0.059158 2.181128 0.054612
v 0.116318 2.200769 0.007218
v 0.108510 2.196210 0.000427
v 0.116554 2.190884 0.004169
v 0.108274 2.206095 0.003476
v 0.075924 2.179009 0.020754
v 0.028160 2.154671 0.053866
v 0.054570 2.158981 0.040480
v 0.046586 2.172970 0.039556
v 0.008488 2.145354 0.067448
v 0.011662 2.147762 0.073008
v 0.012771 2.142075 0.070631
v 0.007379 2.151040 0.069825
v -0.024264 2.142938 0.071038
v -0.017685 2.157389 0.072118
v -0.010448 2.157444 0.063775
v -0.017027 2.142993 0.062696
v -0.035397 2.145215 0.055551
v -0.069332 2.192213 0.021784
v -0.100557 2.182362 0.006237
v -0.106373 2.178457 0.009087
v -0.099549 2.208806 0.014633
v -0.113508 2.190065 0.018212
v -0.095745 2.174087 0.035787
v -0.031776 2.171404 0.065547
v -0.020635 2.140291 0.065218
v -0.023461 2.147672 0.072940
v -0.014077 2.160091 0.069596
v -0.011251 2.152711 0.061874
v -0.083634 2.166615 0.023237
v -0.023462 2.165695 0.054006
v -0.092414 2.197197 0.005508
v -0.113798 2.182867 0.015917
v -0.092124 2.204396 0.007803
v -0.105365 2.204901 0.017483
v -0.043711 2.150924 0.067093
v -0.081443 2.199685 0.034334
v -0.051783 2.186344 0.050285
v -0.045631 2.182352 0.042918
v -0.074631 2.198780 0.027378
v -0.025994 2.170244 0.059818
v -0.068097 2.157756 0.052174
v -0.061945 2.153764 0.044806
v -0.040197 2.145885 0.061661
v -0.091722 2.168175 0.029109
v -0.038031 2.161458 0.067613
v -0.090428 2.187947 0.035732
v -0.067142 2.167139 0.055536
v -0.059158 2.181128 0.054612
v -0.116318 2.200769 0.007218
v -0.108510 2.196210 0.000427
v -0.116554 2.190884 0.004169
v -0.108274 2.206095 0.003476
v -0.075924 2.179009 0.020754
v -0.028160 2.154671 0.053866
v -0.054570 2.158980 0.040480
v -0.046586 2.172970 0.039556
v -0.008488 2.145353 0.067448
v -0.011662 2.147761 0.073008
v -0.012771 2.142075 0.070631
v -0.007379 2.151040 0.069825
v 0.006665 2.150313 0.066683
v 0.071758 2.186467 0.020620
v 0.110979 2.207705 0.007870
v 0.034610 2.167372 0.066982
v 0.094919 2.170583 0.032870
v 0.028651 2.171718 0.063130
v 0.078177 2.200560 0.031173
v 0.071114 2.196209 0.023888
v 0.023858 2.168421 0.056447
v 0.042578 2.147830 0.064937
v 0.037785 2.144533 0.058254
v 0.087856 2.166232 0.025585
v 0.041511 2.155536 0.067879
v 0.094275 2.180325 0.036138
v 0.085959 2.195220 0.035297
v 0.119218 2.192584 0.008566
v 0.111480 2.188056 0.001790
v 0.103241 2.203177 0.001094
v 0.080075 2.171572 0.021461
v 0.031827 2.148880 0.054402
v 0.024925 2.160715 0.053505
v 0.012088 2.141281 0.067489
v 0.015310 2.143712 0.073066
v 0.009886 2.152745 0.072260
v -0.006665 2.150314 0.066683
v -0.071758 2.186467 0.020620
v -0.110979 2.207705 0.007870
v -0.034610 2.167372 0.066982
v -0.094919 2.170583 0.032870
v -0.028651 2.171719 0.063130
v -0.078177 2.200560 0.031173
v -0.071114 2.196209 0.023888
v -0.023858 2.168421 0.056447
v -0.042578 2.147830 0.064937
v -0.037785 2.144533 0.058254
v -0.087856 2.166232 0.025585
v -0.041511 2.155536 0.067879
v -0.094275 2.180325 0.036138
v -0.085959 2.195220 0.035297
v -0.119218 2.192584 0.008566
v -0.111480 2.188056 0.001790
v -0.103241 2.203177 0.001094
v -0.080075 2.171572 0.021461
v -0.031827 2.148880 0.054402
v -0.024925 2.160715 0.053505
v -0.012088 2.141281 0.067489
v -0.015310 2.143712 0.073066
v -0.009886 2.152745 0.072260
v -0.009623 2.117219 0.090872
v -0.024759 2.158445 0.071191
v -0.010816 2.116291 0.087209
v -0.024566 2.155406 0.063849
v 0.007705 2.118029 0.091371
v 0.022155 2.160158 0.073941
v 0.009686 2.116447 0.088199
v 0.021442 2.156869 0.063760
v -0.019201 2.132811 0.087012
v -0.024113 2.147241 0.081738
v -0.025117 2.141201 0.069831
v -0.020230 2.128039 0.077772
v 0.022918 2.142728 0.069738
v 0.018908 2.129284 0.077696
v 0.021728 2.148467 0.081504
v 0.017742 2.133767 0.086814
v 0.000125 2.114702 0.086860
v -0.001562 2.156138 0.063805
v -0.000269 2.118184 0.093121
v -0.001365 2.161343 0.075750
v -0.000766 2.134052 0.089224
v -0.001229 2.148617 0.083932
v -0.000661 2.128662 0.077734
v -0.001100 2.141964 0.069784
v -0.010386 2.116141 0.089326
v -0.028338 2.158430 0.068826
v 0.010108 2.116829 0.090321
v 0.024472 2.160030 0.068610
v 0.021801 2.130428 0.082647
v 0.026399 2.146289 0.074806
v -0.022300 2.129248 0.081978
v -0.028688 2.144613 0.074000
v -0.001933 2.159230 0.068718
v 0.000248 2.114200 0.090062
v -0.025739 2.156048 0.074530
v -0.026755 2.151386 0.064700
v 0.023899 2.152997 0.064602
v 0.022720 2.157353 0.074285
v -0.001559 2.159108 0.079351
v -0.001428 2.152192 0.064651
v 0.027313 2.156699 0.070246
v -0.030779 2.154932 0.069452
v -0.010349 2.119612 0.089407
v -0.010999 2.117961 0.087529
v -0.008596 2.119857 0.090413
v 0.009254 2.119556 0.090808
v 0.011026 2.118408 0.086933
v 0.011540 2.118583 0.089634
v -0.016554 2.099881 0.093570
v -0.017246 2.100549 0.090144
v -0.015249 2.101306 0.096296
v 0.013684 2.102375 0.096619
v 0.016865 2.100292 0.091135
v 0.017571 2.100491 0.094671
v -0.021995 2.078388 0.099499
v -0.022924 2.079286 0.094896
v -0.020242 2.080302 0.103160
v 0.018626 2.081738 0.103595
v 0.022899 2.078941 0.096228
v 0.023848 2.079207 0.100978
v -0.021819 2.058249 0.105192
v -0.022748 2.059146 0.100589
v -0.020066 2.060163 0.108854
v 0.018802 2.061599 0.109288
v 0.023075 2.058802 0.101921
v 0.024024 2.059068 0.106671
v 0.000011 2.119168 0.091955
v 0.000277 2.116399 0.089856
v -0.000307 2.115799 0.086212
v -0.000810 2.102211 0.097617
v -0.000158 2.100132 0.089457
v -0.000836 2.081396 0.104622
v 0.000022 2.078784 0.094304
v -0.000641 2.060440 0.110294
v 0.000190 2.057969 0.100430
v -0.021686 2.042481 0.106858
v -0.022615 2.043379 0.102255
v -0.019933 2.044395 0.110520
v 0.018935 2.045831 0.110955
v 0.023209 2.043034 0.103587
v 0.024158 2.043301 0.108337
v -0.000508 2.044673 0.111960
v 0.001246 2.041645 0.107969
v 0.000323 2.042202 0.102096
v -0.207779 0.102015 0.123656
v -0.208259 0.104173 0.129463
v -0.207593 0.101175 0.138541
v -0.206446 0.096017 0.141811
v -0.205966 0.093859 0.136005
v -0.206633 0.096858 0.126927
v -0.141788 0.126291 0.125690
v -0.141788 0.128502 0.131497
v -0.141788 0.125430 0.140575
v -0.141788 0.120148 0.143846
v -0.141788 0.117936 0.138039
v -0.141788 0.121008 0.128961
v -0.181323 0.120984 0.125691
v -0.161624 0.124911 0.125260
v -0.161624 0.127123 0.131067
v -0.181323 0.123195 0.131498
v -0.181323 0.115701 0.128962
v -0.161624 0.119629 0.128531
v -0.181323 0.114840 0.143847
v -0.161624 0.118768 0.143416
v -0.161624 0.116557 0.137609
v -0.181323 0.112629 0.138040
v -0.161624 0.124051 0.140145
v -0.181323 0.120123 0.140576
v -0.197275 0.113884 0.130332
v -0.195906 0.103469 0.136874
v -0.196877 0.110856 0.139410
v -0.196988 0.111704 0.124526
v -0.196304 0.106497 0.127797
v -0.196192 0.105648 0.142681
v -0.082201 0.103365 0.123656
v -0.081721 0.105523 0.129463
v -0.082388 0.102524 0.138541
v -0.083534 0.097367 0.141811
v -0.084014 0.095209 0.136005
v -0.083348 0.098208 0.126927
v -0.108658 0.122334 0.125691
v -0.128357 0.126261 0.125260
v -0.128357 0.128472 0.131067
v -0.108658 0.124545 0.131498
v -0.108658 0.117051 0.128962
v -0.128357 0.120978 0.128531
v -0.108658 0.116190 0.143847
v -0.128357 0.120118 0.143416
v -0.128357 0.117907 0.137609
v -0.108658 0.113979 0.138040
v -0.128357 0.125401 0.140145
v -0.108658 0.121473 0.140576
v -0.092706 0.115234 0.130332
v -0.094075 0.104818 0.136874
v -0.093104 0.112206 0.139410
v -0.092992 0.113054 0.124526
v -0.093677 0.107847 0.127797
v -0.093788 0.106998 0.142681
v -0.209538 0.106013 0.113530
v -0.208132 0.108254 0.119152
v -0.204246 0.105470 0.127459
v -0.201766 0.100445 0.130142
v -0.203171 0.098204 0.124520
v -0.207057 0.100988 0.116214
v -0.148846 0.134682 0.091890
v -0.146994 0.137001 0.097349
v -0.143729 0.134109 0.105882
v -0.142318 0.128897 0.108957
v -0.144170 0.126578 0.103498
v -0.147435 0.129470 0.094965
v -0.183823 0.127153 0.105594
v -0.167362 0.131634 0.098532
v -0.165509 0.133953 0.103990
v -0.181970 0.129472 0.111053
v -0.182411 0.121941 0.108669
v -0.165950 0.126423 0.101607
v -0.177294 0.121368 0.122661
v -0.160833 0.125849 0.115599
v -0.162686 0.123530 0.110140
v -0.179147 0.119049 0.117202
v -0.162245 0.131061 0.112524
v -0.178705 0.126580 0.119586
v -0.197881 0.120245 0.115592
v -0.193782 0.110045 0.121275
v -0.194246 0.117418 0.123990
v -0.199467 0.117973 0.110036
v -0.197417 0.112872 0.112877
v -0.192196 0.112317 0.126831
v -0.091049 0.119222 0.067459
v -0.088743 0.121514 0.072754
v -0.086108 0.118659 0.081515
v -0.085780 0.113512 0.084981
v -0.088086 0.111220 0.079686
v -0.090721 0.114075 0.070925
v -0.116742 0.136034 0.080775
v -0.131368 0.135368 0.085568
v -0.129515 0.137687 0.091026
v -0.114890 0.138354 0.086234
v -0.115331 0.130823 0.083850
v -0.129956 0.130156 0.088642
v -0.110214 0.130249 0.097842
v -0.124839 0.129583 0.102635
v -0.126692 0.127263 0.097176
v -0.112066 0.127930 0.092383
v -0.126251 0.134794 0.099560
v -0.111625 0.135461 0.094767
v -0.101602 0.132668 0.079730
v -0.100072 0.122323 0.086347
v -0.098713 0.129799 0.088400
v -0.103725 0.130365 0.074369
v -0.102960 0.125193 0.077678
v -0.097949 0.124626 0.091708
v -0.203893 0.118342 0.076799
v -0.205484 0.120708 0.082320
v -0.207370 0.117915 0.091291
v -0.207665 0.112756 0.094742
v -0.206073 0.110390 0.089221
v -0.204187 0.113183 0.080250
v -0.139291 0.137941 0.094658
v -0.140414 0.140304 0.100294
v -0.142951 0.137516 0.109105
v -0.144366 0.132365 0.112280
v -0.143243 0.130002 0.106644
v -0.140706 0.132791 0.097833
v -0.178024 0.136505 0.085143
v -0.158468 0.139235 0.089466
v -0.159591 0.141597 0.095102
v -0.179146 0.138867 0.090779
v -0.179438 0.131354 0.088318
v -0.159882 0.134084 0.092641
v -0.183098 0.130929 0.102765
v -0.163542 0.133659 0.107088
v -0.162420 0.131296 0.101452
v -0.181975 0.128566 0.097129
v -0.162128 0.138809 0.103913
v -0.181684 0.136080 0.099590
v -0.195355 0.130682 0.085808
v -0.196846 0.120371 0.092487
v -0.197503 0.127891 0.094715
v -0.193952 0.128318 0.080241
v -0.194698 0.123162 0.083580
v -0.198249 0.122736 0.098054
v -0.084132 0.106671 0.107026
v -0.084799 0.108925 0.112778
v -0.087970 0.106287 0.121428
v -0.090474 0.101395 0.124327
v -0.089807 0.099140 0.118575
v -0.086636 0.101778 0.109925
v -0.107841 0.128637 0.102633
v -0.126250 0.134814 0.097473
v -0.127373 0.137176 0.103110
v -0.108964 0.131000 0.108269
v -0.109256 0.123487 0.105808
v -0.127664 0.129663 0.100648
v -0.112916 0.123061 0.120255
v -0.131324 0.129238 0.115095
v -0.130201 0.126875 0.109459
v -0.111793 0.120699 0.114619
v -0.129910 0.134388 0.111920
v -0.111501 0.128212 0.117080
v -0.094429 0.119868 0.110978
v -0.098559 0.109875 0.116998
v -0.097344 0.117170 0.119693
v -0.093578 0.117570 0.105273
v -0.095643 0.112574 0.108283
v -0.099409 0.112173 0.122703
v -0.209538 0.118279 0.077285
v -0.208132 0.120127 0.083048
v -0.204246 0.116775 0.091142
v -0.201766 0.111577 0.093472
v -0.203171 0.109729 0.087709
v -0.207057 0.113081 0.079615
v -0.148846 0.148375 0.057677
v -0.146994 0.150312 0.063283
v -0.143729 0.146836 0.071596
v -0.142318 0.141425 0.074304
v -0.144170 0.139488 0.068698
v -0.147435 0.142963 0.060385
v -0.183823 0.139917 0.070828
v -0.167362 0.144875 0.064093
v -0.165509 0.146812 0.069698
v -0.181970 0.141854 0.076434
v -0.182411 0.134505 0.073536
v -0.165950 0.139464 0.066800
v -0.177294 0.132967 0.087455
v -0.160833 0.137925 0.080719
v -0.162686 0.135989 0.075113
v -0.179147 0.131030 0.081849
v -0.162245 0.143337 0.078012
v -0.178705 0.138378 0.084747
v -0.197881 0.132335 0.080325
v -0.193782 0.121766 0.085289
v -0.194246 0.128934 0.088507
v -0.199467 0.130452 0.074625
v -0.197417 0.125167 0.077107
v -0.192196 0.123649 0.090989
v -0.091049 0.134640 0.032237
v -0.088743 0.136560 0.037677
v -0.086108 0.133107 0.046220
v -0.085780 0.127733 0.049322
v -0.088086 0.125813 0.043881
v -0.090721 0.129266 0.035339
v -0.116742 0.150492 0.046683
v -0.131368 0.149496 0.051417
v -0.129515 0.151432 0.057023
v -0.114890 0.152429 0.052288
v -0.115331 0.145080 0.049390
v -0.129956 0.144084 0.054125
v -0.110214 0.143542 0.063309
v -0.124839 0.142545 0.068044
v -0.126692 0.140609 0.062438
v -0.112066 0.141605 0.057703
v -0.126251 0.147957 0.065337
v -0.111625 0.148953 0.060602
v -0.101602 0.147207 0.045408
v -0.100072 0.136428 0.051293
v -0.098713 0.143744 0.053858
v -0.103725 0.145280 0.039900
v -0.102960 0.139890 0.042843
v -0.097949 0.138355 0.056801
v -0.203893 0.133117 0.041494
v -0.205484 0.135096 0.047165
v -0.207370 0.131690 0.055922
v -0.207665 0.126305 0.059007
v -0.206073 0.124326 0.053337
v -0.204187 0.127732 0.044580
v -0.139291 0.151435 0.060664
v -0.140414 0.153403 0.066450
v -0.142951 0.150012 0.075047
v -0.144366 0.144655 0.077859
v -0.143243 0.142687 0.072073
v -0.140706 0.146077 0.063476
v -0.178024 0.150660 0.051072
v -0.158468 0.153084 0.055574
v -0.159591 0.155052 0.061360
v -0.179146 0.152627 0.056858
v -0.179438 0.145302 0.053884
v -0.159882 0.147726 0.058385
v -0.183098 0.143879 0.068267
v -0.163542 0.146304 0.072768
v -0.162420 0.144336 0.066982
v -0.181975 0.141912 0.062481
v -0.162128 0.151662 0.069957
v -0.181684 0.149237 0.065455
v -0.195355 0.144805 0.051334
v -0.196846 0.134057 0.057284
v -0.197503 0.141406 0.060026
v -0.193952 0.142831 0.045616
v -0.194698 0.137457 0.048592
v -0.198249 0.136032 0.063001
v -0.084132 0.119385 0.070842
v -0.084799 0.121236 0.076735
v -0.087970 0.118007 0.085183
v -0.090474 0.112926 0.087737
v -0.089807 0.111074 0.081843
v -0.086636 0.114304 0.073395
v -0.107841 0.141602 0.067977
v -0.126250 0.148121 0.063257
v -0.127373 0.150088 0.069042
v -0.108964 0.143570 0.073763
v -0.109256 0.136245 0.070789
v -0.127664 0.142763 0.066068
v -0.112916 0.134822 0.085172
v -0.131324 0.141340 0.080451
v -0.130201 0.139373 0.074665
v -0.111793 0.132854 0.079386
v -0.129910 0.146698 0.077640
v -0.111501 0.140179 0.082360
v -0.094429 0.132277 0.075696
v -0.098559 0.121892 0.081011
v -0.097344 0.128983 0.084204
v -0.093578 0.130379 0.069846
v -0.095643 0.125187 0.072503
v -0.099409 0.123791 0.086861
v -0.140806 0.160813 0.032802
v -0.161080 0.168320 0.051419
v -0.195252 0.168843 0.082132
v -0.207541 0.156913 0.093655
v -0.190863 0.149166 0.079095
v -0.161080 0.153306 0.051419
v -0.149566 0.165286 0.040846
v -0.181628 0.170049 0.069972
v -0.201799 0.165527 0.088134
v -0.198435 0.150442 0.085806
v -0.178676 0.151664 0.067923
v -0.149566 0.156340 0.040846
v -0.146708 0.161667 0.027428
v -0.166983 0.169174 0.046046
v -0.201260 0.169503 0.076806
v -0.213548 0.157573 0.088329
v -0.196871 0.149826 0.073770
v -0.166983 0.154160 0.046046
v -0.155469 0.166140 0.035473
v -0.187611 0.170764 0.064636
v -0.207807 0.166188 0.082808
v -0.204442 0.151103 0.080481
v -0.184659 0.152379 0.062587
v -0.155469 0.157194 0.035473
v -0.153938 0.161430 0.034462
v -0.169977 0.166740 0.049190
v -0.197078 0.167022 0.073521
v -0.206799 0.158584 0.082637
v -0.193606 0.153105 0.071119
v -0.169977 0.156120 0.049190
v -0.160869 0.164594 0.040826
v -0.186301 0.167899 0.063906
v -0.202257 0.164677 0.078269
v -0.199595 0.154008 0.076428
v -0.183966 0.154895 0.062285
v -0.160869 0.158266 0.040826
v -0.147897 0.160723 0.038904
v -0.164264 0.166141 0.053934
v -0.191825 0.166583 0.078719
v -0.201746 0.157973 0.088022
v -0.188282 0.152381 0.076268
v -0.164264 0.155304 0.053934
v -0.154969 0.163951 0.045398
v -0.180848 0.167435 0.068915
v -0.197111 0.164190 0.083564
v -0.194395 0.153302 0.081685
v -0.178465 0.154164 0.067260
v -0.154969 0.157494 0.045398
v -0.150534 0.164231 0.032960
v -0.126492 0.168200 0.047800
v -0.091597 0.165216 0.077543
v -0.084495 0.154960 0.093989
v -0.104872 0.150793 0.083148
v -0.133331 0.156573 0.054393
v -0.139586 0.166898 0.038832
v -0.104852 0.167537 0.065140
v -0.086449 0.162049 0.084847
v -0.096626 0.150992 0.089144
v -0.116128 0.153845 0.071165
v -0.143661 0.159970 0.042761
v -0.145788 0.159843 0.028199
v -0.121746 0.163812 0.043040
v -0.086840 0.160648 0.072918
v -0.079737 0.150392 0.089364
v -0.100115 0.146225 0.078523
v -0.128585 0.152185 0.049633
v -0.134840 0.162510 0.034071
v -0.100093 0.163019 0.060480
v -0.081692 0.157481 0.080222
v -0.091869 0.146424 0.084519
v -0.111369 0.149326 0.066505
v -0.138915 0.155582 0.038000
v -0.137864 0.159244 0.035658
v -0.119252 0.162317 0.047147
v -0.092217 0.159916 0.070249
v -0.086719 0.151976 0.082981
v -0.102494 0.148750 0.074588
v -0.124546 0.153316 0.052251
v -0.129388 0.161309 0.040204
v -0.102465 0.161733 0.060640
v -0.088232 0.157464 0.075904
v -0.096111 0.148904 0.079230
v -0.111195 0.151133 0.065304
v -0.132543 0.155945 0.043245
v -0.142739 0.163270 0.039462
v -0.123745 0.166405 0.051187
v -0.096168 0.164111 0.074644
v -0.090557 0.156009 0.087637
v -0.106656 0.152717 0.079072
v -0.129148 0.157220 0.056396
v -0.134089 0.165377 0.044102
v -0.106629 0.165923 0.064867
v -0.092101 0.161610 0.080414
v -0.100141 0.152874 0.083809
v -0.115538 0.155106 0.069627
v -0.137308 0.159903 0.047206
v 0.207779 0.102015 0.123656
v 0.208259 0.104173 0.129463
v 0.207593 0.101175 0.138541
v 0.206446 0.096017 0.141811
v 0.205966 0.093859 0.136005
v 0.206633 0.096858 0.126927
v 0.141788 0.126291 0.125690
v 0.141788 0.128502 0.131497
v 0.141788 0.125430 0.140575
v 0.141788 0.120148 0.143846
v 0.141788 0.117936 0.138039
v 0.141788 0.121008 0.128961
v 0.181323 0.120984 0.125691
v 0.161624 0.124911 0.125260
v 0.161624 0.127123 0.131067
v 0.181323 0.123195 0.131498
v 0.181323 0.115701 0.128962
v 0.161624 0.119629 0.128531
v 0.181323 0.114840 0.143847
v 0.161624 0.118768 0.143416
v 0.161624 0.116557 0.137609
v 0.181323 0.112629 0.138040
v 0.161624 0.124051 0.140145
v 0.181323 0.120123 0.140576
v 0.197275 0.113884 0.130332
v 0.195906 0.103469 0.136874
v 0.196877 0.110856 0.139410
v 0.196988 0.111704 0.124526
v 0.196304 0.106497 0.127797
v 0.196192 0.105648 0.142681
v 0.082201 0.103365 0.123656
v 0.081721 0.105523 0.129463
v 0.082388 0.102524 0.138541
v 0.083534 0.097367 0.141811
v 0.084014 0.095209 0.136005
v 0.083348 0.098208 0.126927
v 0.108658 0.122334 0.125691
v 0.128357 0.126261 0.125260
v 0.128357 0.128472 0.131067
v 0.108658 0.124545 0.131498
v 0.108658 0.117051 0.128962
v 0.128357 0.120978 0.128531
v 0.108658 0.116190 0.143847
v 0.128357 0.120118 0.143416
v 0.128357 0.117907 0.137609
v 0.108658 0.113979 0.138040
v 0.128357 0.125401 0.140145
v 0.108658 0.121473 0.140576
v 0.092706 0.115234 0.130332
v 0.094075 0.104818 0.136874
v 0.093104 0.112206 0.139410
v 0.092992 0.113054 0.124526
v 0.093677 0.107847 0.127797
v 0.093788 0.106998 0.142681
v 0.209538 0.106013 0.113530
v 0.208132 0.108254 0.119152
v 0.204246 0.105470 0.127459
v 0.201766 0.100445 0.130142
v 0.203171 0.098204 0.124520
v 0.207057 0.100988 0.116214
v 0.148846 0.134682 0.091890
v 0.146994 0.137001 0.097349
v 0.143729 0.134109 0.105882
v 0.142318 0.128897 0.108957
v 0.144170 0.126578 0.103498
v 0.147435 0.129470 0.094965
v 0.183823 0.127153 0.105594
v 0.167362 0.131634 0.098532
v 0.165509 0.133953 0.103990
v 0.181970 0.129472 0.111053
v 0.182411 0.121941 0.108669
v 0.165950 0.126423 0.101607
v 0.177294 0.121368 0.122661
v 0.160833 0.125849 0.115599
v 0.162686 0.123530 0.110140
v 0.179147 0.119049 0.117202
v 0.162245 0.131061 0.112524
v 0.178705 0.126580 0.119586
v 0.197881 0.120245 0.115592
v 0.193782 0.110045 0.121275
v 0.194246 0.117418 0.123990
v 0.199467 0.117973 0.110036
v 0.197417 0.112872 0.112877
v 0.192196 0.112317 0.126831
v 0.091049 0.119222 0.067459
v 0.088743 0.121514 0.072754
v 0.086108 0.118659 0.081515
v 0.085780 0.113512 0.084981
v 0.088086 0.111220 0.079686
v 0.090721 0.114075 0.070925
v 0.116742 0.136034 0.080775
v 0.131368 0.135368 0.085568
v 0.129515 0.137687 0.091026
v 0.114890 0.138354 0.086234
v 0.115331 0.130823 0.083850
v 0.129956 0.130156 0.088642
v 0.110214 0.130249 0.097842
v 0.124839 0.129583 0.102635
v 0.126692 0.127263 0.097176
v 0.112066 0.127930 0.092383
v 0.126251 0.134794 0.099560
v 0.111625 0.135461 0.094767
v 0.101602 0.132668 0.079730
v 0.100072 0.122323 0.086347
v 0.098713 0.129799 0.088400
v 0.103725 0.130365 0.074369
v 0.102960 0.125193 0.077678
v 0.097949 0.124626 0.091708
v 0.203893 0.118342 0.076799
v 0.205484 0.120708 0.082320
v 0.207370 0.117915 0.091291
v 0.207665 0.112756 0.094742
v 0.206073 0.110390 0.089221
v 0.204187 0.113183 0.080250
v 0.139291 0.137941 0.094658
v 0.140414 0.140304 0.100294
v 0.142951 0.137516 0.109105
v 0.144366 0.132365 0.112280
v 0.143243 0.130002 0.106644
v 0.140706 0.132791 0.097833
v 0.178024 0.136505 0.085143
v 0.158468 0.139235 0.089466
v 0.159591 0.141597 0.095102
v 0.179146 0.138867 0.090779
v 0.179438 0.131354 0.088318
v 0.159882 0.134084 0.092641
v 0.183098 0.130929 0.102765
v 0.163542 0.133659 0.107088
v 0.162420 0.131296 0.101452
v 0.181975 0.128566 0.097129
v 0.162128 0.138809 0.103913
v 0.181684 0.136080 0.099590
v 0.195355 0.130682 0.085808
v 0.196846 0.120371 0.092487
v 0.197503 0.127891 0.094715
v 0.193952 0.128318 0.080241
v 0.194698 0.123162 0.083580
v 0.198249 0.122736 0.098054
v 0.084132 0.106671 0.107026
v 0.084799 0.108925 0.112778
v 0.087970 0.106287 0.121428
v 0.090474 0.101395 0.124327
v 0.089807 0.099140 0.118575
v 0.086636 0.101778 0.109925
v 0.107841 0.128637 0.102633
v 0.126250 0.134814 0.097473
v 0.127373 0.137176 0.103110
v 0.108964 0.131000 0.108269
v 0.109256 0.123487 0.105808
v 0.127664 0.129663 0.100648
v 0.112916 0.123061 0.120255
v 0.131324 0.129238 0.115095
v 0.130201 0.126875 0.109459
v 0.111793 0.120699 0.114619
v 0.129910 0.134388 0.111920
v 0.111501 0.128212 0.117080
v 0.094429 0.119868 0.110978
v 0.098559 0.109875 0.116998
v 0.097344 0.117170 0.119693
v 0.093578 0.117570 0.105273
v 0.095643 0.112574 0.108283
v 0.099409 0.112173 0.122703
v 0.209538 0.118279 0.077285
v 0.208132 0.120127 0.083048
v 0.204246 0.116775 0.091142
v 0.201766 0.111577 0.093472
v 0.203171 0.109729 0.087709
v 0.207057 0.113081 0.079615
v 0.148846 0.148375 0.057677
v 0.146994 0.150312 0.063283
v 0.143729 0.146836 0.071596
v 0.142318 0.141425 0.074304
v 0.144170 0.139488 0.068698
v 0.147435 0.142963 0.060385
v 0.183823 0.139917 0.070828
v 0.167362 0.144875 0.064093
v 0.165509 0.146812 0.069698
v 0.181970 0.141854 0.076434
v 0.182411 0.134505 0.073536
v 0.165950 0.139464 0.066800
v 0.177294 0.132967 0.087455
v 0.160833 0.137925 0.080719
v 0.162686 0.135989 0.075113
v 0.179147 0.131030 0.081849
v 0.162245 0.143337 0.078012
v 0.178705 0.138378 0.084747
v 0.197881 0.132335 0.080325
v 0.193782 0.121766 0.085289
v 0.194246 0.128934 0.088507
v 0.199467 0.130452 0.074625
v 0.197417 0.125167 0.077107
v 0.192196 0.123649 0.090989
v 0.091049 0.134640 0.032237
v 0.088743 0.136560 0.037677
v 0.086108 0.133107 0.046220
v 0.085780 0.127733 0.049322
v 0.088086 0.125813 0.043881
v 0.090721 0.129266 0.035339
v 0.116742 0.150492 0.046683
v 0.131368 0.149496 0.051417
v 0.129515 0.151432 0.057023
v 0.114890 0.152429 0.052288
v 0.115331 0.145080 0.049390
v 0.129956 0.144084 0.054125
v 0.110214 0.143542 0.063309
v 0.124839 0.142545 0.068044
v 0.126692 0.140609 0.062438
v 0.112066 0.141605 0.057703
v 0.126251 0.147957 0.065337
v 0.111625 0.148953 0.060602
v 0.101602 0.147207 0.045408
v 0.100072 0.136428 0.051293
v 0.098713 0.143744 0.053858
v 0.103725 0.145280 0.039900
v 0.102960 0.139890 0.042843
v 0.097949 0.138355 0.056801
v 0.203893 0.133117 0.041494
v 0.205484 0.135096 0.047165
v 0.207370 0.131690 0.055922
v 0.207665 0.126305 0.059007
v 0.206073 0.124326 0.053337
v 0.204187 0.127732 0.044580
v 0.139291 0.151435 0.060664
v 0.140414 0.153403 0.066450
v 0.142951 0.150012 0.075047
v 0.144366 0.144655 0.077859
v 0.143243 0.142687 0.072073
v 0.140706 0.146077 0.063476
v 0.178024 0.150660 0.051072
v 0.158468 0.153084 0.055574
v 0.159591 0.155052 0.061360
v 0.179146 0.152627 0.056858
v 0.179438 0.145302 0.053884
v 0.159882 0.147726 0.058385
v 0.183098 0.143879 0.068267
v 0.163542 0.146304 0.072768
v 0.162420 0.144336 0.066982
v 0.181975 0.141912 0.062481
v 0.162128 0.151662 0.069957
v 0.181684 0.149237 0.065455
v 0.195355 0.144805 0.051334
v 0.196846 0.134057 0.057284
v 0.197503 0.141406 0.060026
v 0.193952 0.142831 0.045616
v 0.194698 0.137457 0.048592
v 0.198249 0.136032 0.063001
v 0.084132 0.119385 0.070842
v 0.084799 0.121236 0.076735
v 0.087970 0.118007 0.085183
v 0.090474 0.112926 0.087737
v 0.089807 0.111074 0.081843
v 0.086636 0.114304 0.073395
v 0.107841 0.141602 0.067977
v 0.126250 0.148121 0.063257
v 0.127373 0.150088 0.069042
v 0.108964 0.143570 0.073763
v 0.109256 0.136245 0.070789
v 0.127664 0.142763 0.066068
v 0.112916 0.134822 0.085172
v 0.131324 0.141340 0.080451
v 0.130201 0.139373 0.074665
v 0.111793 0.132854 0.079386
v 0.129910 0.146698 0.077640
v 0.111501 0.140179 0.082360
v 0.094429 0.132277 0.075696
v 0.098559 0.121892 0.081011
v 0.097344 0.128983 0.084204
v 0.093578 0.130379 0.069846
v 0.095643 0.125187 0.072503
v 0.099409 0.123791 0.086861
v 0.140806 0.160813 0.032802
v 0.161080 0.168320 0.051419
v 0.195252 0.168843 0.082132
v 0.207541 0.156913 0.093655
v 0.190863 0.149166 0.079095
v 0.161080 0.153306 0.051419
v 0.149566 0.165286 0.040846
v 0.181628 0.170049 0.069972
v 0.201799 0.165527 0.088134
v 0.198435 0.150442 0.085806
v 0.178676 0.151664 0.067923
v 0.149566 0.156340 0.040846
v 0.146708 0.161667 0.027428
v 0.166983 0.169174 0.046046
v 0.201260 0.169503 0.076806
v 0.213548 0.157573 0.088329
v 0.196871 0.149826 0.073770
v 0.166983 0.154160 0.046046
v 0.155469 0.166140 0.035473
v 0.187611 0.170764 0.064636
v 0.207807 0.166188 0.082808
v 0.204442 0.151103 0.080481
v 0.184659 0.152379 0.062587
v 0.155469 0.157194 0.035473
v 0.153938 0.161430 0.034462
v 0.169977 0.166740 0.049190
v 0.197078 0.167022 0.073521
v 0.206799 0.158584 0.082637
v 0.193606 0.153105 0.071119
v 0.169977 0.156120 0.049190
v 0.160869 0.164594 0.040826
v 0.186301 0.167899 0.063906
v 0.202257 0.164677 0.078269
v 0.199595 0.154008 0.076428
v 0.183966 0.154895 0.062285
v 0.160869 0.158266 0.040826
v 0.147897 0.160723 0.038904
v 0.164264 0.166141 0.053934
v 0.191825 0.166583 0.078719
v 0.201746 0.157973 0.088022
v 0.188282 0.152381 0.076268
v 0.164264 0.155304 0.053934
v 0.154969 0.163951 0.045398
v 0.180848 0.167435 0.068915
v 0.197111 0.164190 0.083564
v 0.194395 0.153302 0.081685
v 0.178465 0.154164 0.067260
v 0.154969 0.157494 0.045398
v 0.150534 0.164231 0.032960
v 0.126492 0.168200 0.047800
v 0.091597 0.165216 0.077543
v 0.084495 0.154960 0.093989
v 0.104872 0.150793 0.083148
v 0.133331 0.156573 0.054393
v 0.139586 0.166898 0.038832
v 0.104852 0.167537 0.065140
v 0.086449 0.162049 0.084847
v 0.096626 0.150992 0.089144
v 0.116128 0.153845 0.071165
v 0.143661 0.159970 0.042761
v 0.145788 0.159843 0.028199
v 0.121746 0.163812 0.043040
v 0.086840 0.160648 0.072918
v 0.079737 0.150392 0.089364
v 0.100115 0.146225 0.078523
v 0.128585 0.152185 0.049633
v 0.134840 0.162510 0.034071
v 0.100093 0.163019 0.060480
v 0.081692 0.157481 0.080222
v 0.091869 0.146424 0.084519
v 0.111369 0.149326 0.066505
v 0.138915 0.155582 0.038000
v 0.137864 0.159244 0.035658
v 0.119252 0.162317 0.047147
v 0.092217 0.159916 0.070249
v 0.086719 0.151976 0.082981
v 0.102494 0.148750 0.074588
v 0.124546 0.153316 0.052251
v 0.129388 0.161309 0.040204
v 0.102465 0.161733 0.060640
v 0.088232 0.157464 0.075904
v 0.096111 0.148904 0.079230
v 0.111195 0.151133 0.065304
v 0.132543 0.155945 0.043245
v 0.142739 0.163270 0.039462
v 0.123745 0.166405 0.051187
v 0.096168 0.164111 0.074644
v 0.090557 0.156009 0.087637
v 0.106656 0.152717 0.079072
v 0.129148 0.157220 0.056396
v 0.134089 0.165377 0.044102
v 0.106629 0.165923 0.064867
v 0.092101 0.161610 0.080414
v 0.100141 0.152874 0.083809
v 0.115538 0.155106 0.069627
v 0.137308 0.159903 0.047206
v 0.146691 1.272043 -0.225324
v 0.093689 1.273422 -0.215557
v 0.047079 1.277395 -0.187432
v 0.012485 1.280096 -0.146074
v -0.005923 1.282240 -0.096659
v -0.005923 1.283454 -0.026600
v 0.012485 1.280557 0.031085
v 0.047079 1.279237 0.063072
v 0.093689 1.279237 0.091489
v 0.146691 1.279237 0.101358
v 0.199693 1.279237 0.091489
v 0.246302 1.279237 0.063072
v 0.280896 1.280557 0.031085
v 0.299304 1.283454 -0.026600
v 0.299304 1.282240 -0.096659
v 0.280896 1.280096 -0.146074
v 0.246302 1.277395 -0.187432
v 0.199693 1.273422 -0.215557
v 0.146467 1.145048 -0.202274
v 0.096680 1.145048 -0.193004
v 0.052898 1.145048 -0.166311
v 0.020401 1.144258 -0.125838
v 0.003110 1.143131 -0.076274
v 0.003110 1.144023 -0.017859
v 0.020401 1.145048 0.037242
v 0.052898 1.145048 0.078138
v 0.096680 1.145048 0.104831
v 0.146467 1.145048 0.114101
v 0.196255 1.145048 0.104831
v 0.240037 1.145048 0.078138
v 0.272534 1.145048 0.037242
v 0.289824 1.144023 -0.017859
v 0.289824 1.143131 -0.076274
v 0.272534 1.144258 -0.125838
v 0.240037 1.145048 -0.166311
v 0.196255 1.145048 -0.193004
v 0.140232 0.834291 -0.138372
v 0.102871 0.834291 -0.131427
v 0.070017 0.834291 -0.111430
v 0.045632 0.834291 -0.081405
v 0.032657 0.834291 -0.047578
v 0.032657 0.834291 -0.013890
v 0.045632 0.834291 0.019045
v 0.070017 0.834291 0.049046
v 0.102871 0.834291 0.069077
v 0.140232 0.834291 0.076033
v 0.177592 0.834291 0.069077
v 0.210446 0.834291 0.049046
v 0.234831 0.834291 0.019045
v 0.247806 0.834291 -0.013890
v 0.247806 0.834291 -0.047578
v 0.234831 0.834291 -0.081405
v 0.210446 0.834291 -0.111430
v 0.177592 0.834291 -0.131427
v 0.140232 0.740570 -0.123904
v 0.108939 0.740570 -0.118078
v 0.081421 0.740570 -0.101301
v 0.060997 0.740570 -0.077267
v 0.050129 0.740570 -0.049823
v 0.050129 0.740570 -0.020477
v 0.060997 0.740570 0.009153
v 0.081421 0.742658 0.046289
v 0.108939 0.742658 0.063066
v 0.140232 0.742658 0.068892
v 0.171524 0.742658 0.063066
v 0.199042 0.742658 0.046289
v 0.219467 0.740570 0.009153
v 0.230334 0.740570 -0.020477
v 0.230334 0.740570 -0.049823
v 0.219467 0.740570 -0.077267
v 0.199042 0.740570 -0.101301
v 0.171524 0.740570 -0.118078
v 0.140232 0.172253 -0.101669
v 0.120946 0.172253 -0.099557
v 0.103986 0.172253 -0.092386
v 0.091398 0.172253 -0.079648
v 0.084700 0.172253 -0.064495
v 0.084700 0.172253 -0.049923
v 0.091398 0.172253 -0.035473
v 0.103986 0.172253 -0.020198
v 0.120946 0.172253 -0.007380
v 0.140232 0.172253 -0.002397
v 0.159517 0.172253 -0.005874
v 0.176477 0.172253 -0.015612
v 0.189065 0.172253 -0.030481
v 0.195763 0.172253 -0.046552
v 0.195763 0.172253 -0.061396
v 0.189065 0.172253 -0.074785
v 0.176477 0.172253 -0.087738
v 0.159517 0.172253 -0.098078
v 0.254125 0.989669 0.029141
v 0.269318 0.989669 -0.015746
v 0.017379 0.989669 -0.015746
v 0.032573 0.989669 0.029141
v 0.269318 0.989669 -0.062656
v 0.061128 0.989669 0.067341
v 0.254125 0.989480 -0.105732
v 0.099600 0.989669 0.092170
v 0.143349 0.988625 -0.168722
v 0.099600 0.988625 -0.160576
v 0.225570 0.988948 -0.138837
v 0.143349 0.989669 0.100316
v 0.061128 0.988948 -0.138837
v 0.187098 0.988625 -0.160576
v 0.187098 0.989669 0.092170
v 0.032573 0.989480 -0.105732
v 0.225570 0.989669 0.067341
v 0.017379 0.989669 -0.062656
v 0.220929 0.700975 -0.082128
v 0.108355 0.700960 0.053185
v 0.108367 0.700962 -0.124415
v 0.200122 0.700967 -0.107343
v 0.140232 0.700960 0.059120
v 0.080341 0.700967 -0.107343
v 0.172097 0.700962 -0.124416
v 0.172109 0.700960 0.053185
v 0.059534 0.700975 -0.082129
v 0.200142 0.700961 0.036095
v 0.048455 0.700960 -0.052259
v 0.220948 0.700961 0.010022
v 0.048444 0.700962 -0.020799
v 0.232020 0.700962 -0.020799
v 0.059515 0.700962 0.010022
v 0.232009 0.700960 -0.052259
v 0.080322 0.700962 0.036095
v 0.140232 0.700962 -0.130346
v 0.220970 0.411276 -0.068827
v 0.087533 0.399773 0.011273
v 0.140232 0.421389 -0.139408
v 0.211232 0.415401 -0.097005
v 0.112191 0.397410 0.028195
v 0.112191 0.420799 -0.135184
v 0.192930 0.418587 -0.119345
v 0.140232 0.396556 0.034314
v 0.087533 0.419003 -0.122324
v 0.168272 0.420666 -0.134236
v 0.168272 0.397278 0.029143
v 0.069231 0.416095 -0.101499
v 0.192930 0.399357 0.014252
v 0.059493 0.412131 -0.073964
v 0.211232 0.402556 -0.008582
v 0.059493 0.407572 -0.043115
v 0.220970 0.406717 -0.037725
v 0.069231 0.403250 -0.013476
v 0.235930 0.620934 -0.067818
v 0.236018 0.634835 -0.066318
v 0.224466 0.634984 -0.103444
v 0.224380 0.621134 -0.105369
v 0.077754 0.620332 0.036970
v 0.077712 0.634276 0.037631
v 0.106965 0.634277 0.050844
v 0.106987 0.620316 0.049909
v 0.140232 0.621138 -0.157058
v 0.140232 0.634913 -0.155138
v 0.106964 0.634920 -0.148941
v 0.107003 0.621137 -0.150906
v 0.202754 0.634940 -0.131099
v 0.202684 0.621136 -0.133068
v 0.140232 0.634279 0.057038
v 0.140232 0.620315 0.056128
v 0.077709 0.634939 -0.131099
v 0.077780 0.621134 -0.133167
v 0.173499 0.634920 -0.148941
v 0.173460 0.621137 -0.150875
v 0.173498 0.634277 0.050844
v 0.173476 0.620315 0.049938
v 0.055998 0.634984 -0.103444
v 0.056085 0.621133 -0.105516
v 0.202752 0.634276 0.037631
v 0.202709 0.620327 0.037063
v 0.044446 0.634835 -0.066318
v 0.044535 0.620936 -0.067984
v 0.224465 0.634275 0.011990
v 0.224402 0.620341 0.011544
v 0.044445 0.634495 -0.024966
v 0.044526 0.620575 -0.025964
v 0.236018 0.634495 -0.024966
v 0.235939 0.620570 -0.025792
v 0.055998 0.634275 0.011990
v 0.056062 0.620348 0.011390
v 0.217806 0.518267 -0.101187
v 0.228450 0.516105 -0.068322
v 0.228455 0.513644 -0.031758
v 0.197807 0.519861 -0.126207
v 0.109589 0.508863 0.039052
v 0.082644 0.510053 0.024122
v 0.062647 0.511799 -0.001043
v 0.140232 0.508435 0.045221
v 0.109597 0.520968 -0.143045
v 0.140232 0.521263 -0.148233
v 0.170866 0.520902 -0.142555
v 0.082656 0.520069 -0.127745
v 0.170874 0.508797 0.039540
v 0.062658 0.518614 -0.103507
v 0.197820 0.509842 0.025657
v 0.052014 0.516533 -0.070974
v 0.217817 0.511449 0.001481
v 0.052009 0.514074 -0.034540
v 0.146691 1.301146 -0.225324
v 0.093689 1.302526 -0.215557
v 0.047079 1.306498 -0.187432
v 0.012485 1.309200 -0.146074
v -0.005923 1.311344 -0.096659
v -0.005923 1.312557 -0.026600
v 0.012485 1.309660 0.031085
v 0.047079 1.308340 0.063072
v 0.093689 1.308340 0.091489
v 0.146691 1.308340 0.101358
v 0.199693 1.308340 0.091489
v 0.246302 1.308340 0.063072
v 0.280896 1.309660 0.031085
v 0.299304 1.312557 -0.026600
v 0.299304 1.311344 -0.096659
v 0.280896 1.309200 -0.146074
v 0.246302 1.306498 -0.187432
v 0.199693 1.302526 -0.215557
v -0.146691 1.272043 -0.225324
v -0.093689 1.273422 -0.215557
v -0.047079 1.277395 -0.187432
v -0.012485 1.280096 -0.146074
v 0.005923 1.282240 -0.096659
v 0.005923 1.283454 -0.026600
v -0.012485 1.280557 0.031085
v -0.047079 1.279237 0.063072
v -0.093689 1.279237 0.091489
v -0.146691 1.279237 0.101358
v -0.199693 1.279237 0.091489
v -0.246302 1.279237 0.063072
v -0.280896 1.280557 0.031085
v -0.299304 1.283454 -0.026600
v -0.299304 1.282240 -0.096659
v -0.280896 1.280096 -0.146074
v -0.246302 1.277395 -0.187432
v -0.199693 1.273422 -0.215557
v -0.146467 1.145048 -0.202274
v -0.096680 1.145048 -0.193004
v -0.052898 1.145048 -0.166311
v -0.020401 1.144258 -0.125838
v -0.003110 1.143131 -0.076274
v -0.003110 1.144023 -0.017859
v -0.020401 1.145048 0.037242
v -0.052898 1.145048 0.078138
v -0.096680 1.145048 0.104831
v -0.146467 1.145048 0.114101
v -0.196255 1.145048 0.104831
v -0.240037 1.145048 0.078138
v -0.272534 1.145048 0.037242
v -0.289824 1.144023 -0.017859
v -0.289824 1.143131 -0.076274
v -0.272534 1.144258 -0.125838
v -0.240037 1.145048 -0.166311
v -0.196255 1.145048 -0.193004
v -0.140232 0.834291 -0.138372
v -0.102871 0.834291 -0.131427
v -0.070017 0.834291 -0.111430
v -0.045632 0.834291 -0.081405
v -0.032657 0.834291 -0.047578
v -0.032657 0.834291 -0.013890
v -0.045632 0.834291 0.019045
v -0.070017 0.834291 0.049046
v -0.102871 0.834291 0.069077
v -0.140232 0.834291 0.076033
v -0.177592 0.834291 0.069077
v -0.210446 0.834291 0.049046
v -0.234831 0.834291 0.019045
v -0.247806 0.834291 -0.013890
v -0.247806 0.834291 -0.047578
v -0.234831 0.834291 -0.081405
v -0.210446 0.834291 -0.111430
v -0.177592 0.834291 -0.131427
v -0.140232 0.740570 -0.123904
v -0.108939 0.740570 -0.118078
v -0.081421 0.740570 -0.101301
v -0.060997 0.740570 -0.077267
v -0.050129 0.740570 -0.049823
v -0.050129 0.740570 -0.020477
v -0.060997 0.740570 0.009153
v -0.081421 0.742658 0.046289
v -0.108939 0.742658 0.063066
v -0.140232 0.742658 0.068892
v -0.171524 0.742658 0.063066
v -0.199042 0.742658 0.046289
v -0.219467 0.740570 0.009153
v -0.230334 0.740570 -0.020477
v -0.230334 0.740570 -0.049823
v -0.219467 0.740570 -0.077267
v -0.199042 0.740570 -0.101301
v -0.171524 0.740570 -0.118078
v -0.140232 0.172253 -0.101669
v -0.120946 0.172253 -0.099557
v -0.103986 0.172253 -0.092386
v -0.091398 0.172253 -0.079648
v -0.084700 0.172253 -0.064495
v -0.084700 0.172253 -0.049923
v -0.091398 0.172253 -0.035473
v -0.103986 0.172253 -0.020198
v -0.120946 0.172253 -0.007380
v -0.140232 0.172253 -0.002397
v -0.159517 0.172253 -0.005874
v -0.176477 0.172253 -0.015612
v -0.189065 0.172253 -0.030481
v -0.195763 0.172253 -0.046552
v -0.195763 0.172253 -0.061396
v -0.189065 0.172253 -0.074785
v -0.176477 0.172253 -0.087738
v -0.159517 0.172253 -0.098078
v -0.254125 0.989669 0.029141
v -0.269318 0.989669 -0.015746
v -0.017379 0.989669 -0.015746
v -0.032573 0.989669 0.029141
v -0.269318 0.989669 -0.062656
v -0.061128 0.989669 0.067341
v -0.254125 0.989480 -0.105732
v -0.099600 0.989669 0.092170
v -0.143349 0.988625 -0.168722
v -0.099600 0.988625 -0.160576
v -0.225570 0.988948 -0.138837
v -0.143349 0.989669 0.100316
v -0.061128 0.988948 -0.138837
v -0.187098 0.988625 -0.160576
v -0.187098 0.989669 0.092170
v -0.032573 0.989480 -0.105732
v -0.225570 0.989669 0.067341
v -0.017379 0.989669 -0.062656
v -0.220929 0.700975 -0.082128
v -0.108355 0.700960 0.053185
v -0.108367 0.700962 -0.124415
v -0.200122 0.700967 -0.107343
v -0.140232 0.700960 0.059120
v -0.080341 0.700967 -0.107343
v -0.172097 0.700962 -0.124416
v -0.172109 0.700960 0.053185
v -0.059534 0.700975 -0.082129
v -0.200142 0.700961 0.036095
v -0.048455 0.700960 -0.052259
v -0.220948 0.700961 0.010022
v -0.048444 0.700962 -0.020799
v -0.232020 0.700962 -0.020799
v -0.059515 0.700962 0.010022
v -0.232009 0.700960 -0.052259
v -0.080322 0.700962 0.036095
v -0.140232 0.700962 -0.130346
v -0.220970 0.411276 -0.068827
v -0.087533 0.399773 0.011273
v -0.140232 0.421389 -0.139408
v -0.211232 0.415401 -0.097005
v -0.112191 0.397410 0.028195
v -0.112191 0.420799 -0.135184
v -0.192930 0.418587 -0.119345
v -0.140232 0.396556 0.034314
v -0.087533 0.419003 -0.122324
v -0.168272 0.420666 -0.134236
v -0.168272 0.397278 0.029143
v -0.069231 0.416095 -0.101499
v -0.192930 0.399357 0.014252
v -0.059493 0.412131 -0.073964
v -0.211232 0.402556 -0.008582
v -0.059493 0.407572 -0.043115
v -0.220970 0.406717 -0.037725
v -0.069231 0.403250 -0.013476
v -0.235930 0.620934 -0.067818
v -0.236018 0.634835 -0.066318
v -0.224466 0.634984 -0.103444
v -0.224380 0.621134 -0.105369
v -0.077754 0.620332 0.036970
v -0.077712 0.634276 0.037631
v -0.106965 0.634277 0.050844
v -0.106987 0.620316 0.049909
v -0.140232 0.621138 -0.157058
v -0.140232 0.634913 -0.155138
v -0.106964 0.634920 -0.148941
v -0.107003 0.621137 -0.150906
v -0.202754 0.634940 -0.131099
v -0.202684 0.621136 -0.133068
v -0.140232 0.634279 0.057038
v -0.140232 0.620315 0.056128
v -0.077709 0.634939 -0.131099
v -0.077780 0.621134 -0.133167
v -0.173499 0.634920 -0.148941
v -0.173460 0.621137 -0.150875
v -0.173498 0.634277 0.050844
v -0.173476 0.620315 0.049938
v -0.055998 0.634984 -0.103444
v -0.056085 0.621133 -0.105516
v -0.202752 0.634276 0.037631
v -0.202709 0.620327 0.037063
v -0.044446 0.634835 -0.066318
v -0.044535 0.620936 -0.067984
v -0.224465 0.634275 0.011990
v -0.224402 0.620341 0.011544
v -0.044445 0.634495 -0.024966
v -0.044526 0.620575 -0.025964
v -0.236018 0.634495 -0.024966
v -0.235939 0.620570 -0.025792
v -0.055998 0.634275 0.011990
v -0.056062 0.620348 0.011390
v -0.217806 0.518267 -0.101187
v -0.228450 0.516105 -0.068322
v -0.228455 0.513644 -0.031758
v -0.197807 0.519861 -0.126207
v -0.109589 0.508863 0.039052
v -0.082644 0.510053 0.024122
v -0.062647 0.511799 -0.001043
v -0.140232 0.508435 0.045221
v -0.109597 0.520968 -0.143045
v -0.140232 0.521263 -0.148233
v -0.170866 0.520902 -0.142555
v -0.082656 0.520069 -0.127745
v -0.170874 0.508797 0.039540
v -0.062658 0.518614 -0.103507
v -0.197820 0.509842 0.025657
v -0.052014 0.516533 -0.070974
v -0.217817 0.511449 0.001481
v -0.052009 0.514074 -0.034540
v -0.146691 1.301146 -0.225324
v -0.093689 1.302526 -0.215557
v -0.047079 1.306498 -0.187432
v -0.012485 1.309200 -0.146074
v 0.005923 1.311344 -0.096659
v 0.005923 1.312557 -0.026600
v -0.012485 1.309660 0.031085
v -0.047079 1.308340 0.063072
v -0.093689 1.308340 0.091489
v -0.146691 1.308340 0.101358
v -0.199693 1.308340 0.091489
v -0.246302 1.308340 0.063072
v -0.280896 1.309660 0.031085
v -0.299304 1.312557 -0.026600
v -0.299304 1.311344 -0.096659
v -0.280896 1.309200 -0.146074
v -0.246302 1.306498 -0.187432
v -0.199693 1.302526 -0.215557
v 0.000000 2.248883 -0.104355
v 0.000000 2.187496 0.043510
v 0.051518 2.202708 0.015834
v 0.070404 2.211092 -0.007521
v 0.076700 2.221199 -0.034859
v 0.071015 2.231008 -0.060404
v 0.053116 2.241084 -0.085565
v 0.025068 2.247315 -0.102021
v -0.001191 2.278335 -0.126429
v 0.000000 2.283758 -0.153379
v 0.028715 2.220392 0.070775
v 0.066150 2.228071 0.048790
v 0.089934 2.238991 0.015632
v 0.098019 2.251840 -0.023498
v 0.090406 2.264042 -0.060214
v 0.066587 2.271280 -0.096188
v 0.032725 2.277102 -0.117913
v 0.050188 2.215039 0.094202
v 0.082819 2.219950 0.070450
v 0.112133 2.233864 0.028740
v 0.122664 2.250429 -0.021430
v 0.113155 2.265502 -0.068590
v 0.082924 2.275107 -0.114905
v 0.039727 2.282727 -0.142746
v 0.000000 2.229299 -0.158716
v 0.094209 2.136850 0.090660
v 0.119211 2.158314 0.054277
v 0.146878 2.180274 0.014100
v 0.158105 2.201453 -0.032803
v 0.138602 2.214975 -0.075245
v 0.107260 2.224380 -0.120380
v 0.057736 2.231035 -0.149243
v 0.101562 2.268448 -0.063444
v 0.074303 2.277045 -0.104129
v 0.101076 2.239980 0.022777
v 0.110415 2.254659 -0.021672
v 0.039200 2.222935 0.085307
v 0.074308 2.227627 0.060178
v 0.036123 2.283745 -0.128229
v -0.000231 2.285133 -0.137903
v 0.000000 2.241832 -0.116963
v -0.000000 2.175786 0.050313
v 0.060048 2.191711 0.020974
v 0.079355 2.200687 -0.002584
v 0.088636 2.212788 -0.035066
v 0.082332 2.224246 -0.066881
v 0.061232 2.234253 -0.095892
v 0.029575 2.240232 -0.114215
v 0.000000 2.269494 -0.138877
v -0.003919 2.273286 -0.143212
v 0.033185 2.206857 0.074349
v 0.071392 2.214371 0.050335
v 0.097303 2.226189 0.014652
v 0.106229 2.240161 -0.027422
v 0.097967 2.252991 -0.066493
v 0.072208 2.260614 -0.104779
v 0.035990 2.266619 -0.127845
v 0.042963 2.205343 0.085020
v 0.074880 2.211221 0.061135
v 0.103683 2.224236 0.021319
v 0.113297 2.239434 -0.024679
v 0.104005 2.254005 -0.067268
v 0.075523 2.263780 -0.108897
v 0.035677 2.271479 -0.134014
v 0.000000 2.226445 -0.144672
v 0.084569 2.133059 0.080010
v 0.108984 2.154395 0.044316
v 0.135282 2.174749 0.006739
v 0.145504 2.194046 -0.035156
v 0.126238 2.207715 -0.071892
v 0.096829 2.218764 -0.111502
v 0.051662 2.227717 -0.136156
v 0.101204 2.254139 -0.067217
v 0.074318 2.262662 -0.107635
v 0.100450 2.225976 0.018015
v 0.109689 2.240590 -0.026222
v 0.038206 2.208583 0.081689
v 0.073388 2.213497 0.055799
v 0.036283 2.269496 -0.132245
v 0.000000 2.272402 -0.143924
v 0.000000 2.244401 -0.122898
v -0.000000 2.129930 0.078239
v 0.064946 2.171202 0.041822
v 0.096531 2.191621 0.012479
v 0.109604 2.214606 -0.022883
v 0.095333 2.231407 -0.067592
v 0.067313 2.241609 -0.097842
v 0.031920 2.244578 -0.117752
v 0.000000 2.203264 -0.122286
v -0.000000 2.084060 0.083651
v 0.092241 2.125069 0.055265
v 0.125757 2.153548 0.013118
v 0.135355 2.169329 -0.027601
v 0.115177 2.184851 -0.070314
v 0.075589 2.195226 -0.099108
v 0.025709 2.201557 -0.117525
v -0.000000 2.165222 -0.128419
v -0.000000 2.035841 0.113027
v 0.133024 2.082070 0.047777
v 0.157060 2.112483 0.014892
v 0.163066 2.129705 -0.029319
v 0.150165 2.145951 -0.074024
v 0.124856 2.156810 -0.104161
v 0.092966 2.163435 -0.123436
v 0.032473 2.150566 0.060031
v 0.041629 2.107871 0.081909
v 0.091679 2.059034 0.083408
v 0.025759 2.195102 0.029672
v 0.066503 2.217494 0.082326
v 0.047432 2.224231 0.059783
v 0.106710 2.147582 0.072468
v 0.056754 2.225281 0.072743
v 0.058922 2.208282 0.073077
v 0.052288 2.210614 0.062342
v 0.096777 2.143727 0.062163
v 0.055797 2.211040 0.068744
v 0.027458 2.183068 0.036897
v -0.051518 2.202708 0.015834
v -0.070404 2.211092 -0.007521
v -0.076700 2.221199 -0.034859
v -0.071015 2.231008 -0.060404
v -0.053116 2.241084 -0.085565
v -0.025068 2.247315 -0.102021
v 0.001191 2.278335 -0.126429
v -0.028715 2.220392 0.070775
v -0.066150 2.228071 0.048790
v -0.089934 2.238991 0.015632
v -0.098019 2.251840 -0.023498
v -0.090406 2.264042 -0.060214
v -0.066587 2.271280 -0.096188
v -0.032725 2.277102 -0.117913
v -0.050188 2.215039 0.094202
v -0.082819 2.219950 0.070450
v -0.112133 2.233864 0.028740
v -0.122664 2.250429 -0.021430
v -0.113155 2.265502 -0.068590
v -0.082924 2.275107 -0.114905
v -0.039727 2.282727 -0.142746
v -0.094209 2.136850 0.090660
v -0.119211 2.158314 0.054277
v -0.146878 2.180274 0.014100
v -0.158105 2.201453 -0.032803
v -0.138602 2.214975 -0.075245
v -0.107260 2.224380 -0.120380
v -0.057736 2.231035 -0.149243
v -0.101562 2.268448 -0.063444
v -0.074303 2.277045 -0.104129
v -0.101076 2.239980 0.022777
v -0.110415 2.254659 -0.021672
v -0.039200 2.222935 0.085307
v -0.074308 2.227627 0.060178
v -0.036123 2.283745 -0.128229
v 0.000231 2.285133 -0.137903
v -0.060048 2.191711 0.020974
v -0.079355 2.200687 -0.002584
v -0.088636 2.212788 -0.035066
v -0.082332 2.224246 -0.066881
v -0.061232 2.234253 -0.095892
v -0.029575 2.240232 -0.114215
v 0.003919 2.273286 -0.143212
v -0.033185 2.206857 0.074349
v -0.071392 2.214371 0.050335
v -0.097303 2.226189 0.014652
v -0.106229 2.240161 -0.027422
v -0.097967 2.252991 -0.066493
v -0.072208 2.260614 -0.104779
v -0.035990 2.266619 -0.127845
v -0.042963 2.205343 0.085020
v -0.074880 2.211221 0.061135
v -0.103683 2.224236 0.021319
v -0.113297 2.239434 -0.024679
v -0.104005 2.254005 -0.067268
v -0.075523 2.263780 -0.108897
v -0.035677 2.271479 -0.134014
v -0.084569 2.133059 0.080010
v -0.108984 2.154395 0.044316
v -0.135282 2.174749 0.006739
v -0.145504 2.194046 -0.035156
v -0.126238 2.207715 -0.071892
v -0.096829 2.218764 -0.111502
v -0.051662 2.227717 -0.136156
v -0.101204 2.254139 -0.067217
v -0.074318 2.262662 -0.107635
v -0.100450 2.225976 0.018015
v -0.109689 2.240590 -0.026222
v -0.038206 2.208583 0.081689
v -0.073388 2.213497 0.055799
v -0.036283 2.269496 -0.132245
v -0.064946 2.171202 0.041822
v -0.096531 2.191621 0.012479
v -0.109604 2.214606 -0.022883
v -0.095333 2.231407 -0.067592
v -0.067313 2.241609 -0.097842
v -0.031920 2.244578 -0.117752
v -0.092241 2.125069 0.055265
v -0.125757 2.153548 0.013118
v -0.135355 2.169329 -0.027601
v -0.115177 2.184851 -0.070314
v -0.075589 2.195226 -0.099108
v -0.025709 2.201557 -0.117525
v -0.133024 2.082070 0.047777
v -0.157060 2.112483 0.014892
v -0.163066 2.129705 -0.029319
v -0.150165 2.145951 -0.074024
v -0.124856 2.156810 -0.104161
v -0.092966 2.163435 -0.123436
v -0.032473 2.150566 0.060031
v -0.041629 2.107871 0.081909
v -0.091679 2.059034 0.083408
v -0.025759 2.195102 0.029672
v -0.066503 2.217494 0.082326
v -0.047432 2.224231 0.059783
v -0.106710 2.147582 0.072468
v -0.056754 2.225281 0.072743
v -0.058922 2.208282 0.073077
v -0.052288 2.210614 0.062342
v -0.096777 2.143727 0.062163
v -0.055797 2.211040 0.068744
v -0.027458 2.183068 0.036897
v -0.142482 0.004246 -0.131967
v -0.182807 0.004246 -0.122608
v -0.221824 0.004246 -0.093846
v -0.242680 0.004246 -0.059627
v -0.249419 0.004246 -0.013106
v -0.255920 0.004246 0.051666
v -0.253780 0.004246 0.109596
v -0.247015 0.002995 0.156254
v -0.233233 0.004246 0.197946
v -0.215258 0.004246 0.224900
v -0.171244 0.004246 0.252868
v -0.140982 0.004246 0.259327
v -0.105755 0.004246 0.252196
v -0.080540 0.004246 0.238682
v -0.047223 0.004246 0.191487
v -0.037601 0.002995 0.151657
v -0.040934 0.004246 0.109652
v -0.043848 0.004246 0.054190
v -0.036049 0.004246 -0.011159
v -0.039806 0.004783 -0.063378
v -0.058877 0.004246 -0.093846
v -0.097894 0.004246 -0.122608
v -0.184125 0.004246 -0.087681
v -0.181280 0.004246 -0.043756
v -0.185785 0.004246 0.020173
v -0.187290 0.004246 0.091029
v -0.181359 0.007527 0.152171
v -0.170773 0.004631 0.195864
v -0.157563 0.004315 0.231309
v -0.122803 0.004246 -0.099399
v -0.109908 0.004246 -0.060536
v -0.111509 0.004246 -0.003640
v -0.116697 0.004246 0.071592
v -0.112020 0.004578 0.132730
v -0.105939 0.005455 0.183187
v -0.102576 0.004462 0.219762
v -0.048711 0.068480 0.148637
v -0.201410 0.099654 0.151969
v -0.083121 0.099654 0.149388
v -0.235819 0.068480 0.152719
v -0.066013 0.086319 0.149015
v -0.106884 0.110070 0.149906
v -0.142265 0.117021 0.150678
v -0.177646 0.110070 0.151450
v -0.218517 0.086319 0.152342
v -0.142482 0.039731 -0.124842
v -0.181378 0.039731 -0.115815
v -0.219012 0.039731 -0.088072
v -0.239128 0.039731 -0.055067
v -0.245629 0.039731 -0.010242
v -0.251900 0.039731 0.052392
v -0.249836 0.039731 0.108382
v -0.243212 0.039418 0.152994
v -0.230017 0.039731 0.193456
v -0.212679 0.039731 0.220726
v -0.170224 0.039731 0.247770
v -0.141035 0.039731 0.254000
v -0.107056 0.039731 0.247122
v -0.082735 0.039731 0.234087
v -0.050599 0.039731 0.187226
v -0.041318 0.039418 0.148363
v -0.044532 0.039731 0.108437
v -0.047344 0.039731 0.054875
v -0.039821 0.039731 -0.008367
v -0.043551 0.040269 -0.058688
v -0.061840 0.039731 -0.088072
v -0.099474 0.039731 -0.115815
v -0.222160 0.006840 -0.094536
v -0.243104 0.006840 -0.060173
v -0.043430 0.006840 0.054100
v -0.035598 0.006840 -0.011531
v -0.171365 0.006840 0.253478
v -0.140976 0.006840 0.259964
v -0.249872 0.006840 -0.013480
v -0.039358 0.007377 -0.063939
v -0.105599 0.006840 0.252803
v -0.256401 0.006840 0.051566
v -0.058523 0.006840 -0.094536
v -0.080277 0.006840 0.239232
v -0.254252 0.006840 0.109741
v -0.097705 0.006840 -0.123420
v -0.046819 0.006840 0.191997
v -0.247470 0.005658 0.156644
v -0.142482 0.006840 -0.132819
v -0.037157 0.005658 0.152051
v -0.233618 0.006840 0.198483
v -0.182978 0.006840 -0.123420
v -0.040503 0.006840 0.109797
v -0.215567 0.006840 0.225399
v -0.222388 0.021898 -0.095004
v -0.043147 0.021898 0.053988
v -0.171448 0.021898 0.253890
v -0.243392 0.021898 -0.060542
v -0.035293 0.021898 -0.011831
v -0.140971 0.021898 0.260395
v -0.250179 0.021898 -0.013735
v -0.039055 0.022435 -0.064319
v -0.105494 0.021898 0.253214
v -0.256727 0.021898 0.051431
v -0.058283 0.021898 -0.095004
v -0.080100 0.021898 0.239604
v -0.254572 0.021898 0.109839
v -0.097577 0.021898 -0.123970
v -0.046546 0.021898 0.192342
v -0.247778 0.021114 0.156908
v -0.142482 0.021898 -0.133396
v -0.036856 0.021114 0.152317
v -0.233879 0.021898 0.198847
v -0.183094 0.021898 -0.123970
v -0.040212 0.021898 0.109896
v -0.215775 0.021898 0.227615
v -0.142482 0.035012 -0.132893
v -0.142482 0.037548 -0.131118
v -0.182634 0.037553 -0.121785
v -0.182993 0.035012 -0.123491
v -0.221465 0.037570 -0.093108
v -0.222190 0.035012 -0.094597
v -0.242188 0.037596 -0.058996
v -0.243142 0.035012 -0.060221
v -0.248845 0.037628 -0.012914
v -0.249912 0.035012 -0.013779
v -0.255284 0.037645 0.051683
v -0.256443 0.035011 0.051444
v -0.253154 0.037647 0.109403
v -0.254294 0.035011 0.109754
v -0.246434 0.037262 0.155756
v -0.247510 0.034573 0.156678
v -0.232773 0.037608 0.197304
v -0.233652 0.035012 0.198530
v -0.214903 0.037592 0.224330
v -0.215594 0.035012 0.225442
v -0.171112 0.037570 0.252216
v -0.171376 0.035012 0.253531
v -0.140989 0.037565 0.258656
v -0.140975 0.035012 0.260020
v -0.105923 0.037572 0.251545
v -0.105585 0.035012 0.252856
v -0.080834 0.037584 0.238070
v -0.080254 0.035012 0.239280
v -0.047719 0.037617 0.190864
v -0.046784 0.035012 0.192041
v -0.038185 0.037274 0.151139
v -0.037118 0.034573 0.152085
v -0.041529 0.037663 0.109451
v -0.040465 0.035011 0.109810
v -0.044424 0.037661 0.054234
v -0.043394 0.035011 0.054010
v -0.036634 0.037637 -0.011006
v -0.035559 0.035011 -0.011872
v -0.040319 0.038130 -0.062735
v -0.039319 0.035549 -0.063988
v -0.059254 0.037568 -0.093111
v -0.058492 0.035012 -0.094597
v -0.098085 0.037553 -0.121786
v -0.097689 0.035012 -0.123491
v -0.194656 0.004246 0.241361
v -0.063224 0.004246 0.220997
v -0.147835 0.004246 0.248065
v -0.105081 0.004246 0.240374
v -0.192806 0.039731 0.236670
v -0.066032 0.039731 0.216962
v -0.194877 0.006840 0.241922
v -0.062888 0.006840 0.221480
v -0.195027 0.021898 0.242301
v -0.062660 0.021898 0.221807
v -0.194896 0.035012 0.241971
v -0.194409 0.037580 0.240744
v -0.062858 0.035012 0.221522
v -0.063617 0.037598 0.220438
v -0.057614 0.062340 0.187913
v -0.194946 0.092712 0.191158
v -0.086618 0.092712 0.188644
v -0.223723 0.062340 0.191890
v -0.070952 0.079721 0.188281
v -0.108380 0.102860 0.189149
v -0.140782 0.109632 0.189901
v -0.173184 0.102860 0.190653
v -0.210612 0.079721 0.191522
v -0.069065 0.058974 0.216397
v -0.182731 0.083374 0.218428
v -0.094679 0.083374 0.216855
v -0.208345 0.058974 0.218886
v -0.081945 0.072937 0.216628
v -0.112368 0.091526 0.217171
v -0.138705 0.096966 0.217642
v -0.165042 0.091526 0.218112
v -0.195465 0.072937 0.218655
v -0.086318 0.055167 0.233323
v -0.170371 0.073210 0.234825
v -0.105258 0.073210 0.233661
v -0.189312 0.055167 0.235163
v -0.095842 0.065492 0.233493
v -0.118339 0.079239 0.233895
v -0.137815 0.083261 0.234243
v -0.157290 0.079239 0.234591
v -0.179788 0.065492 0.234993
v -0.092842 0.049747 0.238463
v -0.165249 0.055425 0.244525
v -0.110380 0.056768 0.243855
v -0.180152 0.054041 0.239340
v -0.121403 0.059970 0.245967
v -0.137815 0.061885 0.247486
v -0.154226 0.059167 0.246367
v -0.106673 0.167916 0.002244
v -0.142273 0.165951 0.003020
v -0.177873 0.167916 0.003797
v -0.142265 0.122844 0.107437
v -0.142265 0.140136 0.056663
v -0.202465 0.141115 0.001624
v -0.219053 0.109318 -0.002451
v -0.177646 0.142089 0.057435
v -0.177646 0.124797 0.108209
v -0.106884 0.124797 0.106665
v -0.106884 0.142089 0.055892
v -0.236162 0.078336 -0.008500
v -0.203517 0.114348 0.109438
v -0.221563 0.092259 0.109930
v -0.239317 0.069414 0.107643
v -0.240865 0.073737 0.052880
v -0.222706 0.101882 0.056793
v -0.204033 0.127317 0.057418
v -0.052688 0.066494 0.111303
v -0.069223 0.089799 0.110805
v -0.085285 0.109513 0.109717
v -0.051560 0.071068 0.059640
v -0.070629 0.098445 0.058682
v -0.085988 0.122482 0.058269
v -0.049155 0.075416 -0.003110
v -0.066867 0.107644 -0.000393
v -0.084107 0.136280 0.002230
v -0.143197 0.161030 -0.116406
v -0.177695 0.165273 -0.104335
v -0.208306 0.162605 -0.082817
v -0.212701 0.163313 -0.049086
v -0.072970 0.160272 -0.050479
v -0.068234 0.162130 -0.082390
v -0.099873 0.161352 -0.107539
v -0.219012 0.068658 -0.088072
v -0.219012 0.097586 -0.087085
v -0.214934 0.125716 -0.085057
v -0.180061 0.127004 -0.110766
v -0.181378 0.097586 -0.114828
v -0.181378 0.068658 -0.115815
v -0.142370 0.068883 -0.125339
v -0.142137 0.097586 -0.125358
v -0.142642 0.126962 -0.121003
v -0.099474 0.126513 -0.112657
v -0.098019 0.096251 -0.115126
v -0.099474 0.068658 -0.115815
v -0.061388 0.068417 -0.088118
v -0.060941 0.097586 -0.087096
v -0.066068 0.126987 -0.084655
v -0.057549 0.126151 -0.054047
v -0.051340 0.099917 -0.056681
v -0.048408 0.072088 -0.058465
v -0.236469 0.071612 -0.054734
v -0.232628 0.097478 -0.054801
v -0.224631 0.127516 -0.051786
v -0.106884 0.190283 0.001873
v -0.142265 0.188330 0.002645
v -0.177646 0.190283 0.003417
v -0.143184 0.183440 -0.115384
v -0.177469 0.187656 -0.103611
v -0.207892 0.185005 -0.082120
v -0.212260 0.185708 -0.048609
v -0.073388 0.182686 -0.049840
v -0.068681 0.184533 -0.081666
v -0.100125 0.183759 -0.106599
v 0.142482 0.004246 -0.131967
v 0.182807 0.004246 -0.122608
v 0.221824 0.004246 -0.093846
v 0.242680 0.004246 -0.059627
v 0.249419 0.004246 -0.013106
v 0.255920 0.004246 0.051666
v 0.253780 0.004246 0.109596
v 0.247015 0.002995 0.156254
v 0.233233 0.004246 0.197946
v 0.215258 0.004246 0.224900
v 0.171244 0.004246 0.252868
v 0.140982 0.004246 0.259327
v 0.105755 0.004246 0.252196
v 0.080540 0.004246 0.238682
v 0.047223 0.004246 0.191487
v 0.037601 0.002995 0.151657
v 0.040934 0.004246 0.109652
v 0.043848 0.004246 0.054190
v 0.036049 0.004246 -0.011159
v 0.039806 0.004783 -0.063378
v 0.058877 0.004246 -0.093846
v 0.097894 0.004246 -0.122608
v 0.184125 0.004246 -0.087681
v 0.181280 0.004246 -0.043756
v 0.185785 0.004246 0.020173
v 0.187290 0.004246 0.091029
v 0.181359 0.007527 0.152171
v 0.170773 0.004631 0.195864
v 0.157563 0.004315 0.231309
v 0.122803 0.004246 -0.099399
v 0.109908 0.004246 -0.060536
v 0.111509 0.004246 -0.003640
v 0.116697 0.004246 0.071592
v 0.112020 0.004578 0.132730
v 0.105939 0.005455 0.183187
v 0.102576 0.004462 0.219762
v 0.048711 0.068480 0.148637
v 0.201410 0.099654 0.151969
v 0.083121 0.099654 0.149388
v 0.235819 0.068480 0.152719
v 0.066013 0.086319 0.149015
v 0.106884 0.110070 0.149906
v 0.142265 0.117021 0.150678
v 0.177646 0.110070 0.151450
v 0.218517 0.086319 0.152342
v 0.142482 0.039731 -0.124842
v 0.181378 0.039731 -0.115815
v 0.219012 0.039731 -0.088072
v 0.239128 0.039731 -0.055067
v 0.245629 0.039731 -0.010242
v 0.251900 0.039731 0.052392
v 0.249836 0.039731 0.108382
v 0.243212 0.039418 0.152994
v 0.230017 0.039731 0.193456
v 0.212679 0.039731 0.220726
v 0.170224 0.039731 0.247770
v 0.141035 0.039731 0.254000
v 0.107056 0.039731 0.247122
v 0.082735 0.039731 0.234087
v 0.050599 0.039731 0.187226
v 0.041318 0.039418 0.148363
v 0.044532 0.039731 0.108437
v 0.047344 0.039731 0.054875
v 0.039821 0.039731 -0.008367
v 0.043551 0.040269 -0.058688
v 0.061840 0.039731 -0.088072
v 0.099474 0.039731 -0.115815
v 0.222160 0.006840 -0.094536
v 0.243104 0.006840 -0.060173
v 0.043430 0.006840 0.054100
v 0.035598 0.006840 -0.011531
v 0.171365 0.006840 0.253478
v 0.140976 0.006840 0.259964
v 0.249872 0.006840 -0.013480
v 0.039358 0.007377 -0.063939
v 0.105599 0.006840 0.252803
v 0.256401 0.006840 0.051566
v 0.058523 0.006840 -0.094536
v 0.080277 0.006840 0.239232
v 0.254252 0.006840 0.109741
v 0.097705 0.006840 -0.123420
v 0.046819 0.006840 0.191997
v 0.247470 0.005658 0.156644
v 0.142482 0.006840 -0.132819
v 0.037157 0.005658 0.152051
v 0.233618 0.006840 0.198483
v 0.182978 0.006840 -0.123420
v 0.040503 0.006840 0.109797
v 0.215567 0.006840 0.225399
v 0.222388 0.021898 -0.095004
v 0.043147 0.021898 0.053988
v 0.171448 0.021898 0.253890
v 0.243392 0.021898 -0.060542
v 0.035293 0.021898 -0.011831
v 0.140971 0.021898 0.260395
v 0.250179 0.021898 -0.013735
v 0.039055 0.022435 -0.064319
v 0.105494 0.021898 0.253214
v 0.256727 0.021898 0.051431
v 0.058283 0.021898 -0.095004
v 0.080100 0.021898 0.239604
v 0.254572 0.021898 0.109839
v 0.097577 0.021898 -0.123970
v 0.046546 0.021898 0.192342
v 0.247778 0.021114 0.156908
v 0.142482 0.021898 -0.133396
v 0.036856 0.021114 0.152317
v 0.233879 0.021898 0.198847
v 0.183094 0.021898 -0.123970
v 0.040212 0.021898 0.109896
v 0.215775 0.021898 0.227615
v 0.142482 0.035012 -0.132893
v 0.142482 0.037548 -0.131118
v 0.182634 0.037553 -0.121785
v 0.182993 0.035012 -0.123491
v 0.221465 0.037570 -0.093108
v 0.222190 0.035012 -0.094597
v 0.242188 0.037596 -0.058996
v 0.243142 0.035012 -0.060221
v 0.248845 0.037628 -0.012914
v 0.249912 0.035012 -0.013779
v 0.255284 0.037645 0.051683
v 0.256443 0.035011 0.051444
v 0.253154 0.037647 0.109403
v 0.254294 0.035011 0.109754
v 0.246434 0.037262 0.155756
v 0.247510 0.034573 0.156678
v 0.232773 0.037608 0.197304
v 0.233652 0.035012 0.198530
v 0.214903 0.037592 0.224330
v 0.215594 0.035012 0.225442
v 0.171112 0.037570 0.252216
v 0.171376 0.035012 0.253531
v 0.140989 0.037565 0.258656
v 0.140975 0.035012 0.260020
v 0.105923 0.037572 0.251545
v 0.105585 0.035012 0.252856
v 0.080834 0.037584 0.238070
v 0.080254 0.035012 0.239280
v 0.047719 0.037617 0.190864
v 0.046784 0.035012 0.192041
v 0.038185 0.037274 0.151139
v 0.037118 0.034573 0.152085
v 0.041529 0.037663 0.109451
v 0.040465 0.035011 0.109810
v 0.044424 0.037661 0.054234
v 0.043394 0.035011 0.054010
v 0.036634 0.037637 -0.011006
v 0.035559 0.035011 -0.011872
v 0.040319 0.038130 -0.062735
v 0.039319 0.035549 -0.063988
v 0.059254 0.037568 -0.093111
v 0.058492 0.035012 -0.094597
v 0.098085 0.037553 -0.121786
v 0.097689 0.035012 -0.123491
v 0.194656 0.004246 0.241361
v 0.063224 0.004246 0.220997
v 0.147835 0.004246 0.248065
v 0.105081 0.004246 0.240374
v 0.192806 0.039731 0.236670
v 0.066032 0.039731 0.216962
v 0.194877 0.006840 0.241922
v 0.062888 0.006840 0.221480
v 0.195027 0.021898 0.242301
v 0.062660 0.021898 0.221807
v 0.194896 0.035012 0.241971
v 0.194409 0.037580 0.240744
v 0.062858 0.035012 0.221522
v 0.063617 0.037598 0.220438
v 0.057614 0.062340 0.187913
v 0.194946 0.092712 0.191158
v 0.086618 0.092712 0.188644
v 0.223723 0.062340 0.191890
v 0.070952 0.079721 0.188281
v 0.108380 0.102860 0.189149
v 0.140782 0.109632 0.189901
v 0.173184 0.102860 0.190653
v 0.210612 0.079721 0.191522
v 0.069065 0.058974 0.216397
v 0.182731 0.083374 0.218428
v 0.094679 0.083374 0.216855
v 0.208345 0.058974 0.218886
v 0.081945 0.072937 0.216628
v 0.112368 0.091526 0.217171
v 0.138705 0.096966 0.217642
v 0.165042 0.091526 0.218112
v 0.195465 0.072937 0.218655
v 0.086318 0.055167 0.233323
v 0.170371 0.073210 0.234825
v 0.105258 0.073210 0.233661
v 0.189312 0.055167 0.235163
v 0.095842 0.065492 0.233493
v 0.118339 0.079239 0.233895
v 0.137815 0.083261 0.234243
v 0.157290 0.079239 0.234591
v 0.179788 0.065492 0.234993
v 0.092842 0.049747 0.238463
v 0.165249 0.055425 0.244525
v 0.110380 0.056768 0.243855
v 0.180152 0.054041 0.239340
v 0.121403 0.059970 0.245967
v 0.137815 0.061885 0.247486
v 0.154226 0.059167 0.246367
v 0.106673 0.167916 0.002244
v 0.142273 0.165951 0.003020
v 0.177873 0.167916 0.003797
v 0.142265 0.122844 0.107437
v 0.142265 0.140136 0.056663
v 0.202465 0.141115 0.001624
v 0.219053 0.109318 -0.002451
v 0.177646 0.142089 0.057435
v 0.177646 0.124797 0.108209
v 0.106884 0.124797 0.106665
v 0.106884 0.142089 0.055892
v 0.236162 0.078336 -0.008500
v 0.203517 0.114348 0.109438
v 0.221563 0.092259 0.109930
v 0.239317 0.069414 0.107643
v 0.240865 0.073737 0.052880
v 0.222706 0.101882 0.056793
v 0.204033 0.127317 0.057418
v 0.052688 0.066494 0.111303
v 0.069223 0.089799 0.110805
v 0.085285 0.109513 0.109717
v 0.051560 0.071068 0.059640
v 0.070629 0.098445 0.058682
v 0.085988 0.122482 0.058269
v 0.049155 0.075416 -0.003110
v 0.066867 0.107644 -0.000393
v 0.084107 0.136280 0.002230
v 0.143197 0.161030 -0.116406
v 0.177695 0.165273 -0.104335
v 0.208306 0.162605 -0.082817
v 0.212701 0.163313 -0.049086
v 0.072970 0.160272 -0.050479
v 0.068234 0.162130 -0.082390
v 0.099873 0.161352 -0.107539
v 0.219012 0.068658 -0.088072
v 0.219012 0.097586 -0.087085
v 0.214934 0.125716 -0.085057
v 0.180061 0.127004 -0.110766
v 0.181378 0.097586 -0.114828
v 0.181378 0.068658 -0.115815
v 0.142370 0.068883 -0.125339
v 0.142137 0.097586 -0.125358
v 0.142642 0.126962 -0.121003
v 0.099474 0.126513 -0.112657
v 0.098019 0.096251 -0.115126
v 0.099474 0.068658 -0.115815
v 0.061388 0.068417 -0.088118
v 0.060941 0.097586 -0.087096
v 0.066068 0.126987 -0.084655
v 0.057549 0.126151 -0.054047
v 0.051340 0.099917 -0.056681
v 0.048408 0.072088 -0.058465
v 0.236469 0.071612 -0.054734
v 0.232628 0.097478 -0.054801
v 0.224631 0.127516 -0.051786
v 0.106884 0.190283 0.001873
v 0.142265 0.188330 0.002645
v 0.177646 0.190283 0.003417
v 0.143184 0.183440 -0.115384
v 0.177469 0.187656 -0.103611
v 0.207892 0.185005 -0.082120
v 0.212260 0.185708 -0.048609
v 0.073388 0.182686 -0.049840
v 0.068681 0.184533 -0.081666
v 0.100125 0.183759 -0.106599
v 0.301716 1.326398 -0.134632
v 0.056765 1.326711 -0.262532
v 0.241362 1.326442 -0.201574
v 0.251336 1.328011 0.075115
v -0.026192 1.326666 -0.264935
v 0.038923 1.326699 0.149968
v 0.154714 1.326525 -0.243096
v 0.304248 1.326909 -0.021333
v 0.156141 1.322021 0.129992
v 0.152459 1.317942 -0.244071
v -0.050589 1.320173 0.148720
v 0.309269 1.321409 -0.024507
v 0.313040 1.246334 -0.135932
v 0.064182 1.246334 -0.267697
v 0.251162 1.246334 -0.203883
v 0.263468 1.246334 0.079890
v -0.029614 1.246334 -0.271386
v 0.044560 1.246334 0.157023
v 0.163391 1.246334 -0.246847
v 0.317945 1.246334 -0.020598
v 0.165003 1.241860 0.143828
v 0.161064 1.239378 -0.258984
v -0.054213 1.238269 0.166528
v 0.331726 1.240878 -0.025720
v 0.318775 1.197296 -0.137708
v 0.066013 1.197296 -0.274846
v 0.256292 1.197296 -0.207805
v 0.268595 1.197296 0.083171
v -0.030458 1.197296 -0.279039
v 0.045882 1.197296 0.164430
v 0.167151 1.197296 -0.252757
v 0.323598 1.197296 -0.019846
v 0.168710 1.192753 0.155046
v 0.164731 1.191620 -0.271768
v -0.055648 1.188274 0.180392
v 0.344095 1.190773 -0.026433
v 0.320966 1.161350 -0.138125
v 0.067789 1.161350 -0.277322
v 0.258581 1.161350 -0.208936
v 0.270795 1.161350 0.084021
v -0.031278 1.161350 -0.281780
v 0.047229 1.161351 0.167035
v 0.169296 1.161350 -0.254692
v 0.325708 1.161350 -0.019687
v 0.170910 1.156129 0.160953
v 0.166875 1.155955 -0.278807
v -0.056563 1.150956 0.187666
v 0.351034 1.153830 -0.027274
v -0.283303 1.321517 -0.161304
v -0.160842 1.324469 0.128627
v -0.029137 1.323363 -0.266037
v -0.280913 1.326412 -0.162136
v -0.258801 1.320289 0.082402
v 0.158136 1.161350 0.139207
v -0.198580 1.326470 -0.228133
v -0.301217 1.317980 0.005840
v -0.155309 1.319196 0.135495
v -0.117981 1.314774 -0.253973
v -0.316002 1.322870 -0.080313
v -0.302830 1.239677 -0.164914
v -0.169973 1.246334 0.134710
v -0.034957 1.242744 -0.281196
v -0.291625 1.246334 -0.163785
v -0.271058 1.239764 0.089915
v 0.156116 1.197296 0.137271
v -0.207804 1.246334 -0.231071
v -0.318831 1.239279 0.012708
v -0.164768 1.238074 0.149408
v -0.130379 1.235364 -0.266749
v -0.334457 1.241606 -0.078024
v -0.313809 1.189111 -0.168790
v -0.173811 1.197296 0.140516
v -0.037097 1.193657 -0.294303
v -0.297192 1.197296 -0.166389
v -0.277774 1.190130 0.096139
v 0.152687 1.246334 0.131385
v -0.212331 1.197296 -0.236151
v -0.328362 1.190647 0.017242
v -0.168894 1.188452 0.160997
v -0.136017 1.186919 -0.278472
v -0.344183 1.191220 -0.077371
v -0.319949 1.151763 -0.170375
v -0.175952 1.161350 0.142379
v -0.038878 1.156967 -0.301066
v -0.299440 1.161350 -0.167071
v -0.281072 1.153476 0.099327
v 0.144294 1.326562 0.126160
v -0.214591 1.161350 -0.237732
v -0.333403 1.154791 0.019884
v -0.171385 1.151500 0.167007
v -0.139941 1.150791 -0.284537
v -0.349306 1.154282 -0.075958
v 0.260207 1.323626 0.074831
v 0.275217 1.240607 0.082731
v 0.283626 1.189371 0.089206
v 0.288131 1.151507 0.092398
v 0.056944 1.149588 0.190560
v 0.055477 1.186384 0.183940
v 0.053899 1.235465 0.171187
v 0.047955 1.315655 0.155545
v -0.062362 1.326601 0.144735
v -0.061065 1.246334 0.156702
v -0.062546 1.197296 0.164248
v -0.063484 1.161351 0.166942
v -0.255987 1.326897 0.072527
v -0.265967 1.246334 0.076318
v -0.271117 1.197296 0.079502
v -0.273313 1.161350 0.080325
v -0.295989 1.323537 0.001357
v -0.310945 1.246334 0.004339
v -0.316526 1.197296 0.005640
v -0.318646 1.161350 0.005927
v -0.311875 1.326384 -0.082474
v -0.323752 1.246334 -0.082608
v -0.329506 1.197296 -0.083219
v -0.331631 1.161350 -0.083373
v -0.204007 1.318913 -0.227543
v -0.218937 1.238922 -0.235758
v -0.227039 1.189889 -0.244056
v -0.231867 1.153550 -0.248051
v -0.113872 1.326588 -0.253770
v -0.122043 1.246334 -0.258207
v -0.125042 1.197296 -0.264761
v -0.127056 1.161350 -0.266977
v 0.052881 1.325309 -0.264238
v 0.058993 1.241132 -0.277791
v 0.060032 1.189994 -0.290298
v 0.061218 1.151850 -0.296614
v 0.238246 1.318385 -0.205421
v 0.252260 1.240116 -0.217888
v 0.259841 1.192095 -0.228339
v 0.264110 1.156280 -0.234148
v 0.299133 1.314462 -0.143558
v 0.315449 1.235462 -0.148980
v 0.324343 1.186725 -0.153318
v 0.328874 1.150730 -0.155626
v 0.154714 1.326525 -0.243096
v 0.163391 1.246334 -0.246847
v 0.167151 1.197296 -0.252757
v 0.169296 1.161350 -0.254692
v 0.142135 0.391773 -0.129292
v 0.115246 0.391773 -0.124551
v 0.091600 0.391773 -0.110899
v 0.074050 0.391773 -0.089983
v 0.064711 0.391773 -0.064326
v 0.064711 0.391773 -0.037022
v 0.074050 0.391143 -0.011365
v 0.091600 0.388772 0.009551
v 0.115246 0.385890 0.023203
v 0.142089 0.384244 0.027953
v 0.168425 0.382696 0.023312
v 0.191054 0.379907 0.009846
v 0.207558 0.376525 -0.010880
v 0.216420 0.374693 -0.036450
v 0.216892 0.377573 -0.063840
v 0.208604 0.383344 -0.089688
v 0.192079 0.388745 -0.110791
v 0.168982 0.391580 -0.124543
v 0.142135 0.397236 -0.133916
v 0.113664 0.397236 -0.128896
v 0.088628 0.397236 -0.114441
v 0.070045 0.397236 -0.092295
v 0.060157 0.397236 -0.065129
v 0.060157 0.397236 -0.036219
v 0.070045 0.396769 -0.009053
v 0.088628 0.394456 0.013093
v 0.113664 0.391504 0.027548
v 0.142116 0.389812 0.032571
v 0.170079 0.388562 0.027644
v 0.194074 0.385672 0.013379
v 0.211540 0.381922 -0.008564
v 0.220902 0.379731 -0.035634
v 0.221429 0.382869 -0.064640
v 0.212670 0.388981 -0.092011
v 0.195135 0.394524 -0.114349
v 0.170591 0.397162 -0.128893
v 0.142135 0.398786 -0.138754
v 0.112010 0.398786 -0.133442
v 0.085518 0.398786 -0.118147
v 0.065855 0.398786 -0.094714
v 0.055393 0.398786 -0.065969
v 0.055393 0.398786 -0.035379
v 0.065855 0.398473 -0.006634
v 0.085518 0.396261 0.016800
v 0.112010 0.393177 0.032095
v 0.142132 0.391444 0.037407
v 0.171811 0.390620 0.032177
v 0.197253 0.387790 0.017073
v 0.215748 0.383678 -0.006148
v 0.225649 0.381166 -0.034790
v 0.226213 0.384501 -0.065483
v 0.216931 0.390868 -0.094444
v 0.198324 0.396461 -0.118069
v 0.172259 0.398790 -0.133442
v 0.142135 0.398304 -0.142109
v 0.110862 0.398304 -0.136595
v 0.083361 0.398304 -0.120717
v 0.062950 0.398304 -0.096391
v 0.052089 0.398304 -0.066551
v 0.052089 0.398304 -0.034796
v 0.062950 0.398082 -0.004956
v 0.083361 0.395957 0.019369
v 0.110862 0.392814 0.035247
v 0.142135 0.390979 0.040761
v 0.173008 0.390547 0.035320
v 0.199460 0.387771 0.019633
v 0.218678 0.383413 -0.004475
v 0.228953 0.380672 -0.034208
v 0.229540 0.384159 -0.066070
v 0.219886 0.390663 -0.096130
v 0.200528 0.396251 -0.120648
v 0.173407 0.398321 -0.136595
v 0.142135 0.395653 -0.145864
v 0.109578 0.395653 -0.140124
v 0.080948 0.395653 -0.123594
v 0.059697 0.395653 -0.098269
v 0.048390 0.395653 -0.067203
v 0.048390 0.395653 -0.034144
v 0.059697 0.395516 -0.003079
v 0.080948 0.393504 0.022246
v 0.109578 0.390301 0.038776
v 0.142135 0.388327 0.044517
v 0.174345 0.388381 0.038839
v 0.201932 0.385711 0.022500
v 0.221970 0.381088 -0.002604
v 0.232651 0.378006 -0.033556
v 0.233276 0.381761 -0.066729
v 0.223191 0.388373 -0.098017
v 0.202989 0.393906 -0.123533
v 0.174692 0.395662 -0.140124
v 0.142135 0.390097 -0.146228
v 0.109453 0.390097 -0.140466
v 0.080714 0.390097 -0.123873
v 0.059382 0.390097 -0.098451
v 0.048032 0.390097 -0.067267
v 0.048032 0.390097 -0.034081
v 0.059382 0.389966 -0.002897
v 0.080714 0.387961 0.022525
v 0.109453 0.384794 0.039118
v 0.142135 0.382771 0.044881
v 0.174470 0.382998 0.039181
v 0.202170 0.380362 0.022778
v 0.222304 0.375616 -0.002426
v 0.233009 0.372445 -0.033493
v 0.233651 0.376297 -0.066795
v 0.223500 0.382954 -0.098198
v 0.203215 0.388421 -0.123811
v 0.174816 0.390105 -0.140466
v 0.142135 0.371551 -0.146834
v 0.109246 0.371551 -0.141035
v 0.080324 0.371551 -0.124337
v 0.058858 0.371551 -0.098754
v 0.047436 0.371551 -0.067372
v 0.047436 0.371551 -0.033976
v 0.058858 0.371485 -0.002594
v 0.080324 0.369726 0.022989
v 0.109246 0.366692 0.039687
v 0.142135 0.364830 0.045486
v 0.174728 0.365318 0.039741
v 0.202683 0.362522 0.023219
v 0.222841 0.357134 -0.002125
v 0.233606 0.353853 -0.033387
v 0.234265 0.357734 -0.066904
v 0.224132 0.364836 -0.098520
v 0.203630 0.370317 -0.124279
v 0.175023 0.371552 -0.141035
v 0.142135 0.301663 -0.146815
v 0.109246 0.301661 -0.141008
v 0.080324 0.301669 -0.124337
v 0.058858 0.301669 -0.098754
v 0.047436 0.301669 -0.067372
v 0.047436 0.301669 -0.033976
v 0.058858 0.301669 -0.002594
v 0.080324 0.301669 0.022989
v 0.109246 0.301504 0.039687
v 0.142135 0.301178 0.045486
v 0.175004 0.301494 0.039691
v 0.203412 0.300178 0.023086
v 0.224176 0.296915 -0.002369
v 0.235289 0.295286 -0.033694
v 0.235597 0.296957 -0.067146
v 0.224879 0.300194 -0.098657
v 0.203925 0.301659 -0.124333
v 0.175023 0.301667 -0.141027
v 0.145865 0.268932 -0.152160
v 0.110978 0.270557 -0.146033
v 0.080299 0.272139 -0.128822
v 0.057529 0.273562 -0.102441
v 0.045413 0.274294 -0.068744
v 0.045413 0.274294 -0.032604
v 0.057529 0.273747 0.001357
v 0.080299 0.272719 0.029042
v 0.110971 0.271165 0.047114
v 0.145846 0.269258 0.053391
v 0.180747 0.268015 0.047116
v 0.211424 0.266793 0.029048
v 0.233972 0.265607 0.001403
v 0.245949 0.264807 -0.032534
v 0.246107 0.265126 -0.068705
v 0.234202 0.265449 -0.102109
v 0.211434 0.266042 -0.128323
v 0.180753 0.267329 -0.145802
v 0.147059 0.261460 -0.153376
v 0.111425 0.263108 -0.147141
v 0.080087 0.264738 -0.129702
v 0.056825 0.266291 -0.103191
v 0.044446 0.267184 -0.069133
v 0.044446 0.267190 -0.032215
v 0.056825 0.266638 0.002475
v 0.080087 0.265599 0.030753
v 0.111419 0.264030 0.049207
v 0.147040 0.262102 0.055613
v 0.182684 0.260847 0.049198
v 0.214021 0.259618 0.030739
v 0.237176 0.258530 0.002481
v 0.249452 0.257944 -0.032184
v 0.249563 0.257994 -0.069113
v 0.237274 0.258102 -0.102821
v 0.214021 0.258588 -0.129202
v 0.182690 0.259836 -0.146867
v 0.145894 0.249881 -0.151041
v 0.110460 0.251511 -0.144855
v 0.079300 0.253213 -0.127831
v 0.056172 0.254933 -0.102135
v 0.043866 0.256045 -0.069021
v 0.043866 0.256132 -0.032320
v 0.056172 0.255588 0.002173
v 0.079300 0.254565 0.030293
v 0.110454 0.253019 0.048646
v 0.145875 0.251121 0.055021
v 0.181322 0.249885 0.048646
v 0.212488 0.248675 0.030293
v 0.235614 0.247651 0.002174
v 0.247893 0.247110 -0.032315
v 0.247924 0.246968 -0.068924
v 0.235617 0.246794 -0.101563
v 0.212488 0.247098 -0.127176
v 0.181328 0.248279 -0.144564
v 0.145894 0.215275 -0.134630
v 0.114109 0.215254 -0.128841
v 0.086155 0.215714 -0.114086
v 0.065403 0.216828 -0.092764
v 0.054360 0.217992 -0.065546
v 0.054360 0.218789 -0.034205
v 0.065403 0.218955 -0.003264
v 0.086155 0.218955 0.021958
v 0.114103 0.218955 0.038419
v 0.145876 0.218955 0.044135
v 0.177673 0.218955 0.038419
v 0.205633 0.218955 0.021958
v 0.226390 0.218955 -0.003261
v 0.237445 0.218801 -0.034204
v 0.237445 0.218021 -0.065615
v 0.226390 0.216873 -0.092899
v 0.205633 0.215778 -0.114280
v 0.177679 0.215331 -0.129072
v 0.145894 0.238512 -0.142230
v 0.145894 0.232575 -0.139448
v 0.113484 0.234097 -0.133619
v 0.112830 0.240048 -0.136406
v 0.085066 0.235789 -0.118313
v 0.083764 0.241723 -0.120758
v 0.064009 0.237646 -0.095744
v 0.062193 0.243523 -0.097435
v 0.052814 0.239038 -0.066871
v 0.050716 0.244827 -0.067500
v 0.052814 0.239496 -0.033930
v 0.050716 0.245152 -0.033552
v 0.064009 0.239001 -0.002443
v 0.062193 0.244641 -0.001373
v 0.085066 0.238049 0.023282
v 0.083764 0.243679 0.024865
v 0.113472 0.236611 0.040188
v 0.112822 0.242226 0.042009
v 0.145876 0.234846 0.046245
v 0.145876 0.240441 0.048037
v 0.178437 0.233696 0.040561
v 0.179009 0.239280 0.042164
v 0.207183 0.232571 0.023842
v 0.208210 0.238144 0.025091
v 0.228610 0.231620 -0.001953
v 0.229943 0.237183 -0.001168
v 0.240043 0.231093 -0.033738
v 0.241530 0.236681 -0.033470
v 0.240039 0.230552 -0.066782
v 0.241527 0.236255 -0.067332
v 0.228609 0.230061 -0.095614
v 0.229942 0.235856 -0.097023
v 0.207183 0.230096 -0.118227
v 0.208210 0.235970 -0.120338
v 0.178435 0.231091 -0.133711
v 0.179011 0.237011 -0.136279
v 0.145894 0.209751 -0.137820
v 0.112720 0.209729 -0.131784
v 0.083545 0.210254 -0.116487
v 0.061889 0.211479 -0.094435
v 0.050365 0.212730 -0.066175
v 0.050365 0.213568 -0.033488
v 0.061889 0.213727 -0.001194
v 0.083545 0.213727 0.025131
v 0.112714 0.213727 0.042312
v 0.145876 0.213727 0.048279
v 0.179062 0.213727 0.042312
v 0.208243 0.213727 0.025131
v 0.229899 0.213727 -0.001194
v 0.241424 0.213578 -0.033489
v 0.241425 0.212756 -0.066235
v 0.229900 0.211521 -0.094558
v 0.208243 0.210315 -0.116672
v 0.179068 0.209804 -0.132006
v 0.179777 0.177022 -0.129969
v 0.209703 0.177758 -0.114929
v 0.231695 0.179066 -0.093324
v 0.243905 0.179121 -0.065485
v 0.243999 0.180395 -0.033004
v 0.231719 0.182133 -0.000135
v 0.209575 0.182283 0.026750
v 0.179585 0.183539 0.043380
v 0.144836 0.184426 0.045648
v 0.111724 0.184188 0.042905
v 0.082213 0.182283 0.026750
v 0.060095 0.182283 -0.000137
v 0.048324 0.181942 -0.032998
v 0.048324 0.180850 -0.065467
v 0.060095 0.179308 -0.093291
v 0.082213 0.177746 -0.114791
v 0.112011 0.176986 -0.129861
v 0.145894 0.176997 -0.135988
v 0.145894 0.184849 -0.143216
v 0.109818 0.184833 -0.136682
v 0.078093 0.185600 -0.120487
v 0.054545 0.187185 -0.097287
v 0.042016 0.188707 -0.067195
v 0.042016 0.189704 -0.031978
v 0.054545 0.189895 0.003132
v 0.078093 0.189895 0.031761
v 0.109746 0.190333 0.050126
v 0.145542 0.190370 0.055437
v 0.181948 0.190004 0.050367
v 0.213696 0.189895 0.031761
v 0.237243 0.189877 0.003132
v 0.249776 0.188719 -0.031978
v 0.249790 0.187596 -0.067194
v 0.237244 0.187157 -0.097349
v 0.213696 0.185634 -0.120594
v 0.181971 0.184882 -0.136826
v 0.145894 0.194332 -0.145107
v 0.145894 0.189500 -0.145136
v 0.109347 0.189482 -0.138511
v 0.109546 0.194313 -0.138512
v 0.077208 0.190225 -0.122016
v 0.077582 0.195015 -0.122023
v 0.053354 0.191781 -0.098346
v 0.053858 0.196517 -0.098335
v 0.040661 0.193270 -0.067656
v 0.041234 0.197962 -0.067673
v 0.040661 0.194218 -0.031744
v 0.041234 0.198875 -0.031847
v 0.053354 0.194366 0.003833
v 0.053858 0.199008 0.003536
v 0.077208 0.194367 0.032836
v 0.077582 0.199008 0.032381
v 0.109338 0.194384 0.051753
v 0.109539 0.199007 0.051208
v 0.145803 0.194408 0.058025
v 0.145874 0.199007 0.057747
v 0.182434 0.194367 0.051766
v 0.182236 0.199007 0.051208
v 0.214580 0.194367 0.032836
v 0.214206 0.199008 0.032381
v 0.238435 0.194366 0.003833
v 0.237931 0.199008 0.003536
v 0.251128 0.193594 -0.031744
v 0.250555 0.198575 -0.031847
v 0.251129 0.192550 -0.067667
v 0.250556 0.197592 -0.067700
v 0.238435 0.191806 -0.098421
v 0.237931 0.196546 -0.098423
v 0.214580 0.190265 -0.122139
v 0.214206 0.195061 -0.122164
v 0.182441 0.189538 -0.138673
v 0.182242 0.194374 -0.138692
v 0.050616 0.316922 -0.066811
v 0.051297 0.328683 -0.066691
v 0.051296 0.328684 -0.034657
v 0.050616 0.316923 -0.034537
v 0.220931 0.309199 -0.003903
v 0.220022 0.318705 -0.004191
v 0.230565 0.316316 -0.034219
v 0.231600 0.307185 -0.034165
v 0.062252 0.328665 -0.004554
v 0.061654 0.316904 -0.004208
v 0.230969 0.318882 -0.066326
v 0.231954 0.309372 -0.066501
v 0.082835 0.328131 0.019997
v 0.082379 0.316374 0.020540
v 0.220965 0.324144 -0.096601
v 0.221762 0.313784 -0.096981
v 0.110574 0.327092 0.036039
v 0.110320 0.315343 0.036736
v 0.142135 0.316920 -0.143605
v 0.142135 0.328682 -0.142913
v 0.110587 0.328682 -0.137351
v 0.110351 0.316921 -0.138000
v 0.201226 0.328150 -0.121296
v 0.201748 0.316778 -0.121839
v 0.142135 0.326297 0.041617
v 0.142135 0.314550 0.042378
v 0.082844 0.328683 -0.121333
v 0.082400 0.316921 -0.121863
v 0.173683 0.328683 -0.137351
v 0.173919 0.316921 -0.138000
v 0.173507 0.326568 0.036073
v 0.173841 0.315189 0.036755
v 0.062253 0.328683 -0.096794
v 0.061654 0.316921 -0.097139
v 0.200397 0.323508 0.020186
v 0.201057 0.313158 0.020692
v 0.180569 0.171515 -0.131167
v 0.211112 0.170335 -0.115568
v 0.233071 0.168797 -0.093694
v 0.246972 0.164836 -0.065824
v 0.248484 0.165966 -0.033053
v 0.234411 0.169513 -0.000245
v 0.210321 0.172775 0.027441
v 0.180115 0.178237 0.043777
v 0.144767 0.183356 0.045521
v 0.111239 0.181127 0.043778
v 0.081376 0.178597 0.028056
v 0.058886 0.178872 0.000715
v 0.046918 0.178696 -0.032715
v 0.046918 0.177596 -0.065783
v 0.058886 0.175880 -0.094069
v 0.081376 0.173997 -0.115887
v 0.111674 0.172833 -0.131171
v 0.146126 0.172411 -0.137368
v 0.178908 0.133313 -0.123924
v 0.208520 0.122803 -0.109373
v 0.234680 0.123853 -0.094992
v 0.245484 0.111908 -0.067279
v 0.247245 0.117299 -0.033614
v 0.237473 0.127689 0.000676
v 0.209695 0.136298 0.027115
v 0.179240 0.161770 0.042459
v 0.143746 0.171114 0.043005
v 0.110292 0.163056 0.042680
v 0.081178 0.148083 0.027405
v 0.063716 0.140833 -0.000458
v 0.053608 0.143714 -0.034162
v 0.051723 0.143230 -0.066464
v 0.058871 0.145223 -0.093110
v 0.079788 0.140099 -0.114456
v 0.111230 0.135992 -0.123364
v 0.145403 0.135576 -0.129511
v 0.180905 0.146735 -0.127638
v 0.180985 0.156451 -0.129927
v 0.215547 0.151792 -0.116558
v 0.215074 0.142317 -0.114121
v 0.238169 0.148949 -0.095946
v 0.238078 0.141020 -0.095907
v 0.254851 0.132163 -0.067987
v 0.255825 0.141024 -0.067954
v 0.255815 0.144568 -0.033658
v 0.254897 0.136513 -0.033546
v 0.240146 0.151083 0.000035
v 0.240178 0.144222 0.000103
v 0.212350 0.149645 0.028524
v 0.212334 0.156794 0.028463
v 0.180174 0.173584 0.043887
v 0.180174 0.166493 0.043982
v 0.144611 0.181252 0.045231
v 0.144481 0.179041 0.045009
v 0.110513 0.172554 0.043965
v 0.111049 0.179075 0.043827
v 0.080122 0.165746 0.029380
v 0.078208 0.154325 0.027970
v 0.057254 0.166028 0.001579
v 0.057132 0.158616 0.001597
v 0.044959 0.158377 -0.032313
v 0.045085 0.165820 -0.032359
v 0.045085 0.164760 -0.065979
v 0.044959 0.157284 -0.065814
v 0.057254 0.163005 -0.094821
v 0.057132 0.155593 -0.094744
v 0.079005 0.151295 -0.116666
v 0.079605 0.159850 -0.116781
v 0.110929 0.157826 -0.129920
v 0.110826 0.148106 -0.127627
v 0.145960 0.157407 -0.136226
v 0.145869 0.147687 -0.133937
v 0.177111 0.134524 -0.116111
v 0.229399 0.108954 -0.094630
v 0.236513 0.097153 -0.067131
v 0.238140 0.102406 -0.032879
v 0.234762 0.112963 0.001283
v 0.205222 0.127395 -0.102008
v 0.204735 0.136534 0.020588
v 0.176810 0.159890 0.034658
v 0.144265 0.168457 0.035158
v 0.113591 0.161069 0.034860
v 0.085096 0.143332 0.019418
v 0.070394 0.139395 -0.005782
v 0.059745 0.142123 -0.037611
v 0.057302 0.144041 -0.064563
v 0.066439 0.144248 -0.088404
v 0.085626 0.139501 -0.107864
v 0.114451 0.135755 -0.116106
v 0.147394 0.130606 -0.121427
v 0.221371 0.111400 -0.089150
v 0.228613 0.101159 -0.064657
v 0.229988 0.106116 -0.034381
v 0.226078 0.115558 -0.003721
v 0.224948 0.107306 -0.092089
v 0.206509 0.119841 -0.106647
v 0.111886 0.159198 0.039385
v 0.144168 0.166974 0.039699
v 0.233171 0.101681 -0.033817
v 0.231318 0.096204 -0.066107
v 0.057418 0.140271 -0.034659
v 0.067111 0.137473 -0.002268
v 0.230085 0.111321 -0.001219
v 0.178419 0.157958 0.039172
v 0.178075 0.130040 -0.120594
v 0.082402 0.136708 -0.111586
v 0.062265 0.141772 -0.091059
v 0.083792 0.144750 0.024645
v 0.145767 0.132270 -0.125965
v 0.112791 0.132674 -0.120034
v 0.055533 0.139762 -0.065560
v 0.207808 0.133377 0.024365
v -0.140059 0.391773 -0.129292
v -0.113170 0.391773 -0.124551
v -0.089524 0.391773 -0.110899
v -0.071973 0.391773 -0.089983
v -0.062635 0.391773 -0.064326
v -0.062635 0.391773 -0.037022
v -0.071973 0.391143 -0.011365
v -0.089524 0.388772 0.009551
v -0.113170 0.385890 0.023203
v -0.140059 0.384448 0.027944
v -0.166947 0.385890 0.023203
v -0.190593 0.388820 0.009551
v -0.208144 0.391433 -0.011365
v -0.217482 0.392372 -0.037022
v -0.217482 0.392527 -0.064326
v -0.208144 0.392372 -0.089983
v -0.190593 0.392064 -0.110899
v -0.166947 0.391822 -0.124551
v -0.140059 0.397236 -0.133916
v -0.111588 0.397236 -0.128896
v -0.086552 0.397236 -0.114441
v -0.067969 0.397236 -0.092295
v -0.058081 0.397236 -0.065129
v -0.058081 0.397236 -0.036219
v -0.067969 0.396769 -0.009053
v -0.086552 0.394456 0.013093
v -0.111588 0.391504 0.027548
v -0.140059 0.389910 0.032568
v -0.168529 0.391504 0.027548
v -0.193565 0.394492 0.013093
v -0.212148 0.397045 -0.009053
v -0.222036 0.397834 -0.036219
v -0.222036 0.398000 -0.065129
v -0.212148 0.397834 -0.092295
v -0.193565 0.397512 -0.114441
v -0.168529 0.397272 -0.128896
v -0.140059 0.398786 -0.138754
v -0.109933 0.398786 -0.133442
v -0.083442 0.398786 -0.118147
v -0.063779 0.398786 -0.094714
v -0.053316 0.398786 -0.065969
v -0.053316 0.398786 -0.035379
v -0.063779 0.398473 -0.006634
v -0.083442 0.396261 0.016800
v -0.109933 0.393177 0.032095
v -0.140059 0.391460 0.037407
v -0.170184 0.393177 0.032095
v -0.196676 0.396285 0.016800
v -0.216338 0.398729 -0.006634
v -0.226801 0.399372 -0.035379
v -0.226801 0.399551 -0.065969
v -0.216338 0.399372 -0.094714
v -0.196676 0.399041 -0.118147
v -0.170184 0.398810 -0.133442
v -0.140059 0.398304 -0.142109
v -0.108786 0.398304 -0.136595
v -0.081285 0.398304 -0.120717
v -0.060873 0.398304 -0.096391
v -0.050013 0.398304 -0.066551
v -0.050013 0.398304 -0.034796
v -0.060873 0.398082 -0.004956
v -0.081285 0.395957 0.019369
v -0.108786 0.392814 0.035247
v -0.140059 0.390979 0.040761
v -0.171331 0.392814 0.035247
v -0.198832 0.395973 0.019369
v -0.219244 0.398321 -0.004956
v -0.230104 0.398878 -0.034796
v -0.230104 0.399069 -0.066551
v -0.219244 0.398878 -0.096391
v -0.198832 0.398543 -0.120717
v -0.171331 0.398321 -0.136595
v -0.140059 0.395653 -0.145864
v -0.107501 0.395653 -0.140124
v -0.078871 0.395653 -0.123594
v -0.057621 0.395653 -0.098269
v -0.046314 0.395653 -0.067203
v -0.046314 0.395653 -0.034144
v -0.057621 0.395516 -0.003079
v -0.078871 0.393504 0.022246
v -0.107501 0.390301 0.038776
v -0.140059 0.388327 0.044517
v -0.172616 0.390301 0.038776
v -0.201246 0.393512 0.022246
v -0.222496 0.395734 -0.003079
v -0.233803 0.396212 -0.034144
v -0.233803 0.396418 -0.067203
v -0.222496 0.396212 -0.098269
v -0.201246 0.395872 -0.123594
v -0.172616 0.395662 -0.140124
v -0.140059 0.390097 -0.146228
v -0.107377 0.390097 -0.140466
v -0.078637 0.390097 -0.123873
v -0.057306 0.390097 -0.098451
v -0.045956 0.390097 -0.067267
v -0.045956 0.390097 -0.034081
v -0.057306 0.389966 -0.002897
v -0.078637 0.387961 0.022525
v -0.107377 0.384794 0.039118
v -0.140059 0.382771 0.044881
v -0.172740 0.384794 0.039118
v -0.201480 0.387968 0.022525
v -0.222811 0.390179 -0.002897
v -0.234161 0.390651 -0.034081
v -0.234161 0.390862 -0.067267
v -0.222811 0.390651 -0.098451
v -0.201480 0.390310 -0.123873
v -0.172740 0.390105 -0.140466
v -0.140059 0.371551 -0.146834
v -0.107170 0.371551 -0.141035
v -0.078248 0.371551 -0.124337
v -0.056782 0.371551 -0.098754
v -0.045359 0.371551 -0.067372
v -0.045359 0.371551 -0.033976
v -0.056782 0.371485 -0.002594
v -0.078248 0.369726 0.022989
v -0.107170 0.366692 0.039687
v -0.140059 0.364830 0.045486
v -0.172947 0.366692 0.039687
v -0.201869 0.369727 0.022989
v -0.223336 0.371654 -0.002594
v -0.234758 0.372058 -0.033976
v -0.234758 0.372253 -0.067372
v -0.223336 0.372058 -0.098754
v -0.201869 0.371720 -0.124337
v -0.172947 0.371552 -0.141035
v -0.140059 0.301663 -0.146815
v -0.107170 0.301661 -0.141008
v -0.078248 0.301669 -0.124337
v -0.056782 0.301669 -0.098754
v -0.045359 0.301669 -0.067372
v -0.045359 0.301669 -0.033976
v -0.056782 0.301669 -0.002594
v -0.078248 0.301669 0.022989
v -0.106777 0.302090 0.039729
v -0.138642 0.303291 0.045638
v -0.172224 0.302583 0.039765
v -0.201869 0.301669 0.022989
v -0.223336 0.301669 -0.002594
v -0.234758 0.301686 -0.033976
v -0.234758 0.301720 -0.067372
v -0.223336 0.301686 -0.098754
v -0.201869 0.301669 -0.124337
v -0.172947 0.301667 -0.141027
v -0.143789 0.268932 -0.152160
v -0.108901 0.270557 -0.146033
v -0.078223 0.272139 -0.128822
v -0.055453 0.273562 -0.102441
v -0.043337 0.274294 -0.068744
v -0.043337 0.274294 -0.032604
v -0.055453 0.273747 0.001357
v -0.078223 0.272719 0.029042
v -0.107294 0.273553 0.047286
v -0.140342 0.274371 0.053759
v -0.176856 0.270722 0.047311
v -0.209350 0.266810 0.029047
v -0.232130 0.265771 0.001360
v -0.244248 0.265241 -0.032602
v -0.244249 0.265266 -0.068745
v -0.232131 0.265452 -0.102110
v -0.209358 0.266042 -0.128323
v -0.178677 0.267329 -0.145802
v -0.144983 0.261460 -0.153376
v -0.109349 0.263108 -0.147141
v -0.078010 0.264738 -0.129702
v -0.054748 0.266291 -0.103191
v -0.042370 0.267184 -0.069133
v -0.042370 0.267190 -0.032215
v -0.054748 0.266638 0.002475
v -0.078010 0.265599 0.030753
v -0.107601 0.266627 0.049394
v -0.141426 0.267380 0.055993
v -0.178866 0.263445 0.049385
v -0.211944 0.259618 0.030739
v -0.235198 0.258579 0.002463
v -0.247570 0.258045 -0.032220
v -0.247572 0.258037 -0.069128
v -0.235198 0.258102 -0.102821
v -0.211945 0.258588 -0.129202
v -0.180614 0.259836 -0.146867
v -0.143818 0.249881 -0.151041
v -0.108384 0.251511 -0.144855
v -0.077224 0.253213 -0.127831
v -0.054096 0.254933 -0.102135
v -0.041790 0.256045 -0.069021
v -0.041790 0.256132 -0.032320
v -0.054096 0.255588 0.002173
v -0.077224 0.254565 0.030293
v -0.106791 0.255386 0.048817
v -0.140487 0.256061 0.055376
v -0.177564 0.252393 0.048827
v -0.210412 0.248675 0.030293
v -0.233540 0.247652 0.002173
v -0.245847 0.247125 -0.032320
v -0.245848 0.246969 -0.068924
v -0.233541 0.246794 -0.101563
v -0.210412 0.247098 -0.127176
v -0.179252 0.248279 -0.144564
v -0.143818 0.215275 -0.134630
v -0.112033 0.215254 -0.128841
v -0.084078 0.215714 -0.114086
v -0.063327 0.216828 -0.092764
v -0.052284 0.217992 -0.065546
v -0.052284 0.218789 -0.034205
v -0.063327 0.218955 -0.003264
v -0.084078 0.218955 0.021958
v -0.111637 0.219536 0.038461
v -0.142570 0.221761 0.044202
v -0.174813 0.220482 0.038379
v -0.203557 0.218955 0.021958
v -0.224314 0.218955 -0.003261
v -0.235368 0.218801 -0.034204
v -0.235369 0.218021 -0.065615
v -0.224314 0.216873 -0.092899
v -0.203557 0.215778 -0.114280
v -0.175603 0.215331 -0.129072
v -0.143818 0.238512 -0.142230
v -0.143818 0.232575 -0.139448
v -0.111408 0.234097 -0.133619
v -0.110753 0.240048 -0.136406
v -0.082990 0.235789 -0.118313
v -0.081688 0.241723 -0.120758
v -0.061933 0.237646 -0.095744
v -0.060117 0.243523 -0.097435
v -0.050737 0.239038 -0.066871
v -0.048640 0.244827 -0.067500
v -0.050737 0.239496 -0.033930
v -0.048640 0.245152 -0.033552
v -0.061933 0.239001 -0.002443
v -0.060116 0.244641 -0.001373
v -0.082990 0.238049 0.023282
v -0.081688 0.243679 0.024865
v -0.110279 0.238277 0.040307
v -0.109415 0.244211 0.042152
v -0.141518 0.238250 0.046490
v -0.141118 0.244441 0.048325
v -0.175241 0.235377 0.040678
v -0.175579 0.241301 0.042310
v -0.205107 0.232571 0.023842
v -0.206134 0.238144 0.025091
v -0.226534 0.231620 -0.001953
v -0.227866 0.237183 -0.001168
v -0.237967 0.231093 -0.033738
v -0.239454 0.236681 -0.033470
v -0.237963 0.230552 -0.066782
v -0.239451 0.236255 -0.067332
v -0.226532 0.230061 -0.095614
v -0.227865 0.235856 -0.097023
v -0.205107 0.230096 -0.118227
v -0.206133 0.235970 -0.120338
v -0.176359 0.231091 -0.133711
v -0.176935 0.237011 -0.136279
v -0.143818 0.209751 -0.137820
v -0.110644 0.209729 -0.131784
v -0.081469 0.210254 -0.116487
v -0.059813 0.211479 -0.094435
v -0.048289 0.212730 -0.066175
v -0.048289 0.213568 -0.033488
v -0.059813 0.213727 -0.001194
v -0.081469 0.213727 0.025131
v -0.110413 0.214088 0.042335
v -0.142749 0.217327 0.048256
v -0.176129 0.215658 0.042184
v -0.206153 0.213762 0.025128
v -0.227823 0.213727 -0.001194
v -0.239348 0.213578 -0.033489
v -0.239349 0.212756 -0.066235
v -0.227824 0.211521 -0.094558
v -0.206167 0.210315 -0.116672
v -0.176992 0.209804 -0.132006
v -0.177701 0.177022 -0.129969
v -0.207627 0.177758 -0.114929
v -0.229618 0.179066 -0.093324
v -0.241829 0.179121 -0.065485
v -0.241922 0.180395 -0.033004
v -0.229643 0.182133 -0.000135
v -0.207450 0.182408 0.026737
v -0.176599 0.186262 0.043123
v -0.142268 0.189583 0.045390
v -0.109603 0.184695 0.042881
v -0.080137 0.182283 0.026750
v -0.058018 0.182283 -0.000137
v -0.046248 0.181942 -0.032998
v -0.046248 0.180850 -0.065467
v -0.058018 0.179308 -0.093291
v -0.080137 0.177746 -0.114791
v -0.109935 0.176986 -0.129861
v -0.143818 0.176997 -0.135988
v -0.143818 0.184849 -0.143216
v -0.107742 0.184833 -0.136682
v -0.076016 0.185600 -0.120487
v -0.052469 0.187185 -0.097287
v -0.039940 0.188707 -0.067195
v -0.039940 0.189704 -0.031978
v -0.052469 0.189895 0.003132
v -0.076016 0.189895 0.031761
v -0.107621 0.190890 0.050099
v -0.142862 0.196583 0.055124
v -0.178732 0.193321 0.050048
v -0.211543 0.190093 0.031740
v -0.235167 0.189877 0.003132
v -0.247699 0.188719 -0.031978
v -0.247714 0.187596 -0.067194
v -0.235168 0.187157 -0.097349
v -0.211620 0.185634 -0.120594
v -0.179894 0.184882 -0.136826
v -0.143818 0.194332 -0.145107
v -0.143818 0.189500 -0.145136
v -0.107271 0.189482 -0.138511
v -0.107470 0.194313 -0.138512
v -0.075132 0.190225 -0.122016
v -0.075506 0.195015 -0.122023
v -0.051278 0.191781 -0.098346
v -0.051782 0.196517 -0.098335
v -0.038585 0.193270 -0.067656
v -0.039158 0.197962 -0.067673
v -0.038585 0.194218 -0.031744
v -0.039158 0.198875 -0.031847
v -0.051278 0.194366 0.003833
v -0.051782 0.199008 0.003536
v -0.075132 0.194367 0.032836
v -0.075506 0.199008 0.032381
v -0.107217 0.194889 0.051729
v -0.107425 0.199437 0.051188
v -0.143118 0.200448 0.057727
v -0.143135 0.204712 0.057487
v -0.179191 0.197707 0.051441
v -0.179032 0.202192 0.050896
v -0.212425 0.194571 0.032814
v -0.212054 0.199204 0.032361
v -0.236358 0.194366 0.003833
v -0.235854 0.199008 0.003536
v -0.249052 0.193594 -0.031744
v -0.248479 0.198575 -0.031847
v -0.249053 0.192550 -0.067667
v -0.248480 0.197592 -0.067700
v -0.236359 0.191806 -0.098421
v -0.235855 0.196546 -0.098423
v -0.212504 0.190265 -0.122139
v -0.212130 0.195061 -0.122164
v -0.180365 0.189538 -0.138673
v -0.180166 0.194374 -0.138692
v -0.048540 0.316922 -0.066811
v -0.049220 0.328683 -0.066691
v -0.049220 0.328684 -0.034657
v -0.048540 0.316923 -0.034537
v -0.220537 0.316954 -0.004210
v -0.219940 0.328716 -0.004554
v -0.230893 0.328850 -0.034657
v -0.231569 0.317088 -0.034538
v -0.060176 0.328665 -0.004554
v -0.059578 0.316904 -0.004208
v -0.230892 0.328932 -0.066690
v -0.231566 0.317170 -0.066809
v -0.080759 0.328131 0.019997
v -0.080303 0.316374 0.020540
v -0.219937 0.328849 -0.096792
v -0.220532 0.317086 -0.097135
v -0.108498 0.327092 0.036039
v -0.108206 0.315399 0.036740
v -0.140059 0.316920 -0.143605
v -0.140059 0.328682 -0.142913
v -0.108511 0.328682 -0.137351
v -0.108274 0.316921 -0.138000
v -0.199348 0.328734 -0.121332
v -0.199792 0.316971 -0.121861
v -0.139992 0.326397 0.041624
v -0.139534 0.315333 0.042434
v -0.080768 0.328683 -0.121333
v -0.080324 0.316921 -0.121863
v -0.171606 0.328683 -0.137351
v -0.171843 0.316921 -0.138000
v -0.171619 0.327092 0.036039
v -0.171714 0.315579 0.036753
v -0.060177 0.328683 -0.096794
v -0.059578 0.316921 -0.097139
v -0.199358 0.328131 0.019997
v -0.199814 0.316374 0.020540
v -0.178493 0.171515 -0.131167
v -0.209036 0.170335 -0.115568
v -0.230995 0.168797 -0.093694
v -0.244896 0.164836 -0.065824
v -0.246408 0.165966 -0.033053
v -0.232335 0.169513 -0.000245
v -0.208242 0.172784 0.027440
v -0.177296 0.180392 0.043569
v -0.142213 0.188392 0.045269
v -0.109126 0.181543 0.043758
v -0.079300 0.178597 0.028056
v -0.056809 0.178872 0.000715
v -0.044842 0.178696 -0.032715
v -0.044842 0.177596 -0.065783
v -0.056809 0.175880 -0.094069
v -0.079300 0.173997 -0.115887
v -0.109598 0.172833 -0.131171
v -0.144050 0.172411 -0.137368
v -0.176832 0.133313 -0.123924
v -0.206443 0.122803 -0.109373
v -0.232604 0.123853 -0.094992
v -0.243408 0.111908 -0.067279
v -0.245169 0.117299 -0.033614
v -0.235397 0.127689 0.000676
v -0.207619 0.136298 0.027115
v -0.177016 0.162152 0.042419
v -0.141418 0.173979 0.042865
v -0.108216 0.163056 0.042680
v -0.079102 0.148083 0.027405
v -0.061640 0.140833 -0.000458
v -0.051532 0.143714 -0.034162
v -0.049646 0.143230 -0.066464
v -0.056794 0.145223 -0.093110
v -0.077712 0.140099 -0.114456
v -0.109153 0.135992 -0.123364
v -0.143326 0.135576 -0.129511
v -0.178829 0.146735 -0.127638
v -0.178908 0.156451 -0.129927
v -0.213471 0.151792 -0.116558
v -0.212998 0.142317 -0.114121
v -0.236093 0.148949 -0.095946
v -0.236002 0.141020 -0.095907
v -0.252775 0.132163 -0.067987
v -0.253749 0.141024 -0.067954
v -0.253739 0.144568 -0.033658
v -0.252821 0.136513 -0.033546
v -0.238070 0.151083 0.000035
v -0.238102 0.144222 0.000103
v -0.210274 0.149645 0.028524
v -0.210257 0.156794 0.028463
v -0.177530 0.175173 0.043730
v -0.177795 0.167281 0.043900
v -0.142089 0.186005 0.044995
v -0.141997 0.183460 0.044790
v -0.108427 0.172666 0.043960
v -0.108943 0.179416 0.043810
v -0.078045 0.165746 0.029380
v -0.076131 0.154325 0.027970
v -0.055177 0.166028 0.001579
v -0.055056 0.158616 0.001597
v -0.042882 0.158377 -0.032313
v -0.043008 0.165820 -0.032359
v -0.043008 0.164760 -0.065979
v -0.042882 0.157284 -0.065814
v -0.055177 0.163005 -0.094821
v -0.055056 0.155593 -0.094744
v -0.076928 0.151295 -0.116666
v -0.077529 0.159850 -0.116781
v -0.108853 0.157826 -0.129920
v -0.108750 0.148106 -0.127627
v -0.143884 0.157407 -0.136226
v -0.143793 0.147687 -0.133937
v -0.175035 0.134524 -0.116111
v -0.227323 0.108954 -0.094630
v -0.234437 0.097153 -0.067131
v -0.236064 0.102406 -0.032879
v -0.232686 0.112963 0.001283
v -0.203146 0.127395 -0.102008
v -0.202658 0.136534 0.020588
v -0.174690 0.160003 0.034646
v -0.142055 0.169985 0.035084
v -0.111515 0.161069 0.034860
v -0.083019 0.143332 0.019418
v -0.068318 0.139395 -0.005782
v -0.057669 0.142123 -0.037611
v -0.055226 0.144041 -0.064563
v -0.064363 0.144248 -0.088404
v -0.083549 0.139501 -0.107864
v -0.112375 0.135755 -0.116106
v -0.145318 0.130606 -0.121427
v -0.219295 0.111400 -0.089150
v -0.226536 0.101159 -0.064657
v -0.227912 0.106116 -0.034381
v -0.224002 0.115558 -0.003721
v -0.222871 0.107306 -0.092089
v -0.204432 0.119841 -0.106647
v -0.109810 0.159198 0.039385
v -0.141931 0.168806 0.039609
v -0.231095 0.101681 -0.033817
v -0.229242 0.096204 -0.066107
v -0.055342 0.140271 -0.034659
v -0.065035 0.137473 -0.002268
v -0.228009 0.111321 -0.001219
v -0.176297 0.158077 0.039160
v -0.175999 0.130040 -0.120594
v -0.080326 0.136708 -0.111586
v -0.060189 0.141772 -0.091059
v -0.081716 0.144750 0.024645
v -0.143690 0.132270 -0.125965
v -0.110715 0.132674 -0.120034
v -0.053457 0.139762 -0.065560
v -0.205731 0.133377 0.024365
v 0.000000 1.293907 -0.291158
v 0.203301 1.838066 -0.166369
v 0.249448 1.834372 -0.125418
v 0.270906 1.829975 -0.068914
v 0.259779 1.832843 0.015312
v 0.250946 1.831038 0.054153
v 0.198209 1.835864 0.122032
v 0.139895 1.839378 0.159296
v 0.071589 1.842706 0.166200
v 0.000000 1.845384 0.154110
v 0.000000 1.847522 -0.206399
v 0.000000 1.300701 0.176457
v 0.091128 1.302236 0.159897
v 0.170157 1.301843 0.154379
v 0.234191 1.296402 0.126974
v 0.294207 1.294236 0.065653
v 0.316676 1.294407 0.014910
v 0.334913 1.294072 -0.081286
v 0.308094 1.293907 -0.157058
v 0.254921 1.293907 -0.222211
v 0.180591 1.293907 -0.256854
v 0.091128 1.293907 -0.279891
v 0.143127 1.844264 -0.186478
v 0.069264 1.847522 -0.198862
v 0.060432 2.144413 -0.169531
v 0.119281 2.134384 -0.163642
v 0.000000 2.147786 -0.174965
v 0.000000 2.030804 0.133127
v 0.061765 2.077455 0.108719
v 0.118718 2.104722 0.088303
v 0.162347 2.116177 0.061534
v 0.195405 2.126878 0.032365
v 0.218590 2.137303 -0.001440
v 0.222785 2.138895 -0.081618
v 0.202837 2.132834 -0.118159
v 0.167945 2.128985 -0.148050
v 0.043849 2.187929 -0.139941
v 0.085142 2.184580 -0.128351
v 0.000000 2.189067 -0.144062
v 0.099392 2.115784 0.082078
v 0.121118 2.136985 0.054831
v 0.139848 2.149502 0.023560
v 0.153632 2.160202 -0.012021
v 0.149977 2.173043 -0.068423
v 0.133884 2.177944 -0.095209
v 0.112953 2.181388 -0.114301
v 0.207118 1.940982 -0.196730
v 0.144399 1.944405 -0.219494
v 0.075325 1.933331 0.174109
v 0.140334 1.930258 0.170779
v 0.275106 1.946575 0.083177
v 0.313091 1.894854 0.013338
v 0.276484 1.959183 -0.179418
v 0.000000 1.927793 0.158029
v 0.073677 1.947844 -0.227319
v 0.000000 1.948009 -0.234412
v 0.202161 1.928618 0.134428
v 0.313116 1.893304 -0.093367
v 0.207061 2.073147 -0.190157
v 0.073620 2.050442 0.124367
v 0.283318 2.068607 0.062703
v 0.276124 2.052952 -0.176760
v 0.000000 1.991356 0.152147
v 0.072110 2.098317 -0.210191
v 0.200404 2.073532 0.087100
v 0.275899 2.116816 -0.104473
v 0.143975 2.088614 -0.205703
v 0.136288 2.067464 0.106477
v 0.277555 2.120139 0.015007
v 0.000000 2.098791 -0.217422
v 0.144694 1.893912 -0.202066
v 0.141353 1.887916 0.172895
v 0.275278 1.863063 0.011139
v 0.000000 1.899093 -0.219068
v 0.205434 1.888081 -0.180113
v 0.075286 1.892477 0.176342
v 0.260113 1.884840 0.055295
v 0.258917 1.884914 -0.134122
v 0.000000 1.896000 0.158712
v 0.073083 1.898969 -0.211692
v 0.201964 1.884762 0.135889
v 0.284446 1.861979 -0.072352
v 0.143923 2.006276 -0.228574
v 0.137047 2.004041 0.145254
v 0.536064 1.943352 -0.146743
v 0.000000 2.007303 -0.242429
v 0.208151 2.006337 -0.204391
v 0.074075 1.995522 0.156195
v 0.273894 2.004905 0.088528
v 0.276304 2.006067 -0.181311
v 0.000000 1.962632 0.155544
v 0.073767 2.007210 -0.235547
v 0.199931 2.005986 0.113206
v 0.538425 1.893819 0.015013
v 0.268195 1.831265 -0.034905
v 0.331770 1.294363 -0.043712
v 0.228506 2.141677 -0.041178
v 0.156518 2.167392 -0.041794
v 0.317827 1.880068 -0.039237
v 0.275867 2.136602 -0.042124
v 0.284111 1.862206 -0.039662
v 0.539643 1.936026 0.060312
v 0.536359 1.898049 -0.104531
v 0.540904 2.055568 0.064530
v 0.537325 2.062893 -0.142525
v 0.538543 2.105100 -0.097225
v 0.540609 2.100871 0.022318
v 0.540550 1.995230 0.078437
v 0.536418 2.003689 -0.160650
v 0.537223 1.879918 -0.045324
v 0.539745 2.119001 -0.036888
v 0.319969 1.378240 -0.080828
v 0.227118 1.379852 0.121766
v 0.091442 1.377931 -0.271960
v 0.295048 1.377931 -0.152011
v 0.283974 1.378869 0.058393
v 0.000000 1.377931 -0.282972
v 0.091442 1.384411 0.172939
v 0.245149 1.377931 -0.213662
v 0.304419 1.378929 0.010385
v 0.165653 1.384062 0.156445
v 0.175397 1.377931 -0.250229
v 0.000000 1.383336 0.184120
v 0.317391 1.378655 -0.045351
v 0.327811 1.370298 -0.081665
v 0.232330 1.371601 0.126051
v 0.093103 1.370060 -0.277275
v 0.302072 1.370060 -0.154685
v 0.290722 1.370680 0.061164
v 0.000000 1.370252 -0.287954
v 0.093103 1.376425 0.176518
v 0.250859 1.370060 -0.217869
v 0.311808 1.370799 0.011948
v 0.169240 1.376078 0.160563
v 0.179270 1.370060 -0.254936
v 0.000000 1.374741 0.188358
v 0.325230 1.370642 -0.045203
v 0.000000 1.285663 -0.285407
v 0.000000 1.293360 0.169337
v 0.093678 1.294861 0.152941
v 0.170703 1.294081 0.148873
v 0.232806 1.288468 0.122375
v 0.291608 1.286138 0.063056
v 0.313632 1.286275 0.013499
v 0.331811 1.285857 -0.080297
v 0.305754 1.285663 -0.154289
v 0.253780 1.285663 -0.218022
v 0.181126 1.285663 -0.251781
v 0.093678 1.285663 -0.274394
v 0.328581 1.286172 -0.043672
v 0.255617 1.595196 0.007074
v 0.138915 1.594178 0.131688
v 0.146381 1.594147 -0.188562
v 0.000000 1.594350 0.159145
v 0.263068 1.594603 -0.036699
v 0.263800 1.593991 -0.064498
v 0.193747 1.594860 0.096444
v 0.078465 1.594350 -0.204186
v 0.243238 1.593529 -0.118049
v 0.241036 1.595110 0.043769
v 0.000000 1.594350 -0.212098
v 0.078481 1.594350 0.151965
v 0.202734 1.593760 -0.162261
v 0.000000 2.058041 0.098551
v 0.047793 2.100559 0.084008
v 0.035541 2.186378 -0.115124
v 0.067816 2.183758 -0.106080
v 0.000000 2.187265 -0.118382
v 0.078191 2.131017 0.060847
v 0.096194 2.146841 0.037967
v 0.110578 2.156337 0.012951
v 0.121287 2.164351 -0.014952
v 0.118509 2.174755 -0.058830
v 0.105916 2.178571 -0.079896
v 0.089551 2.181258 -0.094872
v 0.123608 2.170295 -0.037987
v 0.109411 2.148262 0.046842
v 0.125988 2.159259 0.018506
v 0.040104 2.193640 -0.127888
v 0.000000 2.194074 -0.131365
v 0.000000 2.046755 0.116457
v 0.054905 2.095179 0.097798
v 0.120652 2.184705 -0.087618
v 0.101923 2.187783 -0.104704
v 0.089758 2.128591 0.071291
v 0.138274 2.168463 -0.013340
v 0.077045 2.190642 -0.117528
v 0.140902 2.175233 -0.039769
v 0.135060 2.180331 -0.063522
v 0.298139 1.471017 -0.078459
v 0.215945 1.470876 0.107161
v 0.090405 1.471062 -0.247401
v 0.275515 1.470720 -0.141499
v 0.268247 1.471665 0.046386
v 0.000000 1.472281 -0.255839
v 0.090420 1.472860 0.171294
v 0.230090 1.470809 -0.195330
v 0.285953 1.471747 0.003643
v 0.158145 1.472506 0.150131
v 0.166721 1.470975 -0.227991
v 0.000000 1.472560 0.182669
v 0.296349 1.471447 -0.046556
v 0.241778 1.700127 0.008285
v 0.127195 1.703151 0.125976
v 0.134285 1.703194 -0.176416
v 0.000000 1.704046 0.148913
v 0.248470 1.699700 -0.034539
v 0.249154 1.699358 -0.062416
v 0.181243 1.701477 0.092675
v 0.068021 1.704072 -0.190255
v 0.228989 1.700528 -0.113502
v 0.229022 1.699659 0.042692
v 0.000000 1.704076 -0.197697
v 0.068085 1.704031 0.144328
v 0.189038 1.701527 -0.153670
v 0.248509 1.760568 0.011030
v 0.133701 1.765846 0.138044
v 0.138704 1.768258 -0.175322
v 0.000000 1.769398 0.145400
v 0.256032 1.759505 -0.034242
v 0.257857 1.758637 -0.064570
v 0.188731 1.762977 0.103691
v 0.069881 1.770452 -0.187681
v 0.237497 1.761597 -0.116636
v 0.238251 1.759352 0.046299
v 0.000000 1.771518 -0.195433
v 0.071072 1.768079 0.149876
v 0.195080 1.764085 -0.155312
v 0.269975 1.534175 0.003194
v 0.148302 1.533456 0.137874
v 0.156140 1.533006 -0.204731
v 0.000000 1.533870 0.167053
v 0.278499 1.533666 -0.042164
v 0.279807 1.533110 -0.070951
v 0.205029 1.533372 0.098025
v 0.084397 1.533132 -0.221079
v 0.259788 1.532585 -0.127140
v 0.254694 1.534167 0.041551
v 0.000000 1.533222 -0.228405
v 0.082776 1.533516 0.158345
v 0.216283 1.532746 -0.176062
v 0.316186 1.416890 -0.079928
v 0.226381 1.417451 0.117759
v 0.092667 1.416725 -0.262958
v 0.291819 1.416591 -0.148078
v 0.282200 1.417531 0.054023
v 0.000000 1.416703 -0.272886
v 0.092764 1.421113 0.174847
v 0.242993 1.416627 -0.206816
v 0.301823 1.417597 0.007955
v 0.165414 1.420799 0.156177
v 0.174784 1.416691 -0.242096
v 0.000000 1.420529 0.186763
v 0.313905 1.417312 -0.045763
v 0.254300 1.647989 -0.063327
v 0.185487 1.649580 0.094766
v 0.070600 1.651088 -0.197264
v 0.233686 1.648651 -0.115791
v 0.233363 1.648843 0.043622
v 0.000000 1.651078 -0.204939
v 0.070639 1.651012 0.148005
v 0.193408 1.649346 -0.157985
v 0.246985 1.649126 0.008036
v 0.130487 1.650413 0.128688
v 0.137779 1.650487 -0.182526
v 0.000000 1.651024 0.153913
v 0.255627 1.648504 -0.035385
v 0.375810 2.128654 -0.039589
v 0.463775 2.123904 -0.041695
v 0.463775 2.107370 0.018981
v 0.375810 2.111526 0.018004
v 0.375810 1.881672 -0.041670
v 0.463775 1.879349 -0.042422
v 0.463775 1.895643 -0.102875
v 0.375810 1.896649 -0.097261
v 0.463775 2.062138 0.063780
v 0.375810 2.062633 0.064181
v 0.375810 2.006186 -0.175209
v 0.463775 2.001915 -0.165638
v 0.463775 2.061780 -0.149882
v 0.375810 2.056726 -0.165467
v 0.375810 1.942171 0.076060
v 0.463775 1.940198 0.064857
v 0.463775 1.895278 0.018054
v 0.375810 1.894936 0.013540
v 0.375810 2.000341 0.086335
v 0.463775 2.000915 0.080672
v 0.463775 2.107603 -0.102897
v 0.375810 2.112057 -0.101314
v 0.375810 1.955107 -0.169009
v 0.463775 1.941942 -0.150525
v 0.733040 2.097500 -0.034292
v 0.728901 1.876939 -0.046761
v 0.727606 2.001432 -0.158711
v 0.733827 1.988833 0.077657
v 0.733396 2.078473 0.023964
v 0.730591 2.084916 -0.094219
v 0.728060 2.053645 -0.139760
v 0.733157 2.042555 0.064940
v 0.727595 1.895924 -0.105018
v 0.732560 1.930597 0.058706
v 0.730719 1.889630 0.013166
v 0.727149 1.941499 -0.145994
v 0.612343 1.990694 0.077657
v 0.611532 2.112364 -0.034292
v 0.606095 2.003283 -0.158711
v 0.612447 2.093355 0.023964
v 0.609453 2.099713 -0.094219
v 0.607185 2.060792 -0.139760
v 0.609130 1.891461 0.013166
v 0.612442 2.049752 0.064940
v 0.606006 1.897755 -0.105018
v 0.607313 1.878770 -0.046761
v 0.610971 1.932428 0.058706
v 0.605560 1.943330 -0.145994
v 0.669710 2.002353 -0.158711
v 0.670206 2.056045 -0.139760
v 0.675305 2.044981 0.064940
v 0.671005 1.877811 -0.046761
v 0.669252 1.942371 -0.145994
v 0.675931 1.989764 0.077657
v 0.675260 2.101266 -0.034292
v 0.675615 2.082239 0.023964
v 0.672810 2.088682 -0.094219
v 0.672822 1.890502 0.013166
v 0.669698 1.896796 -0.105018
v 0.674663 1.931469 0.058706
v 0.675932 2.002574 -0.165065
v 0.676568 2.059551 -0.145096
v 0.681671 2.047943 0.070612
v 0.677094 1.871364 -0.047097
v 0.675384 1.939393 -0.151666
v 0.682159 1.989315 0.084011
v 0.681810 2.107207 -0.033957
v 0.682102 2.087162 0.027433
v 0.679318 2.093940 -0.097107
v 0.678920 1.884739 0.016053
v 0.675800 1.891369 -0.108487
v 0.680788 1.927909 0.064042
v 0.724171 2.001834 -0.165065
v 0.724774 2.057635 -0.145096
v 0.729864 2.045949 0.070612
v 0.725333 1.870637 -0.047097
v 0.723623 1.938666 -0.151666
v 0.730394 1.988570 0.084011
v 0.729952 2.104069 -0.033957
v 0.730244 2.084024 0.027433
v 0.727460 2.090802 -0.097107
v 0.727158 1.884012 0.016053
v 0.724038 1.890643 -0.108487
v 0.729027 1.927183 0.064042
v 0.731663 2.073260 -0.035150
v 0.729164 1.893208 -0.045903
v 0.727843 2.000388 -0.142446
v 0.733177 1.989505 0.061393
v 0.732067 2.057360 0.015089
v 0.729617 2.062735 -0.086830
v 0.727956 2.036020 -0.126103
v 0.732386 2.026987 0.050426
v 0.728037 1.909581 -0.096143
v 0.732319 1.939482 0.045050
v 0.730731 1.904152 0.005777
v 0.727653 1.948884 -0.131480
v 0.871413 2.054592 -0.035856
v 0.868556 1.898860 -0.045198
v 0.867644 1.985089 -0.129079
v 0.872325 1.975656 0.048025
v 0.872392 2.041137 0.007795
v 0.870051 2.045598 -0.080758
v 0.868672 2.016566 -0.114880
v 0.872726 2.008839 0.038497
v 0.867577 1.913086 -0.088849
v 0.871298 1.939065 0.033826
v 0.869918 1.908369 -0.000296
v 0.867243 1.947234 -0.119551
v 1.035274 2.031763 -0.036647
v 1.032901 1.902406 -0.044407
v 1.032143 1.974031 -0.114081
v 1.036031 1.966196 0.033028
v 1.036087 2.020587 -0.000389
v 1.034142 2.024292 -0.073944
v 1.032996 2.000176 -0.102287
v 1.036364 1.993759 0.025113
v 1.032087 1.914222 -0.080665
v 1.035178 1.935802 0.021233
v 1.034032 1.910305 -0.007110
v 1.031810 1.942587 -0.106167
v -0.203301 1.838066 -0.166369
v -0.249448 1.834372 -0.125418
v -0.270906 1.829975 -0.068914
v -0.259779 1.832843 0.015312
v -0.250946 1.831038 0.054153
v -0.198209 1.835864 0.122032
v -0.139895 1.839378 0.159296
v -0.071589 1.842706 0.166200
v -0.091128 1.302236 0.159897
v -0.170157 1.301843 0.154379
v -0.234191 1.296402 0.126974
v -0.294207 1.294236 0.065653
v -0.316676 1.294407 0.014910
v -0.334913 1.294072 -0.081286
v -0.308094 1.293907 -0.157058
v -0.254921 1.293907 -0.222211
v -0.180591 1.293907 -0.256854
v -0.091128 1.293907 -0.279891
v -0.143127 1.844264 -0.186478
v -0.069264 1.847522 -0.198862
v -0.060432 2.144413 -0.169531
v -0.119281 2.134384 -0.163642
v -0.061765 2.077455 0.108719
v -0.118718 2.104722 0.088303
v -0.162347 2.116177 0.061534
v -0.195405 2.126878 0.032365
v -0.218590 2.137303 -0.001440
v -0.222785 2.138895 -0.081618
v -0.202837 2.132834 -0.118159
v -0.167945 2.128985 -0.148050
v -0.043849 2.187929 -0.139941
v -0.085142 2.184580 -0.128351
v -0.099392 2.115784 0.082078
v -0.121118 2.136985 0.054831
v -0.139848 2.149502 0.023560
v -0.153632 2.160202 -0.012021
v -0.149977 2.173043 -0.068423
v -0.133884 2.177944 -0.095209
v -0.112953 2.181388 -0.114301
v -0.207118 1.940982 -0.196730
v -0.144399 1.944405 -0.219494
v -0.075325 1.933331 0.174109
v -0.140334 1.930258 0.170779
v -0.275106 1.946575 0.083177
v -0.313091 1.894854 0.013338
v -0.276484 1.959183 -0.179418
v -0.073677 1.947844 -0.227319
v -0.202161 1.928618 0.134428
v -0.313116 1.893304 -0.093367
v -0.207061 2.073147 -0.190157
v -0.073620 2.050442 0.124367
v -0.283318 2.068607 0.062703
v -0.276124 2.052952 -0.176760
v -0.072110 2.098317 -0.210191
v -0.200404 2.073532 0.087100
v -0.275899 2.116816 -0.104473
v -0.143975 2.088614 -0.205703
v -0.136288 2.067464 0.106477
v -0.277555 2.120139 0.015007
v -0.144694 1.893912 -0.202066
v -0.141353 1.887916 0.172895
v -0.275278 1.863063 0.011139
v -0.205434 1.888081 -0.180113
v -0.075286 1.892477 0.176342
v -0.260113 1.884840 0.055295
v -0.258917 1.884914 -0.134122
v -0.073083 1.898969 -0.211692
v -0.201964 1.884762 0.135889
v -0.284446 1.861979 -0.072352
v -0.143923 2.006276 -0.228574
v -0.137047 2.004041 0.145254
v -0.536064 1.943352 -0.146743
v -0.208151 2.006337 -0.204391
v -0.074075 1.995522 0.156195
v -0.273894 2.004905 0.088528
v -0.276304 2.006067 -0.181311
v -0.073767 2.007210 -0.235547
v -0.199931 2.005986 0.113206
v -0.538425 1.893819 0.015013
v -0.268195 1.831265 -0.034905
v -0.331770 1.294363 -0.043712
v -0.228506 2.141677 -0.041178
v -0.156518 2.167392 -0.041794
v -0.317827 1.880068 -0.039237
v -0.275867 2.136602 -0.042124
v -0.284111 1.862206 -0.039662
v -0.539643 1.936026 0.060312
v -0.536359 1.898049 -0.104531
v -0.540904 2.055568 0.064530
v -0.537325 2.062893 -0.142525
v -0.538543 2.105100 -0.097225
v -0.540609 2.100871 0.022318
v -0.540550 1.995230 0.078437
v -0.536418 2.003689 -0.160650
v -0.537223 1.879918 -0.045324
v -0.539745 2.119001 -0.036888
v -0.319969 1.378240 -0.080828
v -0.227118 1.379852 0.121766
v -0.091442 1.377931 -0.271960
v -0.295048 1.377931 -0.152011
v -0.283974 1.378869 0.058393
v -0.091442 1.384411 0.172939
v -0.245149 1.377931 -0.213662
v -0.304419 1.378929 0.010385
v -0.165653 1.384062 0.156445
v -0.175397 1.377931 -0.250229
v -0.317391 1.378655 -0.045351
v -0.327811 1.370298 -0.081665
v -0.232330 1.371601 0.126051
v -0.093103 1.370060 -0.277275
v -0.302072 1.370060 -0.154685
v -0.290722 1.370680 0.061164
v -0.093103 1.376425 0.176518
v -0.250859 1.370060 -0.217869
v -0.311808 1.370799 0.011948
v -0.169240 1.376078 0.160563
v -0.179270 1.370060 -0.254936
v -0.325230 1.370642 -0.045203
v -0.093678 1.294861 0.152941
v -0.170703 1.294081 0.148873
v -0.232806 1.288468 0.122375
v -0.291608 1.286138 0.063056
v -0.313632 1.286275 0.013499
v -0.331811 1.285857 -0.080297
v -0.305754 1.285663 -0.154289
v -0.253780 1.285663 -0.218022
v -0.181126 1.285663 -0.251781
v -0.093678 1.285663 -0.274394
v -0.328581 1.286172 -0.043672
v -0.255617 1.595196 0.007074
v -0.138915 1.594178 0.131688
v -0.146381 1.594147 -0.188562
v -0.263068 1.594603 -0.036699
v -0.263800 1.593991 -0.064498
v -0.193747 1.594860 0.096444
v -0.078465 1.594350 -0.204186
v -0.243238 1.593529 -0.118049
v -0.241036 1.595110 0.043769
v -0.078481 1.594350 0.151965
v -0.202734 1.593760 -0.162261
v -0.047793 2.100559 0.084008
v -0.035541 2.186378 -0.115124
v -0.067816 2.183758 -0.106080
v -0.078191 2.131017 0.060847
v -0.096194 2.146841 0.037967
v -0.110578 2.156337 0.012951
v -0.121287 2.164351 -0.014952
v -0.118509 2.174755 -0.058830
v -0.105916 2.178571 -0.079896
v -0.089551 2.181258 -0.094872
v -0.123608 2.170295 -0.037987
v -0.109411 2.148262 0.046842
v -0.125988 2.159259 0.018506
v -0.040104 2.193640 -0.127888
v -0.054905 2.095179 0.097798
v -0.120652 2.184705 -0.087618
v -0.101923 2.187783 -0.104704
v -0.089758 2.128591 0.071291
v -0.138274 2.168463 -0.013340
v -0.077045 2.190642 -0.117528
v -0.140902 2.175233 -0.039769
v -0.135060 2.180331 -0.063522
v -0.298139 1.471017 -0.078459
v -0.215945 1.470876 0.107161
v -0.090405 1.471062 -0.247401
v -0.275515 1.470720 -0.141499
v -0.268247 1.471665 0.046386
v -0.090420 1.472860 0.171294
v -0.230090 1.470809 -0.195330
v -0.285953 1.471747 0.003643
v -0.158145 1.472506 0.150131
v -0.166721 1.470975 -0.227991
v -0.296349 1.471447 -0.046556
v -0.241778 1.700127 0.008285
v -0.127195 1.703151 0.125976
v -0.134285 1.703194 -0.176416
v -0.248470 1.699700 -0.034539
v -0.249154 1.699358 -0.062416
v -0.181243 1.701477 0.092675
v -0.068021 1.704072 -0.190255
v -0.228989 1.700528 -0.113502
v -0.229022 1.699659 0.042692
v -0.068085 1.704031 0.144328
v -0.189038 1.701527 -0.153670
v -0.248509 1.760568 0.011030
v -0.133701 1.765846 0.138044
v -0.138704 1.768258 -0.175322
v -0.256032 1.759505 -0.034242
v -0.257857 1.758637 -0.064570
v -0.188731 1.762977 0.103691
v -0.069881 1.770452 -0.187681
v -0.237497 1.761597 -0.116636
v -0.238251 1.759352 0.046299
v -0.071072 1.768079 0.149876
v -0.195080 1.764085 -0.155312
v -0.269975 1.534175 0.003194
v -0.148302 1.533456 0.137874
v -0.156140 1.533006 -0.204731
v -0.278499 1.533666 -0.042164
v -0.279807 1.533110 -0.070951
v -0.205029 1.533372 0.098025
v -0.084397 1.533132 -0.221079
v -0.259788 1.532585 -0.127140
v -0.254694 1.534167 0.041551
v -0.082776 1.533516 0.158345
v -0.216283 1.532746 -0.176062
v -0.316186 1.416890 -0.079928
v -0.226381 1.417451 0.117759
v -0.092667 1.416725 -0.262958
v -0.291819 1.416591 -0.148078
v -0.282200 1.417531 0.054023
v -0.092764 1.421113 0.174847
v -0.242993 1.416627 -0.206816
v -0.301823 1.417597 0.007955
v -0.165414 1.420799 0.156177
v -0.174784 1.416691 -0.242096
v -0.313905 1.417312 -0.045763
v -0.254300 1.647989 -0.063327
v -0.185487 1.649580 0.094766
v -0.070600 1.651088 -0.197264
v -0.233686 1.648651 -0.115791
v -0.233363 1.648843 0.043622
v -0.070639 1.651012 0.148005
v -0.193408 1.649346 -0.157985
v -0.246985 1.649126 0.008036
v -0.130487 1.650413 0.128688
v -0.137779 1.650487 -0.182526
v -0.255627 1.648504 -0.035385
v -0.375810 2.128654 -0.039589
v -0.463775 2.123904 -0.041695
v -0.463775 2.107370 0.018981
v -0.375810 2.111526 0.018004
v -0.375810 1.881672 -0.041670
v -0.463775 1.879349 -0.042422
v -0.463775 1.895643 -0.102875
v -0.375810 1.896649 -0.097261
v -0.463775 2.062138 0.063780
v -0.375810 2.062633 0.064181
v -0.375810 2.006186 -0.175209
v -0.463775 2.001915 -0.165638
v -0.463775 2.061780 -0.149882
v -0.375810 2.056726 -0.165467
v -0.375810 1.942171 0.076060
v -0.463775 1.940198 0.064857
v -0.463775 1.895278 0.018054
v -0.375810 1.894936 0.013540
v -0.375810 2.000341 0.086335
v -0.463775 2.000915 0.080672
v -0.463775 2.107603 -0.102897
v -0.375810 2.112057 -0.101314
v -0.375810 1.955107 -0.169009
v -0.463775 1.941942 -0.150525
v -0.733040 2.097500 -0.034292
v -0.728901 1.876939 -0.046761
v -0.727606 2.001432 -0.158711
v -0.733827 1.988833 0.077657
v -0.733396 2.078473 0.023964
v -0.730591 2.084916 -0.094219
v -0.728060 2.053645 -0.139760
v -0.733157 2.042555 0.064940
v -0.727595 1.895924 -0.105018
v -0.732560 1.930597 0.058706
v -0.730719 1.889630 0.013166
v -0.727149 1.941499 -0.145994
v -0.612343 1.990694 0.077657
v -0.611532 2.112364 -0.034292
v -0.606095 2.003283 -0.158711
v -0.612447 2.093355 0.023964
v -0.609453 2.099713 -0.094219
v -0.607185 2.060792 -0.139760
v -0.609130 1.891461 0.013166
v -0.612442 2.049752 0.064940
v -0.606006 1.897755 -0.105018
v -0.607313 1.878770 -0.046761
v -0.610971 1.932428 0.058706
v -0.605560 1.943330 -0.145994
v -0.669710 2.002353 -0.158711
v -0.670206 2.056045 -0.139760
v -0.675305 2.044981 0.064940
v -0.671005 1.877811 -0.046761
v -0.669252 1.942371 -0.145994
v -0.675931 1.989764 0.077657
v -0.675260 2.101266 -0.034292
v -0.675615 2.082239 0.023964
v -0.672810 2.088682 -0.094219
v -0.672822 1.890502 0.013166
v -0.669698 1.896796 -0.105018
v -0.674663 1.931469 0.058706
v -0.675932 2.002574 -0.165065
v -0.676568 2.059551 -0.145096
v -0.681671 2.047943 0.070612
v -0.677094 1.871364 -0.047097
v -0.675384 1.939393 -0.151666
v -0.682159 1.989315 0.084011
v -0.681810 2.107207 -0.033957
v -0.682102 2.087162 0.027433
v -0.679318 2.093940 -0.097107
v -0.678920 1.884739 0.016053
v -0.675800 1.891369 -0.108487
v -0.680788 1.927909 0.064042
v -0.724171 2.001834 -0.165065
v -0.724774 2.057635 -0.145096
v -0.729864 2.045949 0.070612
v -0.725333 1.870637 -0.047097
v -0.723623 1.938666 -0.151666
v -0.730394 1.988570 0.084011
v -0.729952 2.104069 -0.033957
v -0.730244 2.084024 0.027433
v -0.727460 2.090802 -0.097107
v -0.727158 1.884012 0.016053
v -0.724038 1.890643 -0.108487
v -0.729027 1.927183 0.064042
v -0.731663 2.073260 -0.035150
v -0.729164 1.893208 -0.045903
v -0.727843 2.000388 -0.142446
v -0.733177 1.989505 0.061393
v -0.732067 2.057360 0.015089
v -0.729617 2.062735 -0.086830
v -0.727956 2.036020 -0.126103
v -0.732386 2.026987 0.050426
v -0.728037 1.909581 -0.096143
v -0.732319 1.939482 0.045050
v -0.730731 1.904152 0.005777
v -0.727653 1.948884 -0.131480
v -0.871413 2.054592 -0.035856
v -0.868556 1.898860 -0.045198
v -0.867644 1.985089 -0.129079
v -0.872325 1.975656 0.048025
v -0.872392 2.041137 0.007795
v -0.870051 2.045598 -0.080758
v -0.868672 2.016566 -0.114880
v -0.872726 2.008839 0.038497
v -0.867577 1.913086 -0.088849
v -0.871298 1.939065 0.033826
v -0.869918 1.908369 -0.000296
v -0.867243 1.947234 -0.119551
v -1.035274 2.031763 -0.036647
v -1.032901 1.902406 -0.044407
v -1.032143 1.974031 -0.114081
v -1.036031 1.966196 0.033028
v -1.036087 2.020587 -0.000389
v -1.034142 2.024292 -0.073944
v -1.032996 2.000176 -0.102287
v -1.036364 1.993759 0.025113
v -1.032087 1.914222 -0.080665
v -1.035178 1.935802 0.021233
v -1.034032 1.910305 -0.007110
v -1.031810 1.942587 -0.106167
v 0.052660 0.394535 -0.389467
v -0.384855 0.660041 -0.255115
v 0.023398 0.490942 -0.730420
v -0.394545 0.785783 -0.631564
v 0.183468 0.696725 -0.281867
v -0.049292 0.824432 -0.200201
v 0.145812 0.774038 -0.637959
v -0.061071 0.945424 -0.579911
v -0.422822 1.054005 -0.153525
v -0.425996 1.162944 -0.467751
v -0.094440 1.083082 -0.147058
v -0.097614 1.192020 -0.461285
v -0.116480 1.339747 -0.173737
v -0.117901 1.388534 -0.314460
v 0.031009 1.389466 -0.315730
v 0.032430 1.340679 -0.175007
v 0.374707 0.488372 -0.458601
v 0.357021 0.542475 -0.660638
v 0.396138 0.707420 -0.388662
v 0.375262 0.754254 -0.598736
v 0.012518 0.428618 -0.666707
v 0.014290 0.387868 -0.578699
v 0.027931 0.374553 -0.481313
v -0.068260 0.429043 -0.360918
v -0.188098 0.489566 -0.327410
v -0.296935 0.568950 -0.291342
v -0.434165 0.665579 -0.348012
v -0.452422 0.692534 -0.453331
v -0.439318 0.734678 -0.553654
v -0.311897 0.690119 -0.666972
v -0.209045 0.603738 -0.697257
v -0.094457 0.534670 -0.719410
v 0.113077 0.721443 -0.708450
v 0.078331 0.648777 -0.749537
v 0.046722 0.567967 -0.757950
v -0.320429 0.839467 -0.672914
v -0.229821 0.888735 -0.676628
v -0.138207 0.926437 -0.644896
v -0.021738 0.888735 -0.601406
v 0.026135 0.838221 -0.619131
v 0.082126 0.798462 -0.631758
v 0.193037 0.756065 -0.347945
v 0.188380 0.790252 -0.441157
v 0.171853 0.797003 -0.543747
v -0.011434 0.940628 -0.486505
v 0.007540 0.915306 -0.380065
v -0.004846 0.874795 -0.278622
v -0.002826 0.776547 -0.219579
v 0.053093 0.737715 -0.239648
v 0.116010 0.710315 -0.260410
v 0.086707 0.450114 -0.316610
v 0.124338 0.529343 -0.270319
v 0.158833 0.616716 -0.256702
v -0.123735 0.770005 -0.159361
v -0.215061 0.719105 -0.156768
v -0.307393 0.679770 -0.189621
v -0.469720 1.074598 -0.225626
v -0.485981 1.103023 -0.311850
v -0.471455 1.134174 -0.397469
v -0.352043 1.184851 -0.510474
v -0.262400 1.197908 -0.523436
v -0.172459 1.200752 -0.506938
v -0.050716 1.171428 -0.389183
v -0.034455 1.143003 -0.302959
v -0.048980 1.111852 -0.217341
v -0.168393 1.061175 -0.104335
v -0.258036 1.048118 -0.091374
v -0.347977 1.045274 -0.107871
v -0.091022 1.004486 -0.555637
v -0.109062 1.065222 -0.528233
v -0.112242 1.127707 -0.497012
v -0.108650 1.008809 -0.153576
v -0.104408 0.940867 -0.165698
v -0.083895 0.879369 -0.181786
v -0.443404 0.756552 -0.221082
v -0.469996 0.855675 -0.191400
v -0.463509 0.955473 -0.168178
v -0.467070 1.074445 -0.511562
v -0.474390 0.980624 -0.553527
v -0.449650 0.883673 -0.593558
v -0.109314 1.361595 -0.200360
v -0.105655 1.381664 -0.239955
v -0.110142 1.390008 -0.282318
v -0.072664 1.402609 -0.318407
v -0.022192 1.409735 -0.320322
v 0.014062 1.403136 -0.319151
v 0.052263 1.390944 -0.283724
v 0.062879 1.382591 -0.241426
v 0.053090 1.362530 -0.201766
v 0.015613 1.349929 -0.165678
v -0.020584 1.354520 -0.161058
v -0.071114 1.349402 -0.164934
v -0.350228 1.148447 -0.148839
v -0.261680 1.232418 -0.152680
v -0.176286 1.298962 -0.162632
v -0.178090 1.360880 -0.341230
v -0.263970 1.311018 -0.379395
v -0.352994 1.243405 -0.422739
v -0.062143 1.162002 -0.147293
v -0.022300 1.237620 -0.153477
v 0.012633 1.300716 -0.164059
v 0.010830 1.362634 -0.342657
v -0.024590 1.316219 -0.380192
v -0.064909 1.256960 -0.421193
v 0.374177 0.521890 -0.622930
v 0.386164 0.501079 -0.565464
v 0.384400 0.489742 -0.504170
v 0.383442 0.719191 -0.624202
v 0.384599 0.660830 -0.648473
v 0.373364 0.594170 -0.660422
v 0.404801 0.736680 -0.427574
v 0.405039 0.760156 -0.487516
v 0.392520 0.764143 -0.551513
v 0.393479 0.534695 -0.431481
v 0.406603 0.600405 -0.404507
v 0.405614 0.664400 -0.390082
v 0.215311 0.766682 -0.636711
v 0.282903 0.766745 -0.628218
v 0.339629 0.763322 -0.613648
v 0.311303 0.515991 -0.686925
v 0.234707 0.489307 -0.712711
v 0.136011 0.477795 -0.727994
v 0.333098 0.450942 -0.445471
v 0.260955 0.412472 -0.429385
v 0.165105 0.390733 -0.411568
v 0.252171 0.697292 -0.304446
v 0.315451 0.704253 -0.330278
v 0.366048 0.708800 -0.360708
v -0.099838 0.414034 -0.455821
v -0.226550 0.481018 -0.423206
v -0.341545 0.567525 -0.386319
v -0.115189 0.430756 -0.557804
v -0.243231 0.501406 -0.527885
v -0.359191 0.591452 -0.492031
v -0.113624 0.473028 -0.650967
v -0.237583 0.544417 -0.624789
v -0.349450 0.634421 -0.591306
v -0.058404 0.608675 -0.750416
v -0.158919 0.672439 -0.731905
v -0.248401 0.751842 -0.705158
v -0.011798 0.684733 -0.744006
v -0.095946 0.741106 -0.728444
v -0.169993 0.811304 -0.705201
v 0.037624 0.751707 -0.703386
v -0.030727 0.799710 -0.689858
v -0.089997 0.859828 -0.669738
v 0.114905 0.816202 -0.534846
v 0.065526 0.848905 -0.521829
v 0.023489 0.891563 -0.505461
v 0.132898 0.805489 -0.428444
v 0.084274 0.833215 -0.413838
v 0.042493 0.870723 -0.397618
v 0.133976 0.769225 -0.330861
v 0.080691 0.794902 -0.313622
v 0.034109 0.830842 -0.296213
v 0.078756 0.633579 -0.231412
v 0.002028 0.666880 -0.206505
v -0.066940 0.713421 -0.182361
v 0.029507 0.551512 -0.242241
v -0.063011 0.593515 -0.213279
v -0.146705 0.650872 -0.184449
v -0.022557 0.478529 -0.287282
v -0.130296 0.530212 -0.255178
v -0.228059 0.599260 -0.222042
v 0.149735 0.554903 -0.752322
v 0.169741 0.636988 -0.743086
v 0.192579 0.711655 -0.703507
v 0.242691 0.562746 -0.733564
v 0.255394 0.641743 -0.724306
v 0.268784 0.713536 -0.688316
v 0.318279 0.580971 -0.702491
v 0.328378 0.652801 -0.693062
v 0.333944 0.716977 -0.662670
v -0.034985 0.924917 -0.261009
v -0.020133 0.964768 -0.361473
v -0.038944 0.993199 -0.465556
v -0.054060 0.981000 -0.244235
v -0.038212 1.018962 -0.342185
v -0.056624 1.048965 -0.442525
v -0.059563 1.043245 -0.229334
v -0.043913 1.078252 -0.322561
v -0.061530 1.108262 -0.417154
v -0.392650 1.220103 -0.360901
v -0.405203 1.193603 -0.286030
v -0.391137 1.168156 -0.211063
v -0.295281 1.293423 -0.327919
v -0.304314 1.272492 -0.265496
v -0.294024 1.250304 -0.203542
v -0.197083 1.350170 -0.300688
v -0.200260 1.335714 -0.250299
v -0.196079 1.315722 -0.201326
v -0.498698 0.837812 -0.514550
v -0.513853 0.797272 -0.414559
v -0.495344 0.768152 -0.310949
v -0.524778 0.940398 -0.475054
v -0.540716 0.902232 -0.377245
v -0.522393 0.872025 -0.277045
v -0.516162 1.039998 -0.435812
v -0.531823 1.004965 -0.342603
v -0.514217 0.974929 -0.248028
v -0.361044 0.766572 -0.159751
v -0.262396 0.794313 -0.131466
v -0.164375 0.833878 -0.138165
v -0.386541 0.857426 -0.134639
v -0.286354 0.874898 -0.110612
v -0.186591 0.904057 -0.120554
v -0.382610 0.950829 -0.116579
v -0.285409 0.959840 -0.096488
v -0.188543 0.980002 -0.108591
v -0.173245 0.994780 -0.616753
v -0.271590 0.967727 -0.644566
v -0.369308 0.928850 -0.637394
v -0.192477 1.063564 -0.584931
v -0.292574 1.046295 -0.608817
v -0.392247 1.017341 -0.598735
v -0.193137 1.132363 -0.548602
v -0.290327 1.123377 -0.568676
v -0.387181 1.103240 -0.556556
v 0.043287 1.415130 -0.276160
v 0.011770 1.423568 -0.274412
v -0.040325 1.414711 -0.275419
v 0.054588 1.409868 -0.234713
v 0.023413 1.418897 -0.232204
v -0.030238 1.409479 -0.233952
v 0.044085 1.387738 -0.197146
v 0.012580 1.395778 -0.194253
v -0.039527 1.387318 -0.196406
v -0.284465 1.138304 -0.110039
v -0.205405 1.137689 -0.096812
v -0.126867 1.145718 -0.109194
v -0.206286 1.223661 -0.121518
v -0.139468 1.222432 -0.111390
v -0.074960 1.226512 -0.121957
v -0.130224 1.294931 -0.140153
v -0.074163 1.295912 -0.133167
v -0.025119 1.295911 -0.140946
v -0.130409 1.267318 -0.459944
v -0.209206 1.268150 -0.473120
v -0.288008 1.259905 -0.460789
v -0.077879 1.326704 -0.410954
v -0.142592 1.329660 -0.420684
v -0.209205 1.323853 -0.410516
v -0.027368 1.373119 -0.363647
v -0.076548 1.377786 -0.369329
v -0.132473 1.372139 -0.362853
v -0.022224 1.185520 -0.209081
v -0.009408 1.212236 -0.283903
v -0.023737 1.237467 -0.358919
v 0.011115 1.256942 -0.204554
v 0.022254 1.279600 -0.266578
v 0.009859 1.300061 -0.328931
v 0.039491 1.317881 -0.203112
v 0.049549 1.337984 -0.252197
v 0.038487 1.352328 -0.302473
v 0.407860 0.588218 -0.607713
v 0.421168 0.658591 -0.590863
v 0.415572 0.720356 -0.569318
v 0.423089 0.572584 -0.546848
v 0.437194 0.646330 -0.526135
v 0.430433 0.712193 -0.505601
v 0.418307 0.556000 -0.484621
v 0.432354 0.626185 -0.461585
v 0.427074 0.690538 -0.443571
v 0.146710 0.368032 -0.497735
v 0.135275 0.378563 -0.588352
v 0.131339 0.416890 -0.669693
v 0.248903 0.389849 -0.506759
v 0.240712 0.398496 -0.588030
v 0.234944 0.432904 -0.660879
v 0.328563 0.432766 -0.510010
v 0.325085 0.441102 -0.579800
v 0.316748 0.469443 -0.642951
v 0.235164 0.792237 -0.548067
v 0.249513 0.787873 -0.452003
v 0.255874 0.755529 -0.365220
v 0.297893 0.792347 -0.548544
v 0.310205 0.789368 -0.462233
v 0.316184 0.759153 -0.384377
v 0.352190 0.785905 -0.547246
v 0.363644 0.783597 -0.473459
v 0.367179 0.756458 -0.406420
v 0.237478 0.617516 -0.282591
v 0.215047 0.529448 -0.297269
v 0.189295 0.448614 -0.342295
v 0.308437 0.629311 -0.311691
v 0.295522 0.546122 -0.325957
v 0.278013 0.468660 -0.366987
v 0.365648 0.644930 -0.346879
v 0.360350 0.571898 -0.360197
v 0.346809 0.501694 -0.394587
v 0.000000 2.428186 0.306855
v 0.267794 2.374443 0.063649
v 0.000000 2.624599 0.286580
v 0.293379 2.615541 0.058109
v 0.000000 2.491028 0.263924
v 0.152132 2.367267 0.182123
v 0.280434 2.491789 0.059427
v 0.192706 2.620355 0.183619
v 0.000000 2.455008 0.283948
v 0.238041 2.371487 0.120801
v 0.287959 2.556547 0.059939
v 0.084002 2.623023 0.252695
v 0.000000 2.552258 0.266773
v 0.038420 2.389245 0.249982
v 0.275757 2.431235 0.059500
v 0.252821 2.618047 0.125717
v 0.177712 2.588544 0.178138
v 0.160897 2.406559 0.172362
v 0.042957 2.490463 0.226380
v 0.253913 2.497816 0.105779
v 0.236735 2.430489 0.116572
v 0.050297 2.425889 0.226081
v 0.066024 2.557558 0.238761
v 0.249872 2.568244 0.120716
v 0.172582 2.573408 0.165827
v 0.154797 2.425313 0.169587
v 0.060639 2.490901 0.212058
v 0.230329 2.501674 0.117616
v 0.205048 2.449966 0.132292
v 0.074544 2.440317 0.202209
v 0.078709 2.541414 0.213524
v 0.225584 2.555240 0.131559
v 0.176004 2.288834 0.093638
v 0.000000 2.259941 0.132337
v 0.000000 2.263006 0.177939
v 0.000000 2.279111 0.216848
v 0.000000 2.392717 0.282535
v 0.092408 2.268944 0.110102
v 0.115602 2.311737 0.191614
v 0.161394 2.296631 0.149102
v 0.000000 2.923786 0.050403
v 0.022438 2.490198 0.241844
v 0.021481 2.417264 0.268950
v 0.021653 2.439736 0.250570
v 0.032571 2.554205 0.254655
v 0.068101 2.292528 0.203172
v 0.088467 2.275638 0.165034
v 0.089793 2.377876 0.216527
v 0.101982 2.409200 0.199879
v 0.110916 2.425693 0.188444
v 0.000000 2.344399 0.255453
v 0.000000 2.313601 0.237284
v 0.059767 2.339692 0.220520
v 0.050237 2.321717 0.219830
v 0.024288 2.342646 0.242854
v 0.028300 2.317154 0.229419
v 0.000000 2.338066 0.219888
v 0.000000 2.317706 0.212798
v 0.046163 2.334682 0.205994
v 0.038532 2.322201 0.203240
v 0.022496 2.338899 0.214144
v 0.020529 2.320705 0.207645
v 0.000000 2.346196 0.189749
v 0.000000 2.308371 0.183865
v 0.053245 2.339444 0.183127
v 0.043101 2.313720 0.179687
v 0.026551 2.346356 0.185254
v 0.023554 2.311640 0.179702
v 0.260155 2.769429 0.060578
v 0.153367 2.875064 0.048980
v 0.281766 2.725751 0.061833
v 0.000000 2.432681 -0.262401
v 0.000000 2.575186 -0.299531
v 0.000000 2.499134 -0.291936
v 0.000000 2.659395 -0.290205
v 0.000000 2.384873 -0.225878
v 0.165072 2.492620 -0.228416
v 0.166344 2.646221 -0.232420
v 0.158258 2.384465 -0.178937
v 0.162044 2.431667 -0.207630
v 0.167566 2.562272 -0.235535
v 0.282981 2.624940 -0.106920
v 0.278251 2.553756 -0.111326
v 0.269078 2.489442 -0.108971
v 0.248065 2.387842 -0.085771
v 0.258427 2.436108 -0.099183
v 0.306946 2.617605 -0.022422
v 0.301859 2.554839 -0.020459
v 0.292567 2.490768 -0.017401
v 0.268169 2.380007 -0.009473
v 0.283160 2.433024 -0.014168
v 0.263952 2.721816 0.095101
v 0.238281 2.753422 0.111575
v 0.131711 2.842841 0.140482
v 0.000000 2.881250 0.157232
v 0.293938 2.723352 0.023831
v 0.277550 2.752940 0.000614
v 0.165590 2.855899 -0.064218
v 0.000000 2.909224 -0.074442
v 0.293326 2.658247 0.057997
v 0.257119 2.661125 0.122265
v 0.206798 2.672991 0.178577
v 0.101328 2.705843 0.250627
v 0.000000 2.717257 0.280124
v 0.304718 2.665132 -0.015324
v 0.281746 2.684500 -0.091564
v 0.165727 2.737504 -0.206971
v 0.000000 2.763011 -0.254451
v 0.290057 2.691202 0.059720
v 0.260507 2.695876 0.108883
v 0.300510 2.698197 0.003864
v 0.218570 2.718072 0.150729
v 0.115052 2.781320 0.211496
v 0.000000 2.806454 0.237915
v 0.281402 2.722331 -0.052582
v 0.165415 2.804474 -0.148502
v 0.000000 2.847449 -0.181613
v 0.164129 2.576270 0.117205
v 0.148745 2.415692 0.127666
v 0.044426 2.491066 0.171476
v 0.226329 2.500194 0.073212
v 0.199586 2.442630 0.090211
v 0.065572 2.433592 0.161025
v 0.065552 2.547232 0.173221
v 0.214398 2.561308 0.087468
v 0.102964 2.416024 0.154801
v 0.160109 2.572787 0.073840
v 0.151877 2.416630 0.082315
v 0.033229 2.490950 0.141567
v 0.234255 2.499472 0.037844
v 0.210856 2.442112 0.050086
v 0.054878 2.433427 0.130834
v 0.055468 2.546416 0.132505
v 0.216675 2.557630 0.049247
v 0.100191 2.415874 0.109960
v 0.217711 2.824722 0.055325
v 0.134195 2.621628 0.224210
v 0.117871 2.581846 0.213967
v 0.119395 2.566652 0.195715
v 0.220743 2.490126 -0.173934
v 0.207322 2.386771 -0.135991
v 0.213922 2.433594 -0.158128
v 0.230930 2.635986 -0.176952
v 0.227066 2.557116 -0.178696
v 0.195437 2.800985 0.127762
v 0.231696 2.806591 -0.033168
v 0.231317 2.711762 -0.159993
v 0.153262 2.690521 0.221337
v 0.169962 2.751421 0.185178
v 0.232951 2.762931 -0.106773
v 0.109767 2.571661 0.148091
v 0.103319 2.564908 0.103759
v 0.053251 2.489622 0.117786
v 0.100886 2.490237 0.079542
v 0.156510 2.495105 0.050214
v 0.215948 2.500487 0.033676
v 0.076736 2.908410 0.048358
v 0.041230 2.624217 0.274209
v 0.086221 2.496123 -0.261798
v 0.085026 2.384422 -0.204454
v 0.085581 2.432297 -0.236623
v 0.087854 2.654371 -0.268885
v 0.087677 2.568798 -0.270597
v 0.063432 2.868978 0.150760
v 0.082482 2.890881 -0.075725
v 0.087385 2.754999 -0.238754
v 0.050473 2.714263 0.269631
v 0.057426 2.799062 0.228939
v 0.085134 2.833659 -0.172363
v 0.004657 2.218092 -0.095518
v 0.000000 2.191433 0.046920
v 0.031594 2.187453 0.037787
v 0.049846 2.192880 0.026571
v 0.065131 2.196297 0.004009
v 0.070524 2.200381 -0.022969
v 0.065279 2.204687 -0.050550
v 0.050253 2.208678 -0.075270
v 0.027517 2.211560 -0.089896
v 0.000000 2.275594 -0.096198
v 0.000000 2.249026 0.054663
v 0.028130 2.249931 0.047717
v 0.052035 2.252044 0.031739
v 0.068203 2.255471 0.007643
v 0.074154 2.260084 -0.020197
v 0.068973 2.265399 -0.047766
v 0.053507 2.270416 -0.071299
v 0.029726 2.273951 -0.087858
v 0.000000 2.298010 -0.117057
v 0.000000 2.262464 0.077540
v 0.041702 2.264501 0.066444
v 0.070212 2.267809 0.042713
v 0.091990 2.273593 0.009740
v 0.098695 2.279769 -0.027134
v 0.090467 2.285972 -0.060969
v 0.070336 2.291841 -0.090703
v 0.039391 2.296047 -0.108209
v 0.060361 2.320148 -0.139691
v 0.000000 2.322143 -0.152225
v 0.106772 2.316257 -0.119914
v 0.137231 2.311153 -0.089458
v 0.156790 2.305136 -0.047751
v 0.157737 2.293141 0.018084
v 0.214225 2.328007 0.132714
v 0.145303 2.334236 0.182392
v 0.063591 2.328411 0.213400
v 0.238005 2.324132 0.074998
v 0.050143 2.326351 0.201193
v 0.055075 2.324094 0.176631
v 0.028716 2.326776 0.175033
v 0.000000 2.325310 0.179150
v 0.078085 2.348843 -0.173932
v 0.000000 2.350244 -0.190991
v 0.140096 2.346822 -0.151229
v 0.181339 2.344750 -0.114548
v 0.213940 2.341123 -0.070171
v 0.231171 2.331355 0.000143
v 0.108752 2.274746 0.059592
v 0.004542 2.173145 0.042730
v 0.023142 2.173697 0.032048
v 0.026934 2.221661 0.043446
v 0.049783 2.223845 0.028489
v 0.065144 2.227244 0.005773
v 0.070686 2.231547 -0.020918
v 0.065598 2.236290 -0.047700
v 0.050705 2.240718 -0.070833
v 0.027975 2.243865 -0.087603
v 0.000000 2.220671 0.049484
v 0.000000 2.245355 -0.094398
v 0.000000 2.441578 0.303065
v 0.258519 2.372773 0.093033
v 0.291274 2.587658 0.059119
v 0.187870 2.851472 0.051167
v 0.000000 2.519412 0.262710
v 0.118990 2.374600 0.200621
v 0.277814 2.460909 0.059194
v 0.223925 2.619374 0.156369
v 0.184357 2.602481 0.181566
v 0.011617 2.490510 0.251073
v 0.000000 2.470354 0.270817
v 0.202573 2.370245 0.150267
v 0.284046 2.524061 0.059902
v 0.108001 2.622300 0.239609
v 0.037127 2.587254 0.264475
v 0.027701 2.407279 0.259840
v 0.273216 2.402367 0.060839
v 0.276135 2.616515 0.093211
v 0.162457 2.389385 0.174326
v 0.267939 2.494543 0.086406
v 0.248215 2.465500 0.107180
v 0.239412 2.398073 0.117332
v 0.197392 2.414815 0.147111
v 0.263323 2.430046 0.087456
v 0.043562 2.457548 0.227820
v 0.047699 2.406091 0.235429
v 0.011237 2.447291 0.264469
v 0.075702 2.413670 0.212248
v 0.074747 2.589633 0.247825
v 0.050255 2.523286 0.229448
v 0.016714 2.553084 0.260805
v 0.092469 2.571408 0.228152
v 0.251369 2.595107 0.123492
v 0.256236 2.532651 0.109008
v 0.214123 2.581479 0.152111
v 0.273255 2.561609 0.090746
v 0.220951 2.473531 0.121218
v 0.180507 2.434647 0.150603
v 0.063992 2.462478 0.207822
v 0.091212 2.429507 0.195639
v 0.065317 2.519019 0.213119
v 0.097239 2.556597 0.208385
v 0.233779 2.531166 0.121067
v 0.202495 2.566406 0.147919
v 0.044587 2.263772 0.123987
v 0.000000 2.260272 0.156817
v 0.000000 2.268223 0.198144
v 0.000000 2.366516 0.263341
v 0.000000 2.412982 0.302021
v 0.138558 2.277577 0.104216
v 0.035755 2.285285 0.209821
v 0.045422 2.268690 0.171755
v 0.229801 2.348333 0.126074
v 0.143051 2.304191 0.171262
v 0.273176 2.745979 0.061723
v 0.032167 2.490233 0.234067
v 0.012834 2.421422 0.287003
v 0.033044 2.432425 0.240001
v 0.047481 2.555794 0.247749
v 0.026948 2.521567 0.245303
v 0.038172 2.917500 0.049229
v 0.022162 2.424850 0.260564
v 0.021090 2.462133 0.242989
v 0.017739 2.389145 0.267964
v 0.094463 2.301564 0.197158
v 0.127194 2.284896 0.157403
v 0.081260 2.282470 0.184794
v 0.152562 2.348377 0.180394
v 0.063790 2.381517 0.229165
v 0.128281 2.406408 0.192275
v 0.130475 2.424002 0.182355
v 0.098284 2.394860 0.205988
v 0.172341 2.290957 0.123797
v 0.093104 2.271177 0.141505
v 0.080098 2.317658 0.209917
v 0.000000 2.297117 0.231818
v 0.103160 2.351023 0.204407
v 0.039017 2.341200 0.232981
v 0.011639 2.343654 0.249983
v 0.040189 2.319241 0.224679
v 0.014638 2.315316 0.233549
v 0.031814 2.362113 0.249732
v 0.074659 2.358301 0.220737
v 0.058348 2.324727 0.215668
v 0.047192 2.305686 0.220603
v 0.256836 2.347934 0.068342
v 0.035530 2.337568 0.210109
v 0.010702 2.338855 0.217301
v 0.030011 2.321456 0.205322
v 0.010420 2.319392 0.210167
v 0.045606 2.323645 0.201586
v 0.020750 2.322164 0.223059
v 0.000000 2.319947 0.229028
v 0.000000 2.335943 0.237561
v 0.021616 2.336103 0.230232
v 0.044716 2.333063 0.217436
v 0.038334 2.323713 0.216024
v 0.043288 2.343513 0.182986
v 0.012086 2.346920 0.187643
v 0.035406 2.312089 0.178472
v 0.011591 2.310392 0.181713
v 0.049383 2.316453 0.176857
v 0.021649 2.315024 0.191569
v 0.000000 2.311540 0.196134
v 0.000000 2.344162 0.203050
v 0.024397 2.344692 0.198058
v 0.051650 2.338034 0.192189
v 0.041571 2.317029 0.188750
v 0.026520 2.316222 0.174843
v 0.000000 2.313727 0.178895
v 0.115679 2.894270 0.048122
v 0.020610 2.624482 0.281066
v 0.043248 2.497697 -0.276849
v 0.000000 2.536583 -0.298255
v 0.000000 2.614891 -0.297257
v 0.304319 2.615876 0.019333
v 0.043076 2.384650 -0.215272
v 0.286987 2.707758 0.060971
v 0.000000 2.463956 -0.279265
v 0.000000 2.406570 -0.244077
v 0.043074 2.432567 -0.249486
v 0.298492 2.554931 0.022711
v 0.194826 2.491193 -0.202183
v 0.128753 2.650661 -0.252706
v 0.184775 2.385349 -0.157837
v 0.190064 2.432250 -0.183677
v 0.129769 2.565445 -0.254585
v 0.161082 2.406465 -0.193503
v 0.166717 2.526149 -0.233379
v 0.163347 2.460763 -0.219640
v 0.167167 2.602192 -0.235710
v 0.259257 2.630292 -0.143758
v 0.254401 2.554928 -0.147693
v 0.285292 2.490120 -0.064374
v 0.260953 2.384462 -0.049551
v 0.274533 2.434889 -0.058057
v 0.281400 2.589498 -0.109921
v 0.263402 2.461669 -0.104824
v 0.274112 2.520165 -0.111094
v 0.254650 2.411815 -0.092695
v 0.299501 2.620648 -0.065575
v 0.294826 2.554140 -0.067145
v 0.289881 2.490899 0.024589
v 0.270546 2.376681 0.029177
v 0.282877 2.431968 0.025709
v 0.277283 2.406135 -0.012134
v 0.297376 2.522249 -0.018884
v 0.287953 2.461094 -0.015873
v 0.305285 2.587360 -0.022021
v 0.272410 2.723687 0.081205
v 0.249313 2.765102 0.087669
v 0.254069 2.733810 0.102408
v 0.262821 2.710357 0.101153
v 0.200385 2.646155 0.183468
v 0.142704 2.864486 0.098191
v 0.219228 2.776787 0.120149
v 0.093099 2.663292 0.254951
v 0.000000 2.908432 0.106724
v 0.097192 2.858031 0.146045
v 0.000000 2.669508 0.287707
v 0.289885 2.724969 0.040850
v 0.270192 2.764458 0.030749
v 0.289505 2.734164 0.014440
v 0.297721 2.712396 0.015226
v 0.282683 2.657339 -0.101707
v 0.161304 2.871363 -0.008018
v 0.257719 2.778510 -0.015357
v 0.165956 2.693266 -0.223575
v 0.000000 2.923810 -0.011774
v 0.125061 2.875576 -0.072256
v 0.000000 2.711040 -0.276507
v 0.293926 2.638816 0.057740
v 0.254958 2.640293 0.125440
v 0.212212 2.696917 0.166963
v 0.108351 2.745304 0.236010
v 0.000000 2.763248 0.264167
v 0.306458 2.643574 -0.020415
v 0.281413 2.705297 -0.074670
v 0.165337 2.773798 -0.181244
v 0.000000 2.808198 -0.222743
v 0.302919 2.660251 0.022344
v 0.044329 2.759756 -0.247898
v 0.200132 2.725326 -0.185330
v 0.297416 2.673367 -0.053982
v 0.277639 2.658545 0.091118
v 0.075824 2.710941 0.261358
v 0.179977 2.681516 0.201785
v 0.232992 2.666030 0.151735
v 0.292051 2.675189 0.058679
v 0.258736 2.679604 0.116372
v 0.302710 2.682842 -0.006876
v 0.227573 2.737207 0.132335
v 0.122557 2.814321 0.178727
v 0.000000 2.846400 0.201670
v 0.280780 2.738347 -0.027344
v 0.166221 2.832495 -0.110514
v 0.000000 2.882319 -0.131787
v 0.240655 2.704857 0.130718
v 0.195046 2.734259 0.168918
v 0.086332 2.791819 0.221427
v 0.294941 2.707834 -0.024619
v 0.201127 2.784563 -0.130199
v 0.042805 2.841785 -0.178087
v 0.298374 2.693055 0.032302
v 0.277181 2.691743 0.085254
v 0.217269 2.468351 0.077753
v 0.174526 2.425746 0.108785
v 0.051616 2.458788 0.166515
v 0.083591 2.420776 0.156516
v 0.050567 2.522597 0.173409
v 0.085859 2.561007 0.162043
v 0.225585 2.534425 0.077234
v 0.192145 2.574064 0.101488
v 0.124604 2.413943 0.143286
v 0.107845 2.421263 0.170650
v 0.071387 2.437165 0.181675
v 0.228172 2.501055 0.095366
v 0.199689 2.447137 0.112961
v 0.169465 2.576082 0.140969
v 0.220191 2.559142 0.110086
v 0.053149 2.490760 0.192485
v 0.071929 2.544000 0.194152
v 0.150756 2.421363 0.150400
v 0.228059 2.466790 0.040781
v 0.182977 2.425658 0.065207
v 0.039033 2.457685 0.136345
v 0.076340 2.420901 0.121185
v 0.039253 2.523481 0.140143
v 0.077702 2.558562 0.119416
v 0.231170 2.532974 0.041277
v 0.190880 2.569939 0.060489
v 0.124649 2.414083 0.097236
v 0.059631 2.430479 0.142800
v 0.038525 2.491215 0.151592
v 0.213008 2.562307 0.067117
v 0.228458 2.499376 0.053810
v 0.101449 2.411224 0.131704
v 0.203763 2.438357 0.068783
v 0.160833 2.579160 0.094862
v 0.060772 2.550120 0.149962
v 0.149178 2.411080 0.104945
v 0.241803 2.796459 0.058444
v 0.162504 2.621040 0.205953
v 0.145689 2.587573 0.198112
v 0.144437 2.572085 0.181710
v 0.246331 2.489468 -0.144511
v 0.229203 2.388190 -0.113481
v 0.237264 2.435335 -0.131526
v 0.200127 2.641326 -0.208602
v 0.199035 2.559547 -0.208586
v 0.165461 2.823495 0.134450
v 0.201105 2.832762 -0.051080
v 0.259078 2.697722 -0.126347
v 0.127076 2.698874 0.237442
v 0.143134 2.767548 0.199389
v 0.260234 2.741391 -0.079740
v 0.136111 2.576689 0.132946
v 0.130698 2.570095 0.088336
v 0.106301 2.571047 0.124739
v 0.114867 2.569871 0.171824
v 0.233460 2.786135 -0.072405
v 0.182115 2.778122 0.158243
v 0.161003 2.722565 0.207149
v 0.231970 2.739431 -0.137602
v 0.231259 2.676207 -0.173912
v 0.226176 2.820466 0.011251
v 0.144344 2.655026 0.225879
v 0.207430 2.817518 0.094157
v 0.229460 2.595522 -0.178757
v 0.217003 2.460559 -0.167344
v 0.224149 2.522109 -0.177407
v 0.211800 2.409333 -0.147220
v 0.124037 2.598684 0.220130
v 0.053912 2.524708 0.121498
v 0.101740 2.534887 0.086170
v 0.158608 2.541630 0.056410
v 0.217041 2.535792 0.037790
v 0.053672 2.454611 0.120491
v 0.100220 2.445511 0.089729
v 0.154337 2.448139 0.061148
v 0.214029 2.464748 0.038122
v 0.188403 2.498376 0.040446
v 0.127454 2.492198 0.062969
v 0.075444 2.489455 0.099565
v 0.037788 2.490326 0.130091
v 0.231546 2.500346 0.031273
v 0.062052 2.623703 0.264936
v 0.127996 2.494351 -0.246376
v 0.124376 2.384251 -0.192913
v 0.126381 2.431841 -0.223409
v 0.044546 2.657151 -0.280754
v 0.044096 2.572040 -0.285324
v 0.031237 2.876141 0.154348
v 0.040821 2.901404 -0.075921
v 0.128038 2.747553 -0.225009
v 0.025214 2.716143 0.275520
v 0.028657 2.803509 0.234071
v 0.126379 2.821145 -0.162614
v 0.083846 2.865525 -0.128378
v 0.059725 2.836390 0.193495
v 0.054433 2.758283 0.254510
v 0.086415 2.797463 -0.209579
v 0.087777 2.705171 -0.258345
v 0.080610 2.906415 -0.013961
v 0.045834 2.667938 0.275996
v 0.070034 2.894607 0.102840
v 0.085631 2.406392 -0.220562
v 0.087006 2.531438 -0.267734
v 0.085720 2.462632 -0.251011
v 0.087893 2.609098 -0.271875
v 0.000000 2.586395 0.275806
v 0.014150 2.191443 0.043543
v 0.039739 2.191184 0.034700
v 0.058610 2.194474 0.016057
v 0.069145 2.198284 -0.009161
v 0.069209 2.202535 -0.036919
v 0.058876 2.206768 -0.063579
v 0.039697 2.210311 -0.083673
v 0.014677 2.213031 -0.093780
v 0.014338 2.249385 0.051907
v 0.040848 2.250814 0.040969
v 0.061268 2.253599 0.020442
v 0.072549 2.257649 -0.006069
v 0.072937 2.262708 -0.034259
v 0.062406 2.268021 -0.060244
v 0.042554 2.272434 -0.080584
v 0.015294 2.274926 -0.093294
v 0.027067 2.236838 0.044802
v 0.049815 2.208363 0.027541
v 0.065138 2.211771 0.004915
v 0.070605 2.215964 -0.021902
v 0.065438 2.220489 -0.049027
v 0.050479 2.224698 -0.072947
v 0.027746 2.227713 -0.088749
v 0.000000 2.205343 0.048064
v 0.000000 2.261286 -0.093733
v 0.022080 2.263418 0.073050
v 0.057217 2.265870 0.056154
v 0.082305 2.270501 0.027061
v 0.097445 2.276692 -0.008681
v 0.096223 2.282868 -0.044615
v 0.081795 2.289021 -0.076304
v 0.056165 2.294235 -0.100706
v 0.020317 2.297212 -0.113298
v 0.000000 2.258216 0.062033
v 0.031671 2.259228 0.054003
v 0.057754 2.261477 0.035864
v 0.075751 2.265262 0.008872
v 0.082240 2.270288 -0.022017
v 0.076363 2.276079 -0.052168
v 0.059305 2.281598 -0.077988
v 0.033046 2.285498 -0.096486
v 0.000000 2.287301 -0.104173
v 0.049205 2.307515 -0.123002
v 0.000000 2.309561 -0.133508
v 0.087290 2.303277 -0.104337
v 0.112150 2.297527 -0.075992
v 0.125234 2.291211 -0.036408
v 0.061642 2.266502 0.086397
v 0.000000 2.261857 0.103420
v 0.070397 2.333851 -0.157110
v 0.000000 2.335627 -0.171878
v 0.124922 2.330732 -0.135930
v 0.160957 2.326818 -0.102142
v 0.187355 2.321621 -0.059989
v 0.148704 2.308431 -0.070262
v 0.123556 2.313774 -0.106207
v 0.085725 2.318437 -0.131010
v 0.031205 2.321304 -0.146461
v 0.160128 2.300610 -0.019912
v 0.171992 2.290848 0.057821
v 0.199972 2.311527 0.007659
v 0.119526 2.282599 0.010499
v 0.190931 2.310874 0.140620
v 0.132701 2.322388 0.186443
v 0.064717 2.332930 0.214330
v 0.210081 2.304306 0.083531
v 0.050844 2.330473 0.202785
v 0.056800 2.333486 0.178864
v 0.028433 2.338914 0.178038
v 0.000000 2.338374 0.182276
v 0.082789 2.365487 -0.189307
v 0.000000 2.366405 -0.208593
v 0.151341 2.364686 -0.165184
v 0.197135 2.365016 -0.125454
v 0.234540 2.363748 -0.078551
v 0.253455 2.354598 -0.005581
v 0.224072 2.336692 -0.037944
v 0.236743 2.326666 0.038994
v 0.040134 2.349604 -0.182775
v 0.199085 2.343548 -0.094663
v 0.162425 2.345771 -0.134101
v 0.111845 2.347884 -0.163755
v 0.013753 2.326608 0.177151
v 0.044594 2.325297 0.173514
v 0.055039 2.324915 0.187377
v 0.049294 2.326971 0.211781
v 0.231359 2.324810 0.105615
v 0.185041 2.332193 0.158504
v 0.099821 2.331935 0.202329
v 0.128021 2.280602 0.045650
v 0.090426 2.272061 0.052030
v 0.106262 2.272295 0.079413
v 0.013842 2.171000 0.036296
v 0.027596 2.180506 0.034687
v 0.000577 2.180319 0.045858
v 0.027341 2.205912 0.042036
v 0.050041 2.238982 0.029604
v 0.065531 2.242377 0.006627
v 0.071180 2.246802 -0.020135
v 0.066139 2.251781 -0.046798
v 0.051225 2.256445 -0.069627
v 0.028366 2.259741 -0.085702
v 0.000000 2.235889 0.051221
v 0.000591 2.229806 -0.095425
v 0.013731 2.221073 0.047182
v 0.014358 2.244745 -0.091595
v 0.040196 2.242509 -0.080199
v 0.059264 2.238603 -0.059920
v 0.069451 2.233905 -0.034543
v 0.069228 2.229307 -0.007317
v 0.058573 2.225410 0.017868
v 0.039101 2.222584 0.037168
v 0.274932 2.590886 0.092469
v 0.152543 2.602927 0.203020
v 0.265399 2.461644 0.086080
v 0.202646 2.393515 0.147133
v 0.262205 2.400351 0.089519
v 0.031704 2.458734 0.234994
v 0.032544 2.415462 0.247810
v 0.127174 2.391217 0.195146
v 0.038653 2.523028 0.237557
v 0.219160 2.598583 0.154215
v 0.270968 2.528542 0.088109
v 0.042194 2.274708 0.191486
v 0.013928 2.520360 0.256406
v 0.011695 2.433241 0.282097
v 0.010935 2.466106 0.253899
v 0.015723 2.407945 0.280194
v 0.114765 2.292443 0.178058
v 0.103588 2.340769 0.201979
v 0.070846 2.399290 0.219945
v 0.135000 2.279578 0.133090
v 0.047332 2.265137 0.149551
v 0.100135 2.360621 0.208230
v 0.015207 2.364282 0.259134
v 0.051010 2.359346 0.235467
v 0.166770 2.317220 0.164520
v 0.024770 2.301096 0.226190
v 0.205176 2.305974 0.114337
v 0.065481 2.311312 0.215128
v 0.010590 2.321146 0.226172
v 0.010380 2.336253 0.234529
v 0.049651 2.329943 0.213160
v 0.030085 2.322918 0.219554
v 0.033965 2.335103 0.223962
v 0.010834 2.313568 0.193740
v 0.011271 2.344962 0.200702
v 0.056547 2.331747 0.189159
v 0.032194 2.315752 0.189890
v 0.039663 2.342449 0.195057
v 0.045569 2.336499 0.176207
v 0.013224 2.339283 0.180272
v 0.126071 2.851156 -0.121837
v 0.044393 2.612115 -0.285314
v 0.043054 2.463381 -0.265105
v 0.043655 2.534053 -0.283027
v 0.043202 2.406517 -0.232342
v 0.188511 2.407529 -0.170908
v 0.197259 2.523962 -0.206525
v 0.192191 2.460379 -0.194421
v 0.199895 2.598845 -0.211835
v 0.298041 2.588095 -0.067068
v 0.279811 2.461536 -0.061576
v 0.290435 2.521140 -0.066231
v 0.269290 2.409440 -0.054044
v 0.278262 2.403955 0.026810
v 0.294105 2.522531 0.023956
v 0.286360 2.460802 0.025072
v 0.302188 2.586814 0.020732
v 0.263317 2.742532 0.083689
v 0.228713 2.642731 0.156040
v 0.177260 2.842604 0.096374
v 0.118085 2.659477 0.241753
v 0.034676 2.902758 0.104918
v 0.022848 2.668943 0.282661
v 0.276194 2.707258 0.082310
v 0.282545 2.742630 0.037756
v 0.298927 2.649433 -0.061733
v 0.196196 2.847517 -0.000109
v 0.200119 2.685233 -0.200570
v 0.039981 2.916523 -0.013382
v 0.044568 2.708592 -0.268783
v 0.294905 2.708787 0.037992
v 0.304323 2.640176 0.019809
v 0.043713 2.803856 -0.217354
v 0.200393 2.757363 -0.161220
v 0.296106 2.692214 -0.041167
v 0.277090 2.638937 0.092766
v 0.027240 2.761340 0.259999
v 0.134832 2.734894 0.222932
v 0.236532 2.686749 0.142730
v 0.246597 2.720752 0.117488
v 0.153622 2.797636 0.169146
v 0.029550 2.842275 0.198103
v 0.293287 2.722033 -0.006033
v 0.202082 2.810508 -0.094155
v 0.041761 2.875237 -0.131092
v 0.300937 2.677346 0.026716
v 0.277603 2.675851 0.088440
v 0.088604 2.425467 0.176164
v 0.217127 2.471810 0.100371
v 0.198111 2.570835 0.124725
v 0.057683 2.520557 0.194095
v 0.175510 2.431025 0.131546
v 0.127433 2.419530 0.165883
v 0.091477 2.560090 0.185561
v 0.058624 2.460599 0.187643
v 0.229604 2.533667 0.099480
v 0.044473 2.457122 0.147011
v 0.226033 2.534608 0.057652
v 0.079527 2.416646 0.140468
v 0.221357 2.465231 0.057429
v 0.189471 2.576113 0.080120
v 0.044928 2.524561 0.156818
v 0.177146 2.421021 0.086511
v 0.123999 2.409001 0.120193
v 0.081906 2.564032 0.138670
v 0.132714 2.576438 0.109901
v 0.141095 2.575275 0.156825
v 0.260265 2.760861 -0.049383
v 0.206443 2.757192 0.145949
v 0.186879 2.709370 0.188483
v 0.259496 2.721524 -0.106197
v 0.259397 2.666597 -0.138149
v 0.251170 2.791520 0.021793
v 0.171951 2.650409 0.206650
v 0.231112 2.790867 0.091284
v 0.257461 2.592172 -0.146620
v 0.241393 2.461181 -0.139092
v 0.250704 2.520622 -0.147200
v 0.234509 2.411351 -0.122688
v 0.098056 2.592864 0.234984
v 0.040365 2.515528 0.130715
v 0.075360 2.448052 0.106026
v 0.125934 2.445303 0.074759
v 0.186215 2.454901 0.048326
v 0.230458 2.525643 0.033938
v 0.190285 2.541319 0.045708
v 0.129031 2.538830 0.069764
v 0.075962 2.530912 0.104994
v 0.040255 2.464896 0.129346
v 0.228441 2.475125 0.033509
v 0.090913 2.827237 0.186972
v 0.081514 2.753076 0.246556
v 0.127170 2.787402 -0.197521
v 0.128425 2.700022 -0.243117
v 0.121900 2.891276 -0.012494
v 0.069135 2.666108 0.266548
v 0.106404 2.881944 0.100337
v 0.126015 2.406226 -0.208291
v 0.129139 2.528721 -0.251898
v 0.126987 2.461642 -0.236595
v 0.129423 2.605700 -0.255593
v 0.018783 2.586757 0.270212
v 0.055086 2.588039 0.259342
v 0.039296 2.237740 0.038398
v 0.058896 2.240535 0.018844
v 0.069674 2.244483 -0.006527
v 0.069978 2.249269 -0.033720
v 0.059802 2.254219 -0.058897
v 0.040678 2.258324 -0.078642
v 0.014577 2.260655 -0.090928
v 0.013798 2.236271 0.048713
v 0.016243 2.258631 0.058826
v 0.045585 2.260160 0.046307
v 0.067982 2.263191 0.023176
v 0.080551 2.267642 -0.006393
v 0.080803 2.273140 -0.037430
v 0.069105 2.278957 -0.065806
v 0.047232 2.283823 -0.088455
v 0.017019 2.286569 -0.100981
v 0.025424 2.308719 -0.128859
v 0.119860 2.364999 -0.178433
v 0.176083 2.364718 -0.145785
v 0.217341 2.365176 -0.104471
v 0.033376 2.264130 0.096581
v 0.120415 2.294490 -0.056502
v 0.101207 2.300497 -0.091298
v 0.069953 2.305674 -0.114917
v 0.036339 2.334853 -0.164902
v 0.257512 2.350441 0.033219
v 0.125543 2.287400 -0.013607
v 0.194563 2.317040 -0.028932
v 0.246220 2.359687 -0.044427
v 0.206928 2.306736 0.046788
v 0.042243 2.365960 -0.199159
v 0.175704 2.324664 -0.083079
v 0.144556 2.328818 -0.121376
v 0.100192 2.332452 -0.147700
v 0.012905 2.315453 0.176862
v 0.040386 2.315774 0.173597
v 0.049511 2.319787 0.187443
v 0.045097 2.324944 0.213073
v 0.248861 2.347340 0.098423
v 0.196847 2.349880 0.153885
v 0.091742 2.324401 0.205308
v 0.105415 2.276814 0.032767
v 0.138023 2.279367 0.072372
v 0.078418 2.268924 0.070317
v 0.013923 2.180337 0.040286
v 0.013838 2.205658 0.045766
v 0.014320 2.228671 -0.092740
v 0.039946 2.226410 -0.082573
v 0.059070 2.222685 -0.061525
v 0.069330 2.218220 -0.035671
v 0.069186 2.213795 -0.008207
v 0.058591 2.209942 0.016978
v 0.039228 2.207016 0.036087
v -0.267794 2.374443 0.063649
v -0.293379 2.615541 0.058109
v -0.152132 2.367267 0.182123
v -0.280434 2.491789 0.059427
v -0.192706 2.620355 0.183619
v -0.238041 2.371487 0.120801
v -0.287959 2.556547 0.059939
v -0.084002 2.623023 0.252695
v -0.038420 2.389245 0.249982
v -0.275757 2.431235 0.059500
v -0.252821 2.618047 0.125717
v -0.177712 2.588544 0.178138
v -0.160897 2.406559 0.172362
v -0.042957 2.490463 0.226380
v -0.253913 2.497816 0.105779
v -0.236735 2.430489 0.116572
v -0.050297 2.425889 0.226081
v -0.066024 2.557558 0.238761
v -0.249872 2.568244 0.120716
v -0.172582 2.573408 0.165827
v -0.154797 2.425313 0.169587
v -0.060639 2.490901 0.212058
v -0.230329 2.501674 0.117616
v -0.205048 2.449966 0.132292
v -0.074544 2.440317 0.202209
v -0.078709 2.541414 0.213524
v -0.225584 2.555240 0.131559
v -0.176004 2.288834 0.093638
v -0.092408 2.268944 0.110102
v -0.115602 2.311737 0.191614
v -0.161394 2.296631 0.149102
v -0.022438 2.490198 0.241844
v -0.021481 2.417264 0.268950
v -0.021653 2.439736 0.250570
v -0.032571 2.554205 0.254655
v -0.068101 2.292528 0.203172
v -0.088467 2.275638 0.165034
v -0.089793 2.377876 0.216527
v -0.101982 2.409200 0.199879
v -0.110916 2.425693 0.188444
v -0.059767 2.339692 0.220520
v -0.050237 2.321717 0.219830
v -0.024288 2.342646 0.242854
v -0.028300 2.317154 0.229419
v -0.046163 2.334682 0.205994
v -0.038532 2.322201 0.203240
v -0.022496 2.338899 0.214144
v -0.020529 2.320705 0.207645
v -0.053245 2.339444 0.183127
v -0.043101 2.313720 0.179687
v -0.026551 2.346356 0.185254
v -0.023554 2.311640 0.179702
v -0.260155 2.769429 0.060578
v -0.153367 2.875064 0.048980
v -0.281766 2.725751 0.061833
v -0.165072 2.492620 -0.228416
v -0.166344 2.646221 -0.232420
v -0.158258 2.384465 -0.178937
v -0.162044 2.431667 -0.207630
v -0.167566 2.562272 -0.235535
v -0.282981 2.624940 -0.106920
v -0.278251 2.553756 -0.111326
v -0.269078 2.489442 -0.108971
v -0.248065 2.387842 -0.085771
v -0.258427 2.436108 -0.099183
v -0.306946 2.617605 -0.022422
v -0.301859 2.554839 -0.020459
v -0.292567 2.490768 -0.017401
v -0.268169 2.380007 -0.009473
v -0.283160 2.433024 -0.014168
v -0.263952 2.721816 0.095101
v -0.238281 2.753422 0.111575
v -0.131711 2.842841 0.140482
v -0.293938 2.723352 0.023831
v -0.277550 2.752940 0.000614
v -0.165590 2.855899 -0.064218
v -0.293326 2.658247 0.057997
v -0.257119 2.661125 0.122265
v -0.206798 2.672991 0.178577
v -0.101328 2.705843 0.250627
v -0.304718 2.665132 -0.015324
v -0.281746 2.684500 -0.091564
v -0.165727 2.737504 -0.206971
v -0.290057 2.691202 0.059720
v -0.260507 2.695876 0.108883
v -0.300510 2.698197 0.003864
v -0.218570 2.718072 0.150729
v -0.115052 2.781320 0.211496
v -0.281402 2.722331 -0.052582
v -0.165415 2.804474 -0.148502
v -0.164129 2.576270 0.117205
v -0.148745 2.415692 0.127666
v -0.044426 2.491066 0.171476
v -0.226329 2.500194 0.073212
v -0.199586 2.442630 0.090211
v -0.065572 2.433592 0.161025
v -0.065552 2.547232 0.173221
v -0.214398 2.561308 0.087468
v -0.102964 2.416024 0.154801
v -0.160109 2.572787 0.073840
v -0.151877 2.416630 0.082315
v -0.033229 2.490950 0.141567
v -0.234255 2.499472 0.037844
v -0.210856 2.442112 0.050086
v -0.054878 2.433427 0.130834
v -0.055468 2.546416 0.132505
v -0.216675 2.557630 0.049247
v -0.100191 2.415874 0.109960
v -0.217711 2.824722 0.055325
v -0.134195 2.621628 0.224210
v -0.117871 2.581846 0.213967
v -0.119395 2.566652 0.195715
v -0.220743 2.490126 -0.173934
v -0.207322 2.386771 -0.135991
v -0.213922 2.433594 -0.158128
v -0.230930 2.635986 -0.176952
v -0.227066 2.557116 -0.178696
v -0.195437 2.800985 0.127762
v -0.231696 2.806591 -0.033168
v -0.231317 2.711762 -0.159993
v -0.153262 2.690521 0.221337
v -0.169962 2.751421 0.185178
v -0.232951 2.762931 -0.106773
v -0.109767 2.571661 0.148091
v -0.103319 2.564908 0.103759
v -0.053251 2.489622 0.117786
v -0.100886 2.490237 0.079542
v -0.156510 2.495105 0.050214
v -0.215948 2.500487 0.033676
v -0.076736 2.908410 0.048358
v -0.041230 2.624217 0.274209
v -0.086221 2.496123 -0.261798
v -0.085026 2.384422 -0.204454
v -0.085581 2.432297 -0.236623
v -0.087854 2.654371 -0.268885
v -0.087677 2.568798 -0.270597
v -0.063432 2.868978 0.150760
v -0.082482 2.890881 -0.075725
v -0.087385 2.754999 -0.238754
v -0.050473 2.714263 0.269631
v -0.057426 2.799062 0.228939
v -0.085134 2.833659 -0.172363
v -0.004657 2.218092 -0.095518
v -0.031594 2.187453 0.037787
v -0.049846 2.192880 0.026571
v -0.065131 2.196297 0.004009
v -0.070524 2.200381 -0.022969
v -0.065279 2.204687 -0.050550
v -0.050253 2.208678 -0.075270
v -0.027517 2.211560 -0.089896
v -0.028130 2.249931 0.047717
v -0.052035 2.252044 0.031739
v -0.068203 2.255471 0.007643
v -0.074154 2.260084 -0.020197
v -0.068973 2.265399 -0.047766
v -0.053507 2.270416 -0.071299
v -0.029726 2.273951 -0.087858
v -0.041702 2.264501 0.066444
v -0.070212 2.267809 0.042713
v -0.091990 2.273593 0.009740
v -0.098695 2.279769 -0.027134
v -0.090467 2.285972 -0.060969
v -0.070336 2.291841 -0.090703
v -0.039391 2.296047 -0.108209
v -0.060361 2.320148 -0.139691
v -0.106772 2.316257 -0.119914
v -0.137231 2.311153 -0.089458
v -0.156790 2.305136 -0.047751
v -0.157737 2.293141 0.018084
v -0.214225 2.328007 0.132714
v -0.145303 2.334236 0.182392
v -0.063591 2.328411 0.213400
v -0.238005 2.324132 0.074998
v -0.050143 2.326351 0.201193
v -0.055075 2.324094 0.176631
v -0.028716 2.326776 0.175033
v -0.078085 2.348843 -0.173932
v -0.140096 2.346822 -0.151229
v -0.181339 2.344750 -0.114548
v -0.213940 2.341123 -0.070171
v -0.231171 2.331355 0.000143
v -0.108752 2.274746 0.059592
v -0.004542 2.173145 0.042730
v -0.023142 2.173697 0.032048
v -0.026934 2.221661 0.043446
v -0.049783 2.223845 0.028489
v -0.065144 2.227244 0.005773
v -0.070686 2.231547 -0.020918
v -0.065598 2.236290 -0.047700
v -0.050705 2.240718 -0.070833
v -0.027975 2.243865 -0.087603
v -0.258519 2.372773 0.093033
v -0.291274 2.587658 0.059119
v -0.187870 2.851472 0.051167
v -0.118990 2.374600 0.200621
v -0.277814 2.460909 0.059194
v -0.223925 2.619374 0.156369
v -0.184357 2.602481 0.181566
v -0.011617 2.490510 0.251073
v -0.202573 2.370245 0.150267
v -0.284046 2.524061 0.059902
v -0.108001 2.622300 0.239609
v -0.037127 2.587254 0.264475
v -0.027701 2.407279 0.259840
v -0.273216 2.402367 0.060839
v -0.276135 2.616515 0.093211
v -0.162457 2.389385 0.174326
v -0.267939 2.494543 0.086406
v -0.248215 2.465500 0.107180
v -0.239412 2.398073 0.117332
v -0.197392 2.414815 0.147111
v -0.263323 2.430046 0.087456
v -0.043562 2.457548 0.227820
v -0.047699 2.406091 0.235429
v -0.011237 2.447291 0.264469
v -0.075702 2.413670 0.212248
v -0.074747 2.589633 0.247825
v -0.050255 2.523286 0.229448
v -0.016714 2.553084 0.260805
v -0.092469 2.571408 0.228152
v -0.251369 2.595107 0.123492
v -0.256236 2.532651 0.109008
v -0.214123 2.581479 0.152111
v -0.273255 2.561609 0.090746
v -0.220951 2.473531 0.121218
v -0.180507 2.434647 0.150603
v -0.063992 2.462478 0.207822
v -0.091212 2.429507 0.195639
v -0.065317 2.519019 0.213119
v -0.097239 2.556597 0.208385
v -0.233779 2.531166 0.121067
v -0.202495 2.566406 0.147919
v -0.044587 2.263772 0.123987
v -0.138558 2.277577 0.104216
v -0.035755 2.285285 0.209821
v -0.045422 2.268690 0.171755
v -0.229801 2.348333 0.126074
v -0.143051 2.304191 0.171262
v -0.273176 2.745979 0.061723
v -0.032167 2.490233 0.234067
v -0.012834 2.421422 0.287003
v -0.033044 2.432425 0.240001
v -0.047481 2.555794 0.247749
v -0.026948 2.521567 0.245303
v -0.038172 2.917500 0.049229
v -0.022162 2.424850 0.260564
v -0.021090 2.462133 0.242989
v -0.017739 2.389145 0.267964
v -0.094463 2.301564 0.197158
v -0.127194 2.284896 0.157403
v -0.081260 2.282470 0.184794
v -0.152562 2.348377 0.180394
v -0.063790 2.381517 0.229165
v -0.128281 2.406408 0.192275
v -0.130475 2.424002 0.182355
v -0.098284 2.394860 0.205988
v -0.172341 2.290957 0.123797
v -0.093104 2.271177 0.141505
v -0.080098 2.317658 0.209917
v -0.103160 2.351023 0.204407
v -0.039017 2.341200 0.232981
v -0.011639 2.343654 0.249983
v -0.040189 2.319241 0.224679
v -0.014638 2.315316 0.233549
v -0.031814 2.362113 0.249732
v -0.074659 2.358301 0.220737
v -0.058348 2.324727 0.215668
v -0.047192 2.305686 0.220603
v -0.256836 2.347934 0.068342
v -0.035530 2.337568 0.210109
v -0.010702 2.338855 0.217301
v -0.030011 2.321456 0.205322
v -0.010420 2.319392 0.210167
v -0.045606 2.323645 0.201586
v -0.020750 2.322164 0.223059
v -0.021616 2.336103 0.230232
v -0.044716 2.333063 0.217436
v -0.038334 2.323713 0.216024
v -0.043288 2.343513 0.182986
v -0.012086 2.346920 0.187643
v -0.035406 2.312089 0.178472
v -0.011591 2.310392 0.181713
v -0.049383 2.316453 0.176857
v -0.021649 2.315024 0.191569
v -0.024397 2.344692 0.198058
v -0.051650 2.338034 0.192189
v -0.041571 2.317029 0.188750
v -0.026520 2.316222 0.174843
v -0.115679 2.894270 0.048122
v -0.020610 2.624482 0.281066
v -0.043248 2.497697 -0.276849
v -0.304319 2.615876 0.019333
v -0.043076 2.384650 -0.215272
v -0.286987 2.707758 0.060971
v -0.043074 2.432567 -0.249486
v -0.298492 2.554931 0.022711
v -0.194826 2.491193 -0.202183
v -0.128753 2.650661 -0.252706
v -0.184775 2.385349 -0.157837
v -0.190064 2.432250 -0.183677
v -0.129769 2.565445 -0.254585
v -0.161082 2.406465 -0.193503
v -0.166717 2.526149 -0.233379
v -0.163347 2.460763 -0.219640
v -0.167167 2.602192 -0.235710
v -0.259257 2.630292 -0.143758
v -0.254401 2.554928 -0.147693
v -0.285292 2.490120 -0.064374
v -0.260953 2.384462 -0.049551
v -0.274533 2.434889 -0.058057
v -0.281400 2.589498 -0.109921
v -0.263402 2.461669 -0.104824
v -0.274112 2.520165 -0.111094
v -0.254650 2.411815 -0.092695
v -0.299501 2.620648 -0.065575
v -0.294826 2.554140 -0.067145
v -0.289881 2.490899 0.024589
v -0.270546 2.376681 0.029177
v -0.282877 2.431968 0.025709
v -0.277283 2.406135 -0.012134
v -0.297376 2.522249 -0.018884
v -0.287953 2.461094 -0.015873
v -0.305285 2.587360 -0.022021
v -0.272410 2.723687 0.081205
v -0.249313 2.765102 0.087669
v -0.254069 2.733810 0.102408
v -0.262821 2.710357 0.101153
v -0.200385 2.646155 0.183468
v -0.142704 2.864486 0.098191
v -0.219228 2.776787 0.120149
v -0.093099 2.663292 0.254951
v -0.097192 2.858031 0.146045
v -0.289885 2.724969 0.040850
v -0.270192 2.764458 0.030749
v -0.289505 2.734164 0.014440
v -0.297721 2.712396 0.015226
v -0.282683 2.657339 -0.101707
v -0.161304 2.871363 -0.008018
v -0.257719 2.778510 -0.015357
v -0.165956 2.693266 -0.223575
v -0.125061 2.875576 -0.072256
v -0.293926 2.638816 0.057740
v -0.254958 2.640293 0.125440
v -0.212212 2.696917 0.166963
v -0.108351 2.745304 0.236010
v -0.306458 2.643574 -0.020415
v -0.281413 2.705297 -0.074670
v -0.165337 2.773798 -0.181244
v -0.302919 2.660251 0.022344
v -0.044329 2.759756 -0.247898
v -0.200132 2.725326 -0.185330
v -0.297416 2.673367 -0.053982
v -0.277639 2.658545 0.091118
v -0.075824 2.710941 0.261358
v -0.179977 2.681516 0.201785
v -0.232992 2.666030 0.151735
v -0.292051 2.675189 0.058679
v -0.258736 2.679604 0.116372
v -0.302710 2.682842 -0.006876
v -0.227573 2.737207 0.132335
v -0.122557 2.814321 0.178727
v -0.280780 2.738347 -0.027344
v -0.166221 2.832495 -0.110514
v -0.240655 2.704857 0.130718
v -0.195046 2.734259 0.168918
v -0.086332 2.791819 0.221427
v -0.294941 2.707834 -0.024619
v -0.201127 2.784563 -0.130199
v -0.042805 2.841785 -0.178087
v -0.298374 2.693055 0.032302
v -0.277181 2.691743 0.085254
v -0.217269 2.468351 0.077753
v -0.174526 2.425746 0.108785
v -0.051616 2.458788 0.166515
v -0.083591 2.420776 0.156516
v -0.050567 2.522597 0.173409
v -0.085859 2.561007 0.162043
v -0.225585 2.534425 0.077234
v -0.192145 2.574064 0.101488
v -0.124604 2.413943 0.143286
v -0.107845 2.421263 0.170650
v -0.071387 2.437165 0.181675
v -0.228172 2.501055 0.095366
v -0.199689 2.447137 0.112961
v -0.169465 2.576082 0.140969
v -0.220191 2.559142 0.110086
v -0.053149 2.490760 0.192485
v -0.071929 2.544000 0.194152
v -0.150756 2.421363 0.150400
v -0.228059 2.466790 0.040781
v -0.182977 2.425658 0.065207
v -0.039033 2.457685 0.136345
v -0.076340 2.420901 0.121185
v -0.039253 2.523481 0.140143
v -0.077702 2.558562 0.119416
v -0.231170 2.532974 0.041277
v -0.190880 2.569939 0.060489
v -0.124649 2.414083 0.097236
v -0.059631 2.430479 0.142800
v -0.038525 2.491215 0.151592
v -0.213008 2.562307 0.067117
v -0.228458 2.499376 0.053810
v -0.101449 2.411224 0.131704
v -0.203763 2.438357 0.068783
v -0.160833 2.579160 0.094862
v -0.060772 2.550120 0.149962
v -0.149178 2.411080 0.104945
v -0.241803 2.796459 0.058444
v -0.162504 2.621040 0.205953
v -0.145689 2.587573 0.198112
v -0.144437 2.572085 0.181710
v -0.246331 2.489468 -0.144511
v -0.229203 2.388190 -0.113481
v -0.237264 2.435335 -0.131526
v -0.200127 2.641326 -0.208602
v -0.199035 2.559547 -0.208586
v -0.165461 2.823495 0.134450
v -0.201105 2.832762 -0.051080
v -0.259078 2.697722 -0.126347
v -0.127076 2.698874 0.237442
v -0.143134 2.767548 0.199389
v -0.260234 2.741391 -0.079740
v -0.136111 2.576689 0.132946
v -0.130698 2.570095 0.088336
v -0.106301 2.571047 0.124739
v -0.114867 2.569871 0.171824
v -0.233460 2.786135 -0.072405
v -0.182115 2.778122 0.158243
v -0.161003 2.722565 0.207149
v -0.231970 2.739431 -0.137602
v -0.231259 2.676207 -0.173912
v -0.226176 2.820466 0.011251
v -0.144344 2.655026 0.225879
v -0.207430 2.817518 0.094157
v -0.229460 2.595522 -0.178757
v -0.217003 2.460559 -0.167344
v -0.224149 2.522109 -0.177407
v -0.211800 2.409333 -0.147220
v -0.124037 2.598684 0.220130
v -0.053912 2.524708 0.121498
v -0.101740 2.534887 0.086170
v -0.158608 2.541630 0.056410
v -0.217041 2.535792 0.037790
v -0.053672 2.454611 0.120491
v -0.100220 2.445511 0.089729
v -0.154337 2.448139 0.061148
v -0.214029 2.464748 0.038122
v -0.188403 2.498376 0.040446
v -0.127454 2.492198 0.062969
v -0.075444 2.489455 0.099565
v -0.037788 2.490326 0.130091
v -0.231546 2.500346 0.031273
v -0.062052 2.623703 0.264936
v -0.127996 2.494351 -0.246376
v -0.124376 2.384251 -0.192913
v -0.126381 2.431841 -0.223409
v -0.044546 2.657151 -0.280754
v -0.044096 2.572040 -0.285324
v -0.031237 2.876141 0.154348
v -0.040821 2.901404 -0.075921
v -0.128038 2.747553 -0.225009
v -0.025214 2.716143 0.275520
v -0.028657 2.803509 0.234071
v -0.126379 2.821145 -0.162614
v -0.083846 2.865525 -0.128378
v -0.059725 2.836390 0.193495
v -0.054433 2.758283 0.254510
v -0.086415 2.797463 -0.209579
v -0.087777 2.705171 -0.258345
v -0.080610 2.906415 -0.013961
v -0.045834 2.667938 0.275996
v -0.070034 2.894607 0.102840
v -0.085631 2.406392 -0.220562
v -0.087006 2.531438 -0.267734
v -0.085720 2.462632 -0.251011
v -0.087893 2.609098 -0.271875
v -0.014150 2.191443 0.043543
v -0.039739 2.191184 0.034700
v -0.058610 2.194474 0.016057
v -0.069145 2.198284 -0.009161
v -0.069209 2.202535 -0.036919
v -0.058876 2.206768 -0.063579
v -0.039697 2.210311 -0.083673
v -0.014677 2.213031 -0.093780
v -0.014338 2.249385 0.051907
v -0.040848 2.250814 0.040969
v -0.061268 2.253599 0.020442
v -0.072549 2.257649 -0.006069
v -0.072937 2.262708 -0.034259
v -0.062406 2.268021 -0.060244
v -0.042554 2.272434 -0.080584
v -0.015294 2.274926 -0.093294
v -0.027067 2.236838 0.044802
v -0.049815 2.208363 0.027541
v -0.065138 2.211771 0.004915
v -0.070605 2.215964 -0.021902
v -0.065438 2.220489 -0.049027
v -0.050479 2.224698 -0.072947
v -0.027746 2.227713 -0.088749
v -0.022080 2.263418 0.073050
v -0.057217 2.265870 0.056154
v -0.082305 2.270501 0.027061
v -0.097445 2.276692 -0.008681
v -0.096223 2.282868 -0.044615
v -0.081795 2.289021 -0.076304
v -0.056165 2.294235 -0.100706
v -0.020317 2.297212 -0.113298
v -0.031671 2.259228 0.054003
v -0.057754 2.261477 0.035864
v -0.075751 2.265262 0.008872
v -0.082240 2.270288 -0.022017
v -0.076363 2.276079 -0.052168
v -0.059305 2.281598 -0.077988
v -0.033046 2.285498 -0.096486
v -0.049205 2.307515 -0.123002
v -0.087290 2.303277 -0.104337
v -0.112150 2.297527 -0.075992
v -0.125234 2.291211 -0.036408
v -0.061642 2.266502 0.086397
v -0.070397 2.333851 -0.157110
v -0.124922 2.330732 -0.135930
v -0.160957 2.326818 -0.102142
v -0.187355 2.321621 -0.059989
v -0.148704 2.308431 -0.070262
v -0.123556 2.313774 -0.106207
v -0.085725 2.318437 -0.131010
v -0.031205 2.321304 -0.146461
v -0.160128 2.300610 -0.019912
v -0.171992 2.290848 0.057821
v -0.199972 2.311527 0.007659
v -0.119526 2.282599 0.010499
v -0.190931 2.310874 0.140620
v -0.132701 2.322388 0.186443
v -0.064717 2.332930 0.214330
v -0.210081 2.304306 0.083531
v -0.050844 2.330473 0.202785
v -0.056800 2.333486 0.178864
v -0.028433 2.338914 0.178038
v -0.082789 2.365487 -0.189307
v -0.151341 2.364686 -0.165184
v -0.197135 2.365016 -0.125454
v -0.234540 2.363748 -0.078551
v -0.253455 2.354598 -0.005581
v -0.224072 2.336692 -0.037944
v -0.236743 2.326666 0.038994
v -0.040134 2.349604 -0.182775
v -0.199085 2.343548 -0.094663
v -0.162425 2.345771 -0.134101
v -0.111845 2.347884 -0.163755
v -0.013753 2.326608 0.177151
v -0.044594 2.325297 0.173514
v -0.055039 2.324915 0.187377
v -0.049294 2.326971 0.211781
v -0.231359 2.324810 0.105615
v -0.185041 2.332193 0.158504
v -0.099821 2.331935 0.202329
v -0.128021 2.280602 0.045650
v -0.090426 2.272061 0.052030
v -0.106262 2.272295 0.079413
v -0.013842 2.171000 0.036296
v -0.027596 2.180506 0.034687
v -0.000577 2.180319 0.045858
v -0.027341 2.205912 0.042036
v -0.050041 2.238982 0.029604
v -0.065531 2.242377 0.006627
v -0.071180 2.246802 -0.020135
v -0.066139 2.251781 -0.046798
v -0.051225 2.256445 -0.069627
v -0.028366 2.259741 -0.085702
v -0.000591 2.229806 -0.095425
v -0.013731 2.221073 0.047182
v -0.014358 2.244745 -0.091595
v -0.040196 2.242509 -0.080199
v -0.059264 2.238603 -0.059920
v -0.069451 2.233905 -0.034543
v -0.069228 2.229307 -0.007317
v -0.058573 2.225410 0.017868
v -0.039101 2.222584 0.037168
v -0.274932 2.590886 0.092469
v -0.152543 2.602927 0.203020
v -0.265399 2.461644 0.086080
v -0.202646 2.393515 0.147133
v -0.262205 2.400351 0.089519
v -0.031704 2.458734 0.234994
v -0.032544 2.415462 0.247810
v -0.127174 2.391217 0.195146
v -0.038653 2.523028 0.237557
v -0.219160 2.598583 0.154215
v -0.270968 2.528542 0.088109
v -0.042194 2.274708 0.191486
v -0.013928 2.520360 0.256406
v -0.011695 2.433241 0.282097
v -0.010935 2.466106 0.253899
v -0.015723 2.407945 0.280194
v -0.114765 2.292443 0.178058
v -0.103588 2.340769 0.201979
v -0.070846 2.399290 0.219945
v -0.135000 2.279578 0.133090
v -0.047332 2.265137 0.149551
v -0.100135 2.360621 0.208230
v -0.015207 2.364282 0.259134
v -0.051010 2.359346 0.235467
v -0.166770 2.317220 0.164520
v -0.024770 2.301096 0.226190
v -0.205176 2.305974 0.114337
v -0.065481 2.311312 0.215128
v -0.010590 2.321146 0.226172
v -0.010380 2.336253 0.234529
v -0.049651 2.329943 0.213160
v -0.030085 2.322918 0.219554
v -0.033965 2.335103 0.223962
v -0.010834 2.313568 0.193740
v -0.011271 2.344962 0.200702
v -0.056547 2.331747 0.189159
v -0.032194 2.315752 0.189890
v -0.039663 2.342449 0.195057
v -0.045569 2.336499 0.176207
v -0.013224 2.339283 0.180272
v -0.126071 2.851156 -0.121837
v -0.044393 2.612115 -0.285314
v -0.043054 2.463381 -0.265105
v -0.043655 2.534053 -0.283027
v -0.043202 2.406517 -0.232342
v -0.188511 2.407529 -0.170908
v -0.197259 2.523962 -0.206525
v -0.192191 2.460379 -0.194421
v -0.199895 2.598845 -0.211835
v -0.298041 2.588095 -0.067068
v -0.279811 2.461536 -0.061576
v -0.290435 2.521140 -0.066231
v -0.269290 2.409440 -0.054044
v -0.278262 2.403955 0.026810
v -0.294105 2.522531 0.023956
v -0.286360 2.460802 0.025072
v -0.302188 2.586814 0.020732
v -0.263317 2.742532 0.083689
v -0.228713 2.642731 0.156040
v -0.177260 2.842604 0.096374
v -0.118085 2.659477 0.241753
v -0.034676 2.902758 0.104918
v -0.022848 2.668943 0.282661
v -0.276194 2.707258 0.082310
v -0.282545 2.742630 0.037756
v -0.298927 2.649433 -0.061733
v -0.196196 2.847517 -0.000109
v -0.200119 2.685233 -0.200570
v -0.039981 2.916523 -0.013382
v -0.044568 2.708592 -0.268783
v -0.294905 2.708787 0.037992
v -0.304323 2.640176 0.019809
v -0.043713 2.803856 -0.217354
v -0.200393 2.757363 -0.161220
v -0.296106 2.692214 -0.041167
v -0.277090 2.638937 0.092766
v -0.027240 2.761340 0.259999
v -0.134832 2.734894 0.222932
v -0.236532 2.686749 0.142730
v -0.246597 2.720752 0.117488
v -0.153622 2.797636 0.169146
v -0.029550 2.842275 0.198103
v -0.293287 2.722033 -0.006033
v -0.202082 2.810508 -0.094155
v -0.041761 2.875237 -0.131092
v -0.300937 2.677346 0.026716
v -0.277603 2.675851 0.088440
v -0.088604 2.425467 0.176164
v -0.217127 2.471810 0.100371
v -0.198111 2.570835 0.124725
v -0.057683 2.520557 0.194095
v -0.175510 2.431025 0.131546
v -0.127433 2.419530 0.165883
v -0.091477 2.560090 0.185561
v -0.058624 2.460599 0.187643
v -0.229604 2.533667 0.099480
v -0.044473 2.457122 0.147011
v -0.226033 2.534608 0.057652
v -0.079527 2.416646 0.140468
v -0.221357 2.465231 0.057429
v -0.189471 2.576113 0.080120
v -0.044928 2.524561 0.156818
v -0.177146 2.421021 0.086511
v -0.123999 2.409001 0.120193
v -0.081906 2.564032 0.138670
v -0.132714 2.576438 0.109901
v -0.141095 2.575275 0.156825
v -0.260265 2.760861 -0.049383
v -0.206443 2.757192 0.145949
v -0.186879 2.709370 0.188483
v -0.259496 2.721524 -0.106197
v -0.259397 2.666597 -0.138149
v -0.251170 2.791520 0.021793
v -0.171951 2.650409 0.206650
v -0.231112 2.790867 0.091284
v -0.257461 2.592172 -0.146620
v -0.241393 2.461181 -0.139092
v -0.250704 2.520622 -0.147200
v -0.234509 2.411351 -0.122688
v -0.098056 2.592864 0.234984
v -0.040365 2.515528 0.130715
v -0.075360 2.448052 0.106026
v -0.125934 2.445303 0.074759
v -0.186215 2.454901 0.048326
v -0.230458 2.525643 0.033938
v -0.190285 2.541319 0.045708
v -0.129031 2.538830 0.069764
v -0.075962 2.530912 0.104994
v -0.040255 2.464896 0.129346
v -0.228441 2.475125 0.033509
v -0.090913 2.827237 0.186972
v -0.081514 2.753076 0.246556
v -0.127170 2.787402 -0.197521
v -0.128425 2.700022 -0.243117
v -0.121900 2.891276 -0.012494
v -0.069135 2.666108 0.266548
v -0.106404 2.881944 0.100337
v -0.126015 2.406226 -0.208291
v -0.129139 2.528721 -0.251898
v -0.126987 2.461642 -0.236595
v -0.129423 2.605700 -0.255593
v -0.018783 2.586757 0.270212
v -0.055086 2.588039 0.259342
v -0.039296 2.237740 0.038398
v -0.058896 2.240535 0.018844
v -0.069674 2.244483 -0.006527
v -0.069978 2.249269 -0.033720
v -0.059802 2.254219 -0.058897
v -0.040678 2.258324 -0.078642
v -0.014577 2.260655 -0.090928
v -0.013798 2.236271 0.048713
v -0.016243 2.258631 0.058826
v -0.045585 2.260160 0.046307
v -0.067982 2.263191 0.023176
v -0.080551 2.267642 -0.006393
v -0.080803 2.273140 -0.037430
v -0.069105 2.278957 -0.065806
v -0.047232 2.283823 -0.088455
v -0.017019 2.286569 -0.100981
v -0.025424 2.308719 -0.128859
v -0.119860 2.364999 -0.178433
v -0.176083 2.364718 -0.145785
v -0.217341 2.365176 -0.104471
v -0.033376 2.264130 0.096581
v -0.120415 2.294490 -0.056502
v -0.101207 2.300497 -0.091298
v -0.069953 2.305674 -0.114917
v -0.036339 2.334853 -0.164902
v -0.257512 2.350441 0.033219
v -0.125543 2.287400 -0.013607
v -0.194563 2.317040 -0.028932
v -0.246220 2.359687 -0.044427
v -0.206928 2.306736 0.046788
v -0.042243 2.365960 -0.199159
v -0.175704 2.324664 -0.083079
v -0.144556 2.328818 -0.121376
v -0.100192 2.332452 -0.147700
v -0.012905 2.315453 0.176862
v -0.040386 2.315774 0.173597
v -0.049511 2.319787 0.187443
v -0.045097 2.324944 0.213073
v -0.248861 2.347340 0.098423
v -0.196847 2.349880 0.153885
v -0.091742 2.324401 0.205308
v -0.105415 2.276814 0.032767
v -0.138023 2.279367 0.072372
v -0.078418 2.268924 0.070317
v -0.013923 2.180337 0.040286
v -0.013838 2.205658 0.045766
v -0.014320 2.228671 -0.092740
v -0.039946 2.226410 -0.082573
v -0.059070 2.222685 -0.061525
v -0.069330 2.218220 -0.035671
v -0.069186 2.213795 -0.008207
v -0.058591 2.209942 0.016978
v -0.039228 2.207016 0.036087
v 0.137064 2.559025 0.188534
v 0.121898 2.555970 0.195009
v 0.107610 2.547961 0.199882
v 0.095503 2.535620 0.203061
v 0.086700 2.519923 0.204591
v 0.082016 2.502123 0.204559
v 0.081878 2.483654 0.203070
v 0.086300 2.466011 0.200247
v 0.094872 2.450634 0.196213
v 0.106800 2.438784 0.191085
v 0.120973 2.431448 0.184976
v 0.136100 2.429246 0.178077
v 0.150890 2.432368 0.170812
v 0.164209 2.440548 0.163905
v 0.175123 2.453099 0.158218
v 0.182892 2.468979 0.154516
v 0.186986 2.486883 0.153308
v 0.187123 2.505352 0.154796
v 0.183292 2.522891 0.158860
v 0.175754 2.538086 0.165066
v 0.165020 2.549724 0.172702
v 0.151815 2.556889 0.180845
v 0.133574 2.548323 0.180469
v 0.145820 2.546548 0.174254
v 0.156883 2.540603 0.167862
v 0.165932 2.530960 0.161943
v 0.172306 2.518385 0.157133
v 0.175552 2.503887 0.153949
v 0.175439 2.488635 0.152720
v 0.171976 2.473865 0.153545
v 0.165411 2.460777 0.156288
v 0.156214 2.450445 0.160597
v 0.145056 2.443717 0.165968
v 0.132778 2.441151 0.171833
v 0.120351 2.442959 0.177665
v 0.108804 2.448988 0.183043
v 0.099138 2.458741 0.187664
v 0.092209 2.471414 0.191310
v 0.088640 2.485969 0.193814
v 0.088753 2.501221 0.195043
v 0.092540 2.515934 0.194898
v 0.099659 2.528924 0.193319
v 0.109474 2.539147 0.190307
v 0.121114 2.545789 0.185950
v 0.130568 2.532366 0.173083
v 0.139078 2.531131 0.168837
v 0.146815 2.527000 0.164563
v 0.153175 2.520304 0.160656
v 0.157671 2.511580 0.157493
v 0.159966 2.501529 0.155385
v 0.159887 2.490963 0.154534
v 0.157442 2.480740 0.155008
v 0.152814 2.471689 0.156739
v 0.146351 2.464548 0.159531
v 0.138549 2.459901 0.163097
v 0.130016 2.458128 0.167101
v 0.121436 2.459375 0.171200
v 0.113511 2.463539 0.175079
v 0.106907 2.470278 0.178473
v 0.102188 2.479043 0.181168
v 0.099762 2.489116 0.183000
v 0.099840 2.499681 0.183851
v 0.102417 2.509882 0.183653
v 0.107268 2.518894 0.182390
v 0.113975 2.525991 0.180111
v 0.121965 2.530606 0.176939
v 0.128859 2.515949 0.168409
v 0.133551 2.515268 0.166094
v 0.137834 2.512991 0.163797
v 0.141367 2.509300 0.161718
v 0.143871 2.504495 0.160041
v 0.145151 2.498962 0.158919
v 0.145108 2.493150 0.158451
v 0.143745 2.487528 0.158674
v 0.141168 2.482553 0.159563
v 0.137579 2.478631 0.161028
v 0.133260 2.476078 0.162936
v 0.128556 2.475105 0.165118
v 0.123845 2.475789 0.167394
v 0.119511 2.478076 0.169583
v 0.115911 2.481777 0.171520
v 0.113345 2.486594 0.173067
v 0.112028 2.492133 0.174112
v 0.112071 2.497946 0.174581
v 0.113471 2.503561 0.174434
v 0.116110 2.508525 0.173675
v 0.119766 2.512435 0.172351
v 0.124136 2.514979 0.170551
v 0.128276 2.505179 0.166479
v 0.130476 2.504860 0.165399
v 0.132488 2.503793 0.164338
v 0.134151 2.502063 0.163382
v 0.135332 2.499811 0.162613
v 0.135936 2.497219 0.162098
v 0.135915 2.494497 0.161878
v 0.135273 2.491865 0.161973
v 0.134058 2.489537 0.162373
v 0.132369 2.487701 0.163041
v 0.130340 2.486507 0.163921
v 0.128134 2.486052 0.164937
v 0.125930 2.486372 0.166008
v 0.123907 2.487442 0.167047
v 0.122230 2.489174 0.167973
v 0.121036 2.491428 0.168713
v 0.120424 2.494021 0.169213
v 0.120444 2.496743 0.169432
v 0.121095 2.499374 0.169354
v 0.122323 2.501699 0.168982
v 0.124027 2.503532 0.168344
v 0.126067 2.504725 0.167487
v 0.128067 2.495640 0.165417
v -0.137064 2.559025 0.188534
v -0.121898 2.555970 0.195009
v -0.107610 2.547961 0.199882
v -0.095503 2.535620 0.203061
v -0.086700 2.519923 0.204591
v -0.082016 2.502123 0.204559
v -0.081878 2.483654 0.203070
v -0.086300 2.466011 0.200247
v -0.094872 2.450634 0.196213
v -0.106800 2.438784 0.191085
v -0.120973 2.431448 0.184976
v -0.136100 2.429246 0.178077
v -0.150890 2.432368 0.170812
v -0.164209 2.440548 0.163905
v -0.175123 2.453099 0.158218
v -0.182892 2.468979 0.154516
v -0.186986 2.486883 0.153308
v -0.187123 2.505352 0.154796
v -0.183292 2.522891 0.158860
v -0.175754 2.538086 0.165066
v -0.165020 2.549724 0.172702
v -0.151815 2.556889 0.180845
v -0.133574 2.548323 0.180469
v -0.145820 2.546548 0.174254
v -0.156883 2.540603 0.167862
v -0.165932 2.530960 0.161943
v -0.172306 2.518385 0.157133
v -0.175552 2.503887 0.153949
v -0.175439 2.488635 0.152720
v -0.171976 2.473865 0.153545
v -0.165411 2.460777 0.156288
v -0.156214 2.450445 0.160597
v -0.145056 2.443717 0.165968
v -0.132778 2.441151 0.171833
v -0.120351 2.442959 0.177665
v -0.108804 2.448988 0.183043
v -0.099138 2.458741 0.187664
v -0.092209 2.471414 0.191310
v -0.088640 2.485969 0.193814
v -0.088753 2.501221 0.195043
v -0.092540 2.515934 0.194898
v -0.099659 2.528924 0.193319
v -0.109474 2.539147 0.190307
v -0.121114 2.545789 0.185950
v -0.130568 2.532366 0.173083
v -0.139078 2.531131 0.168837
v -0.146815 2.527000 0.164563
v -0.153175 2.520304 0.160656
v -0.157671 2.511580 0.157493
v -0.159966 2.501529 0.155385
v -0.159887 2.490963 0.154534
v -0.157442 2.480740 0.155008
v -0.152814 2.471689 0.156739
v -0.146351 2.464548 0.159531
v -0.138549 2.459901 0.163097
v -0.130016 2.458128 0.167101
v -0.121436 2.459375 0.171200
v -0.113511 2.463539 0.175079
v -0.106907 2.470278 0.178473
v -0.102188 2.479043 0.181168
v -0.099762 2.489116 0.183000
v -0.099840 2.499681 0.183851
v -0.102417 2.509882 0.183653
v -0.107268 2.518894 0.182390
v -0.113975 2.525991 0.180111
v -0.121965 2.530606 0.176939
v -0.128859 2.515949 0.168409
v -0.133551 2.515268 0.166094
v -0.137834 2.512991 0.163797
v -0.141367 2.509300 0.161718
v -0.143871 2.504495 0.160041
v -0.145151 2.498962 0.158919
v -0.145108 2.493150 0.158451
v -0.143745 2.487528 0.158674
v -0.141168 2.482553 0.159563
v -0.137579 2.478631 0.161028
v -0.133260 2.476078 0.162936
v -0.128556 2.475105 0.165118
v -0.123845 2.475789 0.167394
v -0.119511 2.478076 0.169583
v -0.115911 2.481777 0.171520
v -0.113345 2.486594 0.173067
v -0.112028 2.492133 0.174112
v -0.112071 2.497946 0.174581
v -0.113471 2.503561 0.174434
v -0.116110 2.508525 0.173675
v -0.119766 2.512435 0.172351
v -0.124136 2.514979 0.170551
v -0.128276 2.505179 0.166479
v -0.130476 2.504860 0.165399
v -0.132488 2.503793 0.164338
v -0.134151 2.502063 0.163382
v -0.135332 2.499811 0.162613
v -0.135936 2.497219 0.162098
v -0.135915 2.494497 0.161878
v -0.135273 2.491865 0.161973
v -0.134058 2.489537 0.162373
v -0.132369 2.487701 0.163041
v -0.130340 2.486507 0.163921
v -0.128134 2.486052 0.164937
v -0.125930 2.486372 0.166008
v -0.123907 2.487442 0.167047
v -0.122230 2.489174 0.167973
v -0.121036 2.491428 0.168713
v -0.120424 2.494021 0.169213
v -0.120444 2.496743 0.169432
v -0.121095 2.499374 0.169354
v -0.122323 2.501699 0.168982
v -0.124027 2.503532 0.168344
v -0.126067 2.504725 0.167487
v -0.128067 2.495640 0.165417
v 0.076396 2.621192 0.266558
v 0.143788 2.655524 0.229583
v 0.076004 2.605846 0.262664
v 0.185454 2.648403 0.203748
v 0.104498 2.642611 0.254261
v 0.141399 2.617408 0.221012
v 0.102838 2.606644 0.245482
v 0.184083 2.628247 0.199570
v -0.076396 2.621192 0.266558
v -0.143788 2.655524 0.229583
v -0.076004 2.605846 0.262664
v -0.185454 2.648403 0.203748
v -0.104498 2.642611 0.254261
v -0.141399 2.617408 0.221012
v -0.102838 2.606644 0.245482
v -0.184083 2.628247 0.199570
v 0.072303 2.611937 0.266522
v 0.167003 2.654561 0.215400
v 0.088162 2.632041 0.262298
v 0.122845 2.651058 0.243037
v 0.142593 2.636466 0.225298
v 0.103668 2.624628 0.249872
v 0.087166 2.604295 0.255360
v 0.120669 2.611763 0.233795
v 0.191354 2.638216 0.198120
v 0.164840 2.622077 0.208416
v -0.072303 2.611937 0.266522
v -0.167003 2.654561 0.215400
v -0.088162 2.632041 0.262298
v -0.122845 2.651058 0.243037
v -0.142593 2.636466 0.225298
v -0.103668 2.624628 0.249872
v -0.087166 2.604295 0.255360
v -0.120669 2.611763 0.233795
v -0.191354 2.638216 0.198120
v -0.164840 2.622077 0.208416
v 0.121757 2.631410 0.238416
v 0.087222 2.617989 0.259046
v 0.166669 2.638306 0.211507
v -0.121757 2.631410 0.238416
v -0.087222 2.617989 0.259046
v -0.166669 2.638306 0.211507
vn 0.3669 -0.4751 0.7998
vn 0.2205 -0.6219 0.7514
vn 0.1929 -0.5492 0.8131
vn 0.3610 -0.4035 0.8408
vn 0.6326 -0.1777 0.7538
vn 0.6566 -0.1783 0.7329
vn 0.7732 -0.1954 0.6034
vn 0.7455 -0.1860 0.6401
vn 0.1732 -0.1338 0.9758
vn -0.2977 -0.1074 0.9486
vn -0.4215 0.0371 0.9060
vn 0.1162 -0.0541 0.9917
vn 0.7145 -0.6420 0.2782
vn 0.6793 -0.7040 -0.2075
vn 0.5397 -0.8248 -0.1683
vn 0.6226 -0.7326 0.2752
vn 0.7127 -0.1741 0.6795
vn 0.7117 -0.2026 0.6726
vn 0.8005 -0.2813 0.5293
vn 0.8170 -0.2283 0.5295
vn 0.5584 -0.7703 0.3079
vn 0.4339 -0.8964 -0.0900
vn 0.3684 -0.9295 0.0146
vn 0.5053 -0.7828 0.3630
vn 0.5236 -0.1561 0.8375
vn 0.4850 -0.1884 0.8540
vn 0.3161 -0.1567 0.9357
vn 0.3266 -0.1367 0.9352
vn 0.8642 -0.3864 0.3221
vn 0.8881 -0.3878 -0.2468
vn 0.8080 -0.5428 -0.2294
vn 0.8049 -0.5116 0.3007
vn 0.4511 -0.7913 0.4128
vn 0.3197 -0.9412 0.1089
vn 0.2721 -0.9444 0.1844
vn 0.3991 -0.7980 0.4516
vn 0.3561 -0.7975 0.4870
vn 0.2304 -0.9407 0.2488
vn 0.1951 -0.9311 0.3081
vn 0.3213 -0.7896 0.5228
vn 0.2751 -0.7065 0.6521
vn 0.1204 -0.8450 0.5210
vn 0.1484 -0.7888 0.5965
vn 0.3054 -0.6520 0.6940
vn 0.3380 -0.5921 0.7315
vn 0.1832 -0.7239 0.6652
vn 0.2135 -0.6661 0.7147
vn 0.3602 -0.5329 0.7657
vn 0.2819 -0.7754 0.5651
vn 0.1489 -0.9158 0.3731
vn 0.1127 -0.8869 0.4480
vn 0.2592 -0.7477 0.6114
vn 0.5979 -0.1723 0.7828
vn 0.6141 -0.1685 0.7710
vn 0.7212 -0.1564 0.6749
vn 0.6981 -0.1307 0.7040
vn 0.1488 -0.4304 0.8903
vn 0.0937 -0.3622 0.9274
vn 0.3278 -0.2594 0.9085
vn 0.3482 -0.3129 0.8837
vn 0.4657 -0.2511 0.8486
vn 0.4276 -0.4400 0.7896
vn 0.4253 -0.4261 0.7984
vn 0.4792 -0.2454 0.8427
vn 0.5838 -0.1885 0.7897
vn 0.5128 -0.3255 0.7944
vn 0.5380 -0.2864 0.7928
vn 0.6143 -0.1681 0.7710
vn 0.5113 -0.2317 0.8276
vn 0.4483 -0.4001 0.7993
vn 0.4799 -0.3636 0.7984
vn 0.5480 -0.2103 0.8096
vn 0.4704 -0.2313 0.8516
vn 0.4643 -0.4302 0.7742
vn 0.4463 -0.4406 0.7789
vn 0.4682 -0.2464 0.8486
vn 0.4664 -0.1683 0.8684
vn 0.5041 -0.3706 0.7801
vn 0.4836 -0.4067 0.7750
vn 0.4693 -0.2049 0.8589
vn 0.3238 -0.1855 0.9278
vn 0.4792 -0.2393 0.8444
vn 0.4860 -0.2850 0.8262
vn 0.3413 -0.1984 0.9188
vn 0.9369 -0.1509 -0.3155
vn 0.9277 -0.2455 -0.2812
vn 0.9127 -0.2658 0.3105
vn 0.9532 -0.1829 0.2407
vn 0.4284 -0.1239 0.8951
vn 0.5127 -0.3175 0.7977
vn 0.5188 -0.3328 0.7875
vn 0.4571 -0.1319 0.8796
vn -0.5008 0.2025 0.8415
vn -0.5245 0.3757 0.7640
vn 0.0765 0.1582 0.9844
vn 0.0813 0.0520 0.9953
vn 0.3622 -0.1888 0.9128
vn 0.4881 -0.3216 0.8114
vn 0.4940 -0.3291 0.8048
vn 0.3900 -0.1560 0.9075
vn 0.7986 -0.1938 0.5698
vn 0.6806 -0.1745 0.7116
vn 0.6989 -0.1712 0.6944
vn 0.8135 -0.2027 0.5451
vn 0.0033 -0.3427 0.9395
vn -0.1417 -0.2490 0.9581
vn 0.2370 -0.1971 0.9513
vn 0.2924 -0.2416 0.9252
vn 0.6437 -0.1490 0.7506
vn 0.5585 -0.2447 0.7926
vn 0.5793 -0.2033 0.7893
vn 0.6725 -0.1322 0.7282
vn 0.1027 0.2544 0.9616
vn -0.4969 0.5465 0.6741
vn -0.4580 0.6428 0.6140
vn 0.1347 0.3044 0.9430
vn 0.7553 -0.3523 0.5527
vn 0.6869 -0.2513 0.6819
vn 0.6648 -0.2800 0.6926
vn 0.7181 -0.3906 0.5760
vn -0.3669 -0.4751 0.7998
vn -0.3610 -0.4035 0.8408
vn -0.1929 -0.5492 0.8131
vn -0.2205 -0.6219 0.7514
vn -0.6327 -0.1777 0.7538
vn -0.7455 -0.1860 0.6401
vn -0.7732 -0.1954 0.6034
vn -0.6566 -0.1783 0.7329
vn -0.1732 -0.1338 0.9758
vn -0.1162 -0.0541 0.9917
vn 0.4215 0.0371 0.9060
vn 0.2977 -0.1074 0.9486
vn -0.7145 -0.6420 0.2783
vn -0.6226 -0.7326 0.2752
vn -0.5397 -0.8248 -0.1683
vn -0.6793 -0.7040 -0.2075
vn -0.7127 -0.1741 0.6795
vn -0.8170 -0.2283 0.5295
vn -0.8005 -0.2813 0.5293
vn -0.7117 -0.2026 0.6726
vn -0.5584 -0.7703 0.3079
vn -0.5053 -0.7828 0.3630
vn -0.3684 -0.9295 0.0146
vn -0.4339 -0.8964 -0.0900
vn -0.5236 -0.1561 0.8375
vn -0.3266 -0.1367 0.9352
vn -0.3161 -0.1567 0.9357
vn -0.4850 -0.1884 0.8540
vn -0.8642 -0.3864 0.3221
vn -0.8049 -0.5116 0.3008
vn -0.8080 -0.5428 -0.2294
vn -0.8881 -0.3878 -0.2468
vn -0.4511 -0.7913 0.4129
vn -0.3991 -0.7980 0.4516
vn -0.2721 -0.9445 0.1844
vn -0.3197 -0.9412 0.1089
vn -0.3562 -0.7975 0.4870
vn -0.3213 -0.7896 0.5228
vn -0.1951 -0.9312 0.3081
vn -0.2304 -0.9407 0.2488
vn -0.2751 -0.7065 0.6521
vn -0.3054 -0.6520 0.6940
vn -0.1484 -0.7888 0.5965
vn -0.1204 -0.8450 0.5210
vn -0.3380 -0.5921 0.7315
vn -0.3602 -0.5329 0.7657
vn -0.2135 -0.6661 0.7147
vn -0.1832 -0.7239 0.6652
vn -0.2819 -0.7754 0.5651
vn -0.2592 -0.7477 0.6114
vn -0.1127 -0.8869 0.4480
vn -0.1489 -0.9158 0.3731
vn -0.5979 -0.1723 0.7828
vn -0.6981 -0.1307 0.7040
vn -0.7212 -0.1564 0.6749
vn -0.6141 -0.1685 0.7710
vn -0.1488 -0.4304 0.8903
vn -0.3482 -0.3129 0.8837
vn -0.3278 -0.2594 0.9085
vn -0.0937 -0.3622 0.9274
vn -0.4657 -0.2511 0.8486
vn -0.4792 -0.2454 0.8427
vn -0.4253 -0.4261 0.7984
vn -0.4276 -0.4400 0.7896
vn -0.5838 -0.1885 0.7897
vn -0.6143 -0.1681 0.7710
vn -0.5380 -0.2864 0.7928
vn -0.5128 -0.3255 0.7944
vn -0.5113 -0.2317 0.8276
vn -0.5480 -0.2103 0.8096
vn -0.4799 -0.3636 0.7984
vn -0.4483 -0.4001 0.7993
vn -0.4704 -0.2313 0.8516
vn -0.4682 -0.2464 0.8486
vn -0.4463 -0.4406 0.7789
vn -0.4643 -0.4302 0.7742
vn -0.4664 -0.1683 0.8684
vn -0.4693 -0.2049 0.8589
vn -0.4836 -0.4067 0.7750
vn -0.5041 -0.3706 0.7801
vn -0.3238 -0.1855 0.9278
vn -0.3413 -0.1984 0.9188
vn -0.4860 -0.2850 0.8262
vn -0.4792 -0.2393 0.8444
vn -0.9369 -0.1509 -0.3155
vn -0.9532 -0.1829 0.2407
vn -0.9127 -0.2658 0.3105
vn -0.9277 -0.2455 -0.2812
vn -0.4284 -0.1239 0.8951
vn -0.4571 -0.1319 0.8796
vn -0.5188 -0.3328 0.7875
vn -0.5127 -0.3175 0.7977
vn 0.5008 0.2025 0.8415
vn -0.0813 0.0520 0.9953
vn -0.0765 0.1582 0.9844
vn 0.5245 0.3757 0.7640
vn -0.3622 -0.1888 0.9128
vn -0.3900 -0.1559 0.9075
vn -0.4940 -0.3291 0.8048
vn -0.4881 -0.3216 0.8114
vn -0.7986 -0.1938 0.5698
vn -0.8135 -0.2027 0.5451
vn -0.6989 -0.1712 0.6944
vn -0.6806 -0.1745 0.7116
vn -0.0033 -0.3427 0.9395
vn -0.2924 -0.2416 0.9253
vn -0.2370 -0.1971 0.9513
vn 0.1417 -0.2490 0.9581
vn -0.6437 -0.1490 0.7506
vn -0.6725 -0.1322 0.7282
vn -0.5793 -0.2033 0.7893
vn -0.5585 -0.2447 0.7926
vn -0.1027 0.2544 0.9616
vn -0.1347 0.3044 0.9430
vn 0.4580 0.6428 0.6141
vn 0.4969 0.5465 0.6741
vn -0.7553 -0.3523 0.5526
vn -0.7181 -0.3906 0.5760
vn -0.6648 -0.2800 0.6926
vn -0.6869 -0.2513 0.6819
vn -0.9195 -0.2901 0.2653
vn -0.8555 0.5074 0.1031
vn -0.7769 0.1168 -0.6187
vn -0.5913 -0.3341 -0.7340
vn -0.4744 -0.2868 -0.8323
vn -0.5698 -0.0816 -0.8177
vn -0.5618 -0.0853 -0.8228
vn -0.4726 -0.2738 -0.8377
vn 0.6206 0.5336 -0.5745
vn -0.0831 0.9515 -0.2962
vn 0.3553 0.8354 0.4194
vn 0.6893 0.4809 0.5418
vn 0.3089 0.2709 0.9117
vn 0.1915 0.4447 0.8750
vn 0.0808 0.3554 0.9312
vn 0.1721 0.2059 0.9633
vn 0.5028 -0.8548 0.1289
vn 0.5670 -0.8231 0.0324
vn 0.7175 -0.5705 0.3998
vn 0.6412 -0.5686 0.5152
vn -0.5160 0.8552 0.0485
vn -0.5928 0.7983 0.1064
vn -0.3791 0.7744 0.5066
vn -0.2602 0.8381 0.4794
vn -0.3973 0.9160 -0.0563
vn -0.4671 0.8841 0.0141
vn -0.1740 0.8902 0.4210
vn -0.1224 0.9388 0.3221
vn -0.6271 0.5913 -0.5071
vn -0.6704 0.5546 -0.4930
vn -0.5298 0.8424 -0.0982
vn -0.4652 0.8694 -0.1663
vn -0.6658 0.5517 -0.5024
vn -0.6955 0.5510 -0.4611
vn -0.6390 0.7688 -0.0235
vn -0.5683 0.8195 -0.0732
vn 0.3344 -0.8980 0.2859
vn 0.4404 -0.8752 0.2001
vn 0.5335 -0.5978 0.5983
vn 0.3992 -0.6554 0.6412
vn 0.1219 -0.9472 -0.2965
vn 0.1444 -0.9167 -0.3725
vn 0.3932 -0.9160 0.0791
vn 0.2983 -0.9409 0.1606
vn 0.1449 -0.9072 -0.3949
vn 0.1939 -0.8830 -0.4273
vn 0.4979 -0.8636 -0.0792
vn 0.4423 -0.8968 0.0156
vn 0.4226 0.0349 0.9057
vn 0.3346 0.2288 0.9142
vn 0.1970 0.1652 0.9664
vn 0.2768 0.0041 0.9609
vn 0.6341 0.1328 0.7617
vn 0.5548 0.3171 0.7692
vn 0.4622 0.2827 0.8405
vn 0.5526 0.0822 0.8294
vn 0.5271 0.3628 0.7685
vn 0.4090 0.5281 0.7442
vn 0.3111 0.5057 0.8047
vn 0.4354 0.3264 0.8390
vn 0.7681 -0.5983 -0.2282
vn 0.8062 0.1919 -0.5596
vn 0.7568 0.3611 0.5449
vn 0.8808 -0.1113 0.4601
vn 0.0024 -0.5872 -0.8094
vn -0.2509 -0.2484 -0.9356
vn 0.4211 -0.0014 -0.9070
vn 0.5936 -0.6654 -0.4527
vn -0.3059 -0.1450 -0.9410
vn -0.4600 0.2529 -0.8511
vn -0.2257 0.8246 -0.5188
vn 0.2621 0.2901 -0.9204
vn -0.3284 -0.5242 -0.7857
vn -0.4495 -0.3360 -0.8277
vn -0.4473 -0.3236 -0.8338
vn -0.3356 -0.5007 -0.7979
vn -0.2594 -0.5040 -0.8238
vn -0.3618 -0.3177 -0.8764
vn -0.3872 -0.3166 -0.8659
vn -0.2757 -0.5089 -0.8155
vn -0.3877 -0.2637 -0.8832
vn -0.4887 -0.0675 -0.8698
vn -0.5142 -0.0644 -0.8553
vn -0.4119 -0.2666 -0.8713
vn -0.0318 -0.9621 0.2709
vn -0.7110 -0.6344 0.3033
vn -0.5255 -0.4595 -0.7160
vn -0.2653 -0.8230 -0.5023
vn 0.1531 -0.3459 0.9257
vn 0.0059 0.0231 0.9997
vn -0.4707 -0.4168 0.7777
vn 0.0456 -0.8530 0.5199
vn -0.0509 0.1234 0.9910
vn -0.2747 0.4340 0.8580
vn -0.7417 0.5583 0.3717
vn -0.6476 -0.1145 0.7533
vn 0.9195 -0.2901 0.2653
vn 0.5913 -0.3341 -0.7340
vn 0.7769 0.1168 -0.6187
vn 0.8555 0.5074 0.1032
vn 0.4744 -0.2868 -0.8323
vn 0.4726 -0.2738 -0.8377
vn 0.5618 -0.0853 -0.8228
vn 0.5698 -0.0816 -0.8177
vn -0.6206 0.5336 -0.5745
vn -0.6893 0.4809 0.5419
vn -0.3553 0.8354 0.4195
vn 0.0831 0.9515 -0.2962
vn -0.3088 0.2709 0.9117
vn -0.1721 0.2059 0.9633
vn -0.0808 0.3554 0.9312
vn -0.1915 0.4447 0.8750
vn -0.5028 -0.8548 0.1289
vn -0.6412 -0.5686 0.5152
vn -0.7175 -0.5705 0.3998
vn -0.5671 -0.8230 0.0324
vn 0.5160 0.8552 0.0485
vn 0.2601 0.8381 0.4794
vn 0.3791 0.7744 0.5066
vn 0.5928 0.7983 0.1064
vn 0.3973 0.9160 -0.0563
vn 0.1224 0.9388 0.3221
vn 0.1740 0.8902 0.4209
vn 0.4671 0.8841 0.0141
vn 0.6271 0.5913 -0.5071
vn 0.4652 0.8694 -0.1663
vn 0.5298 0.8424 -0.0982
vn 0.6704 0.5546 -0.4930
vn 0.6658 0.5517 -0.5024
vn 0.5683 0.8195 -0.0732
vn 0.6390 0.7688 -0.0235
vn 0.6955 0.5510 -0.4611
vn -0.3344 -0.8980 0.2860
vn -0.3992 -0.6554 0.6412
vn -0.5335 -0.5978 0.5983
vn -0.4404 -0.8752 0.2001
vn -0.1218 -0.9472 -0.2965
vn -0.2983 -0.9409 0.1606
vn -0.3932 -0.9160 0.0791
vn -0.1444 -0.9167 -0.3725
vn -0.1449 -0.9073 -0.3949
vn -0.4423 -0.8968 0.0157
vn -0.4979 -0.8636 -0.0792
vn -0.1940 -0.8830 -0.4273
vn -0.4226 0.0349 0.9057
vn -0.2768 0.0041 0.9609
vn -0.1970 0.1652 0.9664
vn -0.3346 0.2288 0.9142
vn -0.6341 0.1328 0.7617
vn -0.5526 0.0822 0.8294
vn -0.4622 0.2827 0.8405
vn -0.5548 0.3171 0.7692
vn -0.5271 0.3628 0.7685
vn -0.4354 0.3264 0.8390
vn -0.3111 0.5057 0.8047
vn -0.4091 0.5281 0.7442
vn -0.7681 -0.5983 -0.2282
vn -0.8808 -0.1113 0.4601
vn -0.7568 0.3611 0.5449
vn -0.8062 0.1919 -0.5596
vn -0.0025 -0.5872 -0.8094
vn -0.5936 -0.6654 -0.4527
vn -0.4211 -0.0014 -0.9070
vn 0.2509 -0.2484 -0.9356
vn 0.3059 -0.1450 -0.9410
vn -0.2621 0.2901 -0.9204
vn 0.2257 0.8246 -0.5188
vn 0.4600 0.2529 -0.8511
vn 0.3284 -0.5242 -0.7857
vn 0.3356 -0.5007 -0.7979
vn 0.4474 -0.3236 -0.8338
vn 0.4495 -0.3360 -0.8277
vn 0.2594 -0.5040 -0.8238
vn 0.2757 -0.5089 -0.8155
vn 0.3872 -0.3166 -0.8659
vn 0.3618 -0.3177 -0.8764
vn 0.3877 -0.2637 -0.8832
vn 0.4119 -0.2666 -0.8713
vn 0.5142 -0.0644 -0.8553
vn 0.4887 -0.0675 -0.8698
vn 0.0318 -0.9621 0.2709
vn 0.2653 -0.8230 -0.5023
vn 0.5255 -0.4595 -0.7160
vn 0.7110 -0.6344 0.3033
vn -0.1531 -0.3459 0.9257
vn -0.0456 -0.8530 0.5199
vn 0.4707 -0.4168 0.7776
vn -0.0059 0.0231 0.9997
vn 0.0509 0.1234 0.9910
vn 0.6476 -0.1145 0.7533
vn 0.7417 0.5583 0.3717
vn 0.2747 0.4340 0.8580
vn -0.6567 0.2658 -0.7058
vn 0.0048 -0.2095 -0.9778
vn 0.6986 0.5394 0.4701
vn -0.2062 0.8296 0.5189
vn 0.1461 -0.5626 0.8137
vn -0.0550 0.9788 -0.1975
vn -0.1701 0.1843 0.9681
vn -0.1205 0.3201 0.9397
vn 0.5835 -0.0960 0.8064
vn 0.7891 0.0420 0.6128
vn 0.0846 -0.6060 -0.7910
vn 0.0146 -0.5126 -0.8585
vn -0.7308 -0.6784 -0.0759
vn -0.8252 -0.4864 -0.2872
vn -0.0290 -0.5927 -0.8049
vn 0.1129 0.3264 0.9385
vn 0.1551 0.2113 0.9650
vn 0.0007 0.9840 -0.1783
vn -0.1422 -0.6623 0.7356
vn 0.1491 0.6162 0.7733
vn -0.1588 -0.9818 -0.1038
vn -0.0278 0.8452 -0.5337
vn -0.8377 -0.0772 0.5407
vn -0.7197 -0.2932 0.6293
vn 0.8403 -0.4270 -0.3341
vn 0.7058 -0.6843 -0.1831
vn -0.0278 0.8450 -0.5341
vn 0.2230 -0.9738 -0.0448
vn 0.7102 0.3040 -0.6350
vn -0.5374 0.6627 0.5216
vn -0.8113 0.1835 0.5551
vn 0.8825 -0.2635 -0.3895
vn 0.0125 -0.4482 -0.8938
vn 0.1548 0.5100 0.8461
vn -0.1736 0.5006 0.8481
vn 0.7620 0.2809 0.5834
vn -0.8302 -0.3542 -0.4305
vn 0.2076 0.6504 -0.7307
vn 0.2074 0.8887 -0.4088
vn -0.9217 0.3008 0.2448
vn 0.5554 0.3826 0.7383
vn 0.5529 0.3904 0.7361
vn -0.9244 0.3411 0.1707
vn 0.1017 -0.1969 -0.9751
vn -0.1194 0.3296 0.9365
vn 0.9450 0.2586 -0.2004
vn -0.7902 0.3896 0.4732
vn -0.9771 0.0500 0.2070
vn 0.5243 0.2359 0.8182
vn 0.0895 -0.2134 -0.9728
vn -0.0965 0.3238 0.9412
vn 0.9539 0.2212 -0.2030
vn -0.9110 0.3067 0.2758
vn 0.4828 0.0961 0.8705
vn -0.9086 0.0363 0.4160
vn 0.0774 -0.2758 -0.9581
vn -0.0812 0.2650 0.9608
vn 0.9801 -0.0461 -0.1932
vn -0.9169 0.1011 0.3861
vn 0.0400 0.2667 0.9630
vn -0.0259 -0.2774 -0.9604
vn 0.9807 -0.0123 -0.1953
vn 0.0451 0.1054 0.9934
vn 0.0515 0.3247 0.9444
vn -0.0361 -0.2152 -0.9759
vn 0.0776 0.3249 0.9425
vn -0.0856 -0.1584 -0.9836
vn -0.2050 0.9752 -0.0837
vn -0.1281 0.6020 -0.7881
vn -0.0437 -0.8393 0.5420
vn -0.0408 -0.9906 -0.1304
vn 0.0557 -0.9978 -0.0371
vn 0.0589 -0.7325 0.6783
vn -0.9796 0.0129 0.2003
vn 0.0684 -0.1043 -0.9922
vn -0.0750 0.1042 0.9917
vn -0.0123 -0.1052 -0.9944
vn -0.0572 0.9330 -0.3553
vn 0.0550 -0.5256 -0.8489
vn 0.0572 -0.9330 0.3553
vn -0.0727 0.9447 0.3197
vn 0.0727 -0.9447 -0.3197
vn -0.0550 0.5256 0.8489
vn -0.3520 0.4786 0.8044
vn -0.0860 0.5245 0.8471
vn 0.5222 -0.8049 -0.2819
vn 0.1789 -0.9320 -0.3154
vn -0.5024 0.8162 0.2853
vn -0.1789 0.9320 0.3154
vn 0.4826 -0.8152 0.3201
vn 0.1906 -0.9174 0.3493
vn 0.3502 -0.4791 -0.8049
vn 0.0860 -0.5245 -0.8471
vn -0.4617 0.8259 -0.3236
vn -0.1906 0.9174 -0.3493
vn -0.6184 0.7219 -0.3105
vn 0.4485 -0.4190 -0.7895
vn 0.6409 -0.7043 0.3054
vn -0.6531 0.7064 0.2728
vn 0.6733 -0.6890 -0.2682
vn -0.4506 0.4182 0.7887
vn 0.3520 0.4786 0.8044
vn 0.0860 0.5245 0.8471
vn -0.5222 -0.8049 -0.2819
vn -0.1789 -0.9320 -0.3153
vn 0.5024 0.8162 0.2852
vn 0.1789 0.9320 0.3154
vn -0.4826 -0.8152 0.3201
vn -0.1906 -0.9174 0.3493
vn -0.3502 -0.4791 -0.8049
vn -0.0860 -0.5245 -0.8471
vn 0.4617 0.8259 -0.3236
vn 0.1906 0.9174 -0.3493
vn 0.6184 0.7219 -0.3105
vn -0.4485 -0.4190 -0.7895
vn -0.6409 -0.7043 0.3054
vn 0.6531 0.7064 0.2728
vn -0.6733 -0.6890 -0.2682
vn 0.4506 0.4182 0.7887
vn -0.0124 -0.9472 -0.3205
vn -0.0284 -0.5262 -0.8499
vn -0.0093 0.9345 -0.3558
vn 0.0124 0.9472 0.3205
vn 0.0284 0.5262 0.8499
vn 0.0093 -0.9345 0.3558
vn -0.2593 0.9174 -0.3018
vn -0.2048 -0.5379 -0.8177
vn 0.2593 -0.9174 0.3018
vn -0.0357 0.9422 0.3330
vn 0.0357 -0.9423 -0.3330
vn 0.2048 0.5379 0.8177
vn -0.0448 0.4858 0.8729
vn 0.2044 0.5379 0.8178
vn 0.3789 -0.8189 -0.4311
vn 0.1013 -0.9298 -0.3539
vn -0.3626 0.8281 0.4275
vn -0.1013 0.9298 0.3539
vn 0.5481 -0.8189 0.1703
vn 0.3560 -0.8974 0.2604
vn 0.0432 -0.4862 -0.8728
vn -0.2044 -0.5379 -0.8179
vn -0.5332 0.8270 -0.1784
vn -0.3560 0.8974 -0.2604
vn -0.7689 0.6372 -0.0516
vn 0.1821 -0.4070 -0.8951
vn 0.7857 -0.6174 0.0391
vn -0.5932 0.6438 0.4834
vn 0.6114 -0.6250 -0.4853
vn -0.1841 0.4061 0.8951
vn 0.5552 0.5169 0.6516
vn 0.2396 0.5407 0.8064
vn -0.4669 -0.8753 -0.1262
vn -0.0554 -0.9519 -0.3015
vn 0.4490 0.8832 0.1353
vn 0.0554 0.9519 0.3014
vn -0.1842 -0.8776 0.4426
vn 0.1542 -0.9271 0.3416
vn -0.5536 -0.5172 -0.6527
vn -0.2396 -0.5407 -0.8064
vn 0.1661 0.8833 -0.4384
vn -0.1542 0.9271 -0.3416
vn 0.4006 0.7690 -0.4981
vn -0.7014 -0.4416 -0.5595
vn -0.4190 -0.7574 0.5008
vn 0.6683 0.7432 0.0323
vn -0.6828 -0.7302 -0.0235
vn 0.7028 0.4409 0.5583
vn -0.0698 -0.9526 -0.2962
vn -0.2669 -0.5423 -0.7967
vn -0.1592 0.9269 -0.3398
vn 0.0698 0.9526 0.2962
vn 0.2669 0.5423 0.7967
vn 0.1593 -0.9269 0.3398
vn 0.1582 0.9215 -0.3547
vn 0.1831 -0.5518 -0.8136
vn -0.1582 -0.9215 0.3548
vn -0.0161 0.9546 0.2974
vn 0.0161 -0.9546 -0.2974
vn -0.1831 0.5518 0.8136
vn -0.4951 0.5360 0.6838
vn -0.2526 0.5570 0.7911
vn 0.5054 -0.8523 -0.1347
vn 0.1873 -0.9508 -0.2469
vn -0.4851 0.8626 0.1434
vn -0.1873 0.9508 0.2469
vn 0.3262 -0.8424 0.4290
vn 0.0413 -0.9185 0.3932
vn 0.4933 -0.5363 -0.6849
vn 0.2526 -0.5570 -0.7911
vn -0.3026 0.8518 -0.4276
vn -0.0413 0.9185 -0.3932
vn -0.5471 0.7064 -0.4491
vn 0.6706 -0.4539 -0.5867
vn 0.5752 -0.6847 0.4475
vn -0.7149 0.6970 0.0564
vn 0.7361 -0.6754 -0.0449
vn -0.6729 0.4529 0.5848
vn 0.2043 0.4574 0.8654
vn -0.0567 0.5351 0.8429
vn -0.5322 -0.7465 -0.3993
vn -0.2086 -0.9135 -0.3491
vn 0.5137 0.7602 0.3978
vn 0.2086 0.9135 0.3491
vn -0.6392 -0.7440 0.1945
vn -0.3770 -0.8786 0.2932
vn -0.2025 -0.4581 -0.8655
vn 0.0567 -0.5351 -0.8429
vn 0.6212 0.7569 -0.2030
vn 0.3770 0.8786 -0.2932
vn 0.7565 0.6359 -0.1525
vn -0.2937 -0.3867 -0.8742
vn -0.7749 -0.6159 0.1421
vn 0.6488 0.6333 0.4220
vn -0.6672 -0.6135 -0.4224
vn 0.2958 0.3856 0.8740
vn -0.1501 -0.9294 -0.3373
vn 0.0538 -0.5346 -0.8434
vn 0.2859 0.9027 -0.3215
vn 0.1501 0.9294 0.3373
vn -0.0538 0.5346 0.8434
vn -0.2859 -0.9027 0.3215
vn -0.2593 0.9361 -0.2377
vn -0.2048 -0.4801 -0.8530
vn 0.2593 -0.9361 0.2376
vn -0.0357 0.9170 0.3973
vn 0.0357 -0.9170 -0.3973
vn 0.2048 0.4801 0.8530
vn -0.0448 0.4243 0.9044
vn 0.2044 0.4801 0.8531
vn 0.3789 -0.7872 -0.4866
vn 0.1013 -0.9031 -0.4173
vn -0.3626 0.7966 0.4837
vn -0.1013 0.9031 0.4173
vn 0.5481 -0.8287 0.1133
vn 0.3560 -0.9133 0.1978
vn 0.0432 -0.4247 -0.9043
vn -0.2045 -0.4801 -0.8531
vn -0.5332 0.8374 -0.1208
vn -0.3560 0.9133 -0.1978
vn -0.7689 0.6393 -0.0074
vn 0.1821 -0.3441 -0.9211
vn 0.7857 -0.6186 -0.0037
vn -0.5932 0.6088 0.5267
vn 0.6114 -0.5900 -0.5273
vn -0.1841 0.3432 0.9210
vn 0.5552 0.4706 0.6857
vn 0.2396 0.4836 0.8418
vn -0.4669 -0.8644 -0.1864
vn -0.0554 -0.9288 -0.3665
vn 0.4490 0.8718 0.1960
vn 0.0554 0.9288 0.3665
vn -0.1842 -0.9061 0.3809
vn 0.1542 -0.9485 0.2767
vn -0.5536 -0.4709 -0.6869
vn -0.2396 -0.4836 -0.8418
vn 0.1661 0.9115 -0.3763
vn -0.1542 0.9485 -0.2767
vn 0.4006 0.8016 -0.4438
vn -0.7014 -0.4019 -0.5887
vn -0.4190 -0.7902 0.4473
vn 0.6683 0.7392 0.0836
vn -0.6828 -0.7269 -0.0739
vn 0.7028 0.4013 0.5874
vn -0.0698 -0.9298 -0.3613
vn -0.2669 -0.4860 -0.8322
vn -0.1592 0.9482 -0.2749
vn 0.0698 0.9298 0.3613
vn 0.2669 0.4860 0.8322
vn 0.1593 -0.9482 0.2749
vn 0.1582 0.9438 -0.2902
vn 0.1831 -0.4942 -0.8498
vn -0.1582 -0.9438 0.2902
vn -0.0161 0.9318 0.3627
vn 0.0161 -0.9318 -0.3627
vn -0.1831 0.4942 0.8498
vn -0.4951 0.4874 0.7192
vn -0.2526 0.5010 0.8277
vn 0.5054 -0.8409 -0.1933
vn 0.1873 -0.9314 -0.3120
vn -0.4851 0.8507 0.2026
vn -0.1873 0.9314 0.3120
vn 0.3262 -0.8700 0.3697
vn 0.0413 -0.9435 0.3288
vn 0.4933 -0.4877 -0.7203
vn 0.2526 -0.5010 -0.8277
vn -0.3026 0.8793 -0.3678
vn -0.0413 0.9435 -0.3289
vn -0.5471 0.7357 -0.3992
vn 0.6706 -0.4123 -0.6167
vn 0.5752 -0.7140 0.3991
vn -0.7149 0.6914 0.1044
vn 0.7361 -0.6707 -0.0914
vn -0.6729 0.4114 0.6147
vn 0.2043 0.3966 0.8950
vn -0.0567 0.4756 0.8778
vn -0.5322 -0.7171 -0.4499
vn -0.2086 -0.8872 -0.4115
vn 0.5137 0.7309 0.4494
vn 0.2086 0.8872 0.4115
vn -0.6392 -0.7557 0.1427
vn -0.3770 -0.8968 0.2318
vn -0.2025 -0.3972 -0.8951
vn 0.0567 -0.4756 -0.8778
vn 0.6212 0.7691 -0.1502
vn 0.3770 0.8968 -0.2318
vn 0.7565 0.6449 -0.1082
vn -0.2937 -0.3253 -0.8988
vn -0.7749 -0.6243 0.0992
vn 0.6488 0.6026 0.4647
vn -0.6672 -0.5829 -0.4638
vn 0.2958 0.3242 0.8985
vn -0.1501 -0.9038 -0.4007
vn 0.0538 -0.4751 -0.8783
vn 0.2859 0.9228 -0.2583
vn 0.1501 0.9038 0.4007
vn -0.0538 0.4751 0.8783
vn -0.2859 -0.9228 0.2583
vn 0.0430 -0.9836 -0.1753
vn 0.1684 -0.9279 -0.3326
vn 0.1057 0.9940 0.0284
vn -0.4468 0.6745 0.5877
vn 0.0570 -0.9744 -0.2175
vn -0.1797 0.9309 0.3181
vn -0.1379 -0.9899 0.0328
vn 0.1994 0.9779 -0.0635
vn -0.3649 -0.8805 0.3025
vn -0.0196 -0.9921 -0.1237
vn 0.3053 0.9338 -0.1868
vn 0.0122 0.9934 0.1144
vn -0.6472 -0.0955 -0.7563
vn -0.6581 0.0488 -0.7513
vn -0.6861 -0.0935 -0.7215
vn -0.6465 0.0162 -0.7628
vn -0.6848 0.1057 -0.7210
vn -0.6933 -0.0714 -0.7171
vn -0.6558 -0.1130 -0.7464
vn -0.6827 0.0972 -0.7242
vn -0.6952 0.0808 -0.7143
vn -0.6695 -0.1209 -0.7329
vn -0.6397 -0.0675 -0.7656
vn -0.6871 0.1103 -0.7181
vn 0.6556 0.1335 0.7432
vn 0.6507 0.0865 0.7544
vn 0.6617 -0.1063 0.7422
vn 0.6974 -0.0057 0.7167
vn 0.6560 0.1151 0.7459
vn 0.6884 -0.0522 0.7234
vn 0.6691 0.1111 0.7348
vn 0.6576 -0.1078 0.7456
vn 0.6837 0.0875 0.7245
vn 0.6704 0.1434 0.7280
vn 0.6521 -0.0823 0.7537
vn 0.6673 -0.1009 0.7379
vn -0.0360 0.9767 0.2114
vn 0.0311 0.9920 0.1220
vn -0.0258 0.9852 0.1692
vn 0.1423 0.9898 -0.0079
vn 0.3647 0.8997 -0.2400
vn 0.4650 -0.7180 -0.5180
vn 0.1843 -0.9461 -0.2662
vn 0.0002 -0.9961 -0.0884
vn -0.0847 -0.9963 -0.0116
vn -0.1641 -0.9837 0.0736
vn -0.2539 -0.9475 0.1945
vn -0.1293 0.9368 0.3250
vn -0.5125 -0.8145 0.2719
vn -0.6211 -0.7776 0.0975
vn 0.3644 0.8318 -0.4187
vn 0.7888 0.5558 0.2624
vn -0.5270 -0.8185 0.2290
vn 0.6301 0.7685 -0.1109
vn -0.3250 -0.8184 0.4740
vn 0.2609 0.8254 -0.5007
vn -0.0348 -0.7287 0.6839
vn -0.4536 -0.8293 0.3263
vn 0.1291 0.7900 -0.5994
vn 0.4592 0.8229 -0.3346
vn 0.3865 -0.7151 -0.5825
vn 0.4943 -0.5644 -0.6611
vn 0.4350 -0.7284 -0.5294
vn 0.4580 -0.6053 -0.6511
vn 0.5659 -0.4928 -0.6610
vn 0.4637 -0.6958 -0.5485
vn 0.3715 -0.7556 -0.5395
vn 0.5684 -0.4923 -0.6592
vn 0.5466 -0.5569 -0.6254
vn 0.3844 -0.7683 -0.5118
vn 0.4063 -0.6779 -0.6126
vn 0.5638 -0.5100 -0.6496
vn -0.3386 0.7857 0.5177
vn -0.4041 0.7007 0.5880
vn -0.5400 0.4787 0.6923
vn -0.5126 0.6219 0.5919
vn -0.3795 0.7414 0.5535
vn -0.5337 0.5711 0.6238
vn -0.4025 0.7472 0.5288
vn -0.5222 0.5018 0.6896
vn -0.4493 0.7075 0.5456
vn -0.3629 0.7865 0.4996
vn -0.4952 0.5475 0.6746
vn -0.5485 0.4899 0.6777
vn 0.5133 0.8313 -0.2131
vn 0.4413 0.8401 -0.3153
vn 0.5011 0.8253 -0.2602
vn 0.3092 0.8362 -0.4529
vn 0.0108 0.7602 -0.6496
vn -0.8230 -0.5204 -0.2276
vn -0.6487 -0.7494 0.1323
vn -0.4685 -0.8118 0.3486
vn -0.3724 -0.8212 0.4324
vn -0.2734 -0.8112 0.5169
vn -0.1474 -0.7678 0.6235
vn 0.5999 0.7966 -0.0743
vn 0.0572 0.9330 -0.3553
vn -0.0550 -0.5256 -0.8489
vn -0.0572 -0.9330 0.3553
vn 0.0727 0.9447 0.3197
vn -0.0727 -0.9447 -0.3197
vn 0.0550 0.5256 0.8489
vn -0.1789 -0.9320 -0.3154
vn 0.5024 0.8162 0.2853
vn 0.1789 -0.9320 -0.3153
vn -0.5024 0.8162 0.2852
vn 0.0124 -0.9472 -0.3205
vn 0.0284 -0.5262 -0.8499
vn 0.0093 0.9345 -0.3558
vn -0.0124 0.9472 0.3205
vn -0.0284 0.5262 0.8499
vn -0.0093 -0.9345 0.3558
vn 0.2593 0.9174 -0.3018
vn 0.2048 -0.5379 -0.8177
vn -0.2593 -0.9174 0.3018
vn 0.0357 0.9422 0.3330
vn -0.0357 -0.9422 -0.3330
vn -0.2048 0.5379 0.8177
vn 0.0448 0.4858 0.8729
vn -0.2044 0.5379 0.8178
vn -0.3789 -0.8189 -0.4311
vn -0.1013 -0.9298 -0.3539
vn 0.3626 0.8281 0.4275
vn 0.1013 0.9298 0.3539
vn -0.5481 -0.8189 0.1703
vn -0.3560 -0.8974 0.2604
vn -0.0432 -0.4862 -0.8728
vn 0.2044 -0.5379 -0.8179
vn 0.5332 0.8270 -0.1784
vn 0.3560 0.8974 -0.2604
vn 0.7689 0.6372 -0.0516
vn -0.1821 -0.4070 -0.8951
vn -0.7857 -0.6174 0.0391
vn 0.5932 0.6438 0.4834
vn -0.6114 -0.6250 -0.4853
vn 0.1841 0.4061 0.8951
vn -0.5552 0.5169 0.6516
vn -0.2396 0.5407 0.8064
vn 0.4669 -0.8753 -0.1262
vn 0.0554 -0.9519 -0.3015
vn -0.4490 0.8832 0.1353
vn -0.0554 0.9519 0.3014
vn 0.1842 -0.8776 0.4426
vn -0.1542 -0.9271 0.3416
vn 0.5536 -0.5172 -0.6527
vn 0.2396 -0.5407 -0.8064
vn -0.1661 0.8833 -0.4384
vn 0.1542 0.9271 -0.3416
vn -0.4006 0.7690 -0.4981
vn 0.7014 -0.4416 -0.5595
vn 0.4190 -0.7574 0.5008
vn -0.6683 0.7432 0.0323
vn 0.6828 -0.7302 -0.0235
vn -0.7028 0.4409 0.5583
vn 0.0698 -0.9526 -0.2962
vn 0.2669 -0.5423 -0.7967
vn 0.1592 0.9269 -0.3398
vn -0.0698 0.9526 0.2962
vn -0.2669 0.5423 0.7967
vn -0.1593 -0.9269 0.3398
vn -0.1582 0.9215 -0.3547
vn -0.1831 -0.5518 -0.8136
vn 0.1582 -0.9215 0.3548
vn 0.0161 0.9546 0.2974
vn -0.0161 -0.9546 -0.2974
vn 0.1831 0.5518 0.8136
vn 0.4951 0.5360 0.6838
vn 0.2526 0.5570 0.7911
vn -0.5054 -0.8523 -0.1347
vn -0.1873 -0.9508 -0.2469
vn 0.4851 0.8626 0.1434
vn 0.1873 0.9508 0.2469
vn -0.3262 -0.8424 0.4290
vn -0.0413 -0.9185 0.3932
vn -0.4933 -0.5363 -0.6849
vn -0.2526 -0.5570 -0.7911
vn 0.3026 0.8518 -0.4276
vn 0.0413 0.9185 -0.3932
vn 0.5471 0.7064 -0.4491
vn -0.6706 -0.4539 -0.5867
vn -0.5752 -0.6847 0.4475
vn 0.7149 0.6970 0.0564
vn -0.7361 -0.6754 -0.0449
vn 0.6729 0.4529 0.5848
vn -0.2043 0.4574 0.8654
vn 0.0567 0.5351 0.8429
vn 0.5322 -0.7465 -0.3993
vn 0.2086 -0.9135 -0.3491
vn -0.5137 0.7602 0.3978
vn -0.2086 0.9135 0.3491
vn 0.6392 -0.7440 0.1945
vn 0.3770 -0.8786 0.2932
vn 0.2025 -0.4581 -0.8655
vn -0.0567 -0.5351 -0.8429
vn -0.6212 0.7569 -0.2030
vn -0.3770 0.8786 -0.2932
vn -0.7565 0.6359 -0.1525
vn 0.2937 -0.3867 -0.8742
vn 0.7749 -0.6159 0.1421
vn -0.6488 0.6333 0.4220
vn 0.6672 -0.6135 -0.4224
vn -0.2958 0.3856 0.8740
vn 0.1501 -0.9294 -0.3373
vn -0.0538 -0.5346 -0.8434
vn -0.2859 0.9027 -0.3215
vn -0.1501 0.9294 0.3373
vn 0.0538 0.5346 0.8434
vn 0.2859 -0.9027 0.3215
vn 0.2593 0.9361 -0.2377
vn 0.2048 -0.4801 -0.8530
vn -0.2593 -0.9361 0.2376
vn 0.0357 0.9170 0.3973
vn -0.0357 -0.9170 -0.3973
vn -0.2048 0.4801 0.8530
vn 0.0448 0.4243 0.9044
vn -0.2044 0.4801 0.8531
vn -0.3789 -0.7872 -0.4866
vn -0.1013 -0.9031 -0.4173
vn 0.3626 0.7966 0.4837
vn 0.1013 0.9031 0.4173
vn -0.5481 -0.8287 0.1133
vn -0.3560 -0.9133 0.1978
vn -0.0432 -0.4247 -0.9043
vn 0.2045 -0.4801 -0.8531
vn 0.5332 0.8374 -0.1208
vn 0.3560 0.9133 -0.1978
vn 0.7689 0.6393 -0.0074
vn -0.1821 -0.3441 -0.9211
vn -0.7857 -0.6186 -0.0037
vn 0.5932 0.6088 0.5267
vn -0.6114 -0.5900 -0.5273
vn 0.1841 0.3432 0.9210
vn -0.5552 0.4706 0.6857
vn -0.2396 0.4836 0.8418
vn 0.4669 -0.8644 -0.1864
vn 0.0554 -0.9288 -0.3665
vn -0.4490 0.8718 0.1960
vn -0.0554 0.9288 0.3665
vn 0.1842 -0.9061 0.3809
vn -0.1542 -0.9485 0.2767
vn 0.5536 -0.4709 -0.6869
vn 0.2396 -0.4836 -0.8418
vn -0.1661 0.9115 -0.3763
vn 0.1542 0.9485 -0.2767
vn -0.4006 0.8016 -0.4438
vn 0.7014 -0.4019 -0.5887
vn 0.4190 -0.7902 0.4473
vn -0.6683 0.7392 0.0836
vn 0.6828 -0.7269 -0.0739
vn -0.7028 0.4013 0.5874
vn 0.0698 -0.9298 -0.3613
vn 0.2669 -0.4860 -0.8322
vn 0.1592 0.9482 -0.2749
vn -0.0698 0.9298 0.3613
vn -0.2669 0.4860 0.8322
vn -0.1593 -0.9482 0.2749
vn -0.1582 0.9438 -0.2902
vn -0.1831 -0.4942 -0.8498
vn 0.1582 -0.9438 0.2902
vn 0.0161 0.9318 0.3627
vn -0.0161 -0.9318 -0.3627
vn 0.1831 0.4942 0.8498
vn 0.4951 0.4874 0.7192
vn 0.2526 0.5010 0.8277
vn -0.5054 -0.8409 -0.1933
vn -0.1873 -0.9314 -0.3120
vn 0.4851 0.8507 0.2026
vn 0.1873 0.9314 0.3120
vn -0.3262 -0.8700 0.3697
vn -0.0413 -0.9435 0.3288
vn -0.4933 -0.4877 -0.7203
vn -0.2526 -0.5010 -0.8277
vn 0.3026 0.8793 -0.3678
vn 0.0413 0.9435 -0.3289
vn 0.5471 0.7358 -0.3992
vn -0.6706 -0.4123 -0.6167
vn -0.5752 -0.7140 0.3991
vn 0.7149 0.6914 0.1044
vn -0.7361 -0.6707 -0.0914
vn 0.6729 0.4114 0.6147
vn -0.2043 0.3965 0.8950
vn 0.0567 0.4756 0.8778
vn 0.5322 -0.7171 -0.4499
vn 0.2086 -0.8872 -0.4115
vn -0.5137 0.7309 0.4494
vn -0.2086 0.8872 0.4115
vn 0.6392 -0.7557 0.1427
vn 0.3770 -0.8967 0.2318
vn 0.2025 -0.3972 -0.8951
vn -0.0567 -0.4756 -0.8778
vn -0.6212 0.7691 -0.1502
vn -0.3770 0.8968 -0.2318
vn -0.7565 0.6449 -0.1082
vn 0.2937 -0.3253 -0.8988
vn 0.7749 -0.6243 0.0992
vn -0.6488 0.6026 0.4647
vn 0.6672 -0.5829 -0.4638
vn -0.2958 0.3242 0.8985
vn 0.1501 -0.9038 -0.4007
vn -0.0538 -0.4751 -0.8783
vn -0.2859 0.9228 -0.2583
vn -0.1501 0.9038 0.4007
vn 0.0538 0.4751 0.8783
vn 0.2859 -0.9228 0.2583
vn -0.0430 -0.9836 -0.1753
vn -0.1684 -0.9279 -0.3326
vn -0.1057 0.9940 0.0284
vn 0.4468 0.6745 0.5877
vn -0.0570 -0.9744 -0.2175
vn 0.1797 0.9309 0.3181
vn 0.1379 -0.9899 0.0328
vn -0.1994 0.9779 -0.0635
vn 0.3649 -0.8805 0.3025
vn 0.0196 -0.9921 -0.1237
vn -0.3053 0.9338 -0.1868
vn -0.0122 0.9934 0.1144
vn 0.6472 -0.0955 -0.7563
vn 0.6581 0.0488 -0.7513
vn 0.6861 -0.0935 -0.7215
vn 0.6465 0.0162 -0.7628
vn 0.6848 0.1057 -0.7210
vn 0.6933 -0.0714 -0.7171
vn 0.6558 -0.1130 -0.7464
vn 0.6827 0.0972 -0.7242
vn 0.6952 0.0808 -0.7143
vn 0.6695 -0.1209 -0.7329
vn 0.6397 -0.0675 -0.7657
vn 0.6871 0.1103 -0.7181
vn -0.6556 0.1335 0.7432
vn -0.6507 0.0865 0.7544
vn -0.6617 -0.1063 0.7422
vn -0.6974 -0.0057 0.7167
vn -0.6560 0.1151 0.7459
vn -0.6884 -0.0522 0.7234
vn -0.6691 0.1111 0.7348
vn -0.6576 -0.1078 0.7456
vn -0.6837 0.0875 0.7245
vn -0.6704 0.1434 0.7280
vn -0.6521 -0.0823 0.7537
vn -0.6673 -0.1009 0.7379
vn 0.0360 0.9767 0.2114
vn -0.0311 0.9920 0.1220
vn 0.0258 0.9852 0.1692
vn -0.1423 0.9898 -0.0079
vn -0.3647 0.8997 -0.2400
vn -0.4650 -0.7180 -0.5180
vn -0.1843 -0.9461 -0.2662
vn -0.0002 -0.9961 -0.0884
vn 0.0847 -0.9963 -0.0116
vn 0.1641 -0.9837 0.0736
vn 0.2539 -0.9475 0.1945
vn 0.1293 0.9368 0.3250
vn 0.5125 -0.8145 0.2719
vn 0.6211 -0.7776 0.0975
vn -0.3644 0.8318 -0.4187
vn -0.7888 0.5558 0.2624
vn 0.5270 -0.8185 0.2290
vn -0.6301 0.7685 -0.1109
vn 0.3250 -0.8184 0.4740
vn -0.2609 0.8254 -0.5007
vn 0.0348 -0.7287 0.6839
vn 0.4536 -0.8293 0.3263
vn -0.1291 0.7900 -0.5994
vn -0.4592 0.8229 -0.3346
vn -0.3865 -0.7151 -0.5825
vn -0.4943 -0.5644 -0.6611
vn -0.4350 -0.7284 -0.5294
vn -0.4580 -0.6053 -0.6511
vn -0.5659 -0.4928 -0.6610
vn -0.4637 -0.6958 -0.5485
vn -0.3715 -0.7556 -0.5395
vn -0.5684 -0.4923 -0.6592
vn -0.5466 -0.5569 -0.6254
vn -0.3844 -0.7683 -0.5118
vn -0.4063 -0.6779 -0.6126
vn -0.5638 -0.5100 -0.6496
vn 0.3386 0.7857 0.5177
vn 0.4041 0.7007 0.5880
vn 0.5400 0.4787 0.6923
vn 0.5126 0.6219 0.5919
vn 0.3795 0.7414 0.5535
vn 0.5337 0.5711 0.6238
vn 0.4025 0.7472 0.5288
vn 0.5222 0.5018 0.6896
vn 0.4493 0.7075 0.5456
vn 0.3629 0.7865 0.4996
vn 0.4952 0.5475 0.6746
vn 0.5484 0.4898 0.6777
vn -0.5133 0.8313 -0.2131
vn -0.4413 0.8401 -0.3153
vn -0.5011 0.8253 -0.2602
vn -0.3092 0.8362 -0.4529
vn -0.0108 0.7602 -0.6496
vn 0.8230 -0.5204 -0.2276
vn 0.6487 -0.7494 0.1323
vn 0.4685 -0.8118 0.3486
vn 0.3724 -0.8212 0.4324
vn 0.2734 -0.8112 0.5169
vn 0.1474 -0.7678 0.6235
vn -0.5999 0.7966 -0.0743
vn 0.0001 0.0476 0.9989
vn -0.3604 0.0423 0.9318
vn -0.3569 0.0003 0.9341
vn 0.0011 0.0030 1.0000
vn -0.6501 -0.0737 -0.7563
vn -0.3540 -0.0854 -0.9313
vn -0.3493 -0.1817 -0.9192
vn -0.6454 -0.1575 -0.7474
vn 0.3542 -0.0860 -0.9312
vn 0.6501 -0.0747 -0.7561
vn 0.6451 -0.1705 -0.7448
vn 0.3504 -0.1886 -0.9174
vn 0.3606 0.0417 0.9318
vn 0.3587 -0.0075 0.9334
vn -0.8632 -0.0615 -0.5010
vn -0.8638 -0.1283 -0.4873
vn 0.0001 -0.0899 -0.9960
vn 0.0009 -0.1936 -0.9811
vn 0.6224 0.0205 0.7824
vn 0.6500 -0.0341 0.7592
vn -0.9825 -0.0439 -0.1811
vn -0.9816 -0.0960 -0.1652
vn 0.8570 -0.0093 0.5152
vn 0.8706 -0.0693 0.4872
vn -0.9883 -0.0268 0.1499
vn -0.9850 -0.0721 0.1568
vn 0.9883 -0.0283 0.1499
vn 0.9833 -0.0931 0.1564
vn -0.8570 -0.0079 0.5153
vn -0.8712 -0.0506 0.4883
vn 0.9824 -0.0454 -0.1811
vn 0.9794 -0.1170 -0.1644
vn -0.6223 0.0216 0.7825
vn -0.6491 -0.0199 0.7604
vn 0.8632 -0.0628 -0.5009
vn 0.8621 -0.1462 -0.4853
vn 0.9775 -0.1330 0.1635
vn 0.8722 -0.1311 0.4712
vn 0.8706 -0.1564 0.4666
vn 0.9704 -0.1628 0.1783
vn -0.8758 -0.0965 0.4729
vn -0.9819 -0.0941 0.1641
vn -0.9735 -0.1433 0.1784
vn -0.8733 -0.1390 0.4669
vn 0.9742 -0.1491 -0.1694
vn 0.9716 -0.1647 -0.1699
vn -0.6667 -0.1053 0.7379
vn -0.6805 -0.1254 0.7220
vn 0.8545 -0.1734 -0.4897
vn 0.8544 -0.1709 -0.4907
vn -0.3603 -0.1134 0.9259
vn -0.3625 -0.1142 0.9250
vn -0.3446 -0.1889 -0.9196
vn -0.0001 -0.2015 -0.9795
vn -0.0012 -0.1732 -0.9849
vn -0.3512 -0.1691 -0.9209
vn 0.6353 -0.1924 -0.7479
vn 0.6423 -0.1762 -0.7460
vn -0.0001 -0.1210 0.9927
vn -0.0012 -0.1166 0.9932
vn -0.6383 -0.1676 -0.7513
vn -0.6449 -0.1634 -0.7466
vn 0.3435 -0.2022 -0.9171
vn 0.3489 -0.1760 -0.9205
vn 0.3595 -0.1275 0.9244
vn 0.3601 -0.1215 0.9250
vn -0.8592 -0.1398 -0.4922
vn -0.8574 -0.1538 -0.4912
vn 0.6645 -0.1315 0.7356
vn 0.6780 -0.1389 0.7218
vn -0.9792 -0.1104 -0.1704
vn -0.9747 -0.1452 -0.1701
vn 0.9816 -0.0757 0.1753
vn 0.9812 -0.0613 -0.1832
vn -0.8883 -0.0863 0.4511
vn -0.6754 -0.1265 0.7265
vn 0.8626 -0.0365 -0.5045
vn -0.3469 -0.1476 0.9262
vn -0.0000 0.0041 -1.0000
vn -0.3594 -0.0009 -0.9332
vn 0.6553 -0.0147 -0.7552
vn -0.0000 -0.1520 0.9884
vn -0.6553 -0.0147 -0.7552
vn 0.3594 -0.0009 -0.9332
vn 0.3469 -0.1476 0.9262
vn -0.8626 -0.0365 -0.5045
vn 0.6754 -0.1265 0.7265
vn -0.9812 -0.0613 -0.1832
vn 0.8883 -0.0863 0.4511
vn -0.9816 -0.0757 0.1753
vn 0.8570 -0.0992 -0.5057
vn 0.9786 -0.0912 -0.1842
vn 0.9743 -0.1116 -0.1955
vn 0.8433 -0.1238 -0.5229
vn -0.3921 -0.1310 0.9105
vn -0.6822 -0.1280 0.7199
vn -0.6954 -0.1449 0.7038
vn -0.4157 -0.1578 0.8957
vn -0.3006 -0.1124 -0.9471
vn 0.0179 -0.1170 -0.9930
vn 0.0250 -0.1490 -0.9885
vn -0.2805 -0.1451 -0.9488
vn 0.6414 -0.1094 -0.7593
vn 0.6332 -0.1381 -0.7616
vn -0.0182 -0.1303 0.9913
vn -0.0255 -0.1621 0.9864
vn -0.6050 -0.1037 -0.7894
vn -0.5856 -0.1366 -0.7990
vn 0.3495 -0.1160 -0.9297
vn 0.3503 -0.1472 -0.9250
vn 0.3451 -0.1282 0.9298
vn 0.3516 -0.1566 0.9229
vn -0.8513 -0.0943 -0.5162
vn -0.8397 -0.1234 -0.5288
vn 0.6474 -0.1240 0.7520
vn 0.6527 -0.1448 0.7436
vn -0.9788 -0.0896 -0.1843
vn -0.9755 -0.1117 -0.1897
vn 0.8726 -0.1112 0.4757
vn 0.8682 -0.1280 0.4794
vn -0.9835 -0.0970 0.1525
vn -0.9798 -0.1124 0.1652
vn 0.9835 -0.0956 0.1537
vn 0.9805 -0.1132 0.1604
vn -0.8792 -0.1148 0.4623
vn -0.8733 -0.1272 0.4703
vn 0.9834 0.0769 -0.1641
vn 0.8658 0.1405 -0.4803
vn -0.6734 -0.0391 0.7382
vn -0.3451 -0.1126 0.9318
vn -0.0000 0.2601 -0.9656
vn -0.3502 0.2465 -0.9036
vn 0.6474 0.2058 -0.7339
vn -0.0000 -0.1319 0.9913
vn -0.6473 0.2058 -0.7339
vn 0.3502 0.2465 -0.9036
vn 0.3451 -0.1126 0.9318
vn -0.8658 0.1405 -0.4803
vn 0.6734 -0.0391 0.7382
vn -0.9834 0.0769 -0.1641
vn 0.8846 0.0265 0.4655
vn -0.9844 0.0483 0.1694
vn 0.9844 0.0483 0.1694
vn -0.8846 0.0265 0.4655
vn -0.8761 -0.0658 0.4777
vn -0.6102 -0.0785 0.7884
vn -0.6160 -0.0062 0.7877
vn -0.8747 0.0116 0.4845
vn 0.9879 -0.0451 0.1486
vn 0.9873 -0.0285 -0.1562
vn 0.9854 0.0582 -0.1601
vn 0.9878 0.0212 0.1544
vn -0.9877 -0.0479 0.1488
vn -0.9877 0.0202 0.1549
vn 0.8751 -0.0589 0.4803
vn 0.8749 0.0140 0.4842
vn -0.9874 -0.0260 -0.1560
vn -0.9854 0.0589 -0.1595
vn 0.6051 -0.0715 0.7929
vn 0.6159 -0.0038 0.7878
vn -0.8799 -0.0009 -0.4751
vn -0.8716 0.1303 -0.4726
vn 0.3031 -0.0782 0.9497
vn 0.3138 -0.0339 0.9489
vn 0.3538 0.0214 -0.9351
vn 0.0021 0.0259 -0.9997
vn 0.0001 0.2436 -0.9699
vn 0.3459 0.2305 -0.9095
vn -0.6541 0.0176 -0.7562
vn -0.6464 0.1945 -0.7378
vn -0.0020 -0.0817 0.9967
vn -0.0001 -0.0483 0.9988
vn 0.6583 0.0105 -0.7527
vn 0.6468 0.1921 -0.7381
vn -0.3483 0.0252 -0.9370
vn -0.3455 0.2318 -0.9093
vn -0.3090 -0.0819 0.9475
vn -0.3141 -0.0351 0.9487
vn 0.8807 -0.0076 -0.4736
vn 0.8716 0.1282 -0.4732
vn 0.8760 -0.0747 -0.4765
vn 0.9845 -0.0709 -0.1606
vn 0.9858 -0.0782 0.1486
vn 0.6554 -0.0816 -0.7509
vn -0.3463 -0.1045 0.9323
vn -0.6463 -0.1127 0.7548
vn -0.8808 -0.1032 0.4620
vn -0.0079 -0.0982 0.9951
vn -0.3327 -0.0810 -0.9396
vn 0.0077 -0.0865 -0.9962
vn 0.3532 -0.0862 -0.9316
vn -0.6391 -0.0722 -0.7658
vn 0.3246 -0.0999 0.9406
vn -0.8722 -0.0658 -0.4847
vn 0.6273 -0.1041 0.7718
vn -0.9845 -0.0675 -0.1619
vn 0.8760 -0.0947 0.4728
vn -0.9857 -0.0818 0.1471
vn 0.8670 -0.0000 -0.4983
vn 0.9847 -0.0000 -0.1741
vn -0.3577 -0.0000 0.9338
vn -0.6034 -0.0000 0.7974
vn -0.3599 -0.0000 -0.9330
vn -0.0000 -0.0000 -1.0000
vn 0.6557 -0.0000 -0.7550
vn -0.0000 -0.0000 1.0000
vn -0.6557 -0.0000 -0.7550
vn 0.3599 -0.0000 -0.9330
vn 0.3577 -0.0000 0.9338
vn -0.8670 -0.0000 -0.4983
vn 0.6034 -0.0000 0.7974
vn -0.9847 -0.0000 -0.1741
vn 0.8470 -0.0000 0.5315
vn -0.9883 -0.0000 0.1523
vn 0.9883 -0.0000 0.1523
vn -0.8470 -0.0000 0.5315
vn -0.0001 0.0476 0.9989
vn -0.0011 0.0030 1.0000
vn 0.3569 0.0003 0.9341
vn 0.3604 0.0423 0.9318
vn 0.6501 -0.0737 -0.7563
vn 0.6454 -0.1575 -0.7474
vn 0.3493 -0.1817 -0.9192
vn 0.3540 -0.0854 -0.9313
vn -0.3542 -0.0860 -0.9312
vn -0.3504 -0.1886 -0.9174
vn -0.6451 -0.1705 -0.7448
vn -0.6501 -0.0747 -0.7561
vn -0.3606 0.0417 0.9318
vn -0.3587 -0.0075 0.9334
vn 0.8632 -0.0615 -0.5010
vn 0.8638 -0.1283 -0.4873
vn -0.0001 -0.0899 -0.9960
vn -0.0009 -0.1936 -0.9811
vn -0.6224 0.0205 0.7824
vn -0.6500 -0.0341 0.7592
vn 0.9825 -0.0439 -0.1811
vn 0.9816 -0.0960 -0.1652
vn -0.8570 -0.0093 0.5152
vn -0.8706 -0.0693 0.4872
vn 0.9883 -0.0268 0.1499
vn 0.9850 -0.0721 0.1568
vn -0.9883 -0.0283 0.1499
vn -0.9833 -0.0931 0.1564
vn 0.8570 -0.0079 0.5153
vn 0.8712 -0.0506 0.4883
vn -0.9824 -0.0454 -0.1811
vn -0.9794 -0.1170 -0.1644
vn 0.6223 0.0216 0.7825
vn 0.6491 -0.0199 0.7604
vn -0.8632 -0.0628 -0.5009
vn -0.8621 -0.1462 -0.4853
vn -0.9775 -0.1330 0.1635
vn -0.9704 -0.1628 0.1783
vn -0.8706 -0.1564 0.4666
vn -0.8722 -0.1311 0.4712
vn 0.8758 -0.0965 0.4729
vn 0.8733 -0.1390 0.4669
vn 0.9735 -0.1433 0.1784
vn 0.9819 -0.0941 0.1641
vn -0.9742 -0.1491 -0.1694
vn -0.9716 -0.1647 -0.1699
vn 0.6667 -0.1053 0.7379
vn 0.6805 -0.1254 0.7220
vn -0.8545 -0.1734 -0.4897
vn -0.8544 -0.1709 -0.4907
vn 0.3603 -0.1134 0.9259
vn 0.3625 -0.1142 0.9250
vn 0.3446 -0.1889 -0.9196
vn 0.3512 -0.1691 -0.9209
vn 0.0012 -0.1732 -0.9849
vn 0.0001 -0.2015 -0.9795
vn -0.6353 -0.1924 -0.7479
vn -0.6423 -0.1762 -0.7460
vn 0.0001 -0.1210 0.9927
vn 0.0012 -0.1166 0.9932
vn 0.6383 -0.1676 -0.7513
vn 0.6449 -0.1634 -0.7466
vn -0.3435 -0.2022 -0.9171
vn -0.3489 -0.1760 -0.9205
vn -0.3595 -0.1275 0.9244
vn -0.3601 -0.1215 0.9250
vn 0.8592 -0.1398 -0.4922
vn 0.8574 -0.1538 -0.4912
vn -0.6645 -0.1315 0.7356
vn -0.6780 -0.1389 0.7218
vn 0.9792 -0.1104 -0.1704
vn 0.9747 -0.1452 -0.1701
vn -0.8570 -0.0992 -0.5057
vn -0.8433 -0.1238 -0.5229
vn -0.9743 -0.1116 -0.1955
vn -0.9787 -0.0912 -0.1842
vn 0.3921 -0.1310 0.9105
vn 0.4157 -0.1578 0.8957
vn 0.6954 -0.1449 0.7038
vn 0.6822 -0.1280 0.7199
vn 0.3006 -0.1124 -0.9471
vn 0.2805 -0.1451 -0.9488
vn -0.0250 -0.1490 -0.9885
vn -0.0179 -0.1170 -0.9930
vn -0.6414 -0.1094 -0.7593
vn -0.6332 -0.1381 -0.7616
vn 0.0182 -0.1303 0.9913
vn 0.0255 -0.1621 0.9864
vn 0.6050 -0.1037 -0.7894
vn 0.5856 -0.1366 -0.7990
vn -0.3495 -0.1160 -0.9297
vn -0.3503 -0.1472 -0.9250
vn -0.3451 -0.1282 0.9298
vn -0.3516 -0.1566 0.9229
vn 0.8513 -0.0943 -0.5162
vn 0.8397 -0.1234 -0.5288
vn -0.6474 -0.1240 0.7520
vn -0.6527 -0.1448 0.7436
vn 0.9788 -0.0896 -0.1843
vn 0.9755 -0.1117 -0.1897
vn -0.8726 -0.1112 0.4757
vn -0.8682 -0.1280 0.4794
vn 0.9835 -0.0970 0.1525
vn 0.9798 -0.1124 0.1652
vn -0.9835 -0.0956 0.1537
vn -0.9805 -0.1132 0.1604
vn 0.8792 -0.1148 0.4623
vn 0.8733 -0.1272 0.4703
vn -0.6474 0.2058 -0.7339
vn 0.6473 0.2058 -0.7339
vn 0.8761 -0.0658 0.4777
vn 0.8747 0.0116 0.4845
vn 0.6160 -0.0062 0.7877
vn 0.6102 -0.0785 0.7884
vn -0.9879 -0.0451 0.1486
vn -0.9878 0.0212 0.1544
vn -0.9854 0.0582 -0.1601
vn -0.9873 -0.0285 -0.1562
vn 0.9877 -0.0479 0.1488
vn 0.9877 0.0202 0.1549
vn -0.8751 -0.0589 0.4803
vn -0.8749 0.0140 0.4842
vn 0.9874 -0.0260 -0.1560
vn 0.9854 0.0589 -0.1595
vn -0.6051 -0.0715 0.7929
vn -0.6159 -0.0038 0.7878
vn 0.8799 -0.0009 -0.4751
vn 0.8716 0.1303 -0.4726
vn -0.3031 -0.0782 0.9497
vn -0.3138 -0.0339 0.9489
vn -0.3538 0.0214 -0.9351
vn -0.3459 0.2305 -0.9095
vn -0.0001 0.2436 -0.9699
vn -0.0021 0.0259 -0.9997
vn 0.6541 0.0176 -0.7562
vn 0.6464 0.1945 -0.7378
vn 0.0020 -0.0817 0.9967
vn 0.0001 -0.0483 0.9988
vn -0.6583 0.0105 -0.7527
vn -0.6468 0.1921 -0.7381
vn 0.3483 0.0252 -0.9370
vn 0.3455 0.2318 -0.9093
vn 0.3090 -0.0819 0.9475
vn 0.3141 -0.0351 0.9487
vn -0.8807 -0.0076 -0.4736
vn -0.8716 0.1282 -0.4732
vn -0.8760 -0.0747 -0.4765
vn -0.9845 -0.0709 -0.1606
vn -0.9858 -0.0782 0.1486
vn -0.6554 -0.0816 -0.7509
vn 0.3463 -0.1045 0.9323
vn 0.6463 -0.1127 0.7548
vn 0.8808 -0.1032 0.4620
vn 0.0079 -0.0982 0.9951
vn 0.3327 -0.0810 -0.9396
vn -0.0077 -0.0865 -0.9962
vn -0.3532 -0.0862 -0.9316
vn 0.6391 -0.0722 -0.7658
vn -0.3246 -0.0999 0.9406
vn 0.8722 -0.0658 -0.4847
vn -0.6273 -0.1041 0.7718
vn 0.9845 -0.0675 -0.1619
vn -0.8760 -0.0947 0.4728
vn 0.9857 -0.0818 0.1471
vn -0.4480 0.7755 -0.4449
vn -0.6635 0.7010 -0.2615
vn -0.8246 0.5655 0.0169
vn -0.8194 0.4625 0.3385
vn -0.6746 0.4475 0.5871
vn -0.3893 0.4837 0.7839
vn -0.1266 0.5450 0.8288
vn 0.2581 0.9656 0.0315
vn 0.2987 0.8858 0.3552
vn 0.2216 0.8519 0.4744
vn 0.1880 0.9819 -0.0239
vn 0.3237 0.9175 0.2309
vn 0.2330 0.8615 0.4512
vn 0.0511 0.9960 -0.0729
vn 0.6244 0.2895 0.7254
vn 0.5302 0.3114 -0.7886
vn 0.8402 0.5326 -0.1021
vn 0.7260 0.2803 0.6280
vn 0.1990 0.1419 -0.9697
vn 0.7851 0.4384 -0.4375
vn 0.8097 0.4624 0.3613
vn -0.0995 0.8557 0.5079
vn -0.1971 0.9643 0.1769
vn -0.2553 0.9006 0.3518
vn -0.1601 0.8590 0.4864
vn -0.1714 0.9852 -0.0052
vn -0.2487 0.9342 0.2558
vn -0.2669 0.8930 0.3623
vn 0.4275 -0.7893 0.4408
vn 0.6774 -0.6810 0.2780
vn 0.8285 -0.5599 0.0065
vn 0.8336 -0.4471 -0.3245
vn 0.6878 -0.4231 -0.5898
vn 0.3983 -0.4681 -0.7888
vn 0.1345 -0.5556 -0.8205
vn 0.1334 -0.9444 -0.3007
vn -0.1532 -0.9283 -0.3387
vn -0.2051 -0.8621 -0.4634
vn 0.2888 -0.6972 -0.6561
vn -0.1227 -0.9482 -0.2929
vn -0.0992 -0.9220 -0.3743
vn 0.2687 0.0698 -0.9607
vn -0.6298 -0.2814 -0.7240
vn -0.5253 -0.2639 0.8090
vn -0.8451 -0.5213 0.1186
vn -0.7285 -0.2635 -0.6323
vn -0.1904 -0.0807 0.9784
vn -0.7886 -0.4122 0.4563
vn -0.8151 -0.4527 -0.3616
vn 0.0947 -0.8503 -0.5177
vn 0.1538 -0.9658 -0.2085
vn 0.2381 -0.9066 -0.3485
vn 0.1822 -0.8405 -0.5102
vn 0.1903 -0.9811 0.0355
vn 0.2146 -0.9398 -0.2661
vn 0.2815 -0.8854 -0.3699
vn -0.2782 -0.5033 -0.8181
vn -0.4499 -0.6539 -0.6083
vn -0.5563 -0.7213 -0.4126
vn -0.5730 -0.8002 -0.1769
vn -0.5310 -0.8446 0.0691
vn -0.3696 -0.8688 0.3296
vn -0.0952 -0.8722 0.4798
vn -0.7189 0.1516 0.6784
vn -0.9990 -0.0386 -0.0230
vn -0.6722 -0.1556 0.7239
vn -0.9979 -0.0107 -0.0643
vn 0.5028 -0.8495 -0.1597
vn 0.4825 -0.8653 -0.1360
vn 0.5311 -0.8121 -0.2419
vn 0.4316 -0.7670 -0.4747
vn 0.2740 -0.8715 -0.4068
vn 0.0428 -0.9363 -0.3487
vn 0.0611 -0.9761 -0.2084
vn -0.5708 -0.3666 0.7347
vn -0.9844 -0.0264 -0.1739
vn -0.8022 -0.1009 0.5885
vn -0.9534 0.1930 0.2318
vn 0.2589 0.4468 0.8564
vn 0.4117 0.0201 -0.9111
vn 0.8754 0.4491 -0.1789
vn 0.4847 0.4507 0.7496
vn 0.1688 -0.0223 -0.9854
vn 0.6790 0.2353 -0.6954
vn 0.7498 0.4719 0.4639
vn 0.0864 0.2296 -0.9695
vn 0.5950 0.6942 -0.4050
vn 0.7550 0.5524 0.3534
vn 0.4133 0.3540 0.8390
vn 0.3918 0.6846 -0.6147
vn 0.7774 0.6254 -0.0669
vn 0.5381 0.4114 0.7356
vn 0.1783 0.5452 0.8191
vn 0.1367 0.8043 0.5784
vn -0.1303 0.8975 0.4212
vn 0.0556 -0.8129 -0.5797
vn -0.3594 0.8399 0.4068
vn 0.0972 0.3469 0.9329
vn 0.0756 0.3008 0.9507
vn 0.4958 -0.8524 -0.1662
vn 0.1081 -0.9903 -0.0876
vn -0.6552 -0.2236 -0.7216
vn -0.1505 -0.9045 -0.3990
vn -0.1260 0.9898 0.0659
vn 0.6485 0.2343 0.7243
vn 0.2164 0.8567 0.4682
vn -0.4416 0.7889 -0.4274
vn -0.4343 0.6793 0.5916
vn -0.2565 -0.5432 -0.7995
vn 0.1054 0.6466 0.7556
vn 0.4266 -0.7916 0.4376
vn -0.3397 0.5886 0.7336
vn 0.4480 0.7755 -0.4449
vn 0.6635 0.7010 -0.2615
vn 0.8246 0.5655 0.0169
vn 0.8194 0.4625 0.3385
vn 0.6746 0.4475 0.5871
vn 0.3893 0.4837 0.7839
vn 0.1266 0.5450 0.8288
vn -0.2581 0.9656 0.0315
vn -0.2987 0.8858 0.3552
vn -0.2216 0.8519 0.4744
vn -0.1880 0.9819 -0.0239
vn -0.3237 0.9175 0.2309
vn -0.2330 0.8615 0.4512
vn -0.0511 0.9960 -0.0729
vn -0.6244 0.2895 0.7254
vn -0.5302 0.3114 -0.7886
vn -0.8402 0.5326 -0.1021
vn -0.7260 0.2803 0.6280
vn -0.1990 0.1419 -0.9697
vn -0.7851 0.4384 -0.4375
vn -0.8097 0.4624 0.3613
vn 0.0995 0.8557 0.5079
vn 0.1971 0.9643 0.1769
vn 0.2553 0.9006 0.3518
vn 0.1601 0.8590 0.4864
vn 0.1714 0.9852 -0.0052
vn 0.2487 0.9342 0.2558
vn 0.2669 0.8930 0.3623
vn -0.4275 -0.7893 0.4408
vn -0.6774 -0.6810 0.2780
vn -0.8285 -0.5599 0.0065
vn -0.8336 -0.4471 -0.3245
vn -0.6878 -0.4231 -0.5898
vn -0.3983 -0.4681 -0.7888
vn -0.1345 -0.5556 -0.8205
vn -0.1334 -0.9444 -0.3007
vn 0.1532 -0.9283 -0.3387
vn 0.2051 -0.8621 -0.4634
vn -0.2888 -0.6972 -0.6561
vn 0.1227 -0.9482 -0.2929
vn 0.0992 -0.9220 -0.3743
vn -0.2687 0.0698 -0.9607
vn 0.6298 -0.2814 -0.7240
vn 0.5253 -0.2639 0.8090
vn 0.8451 -0.5213 0.1186
vn 0.7285 -0.2635 -0.6323
vn 0.1904 -0.0807 0.9784
vn 0.7886 -0.4122 0.4563
vn 0.8151 -0.4527 -0.3616
vn -0.0947 -0.8503 -0.5177
vn -0.1538 -0.9658 -0.2085
vn -0.2381 -0.9066 -0.3485
vn -0.1822 -0.8405 -0.5102
vn -0.1903 -0.9811 0.0355
vn -0.2146 -0.9398 -0.2661
vn -0.2815 -0.8854 -0.3699
vn 0.2782 -0.5033 -0.8181
vn 0.4499 -0.6539 -0.6083
vn 0.5563 -0.7213 -0.4126
vn 0.5730 -0.8002 -0.1769
vn 0.5310 -0.8446 0.0691
vn 0.3696 -0.8688 0.3296
vn 0.0952 -0.8722 0.4798
vn 0.7189 0.1516 0.6784
vn 0.9990 -0.0386 -0.0230
vn 0.6722 -0.1556 0.7239
vn 0.9979 -0.0107 -0.0643
vn -0.5028 -0.8495 -0.1597
vn -0.4825 -0.8653 -0.1360
vn -0.5311 -0.8121 -0.2419
vn -0.4316 -0.7670 -0.4747
vn -0.2740 -0.8715 -0.4068
vn -0.0428 -0.9363 -0.3487
vn -0.0611 -0.9761 -0.2084
vn 0.5708 -0.3666 0.7347
vn 0.9844 -0.0264 -0.1739
vn 0.8022 -0.1009 0.5885
vn 0.9534 0.1930 0.2318
vn -0.2589 0.4468 0.8564
vn -0.4117 0.0201 -0.9111
vn -0.8754 0.4491 -0.1789
vn -0.4847 0.4507 0.7496
vn -0.1688 -0.0223 -0.9854
vn -0.6790 0.2353 -0.6954
vn -0.7498 0.4719 0.4639
vn -0.0864 0.2296 -0.9695
vn -0.5950 0.6942 -0.4050
vn -0.7550 0.5524 0.3534
vn -0.4133 0.3540 0.8390
vn -0.3918 0.6846 -0.6147
vn -0.7774 0.6254 -0.0669
vn -0.5381 0.4114 0.7356
vn -0.1783 0.5452 0.8191
vn -0.1367 0.8043 0.5784
vn 0.1303 0.8975 0.4212
vn -0.0556 -0.8129 -0.5797
vn 0.3594 0.8399 0.4068
vn -0.0972 0.3469 0.9329
vn -0.0756 0.3008 0.9507
vn -0.4958 -0.8524 -0.1662
vn -0.1081 -0.9903 -0.0876
vn 0.6552 -0.2236 -0.7216
vn 0.1505 -0.9045 -0.3990
vn 0.1260 0.9898 0.0658
vn -0.6485 0.2343 0.7243
vn -0.2164 0.8567 0.4682
vn 0.4416 0.7889 -0.4274
vn 0.4343 0.6793 0.5916
vn 0.2565 -0.5432 -0.7995
vn -0.1054 0.6466 0.7556
vn -0.4266 -0.7916 0.4376
vn 0.3397 0.5886 0.7336
vn -0.6341 -0.7427 -0.2153
vn -0.4851 -0.7601 -0.4324
vn -0.2724 -0.7699 -0.5772
vn -0.0000 -1.0000 -0.0000
vn -0.0070 -0.7726 -0.6348
vn 0.0007 -1.0000 0.0011
vn 0.2661 -0.7692 -0.5810
vn 0.4806 -0.7647 -0.4292
vn -0.6381 -0.7661 -0.0771
vn 0.0020 -1.0000 0.0005
vn 0.6519 -0.7327 -0.1955
vn -0.6546 -0.7557 -0.0197
vn 0.0008 -1.0000 -0.0011
vn 0.6661 -0.7456 0.0195
vn -0.6440 -0.7624 0.0626
vn 0.0047 -0.9999 0.0117
vn -0.0032 -1.0000 0.0075
vn 0.6269 -0.7789 0.0203
vn -0.6195 -0.7716 0.1445
vn 0.0113 -0.9999 -0.0025
vn -0.0142 -0.9999 0.0047
vn 0.6434 -0.7643 -0.0434
vn -0.5889 -0.7597 0.2759
vn 0.0050 -0.9998 -0.0175
vn -0.0148 -0.9999 -0.0090
vn 0.6626 -0.7477 0.0438
vn -0.4871 -0.7541 0.4405
vn 0.0022 -1.0000 -0.0091
vn -0.0046 -1.0000 -0.0085
vn 0.6145 -0.7531 0.2349
vn -0.3488 -0.7623 0.5453
vn 0.0002 -1.0000 -0.0028
vn -0.0009 -1.0000 -0.0033
vn 0.5298 -0.7556 0.3852
vn -0.5235 -0.1372 0.8409
vn -0.7280 -0.1435 0.6704
vn 0.9955 -0.0887 0.0339
vn 0.9939 -0.0880 -0.0670
vn -0.7259 -0.1483 -0.6716
vn -0.4095 -0.1661 -0.8971
vn -0.8903 -0.1260 0.4375
vn 0.9913 -0.1008 0.0847
vn -0.0102 -0.1737 -0.9848
vn -0.9667 -0.1108 0.2309
vn 0.9249 -0.1136 0.3628
vn 0.4002 -0.1677 -0.9010
vn -0.9908 -0.1020 0.0889
vn 0.7965 -0.1206 0.5926
vn 0.5941 -0.1254 0.7945
vn 0.3966 -0.7540 0.5235
vn 0.7223 -0.1522 -0.6746
vn -0.9942 -0.1026 -0.0319
vn 0.3353 -0.1304 0.9330
vn 0.2223 -0.7582 0.6130
vn 0.9406 -0.1244 -0.3159
vn -0.9870 -0.1051 -0.1217
vn -0.0051 -0.1326 0.9912
vn -0.0038 -0.7494 0.6621
vn 0.9953 -0.0953 0.0193
vn -0.9312 -0.1234 -0.3429
vn -0.3237 -0.1291 0.9373
vn -0.2138 -0.7614 0.6120
vn -0.5233 0.0018 0.8521
vn -0.7234 0.0032 0.6904
vn 0.9994 0.0004 0.0334
vn 0.9978 0.0001 -0.0658
vn -0.7364 -0.0000 -0.6765
vn -0.4174 -0.0000 -0.9087
vn -0.9009 0.0014 0.4341
vn 0.9967 -0.0003 0.0807
vn -0.0105 -0.0000 -0.9999
vn -0.9731 -0.0003 0.2303
vn 0.9324 0.0001 0.3615
vn 0.4079 -0.0000 -0.9130
vn -0.9959 0.0002 0.0902
vn 0.8032 -0.0000 0.5958
vn 0.5998 -0.0000 0.8001
vn 0.7323 -0.0001 -0.6809
vn -0.9995 -0.0003 -0.0318
vn 0.3388 -0.0000 0.9409
vn 0.9497 -0.0000 -0.3130
vn -0.9925 -0.0007 -0.1219
vn -0.0052 -0.0000 1.0000
vn 0.9997 0.0001 0.0230
vn -0.9401 -0.0004 -0.3409
vn -0.3271 -0.0000 0.9450
vn -0.3941 0.2993 -0.8690
vn -0.2726 0.7675 -0.5802
vn -0.0069 0.7780 -0.6283
vn -0.0098 0.3083 -0.9512
vn -0.7026 0.2769 -0.6555
vn -0.5010 0.7393 -0.4499
vn -0.9081 0.2421 -0.3416
vn -0.6839 0.6895 -0.2384
vn -0.9688 0.2164 -0.1206
vn -0.7449 0.6608 -0.0915
vn -0.9761 0.2147 -0.0321
vn -0.7580 0.6518 -0.0240
vn -0.9721 0.2166 0.0902
vn -0.7524 0.6549 0.0712
vn -0.9476 0.2238 0.2282
vn -0.7259 0.6666 0.1695
vn -0.8691 0.2465 0.4289
vn -0.6574 0.6850 0.3139
vn -0.7086 0.2633 0.6546
vn -0.5329 0.6919 0.4871
vn -0.5097 0.2559 0.8214
vn -0.3840 0.6986 0.6037
vn -0.0048 0.2503 0.9682
vn -0.0039 0.7068 0.7074
vn -0.2326 0.7059 0.6690
vn -0.3155 0.2469 0.9163
vn 0.3269 0.2490 0.9117
vn 0.2403 0.7074 0.6647
vn 0.5796 0.2430 0.7778
vn 0.4314 0.6974 0.5723
vn 0.7777 0.2381 0.5818
vn 0.5839 0.6892 0.4292
vn 0.9743 0.2073 0.0884
vn 0.7720 0.6331 0.0575
vn 0.6896 0.6764 0.2588
vn 0.9048 0.2319 0.3570
vn 0.9792 0.1928 -0.0641
vn 0.7868 0.6153 -0.0493
vn 0.9805 0.1932 0.0348
vn 0.7848 0.6192 0.0274
vn 0.9800 0.1986 0.0157
vn 0.7820 0.6229 0.0218
vn 0.9154 0.2471 -0.3179
vn 0.6887 0.6924 -0.2152
vn 0.6972 0.2809 -0.6596
vn 0.4892 0.7460 -0.4520
vn 0.3852 0.3011 -0.8723
vn 0.2653 0.7693 -0.5813
vn -0.3405 0.6075 -0.7177
vn -0.0090 0.6170 -0.7869
vn 0.3306 0.6102 -0.7199
vn -0.6072 0.5943 -0.5274
vn -0.7738 0.5907 -0.2287
vn -0.8045 0.5893 -0.0740
vn -0.7831 0.6217 -0.0153
vn -0.7787 0.6240 0.0659
vn -0.7629 0.6245 0.1670
vn -0.7051 0.6340 0.3177
vn -0.5786 0.6420 0.5030
vn -0.4209 0.6270 0.6556
vn -0.0116 0.6681 0.7440
vn -0.2483 0.6515 0.7168
vn 0.2559 0.6370 0.7272
vn 0.4873 0.6092 0.6256
vn 0.6442 0.6183 0.4502
vn 0.7948 0.6055 0.0406
vn 0.7431 0.6195 0.2530
vn 0.8265 0.5612 -0.0441
vn 0.8445 0.5347 0.0305
vn 0.8273 0.5608 0.0320
vn 0.7728 0.6054 -0.1903
vn 0.5987 0.6052 -0.5246
vn 0.0033 0.9774 0.2113
vn -0.2613 0.9343 0.2426
vn -0.2902 0.9016 0.3207
vn 0.0049 0.9540 0.2998
vn 0.2960 0.9312 0.2128
vn 0.3035 0.9080 0.2886
vn 0.7152 0.6904 0.1088
vn 0.6712 0.6760 0.3042
vn 0.8429 0.4286 0.3254
vn 0.8807 0.4671 0.0791
vn -0.5296 0.8117 0.2464
vn -0.4926 0.7973 0.3487
vn -0.8591 0.4684 0.2061
vn -0.8086 0.4296 0.4020
vn -0.6477 0.6638 0.3740
vn -0.6981 0.6841 0.2113
vn 0.5110 0.8074 0.2948
vn 0.5620 0.8090 0.1721
vn 0.4618 0.7162 0.5232
vn 0.5946 0.6012 0.5339
vn -0.2534 0.8012 0.5421
vn 0.0124 0.8529 0.5220
vn 0.7469 0.3750 0.5491
vn -0.5532 0.5820 0.5960
vn -0.4279 0.6999 0.5719
vn -0.6832 0.3873 0.6190
vn 0.2795 0.8118 0.5126
vn -0.1983 0.6197 0.7594
vn 0.0121 0.6653 0.7464
vn 0.4526 0.4659 0.7603
vn 0.5523 0.3169 0.7711
vn -0.4084 0.4547 0.7915
vn -0.3245 0.5417 0.7754
vn -0.4881 0.3150 0.8140
vn 0.2233 0.6311 0.7429
vn 0.3592 0.5585 0.7477
vn 0.3069 0.3323 0.8918
vn 0.4443 0.2172 0.8691
vn -0.1770 0.3751 0.9099
vn 0.0109 0.4084 0.9127
vn -0.2671 0.3296 0.9056
vn -0.3714 0.2818 0.8846
vn 0.1915 0.3675 0.9101
vn -0.5787 0.7807 0.2357
vn -0.2004 0.9372 0.2853
vn -0.2491 0.9083 0.3361
vn -0.6859 0.7045 0.1821
vn 0.0082 0.9258 0.3779
vn 0.0178 0.5520 0.8337
vn -0.5135 0.5105 0.6897
vn 0.2927 0.9187 0.2650
vn 0.0068 0.9609 0.2767
vn 0.3520 0.8745 0.3336
vn -0.9072 0.4205 0.0113
vn -0.9435 0.3310 -0.0175
vn -0.8059 0.5381 0.2469
vn 0.5600 0.4703 0.6821
vn -0.8294 0.5539 0.0726
vn -0.8962 0.4328 0.0974
vn -0.8840 0.4588 0.0892
vn -0.7641 0.6300 0.1391
vn 0.7501 0.6357 0.1821
vn 0.6532 0.7389 0.1657
vn 0.8204 0.5038 0.2703
vn 0.9476 0.3118 0.0693
vn 0.9220 0.3821 0.0621
vn 0.8862 0.4319 0.1676
vn 0.8290 0.5492 0.1057
vn 0.9026 0.4297 -0.0262
vn 0.7756 0.6293 0.0492
vn -0.4360 0.1505 -0.8873
vn -0.8020 0.2041 -0.5614
vn -0.8351 0.1326 -0.5339
vn -0.4498 0.0949 -0.8881
vn 0.4188 0.1272 -0.8991
vn -0.0361 0.1413 -0.9893
vn -0.0563 0.0997 -0.9934
vn 0.4259 0.0845 -0.9008
vn 0.9431 0.3237 0.0760
vn 0.8403 0.1874 -0.5087
vn 0.9055 0.1148 -0.4086
vn 0.9388 0.2111 0.2724
vn -0.9464 0.3229 0.0068
vn -0.9637 0.2134 0.1602
vn 0.4102 -0.0012 -0.9120
vn 0.7725 0.0316 -0.6342
vn 0.4249 0.0649 -0.9029
vn 0.8096 0.1055 -0.5774
vn -0.4240 0.0093 -0.9056
vn -0.0125 0.0015 -0.9999
vn -0.4305 0.0822 -0.8988
vn -0.0176 0.0721 -0.9972
vn -0.9571 0.1578 -0.2432
vn -0.7570 0.0350 -0.6525
vn -0.9588 0.2483 -0.1378
vn -0.7832 0.1183 -0.6105
vn 0.9660 0.1636 -0.2001
vn 0.9663 0.2462 -0.0750
vn 0.9297 0.0308 -0.3669
vn 0.9331 0.0117 0.3595
vn -0.4575 0.0367 -0.8885
vn -0.0732 0.0426 -0.9964
vn 0.4780 0.0144 0.8783
vn 0.4245 0.0425 -0.9044
vn 0.0218 0.0167 0.9996
vn -0.8549 0.0308 -0.5179
vn -0.4604 0.0160 0.8876
vn -0.9704 0.0176 0.2409
vn 0.6341 -0.7427 -0.2153
vn 0.2723 -0.7699 -0.5772
vn 0.4851 -0.7601 -0.4324
vn -0.0007 -1.0000 0.0011
vn 0.0070 -0.7726 -0.6348
vn -0.4806 -0.7647 -0.4292
vn -0.2661 -0.7692 -0.5810
vn 0.6381 -0.7661 -0.0771
vn -0.0020 -1.0000 0.0005
vn -0.6519 -0.7327 -0.1955
vn 0.6546 -0.7557 -0.0197
vn -0.0008 -1.0000 -0.0011
vn -0.6661 -0.7456 0.0195
vn 0.6440 -0.7624 0.0626
vn -0.0047 -0.9999 0.0117
vn 0.0032 -1.0000 0.0075
vn -0.6269 -0.7789 0.0203
vn 0.6195 -0.7716 0.1445
vn -0.0113 -0.9999 -0.0025
vn 0.0142 -0.9999 0.0047
vn -0.6434 -0.7643 -0.0434
vn 0.5889 -0.7597 0.2759
vn -0.0050 -0.9998 -0.0175
vn 0.0148 -0.9999 -0.0090
vn -0.6626 -0.7477 0.0438
vn 0.4871 -0.7541 0.4405
vn -0.0022 -1.0000 -0.0091
vn 0.0046 -1.0000 -0.0085
vn -0.6145 -0.7531 0.2349
vn 0.3488 -0.7622 0.5453
vn -0.0002 -1.0000 -0.0028
vn 0.0009 -1.0000 -0.0033
vn -0.5298 -0.7556 0.3852
vn 0.7280 -0.1435 0.6704
vn 0.5235 -0.1372 0.8409
vn -0.9939 -0.0880 -0.0670
vn -0.9955 -0.0887 0.0339
vn 0.4095 -0.1661 -0.8971
vn 0.7259 -0.1483 -0.6716
vn 0.8903 -0.1260 0.4375
vn -0.9913 -0.1008 0.0847
vn 0.0102 -0.1737 -0.9848
vn 0.9667 -0.1108 0.2309
vn -0.9249 -0.1136 0.3628
vn -0.4002 -0.1677 -0.9010
vn 0.9908 -0.1020 0.0889
vn -0.3967 -0.7540 0.5235
vn -0.5941 -0.1254 0.7945
vn -0.7965 -0.1206 0.5926
vn -0.7223 -0.1522 -0.6746
vn 0.9942 -0.1026 -0.0319
vn -0.2223 -0.7582 0.6130
vn -0.3353 -0.1304 0.9330
vn -0.9406 -0.1244 -0.3159
vn 0.9870 -0.1051 -0.1217
vn 0.0038 -0.7494 0.6621
vn 0.0051 -0.1326 0.9912
vn -0.9953 -0.0953 0.0193
vn 0.9312 -0.1234 -0.3429
vn 0.2138 -0.7614 0.6120
vn 0.3237 -0.1291 0.9373
vn 0.7234 0.0032 0.6904
vn 0.5233 0.0018 0.8521
vn -0.9978 0.0001 -0.0658
vn -0.9994 0.0004 0.0334
vn 0.4174 -0.0000 -0.9087
vn 0.7364 -0.0000 -0.6765
vn 0.9009 0.0014 0.4341
vn -0.9967 -0.0003 0.0807
vn 0.0105 -0.0000 -0.9999
vn 0.9731 -0.0003 0.2303
vn -0.9324 0.0001 0.3615
vn -0.4079 -0.0000 -0.9130
vn 0.9959 0.0002 0.0902
vn -0.5998 -0.0000 0.8001
vn -0.8032 -0.0000 0.5958
vn -0.7323 -0.0001 -0.6809
vn 0.9995 -0.0003 -0.0318
vn -0.3388 -0.0000 0.9409
vn -0.9497 -0.0000 -0.3130
vn 0.9925 -0.0007 -0.1219
vn 0.0052 -0.0000 1.0000
vn -0.9997 0.0001 0.0230
vn 0.9401 -0.0004 -0.3409
vn 0.3271 -0.0000 0.9450
vn 0.3941 0.2993 -0.8690
vn 0.0098 0.3083 -0.9512
vn 0.0069 0.7780 -0.6283
vn 0.2726 0.7675 -0.5802
vn 0.7026 0.2769 -0.6555
vn 0.5010 0.7393 -0.4499
vn 0.9081 0.2421 -0.3416
vn 0.6839 0.6895 -0.2384
vn 0.9688 0.2164 -0.1206
vn 0.7449 0.6608 -0.0915
vn 0.9761 0.2147 -0.0321
vn 0.7580 0.6518 -0.0239
vn 0.9721 0.2166 0.0902
vn 0.7524 0.6549 0.0712
vn 0.9476 0.2238 0.2282
vn 0.7259 0.6666 0.1695
vn 0.8691 0.2465 0.4289
vn 0.6574 0.6850 0.3139
vn 0.7086 0.2633 0.6546
vn 0.5329 0.6919 0.4871
vn 0.5097 0.2559 0.8214
vn 0.3840 0.6986 0.6037
vn 0.0048 0.2503 0.9682
vn 0.3155 0.2469 0.9163
vn 0.2326 0.7059 0.6690
vn 0.0039 0.7068 0.7074
vn -0.3269 0.2490 0.9117
vn -0.2403 0.7074 0.6647
vn -0.5796 0.2430 0.7778
vn -0.4314 0.6974 0.5723
vn -0.7777 0.2381 0.5818
vn -0.5839 0.6891 0.4292
vn -0.9743 0.2073 0.0884
vn -0.9048 0.2319 0.3570
vn -0.6896 0.6764 0.2588
vn -0.7720 0.6331 0.0575
vn -0.9792 0.1928 -0.0641
vn -0.7868 0.6153 -0.0493
vn -0.9805 0.1932 0.0348
vn -0.7848 0.6192 0.0274
vn -0.9800 0.1986 0.0157
vn -0.7820 0.6229 0.0218
vn -0.9154 0.2471 -0.3179
vn -0.6887 0.6924 -0.2152
vn -0.6972 0.2809 -0.6596
vn -0.4892 0.7460 -0.4520
vn -0.3852 0.3011 -0.8723
vn -0.2653 0.7693 -0.5813
vn 0.0090 0.6170 -0.7869
vn 0.3405 0.6075 -0.7177
vn -0.3306 0.6102 -0.7199
vn 0.6072 0.5943 -0.5274
vn 0.7738 0.5907 -0.2287
vn 0.8045 0.5893 -0.0740
vn 0.7831 0.6217 -0.0153
vn 0.7787 0.6240 0.0659
vn 0.7629 0.6245 0.1670
vn 0.7051 0.6340 0.3177
vn 0.5786 0.6420 0.5030
vn 0.4209 0.6270 0.6556
vn 0.2483 0.6515 0.7168
vn 0.0116 0.6681 0.7440
vn -0.2559 0.6370 0.7272
vn -0.4873 0.6092 0.6256
vn -0.6442 0.6183 0.4502
vn -0.7431 0.6195 0.2530
vn -0.7948 0.6055 0.0406
vn -0.8265 0.5612 -0.0441
vn -0.8445 0.5347 0.0305
vn -0.8273 0.5608 0.0320
vn -0.7728 0.6054 -0.1903
vn -0.5987 0.6052 -0.5246
vn -0.0033 0.9774 0.2113
vn -0.0049 0.9540 0.2998
vn 0.2902 0.9016 0.3207
vn 0.2613 0.9343 0.2426
vn -0.2960 0.9312 0.2128
vn -0.3035 0.9080 0.2886
vn -0.7152 0.6904 0.1088
vn -0.8807 0.4671 0.0791
vn -0.8429 0.4286 0.3254
vn -0.6712 0.6760 0.3042
vn 0.5296 0.8117 0.2464
vn 0.4926 0.7973 0.3487
vn 0.8591 0.4684 0.2061
vn 0.6981 0.6841 0.2113
vn 0.6477 0.6638 0.3740
vn 0.8086 0.4296 0.4020
vn -0.5620 0.8090 0.1721
vn -0.5110 0.8074 0.2948
vn -0.5946 0.6012 0.5339
vn -0.4618 0.7162 0.5232
vn -0.0124 0.8529 0.5220
vn 0.2534 0.8012 0.5421
vn -0.7469 0.3750 0.5491
vn 0.4279 0.6999 0.5719
vn 0.5532 0.5820 0.5960
vn 0.6832 0.3873 0.6190
vn -0.2795 0.8118 0.5126
vn -0.0121 0.6653 0.7464
vn 0.1983 0.6197 0.7594
vn -0.5523 0.3169 0.7711
vn -0.4526 0.4659 0.7603
vn 0.3245 0.5417 0.7754
vn 0.4084 0.4547 0.7915
vn 0.4881 0.3150 0.8140
vn -0.3592 0.5585 0.7477
vn -0.2233 0.6311 0.7429
vn -0.4443 0.2172 0.8691
vn -0.3069 0.3323 0.8918
vn -0.0109 0.4084 0.9127
vn 0.1770 0.3751 0.9099
vn 0.2671 0.3296 0.9056
vn 0.3714 0.2818 0.8846
vn -0.1915 0.3675 0.9101
vn 0.5787 0.7807 0.2357
vn 0.6859 0.7045 0.1821
vn 0.2491 0.9083 0.3361
vn 0.2004 0.9372 0.2853
vn 0.5135 0.5105 0.6897
vn -0.0178 0.5520 0.8337
vn -0.0082 0.9258 0.3779
vn -0.0068 0.9609 0.2767
vn -0.2927 0.9187 0.2650
vn -0.3520 0.8745 0.3336
vn 0.9435 0.3310 -0.0175
vn 0.9072 0.4205 0.0113
vn 0.8059 0.5381 0.2469
vn -0.5600 0.4703 0.6821
vn 0.8962 0.4328 0.0974
vn 0.8294 0.5539 0.0726
vn 0.8840 0.4588 0.0892
vn 0.7641 0.6300 0.1391
vn -0.7501 0.6357 0.1821
vn -0.6532 0.7389 0.1657
vn -0.8204 0.5038 0.2703
vn -0.9220 0.3821 0.0621
vn -0.9476 0.3118 0.0693
vn -0.8290 0.5492 0.1057
vn -0.8862 0.4319 0.1676
vn -0.9026 0.4297 -0.0262
vn -0.7756 0.6293 0.0492
vn 0.4360 0.1505 -0.8873
vn 0.4498 0.0949 -0.8881
vn 0.8351 0.1326 -0.5339
vn 0.8020 0.2041 -0.5614
vn -0.4188 0.1272 -0.8991
vn -0.4259 0.0845 -0.9008
vn 0.0563 0.0997 -0.9934
vn 0.0361 0.1413 -0.9893
vn -0.9431 0.3237 0.0760
vn -0.9388 0.2111 0.2724
vn -0.9055 0.1148 -0.4086
vn -0.8403 0.1874 -0.5087
vn 0.9637 0.2134 0.1602
vn 0.9464 0.3229 0.0068
vn -0.7725 0.0316 -0.6342
vn -0.4102 -0.0012 -0.9120
vn -0.8096 0.1055 -0.5774
vn -0.4249 0.0649 -0.9029
vn 0.0125 0.0015 -0.9999
vn 0.4240 0.0093 -0.9056
vn 0.0176 0.0721 -0.9972
vn 0.4305 0.0822 -0.8988
vn 0.7570 0.0350 -0.6525
vn 0.9571 0.1578 -0.2432
vn 0.7832 0.1183 -0.6104
vn 0.9588 0.2483 -0.1378
vn -0.9660 0.1636 -0.2001
vn -0.9663 0.2462 -0.0750
vn -0.9331 0.0117 0.3595
vn -0.9297 0.0308 -0.3669
vn 0.0732 0.0426 -0.9964
vn 0.4575 0.0367 -0.8885
vn -0.4780 0.0144 0.8783
vn -0.4245 0.0425 -0.9044
vn -0.0218 0.0167 0.9996
vn 0.8549 0.0308 -0.5180
vn 0.9704 0.0176 0.2409
vn 0.4604 0.0160 0.8876
vn -0.2732 0.1643 0.9478
vn -0.3875 0.1862 0.9029
vn -0.3787 0.1331 0.9159
vn -0.1998 0.1303 0.9711
vn 0.8863 0.1713 -0.4302
vn 0.9171 0.1666 -0.3623
vn 0.8725 0.1604 -0.4616
vn 0.7959 0.1583 -0.5844
vn 0.4886 0.1531 -0.8590
vn 0.6657 0.1676 -0.7271
vn 0.6423 0.1787 -0.7453
vn 0.6509 0.1612 -0.7418
vn 0.8023 0.1624 0.5745
vn 0.7056 0.1352 0.6956
vn 0.8549 0.1695 0.4903
vn 0.7816 0.1679 0.6007
vn 0.7986 0.1763 -0.5755
vn 0.8032 0.1850 -0.5662
vn -0.0929 0.1397 0.9858
vn -0.1632 0.1173 0.9796
vn 0.1327 0.1012 0.9860
vn 0.1966 0.1203 0.9731
vn 0.9762 0.1809 -0.1196
vn 0.9714 0.1969 -0.1325
vn 0.3986 0.1355 0.9071
vn 0.4494 0.1462 0.8813
vn 0.4237 0.1416 -0.8947
vn 0.4710 0.1637 -0.8668
vn 0.4409 0.1190 -0.8896
vn 0.2388 0.1047 -0.9654
vn 0.4877 0.1630 -0.8577
vn 0.4662 0.1459 -0.8726
vn -0.0489 0.1157 0.9921
vn -0.1693 0.1253 0.9776
vn -0.0999 0.1109 0.9888
vn -0.0726 0.0947 0.9929
vn 0.0272 0.0634 0.9976
vn 0.8614 0.1288 0.4913
vn 0.9903 0.1388 0.0089
vn 0.4039 0.1078 0.9084
vn 0.6890 0.0976 0.7182
vn 0.4915 0.1529 -0.8573
vn 0.4968 0.1267 -0.8586
vn 0.6561 0.1642 -0.7366
vn 0.5594 0.1586 -0.8136
vn -0.2585 0.1256 0.9578
vn -0.4646 0.1619 0.8706
vn -0.4460 0.1414 0.8838
vn 0.9491 0.1287 -0.2874
vn 0.9251 0.1292 -0.3570
vn 0.7390 0.1523 -0.6563
vn 0.8264 0.1623 -0.5392
vn 0.9129 0.1064 -0.3942
vn 0.9371 0.0977 -0.3350
vn 0.7621 0.1198 -0.6363
vn 0.5870 0.1405 -0.7973
vn 0.6648 0.0684 0.7439
vn 0.9213 0.1131 0.3721
vn 0.7835 0.1379 -0.6060
vn -0.3588 0.1758 0.9167
vn -0.2663 0.1663 0.9494
vn -0.5621 0.1808 0.8070
vn -0.5807 0.1875 0.7923
vn 0.9908 0.1010 0.0900
vn 0.5785 0.0932 0.8104
vn 0.3807 0.1298 -0.9155
vn 0.5364 0.0825 -0.8399
vn 0.6166 0.1246 -0.7774
vn -0.3259 0.0855 0.9415
vn -0.3445 0.1380 0.9286
vn -0.5470 0.0858 0.8327
vn -0.6106 0.1573 0.7762
vn -0.5237 0.1587 0.8370
vn -0.4100 0.1077 -0.9057
vn -0.5607 0.1345 -0.8170
vn -0.3534 0.1083 -0.9292
vn -0.5712 0.1454 -0.8078
vn -0.2093 0.1158 -0.9710
vn 0.2594 0.0679 -0.9634
vn 0.1787 0.1355 -0.9745
vn -0.0592 0.1126 -0.9919
vn -0.9792 0.1976 -0.0454
vn -0.8159 0.1593 -0.5558
vn -0.8954 0.1599 -0.4156
vn -0.9601 0.1609 -0.2286
vn -0.1255 0.0879 -0.9882
vn -0.2008 0.1346 -0.9703
vn -0.6186 0.1519 0.7709
vn -0.9384 0.1581 0.3072
vn -0.9075 0.1573 0.3895
vn -0.6729 0.1566 0.7229
vn -0.8275 0.1602 -0.5382
vn -0.7546 0.1361 -0.6420
vn -0.9468 0.1675 0.2748
vn -0.9672 0.1769 -0.1824
vn -0.9855 0.1655 -0.0386
vn -0.9706 0.1541 0.1851
vn 0.4730 0.0877 -0.8767
vn 0.3884 0.1418 -0.9105
vn -0.1028 0.1246 -0.9869
vn 0.1992 0.1096 -0.9738
vn -0.9123 0.1250 0.3899
vn -0.7395 0.1329 0.6599
vn -0.5777 0.1131 -0.8084
vn -0.7676 0.1080 -0.6318
vn -0.9918 0.1259 -0.0208
vn -0.9760 0.1202 0.1813
vn 0.4034 0.1359 -0.9049
vn 0.2671 0.1280 -0.9551
vn -0.5319 0.1319 0.8364
vn -0.6157 0.1132 0.7798
vn -0.3484 0.1042 0.9315
vn -0.2875 0.1565 0.9449
vn -0.3365 0.1018 -0.9362
vn 0.2010 0.1186 -0.9724
vn -0.0086 0.1234 -0.9923
vn -0.9032 0.1084 -0.4153
vn -0.9674 0.1096 -0.2282
vn -0.1692 0.1131 -0.9791
vn -0.2787 0.0664 -0.9581
vn -0.7233 0.1016 -0.6831
vn 0.0099 0.1087 -0.9940
vn 0.0533 0.0813 -0.9953
vn -0.9580 0.0921 -0.2714
vn -0.9587 0.0812 -0.2726
vn -0.3073 0.0969 -0.9467
vn -0.8549 0.1028 0.5084
vn -0.7840 0.1003 0.6127
vn -0.7510 0.0738 -0.6562
vn -0.9883 0.1076 0.1085
vn -0.9860 0.0896 0.1403
vn 0.2991 0.1123 -0.9476
vn 0.3816 0.0734 -0.9214
vn -0.3348 0.1325 0.9329
vn -0.1579 0.1146 0.9808
vn 0.2978 0.1312 0.9456
vn 0.6610 0.6461 0.3816
vn 0.4906 0.6461 0.5847
vn 0.3432 0.8456 0.4090
vn 0.4623 0.8456 0.2669
vn 0.0009 0.6441 0.7649
vn -0.2413 0.6358 0.7332
vn -0.1560 0.8355 0.5270
vn 0.0005 0.8439 0.5364
vn -0.4584 0.6302 -0.6267
vn -0.2310 0.6246 -0.7460
vn -0.1477 0.8148 -0.5607
vn -0.3033 0.8118 -0.4990
vn 0.7516 0.6461 0.1325
vn 0.5258 0.8456 0.0927
vn -0.6357 0.6503 -0.4159
vn -0.4351 0.8317 -0.3449
vn 0.7553 0.6428 -0.1280
vn 0.5315 0.8425 -0.0879
vn -0.7365 0.6656 -0.1205
vn -0.5218 0.8494 -0.0797
vn 0.6831 0.6346 -0.3613
vn 0.4963 0.8337 -0.2422
vn -0.7281 0.6562 0.1983
vn -0.5049 0.8365 0.2130
vn 0.5374 0.6316 -0.5588
vn 0.4160 0.8276 -0.3769
vn -0.6181 0.6380 0.4593
vn -0.4043 0.8186 0.4078
vn 0.3064 0.6355 -0.7087
vn 0.2530 0.8320 -0.4937
vn 0.2610 0.6461 0.7172
vn 0.1826 0.8456 0.5017
vn -0.4460 0.6304 0.6353
vn -0.2800 0.8213 0.4971
vn 0.0305 0.6326 -0.7739
vn 0.0401 0.8296 -0.5569
vn -0.0536 0.9842 0.1687
vn -0.0097 0.9745 0.2241
vn 0.1290 0.9914 -0.0219
vn 0.1039 0.9932 -0.0525
vn -0.0002 0.9981 0.0609
vn 0.0201 0.9983 0.0553
vn 0.0154 0.9850 0.1716
vn 0.0381 0.9947 -0.0954
vn 0.0378 0.9983 0.0450
vn 0.0022 0.9956 0.0932
vn -0.0007 0.9874 -0.1583
vn 0.0509 0.9983 0.0294
vn -0.0166 0.9804 -0.1963
vn 0.0579 0.9983 0.0102
vn -0.0385 0.9877 -0.1517
vn 0.0662 0.9978 -0.0076
vn -0.0622 0.9981 0.0011
vn 0.0968 0.9952 -0.0115
vn -0.0002 0.9202 -0.3915
vn -0.1340 0.9201 -0.3681
vn 0.3705 0.9288 -0.0007
vn 0.2982 0.9372 -0.1810
vn -0.0590 0.9259 0.3731
vn 0.0289 0.9309 0.3642
vn -0.2518 0.9201 -0.3000
vn 0.1523 0.9289 -0.3376
vn 0.1456 0.9508 0.2735
vn -0.3392 0.9201 -0.1958
vn 0.2712 0.9512 0.1473
vn -0.3857 0.9201 -0.0680
vn 0.3490 0.9348 0.0664
vn -0.3801 0.9223 0.0694
vn 0.3771 0.9230 0.0763
vn -0.3021 0.9298 0.2104
vn 0.3783 0.9212 0.0915
vn -0.1727 0.9313 0.3208
vn -0.3020 0.4696 -0.8297
vn -0.5675 0.4696 -0.6763
vn 0.6054 0.5009 -0.6186
vn 0.3134 0.4822 -0.8181
vn 0.0122 0.4739 0.8805
vn 0.3166 0.5103 0.7996
vn -0.7646 0.4696 -0.4414
vn -0.0001 0.4694 -0.8830
vn 0.6016 0.5145 0.6110
vn -0.8695 0.4696 -0.1533
vn 0.7896 0.4861 0.3746
vn -0.8682 0.4717 0.1540
vn 0.8755 0.4562 0.1592
vn -0.7508 0.4834 0.4502
vn 0.8789 0.4730 -0.0619
vn -0.5350 0.4847 0.6920
vn 0.8024 0.4937 -0.3353
vn -0.2696 0.4728 0.8389
vn -0.6420 0.0489 -0.7651
vn -0.8650 0.0489 -0.4994
vn 0.3458 0.0494 -0.9370
vn -0.0000 0.0489 -0.9988
vn 0.3483 0.0514 0.9360
vn 0.6596 0.0523 0.7498
vn -0.9836 0.0489 -0.1734
vn 0.8782 0.0508 0.4757
vn -0.9836 0.0490 0.1735
vn 0.9834 0.0488 0.1749
vn -0.8642 0.0494 0.5007
vn 0.9892 0.0506 -0.1378
vn -0.6391 0.0495 0.7675
vn 0.8849 0.0517 -0.4628
vn -0.3381 0.0493 0.9398
vn -0.3416 0.0489 -0.9386
vn 0.6591 0.0508 -0.7504
vn 0.0012 0.0495 0.9988
vn -0.8657 -0.0291 -0.4998
vn -0.9844 -0.0291 -0.1736
vn 0.6531 -0.0284 0.7567
vn 0.8734 -0.0293 0.4861
vn -0.9844 -0.0290 0.1736
vn 0.9841 -0.0300 0.1748
vn -0.8659 -0.0283 0.4995
vn 0.9882 -0.0275 -0.1510
vn -0.6433 -0.0294 0.7650
vn 0.8790 -0.0254 -0.4761
vn -0.3431 -0.0324 0.9387
vn -0.0000 -0.0291 -0.9996
vn -0.3419 -0.0291 -0.9393
vn 0.6535 -0.0251 -0.7565
vn -0.0004 -0.0341 0.9994
vn -0.6425 -0.0291 -0.7657
vn 0.3444 -0.0281 -0.9384
vn 0.3457 -0.0297 0.9379
vn 0.6383 0.2686 0.7214
vn 0.3363 0.2464 0.9090
vn 0.3355 0.3046 0.8914
vn 0.6202 0.3388 0.7075
vn -0.9750 0.1437 -0.1695
vn -0.8574 0.1526 -0.4915
vn -0.8548 0.1154 -0.5059
vn -0.9788 0.1097 -0.1728
vn 0.8411 0.2955 0.4530
vn 0.8140 0.3719 0.4462
vn -0.9750 0.1442 0.1692
vn -0.9788 0.1127 0.1711
vn 0.9368 0.3086 0.1649
vn 0.9075 0.3897 0.1567
vn -0.8584 0.1586 0.4878
vn -0.8595 0.1371 0.4924
vn 0.9452 0.2963 -0.1368
vn 0.9146 0.3757 -0.1497
vn -0.6375 0.1837 0.7482
vn -0.6342 0.1785 0.7523
vn 0.8488 0.2617 -0.4594
vn 0.8181 0.3284 -0.4721
vn -0.3389 0.2111 0.9168
vn -0.3310 0.2257 0.9162
vn -0.3394 0.1695 -0.9252
vn -0.0038 0.1821 -0.9833
vn 0.0048 0.1603 -0.9871
vn -0.3301 0.1289 -0.9351
vn 0.6304 0.2226 -0.7437
vn 0.6144 0.2625 -0.7440
vn -0.0035 0.2313 0.9729
vn 0.0058 0.2687 0.9632
vn -0.6347 0.1612 -0.7557
vn -0.6248 0.1170 -0.7720
vn 0.3319 0.1973 -0.9224
vn 0.3357 0.2044 -0.9195
vn 0.6552 0.1354 0.7432
vn 0.8665 0.1453 0.4776
vn -0.9801 0.0902 -0.1769
vn -0.9802 0.0959 0.1730
vn 0.9744 0.1518 0.1658
vn -0.8609 0.1000 0.4989
vn 0.9754 0.1416 -0.1689
vn -0.6345 0.1075 0.7654
vn 0.8578 0.1012 -0.5040
vn -0.3273 0.1161 0.9377
vn 0.0168 -0.0159 -0.9997
vn -0.3220 -0.0136 -0.9466
vn 0.6357 0.0465 -0.7705
vn 0.0191 0.1221 0.9923
vn -0.6181 0.0165 -0.7859
vn 0.3512 0.0046 -0.9363
vn 0.3607 0.1289 0.9238
vn -0.8529 0.0626 -0.5183
vn 0.8146 -0.3364 0.4726
vn 0.9272 -0.3363 0.1650
vn -0.9559 -0.2441 0.1634
vn -0.8456 -0.2528 0.4702
vn 0.9249 -0.3413 -0.1674
vn -0.6365 -0.2658 0.7240
vn 0.7935 -0.3675 -0.4851
vn -0.3509 -0.2834 0.8925
vn -0.0200 -0.4058 -0.9137
vn -0.3282 -0.3793 -0.8651
vn 0.5634 -0.3997 -0.7231
vn -0.0192 -0.3037 0.9526
vn -0.6028 -0.3339 -0.7247
vn 0.2893 -0.4137 -0.8632
vn 0.3138 -0.3182 0.8946
vn -0.8298 -0.2793 -0.4831
vn 0.6019 -0.3303 0.7271
vn -0.9547 -0.2466 -0.1664
vn -0.3040 -0.5230 -0.7963
vn -0.0225 -0.5270 -0.8496
vn -0.0142 -0.3508 -0.9363
vn -0.3226 -0.3385 -0.8840
vn -0.5512 -0.5046 -0.6645
vn -0.5911 -0.3084 -0.7453
vn -0.7598 -0.4757 -0.4431
vn -0.8221 -0.2654 -0.5037
vn -0.8786 -0.4527 -0.1517
vn -0.9575 -0.2299 -0.1742
vn -0.8809 -0.4488 0.1505
vn -0.9614 -0.2196 0.1659
vn -0.7818 -0.4506 0.4310
vn -0.8513 -0.2207 0.4761
vn -0.5936 -0.4492 0.6678
vn -0.6408 -0.2207 0.7353
vn -0.3334 -0.4444 0.8315
vn -0.3510 -0.2203 0.9101
vn -0.0216 -0.4364 0.8995
vn -0.0119 -0.2210 0.9752
vn 0.2984 -0.4282 0.8530
vn 0.3297 -0.2246 0.9170
vn 0.5784 -0.4192 0.6999
vn 0.6257 -0.2289 0.7458
vn 0.7882 -0.4105 0.4585
vn 0.8428 -0.2332 0.4851
vn 0.9006 -0.4035 0.1613
vn 0.9572 -0.2344 0.1700
vn 0.8971 -0.4103 -0.1641
vn 0.9530 -0.2454 -0.1777
vn 0.7611 -0.4423 -0.4745
vn 0.8116 -0.2790 -0.5133
vn 0.5315 -0.4817 -0.6967
vn 0.5742 -0.3175 -0.7546
vn 0.2675 -0.5122 -0.8162
vn 0.2991 -0.3430 -0.8904
vn -0.0068 0.1311 -0.9913
vn -0.3248 0.1524 -0.9334
vn 0.3170 0.1310 -0.9393
vn -0.5859 0.1957 -0.7864
vn -0.8071 0.2512 -0.5343
vn -0.9384 0.2885 -0.1900
vn -0.9418 0.2970 0.1575
vn -0.8317 0.2976 0.4686
vn -0.6228 0.2953 0.7245
vn -0.3361 0.2889 0.8964
vn -0.0032 0.2787 0.9604
vn 0.3328 0.2667 0.9045
vn 0.6269 0.2535 0.7368
vn 0.8440 0.2405 0.4794
vn 0.9592 0.2315 0.1625
vn 0.9555 0.2233 -0.1926
vn 0.8169 0.1943 -0.5430
vn 0.5869 0.1550 -0.7947
vn 0.8125 0.5679 0.1315
vn 0.8086 0.5612 -0.1765
vn -0.7134 0.5735 0.4027
vn -0.5314 0.5758 0.6213
vn 0.6917 0.5383 -0.4814
vn -0.2838 0.5782 0.7649
vn -0.0031 0.4619 -0.8869
vn -0.2825 0.4705 -0.8359
vn 0.5043 0.4985 -0.7052
vn -0.0001 0.5791 0.8152
vn -0.5027 0.4999 -0.7052
vn 0.2803 0.4694 -0.8373
vn 0.2837 0.5782 0.7650
vn -0.6892 0.5407 -0.4824
vn 0.5313 0.5758 0.6214
vn -0.8052 0.5658 -0.1773
vn 0.7145 0.5722 0.4027
vn -0.8097 0.5719 0.1315
vn -0.5647 0.2550 -0.7849
vn -0.7881 0.2955 -0.5401
vn 0.3104 0.2239 -0.9239
vn -0.0026 0.2164 -0.9763
vn 0.3273 0.3256 0.8871
vn 0.6126 0.3325 0.7171
vn -0.9262 0.3229 -0.1947
vn 0.8221 0.3295 0.4643
vn -0.9306 0.3309 0.1564
vn 0.9331 0.3241 0.1558
vn -0.8212 0.3310 0.4649
vn 0.9291 0.3151 -0.1935
vn -0.6127 0.3323 0.7171
vn 0.7901 0.2927 -0.5386
vn -0.3274 0.3258 0.8869
vn 0.5660 0.2528 -0.7847
vn 0.0007 0.3187 0.9478
vn -0.3122 0.2258 -0.9228
vn -0.7676 -0.4692 0.4366
vn -0.8721 -0.4629 0.1585
vn -0.9736 -0.1509 0.1714
vn -0.8598 -0.1573 0.4858
vn 0.8857 -0.4328 0.1680
vn 0.7708 -0.4550 0.4460
vn 0.8292 -0.2587 0.4955
vn 0.9638 -0.1962 0.1808
vn -0.8694 -0.4690 -0.1555
vn -0.9702 -0.1544 -0.1865
vn 0.5632 -0.4901 0.6653
vn 0.6066 -0.3145 0.7301
vn -0.7362 -0.4898 -0.4670
vn -0.8185 -0.1725 -0.5481
vn 0.2675 -0.5730 0.7747
vn 0.2582 -0.4090 0.8752
vn -0.0013 -0.5291 -0.8485
vn 0.2772 -0.5251 -0.8046
vn 0.3101 -0.2561 -0.9156
vn -0.0020 -0.2409 -0.9706
vn -0.5182 -0.5117 -0.6853
vn -0.5746 -0.1931 -0.7954
vn -0.0067 -0.6391 0.7691
vn -0.0085 -0.4221 0.9065
vn 0.5189 -0.5093 -0.6865
vn 0.5688 -0.2775 -0.7742
vn -0.2785 -0.5248 -0.8044
vn -0.3129 -0.2167 -0.9247
vn -0.2664 -0.5884 0.7635
vn -0.2748 -0.3251 0.9049
vn 0.7386 -0.4744 -0.4789
vn 0.7961 -0.2781 -0.5375
vn -0.5569 -0.5009 0.6625
vn -0.6309 -0.1828 0.7540
vn 0.8822 -0.4403 -0.1669
vn 0.9553 -0.2160 -0.2019
vn -0.0020 -0.1878 -0.9822
vn -0.3181 -0.1795 -0.9309
vn -0.5856 -0.1551 -0.7956
vn -0.8282 -0.1193 -0.5476
vn -0.9773 -0.0911 -0.1914
vn -0.9818 -0.0822 0.1712
vn -0.8667 -0.0846 0.4917
vn -0.6460 -0.0956 0.7574
vn -0.3377 -0.1480 0.9296
vn 0.0004 -0.1792 0.9838
vn 0.3391 -0.1348 0.9311
vn 0.6468 -0.0884 0.7575
vn 0.8664 -0.0815 0.4926
vn 0.9820 -0.0779 0.1723
vn 0.9774 -0.0873 -0.1924
vn 0.8281 -0.1163 -0.5484
vn 0.5862 -0.1570 -0.7948
vn 0.3166 -0.1816 -0.9310
vn 0.6548 0.1658 0.7374
vn 0.8647 0.1911 0.4644
vn 0.8740 0.0054 0.4859
vn 0.6528 -0.0101 0.7574
vn -0.8582 0.1344 -0.4955
vn -0.9759 0.1344 -0.1721
vn -0.9847 -0.0164 -0.1736
vn -0.8659 -0.0164 -0.4999
vn 0.3457 0.1492 0.9264
vn 0.3457 -0.0185 0.9382
vn 0.3401 0.1356 -0.9306
vn -0.0001 0.1338 -0.9910
vn -0.0000 -0.0164 -0.9999
vn 0.3436 -0.0159 -0.9390
vn -0.6369 0.1342 -0.7592
vn -0.6427 -0.0164 -0.7659
vn 0.0003 0.1472 0.9891
vn -0.0006 -0.0168 0.9999
vn 0.6490 0.1445 -0.7470
vn 0.6516 -0.0142 -0.7584
vn -0.3388 0.1338 -0.9313
vn -0.3420 -0.0164 -0.9396
vn -0.3366 0.1434 0.9307
vn -0.3441 -0.0172 0.9388
vn 0.8727 0.1686 -0.4582
vn 0.8783 -0.0037 -0.4780
vn -0.6356 0.1381 0.7595
vn -0.6444 -0.0173 0.7645
vn 0.9714 0.1954 -0.1346
vn 0.9884 0.0105 -0.1512
vn -0.8579 0.1349 0.4958
vn -0.8663 -0.0169 0.4992
vn 0.9637 0.2051 0.1709
vn 0.9845 0.0160 0.1746
vn -0.9759 0.1344 0.1721
vn -0.9847 -0.0164 0.1736
vn -0.2695 0.1553 0.9504
vn -0.0043 0.0445 0.9990
vn 0.2781 0.0557 0.9589
vn 0.6238 0.1321 0.7703
vn 0.3068 0.1077 -0.9457
vn 0.0039 0.1022 -0.9948
vn -0.6147 0.2496 0.7483
vn -0.8370 0.2671 0.4775
vn -0.9490 0.2716 0.1600
vn -0.9410 0.2703 -0.2037
vn -0.7891 0.2570 -0.5580
vn -0.5496 0.2088 -0.8089
vn 0.7962 0.2187 -0.5641
vn 0.5643 0.1531 -0.8113
vn 0.9318 0.2819 -0.2288
vn 0.8351 0.2168 0.5055
vn 0.9442 0.2875 0.1606
vn -0.2988 0.1405 -0.9439
vn 0.2755 -0.1160 -0.9543
vn 0.5349 -0.0179 -0.8447
vn 0.4709 -0.2359 -0.8501
vn 0.2449 -0.2717 -0.9307
vn 0.9603 0.1014 -0.2599
vn 0.9754 0.1176 0.1863
vn 0.9546 -0.2061 0.2150
vn 0.9366 -0.2371 -0.2580
vn 0.6033 0.0764 0.7939
vn 0.2560 0.0234 0.9664
vn 0.1989 -0.1171 0.9730
vn 0.5478 -0.0965 0.8310
vn -0.2539 0.0261 0.9669
vn -0.6115 0.0661 0.7885
vn -0.6344 -0.1560 0.7571
vn -0.2146 -0.0874 0.9728
vn -0.9823 0.0805 0.1692
vn -0.9764 0.0776 -0.2017
vn -0.9658 -0.1990 -0.1662
vn -0.9611 -0.2194 0.1676
vn 0.7816 0.1009 -0.6156
vn 0.7251 -0.1810 -0.6644
vn 0.8357 0.1185 0.5363
vn 0.8181 -0.1087 0.5646
vn -0.0028 -0.0269 0.9996
vn -0.0099 -0.1001 0.9949
vn -0.8670 0.0849 0.4910
vn -0.8673 -0.1808 0.4637
vn -0.8221 0.0765 -0.5642
vn -0.8337 -0.1227 -0.5385
vn -0.5534 0.0167 -0.8328
vn -0.2862 -0.0966 -0.9533
vn -0.2584 -0.2355 -0.9369
vn -0.5430 -0.1439 -0.8273
vn -0.0030 -0.1513 -0.9885
vn -0.0065 -0.2766 -0.9610
vn 0.2672 -0.5124 -0.8161
vn 0.1722 -0.5104 -0.8425
vn -0.0251 -0.5307 -0.8472
vn 0.6843 -0.2973 -0.6659
vn 0.8783 -0.4244 -0.2200
vn 0.9051 -0.3848 0.1810
vn 0.8079 -0.2114 0.5501
vn 0.2677 -0.4561 0.8487
vn 0.0326 -0.4150 0.9092
vn -0.0092 -0.4043 0.9146
vn -0.1054 -0.4006 0.9102
vn -0.4365 -0.5135 0.7387
vn -0.7050 -0.6002 0.3778
vn -0.7903 -0.5995 0.1262
vn -0.8012 -0.5849 -0.1262
vn -0.7549 -0.4969 -0.4281
vn -0.5101 -0.5100 -0.6926
vn -0.2344 -0.5412 -0.8075
vn 0.5358 -0.8221 -0.1923
vn 0.4427 -0.6091 -0.6581
vn 0.5372 -0.6219 0.5698
vn 0.5786 -0.7869 0.2145
vn -0.4027 -0.9020 -0.1558
vn -0.3711 -0.8772 -0.3045
vn -0.7961 -0.5684 0.2078
vn -0.6139 -0.5787 0.5369
vn -0.0136 -0.9480 0.3180
vn 0.2034 -0.8645 0.4597
vn 0.3326 -0.9341 -0.1299
vn -0.0137 -0.9504 -0.3107
vn -0.3592 -0.9318 -0.0523
vn -0.3609 -0.9115 0.1971
vn -0.8079 -0.5781 0.1146
vn -0.8322 -0.5511 0.0612
vn -0.1893 -0.9680 0.1647
vn -0.1473 -0.9885 -0.0347
vn 0.7088 -0.6957 -0.1166
vn 0.3260 -0.9407 -0.0939
vn -0.3106 -0.8908 0.3317
vn -0.7472 -0.6638 0.0334
vn -0.3515 -0.8379 0.4176
vn -0.4367 -0.8728 -0.2179
vn -0.1147 -0.9755 -0.1877
vn -0.2858 -0.8124 0.5082
vn -0.1831 -0.9824 -0.0366
vn -0.1954 -0.9771 -0.0843
vn 0.1436 -0.8419 0.5202
vn 0.4819 -0.8136 0.3254
vn 0.0145 -0.9047 0.4259
vn 0.3107 -0.9473 0.0784
vn -0.1135 -0.9799 -0.1642
vn -0.0378 -0.9507 -0.3079
vn -0.0361 -0.9665 0.2540
vn 0.0014 -0.9224 0.3863
vn 0.0054 -0.9999 -0.0111
vn 0.7662 -0.6408 0.0478
vn -0.3995 -0.8181 0.4137
vn -0.6843 -0.7270 -0.0570
vn 0.6610 -0.6461 -0.3816
vn 0.4906 -0.6461 -0.5847
vn 0.3432 -0.8456 -0.4090
vn 0.4623 -0.8456 -0.2669
vn -0.0004 -0.6464 -0.7630
vn -0.2635 -0.6470 -0.7156
vn -0.1858 -0.8465 -0.4990
vn -0.0004 -0.8458 -0.5335
vn -0.5391 -0.6322 0.5565
vn -0.3049 -0.6381 0.7071
vn -0.2516 -0.8341 0.4909
vn -0.4181 -0.8282 0.3733
vn 0.7516 -0.6461 -0.1325
vn 0.5258 -0.8456 -0.0927
vn -0.6854 -0.6352 0.3560
vn -0.4988 -0.8345 0.2341
vn 0.7553 -0.6428 0.1280
vn 0.5315 -0.8425 0.0879
vn -0.7562 -0.6426 0.1232
vn -0.5318 -0.8430 0.0805
vn 0.6831 -0.6346 0.3613
vn 0.4963 -0.8337 0.2422
vn -0.7522 -0.6454 -0.1326
vn -0.5255 -0.8457 -0.0927
vn 0.5374 -0.6316 0.5588
vn 0.4160 -0.8276 0.3769
vn -0.6635 -0.6460 -0.3774
vn -0.4651 -0.8462 -0.2600
vn 0.3046 -0.6378 0.7074
vn 0.2513 -0.8339 0.4914
vn 0.2610 -0.6461 -0.7172
vn 0.1826 -0.8456 -0.5017
vn -0.4946 -0.6469 -0.5805
vn -0.3483 -0.8467 -0.4022
vn -0.0000 -0.6439 0.7651
vn -0.0000 -0.8412 0.5408
vn -0.0573 -0.9983 -0.0101
vn -0.0532 -0.9984 -0.0210
vn 0.1290 -0.9914 0.0219
vn 0.1030 -0.9934 0.0503
vn -0.0003 -0.9983 -0.0581
vn 0.0201 -0.9983 -0.0552
vn -0.0423 -0.9984 -0.0363
vn -0.0000 -0.9979 0.0647
vn 0.0378 -0.9983 -0.0450
vn -0.0229 -0.9984 -0.0513
vn -0.1030 -0.9934 0.0496
vn 0.0509 -0.9983 -0.0294
vn -0.1302 -0.9913 0.0172
vn 0.0579 -0.9983 -0.0102
vn -0.0979 -0.9952 0.0018
vn 0.0662 -0.9978 0.0076
vn -0.0654 -0.9979 -0.0011
vn 0.0968 -0.9952 0.0115
vn -0.0002 -0.9199 0.3921
vn -0.1340 -0.9201 0.3681
vn 0.3371 -0.9193 0.2033
vn 0.2480 -0.9187 0.3075
vn -0.0592 -0.9257 -0.3736
vn -0.0000 -0.9213 -0.3890
vn -0.2518 -0.9201 0.3000
vn 0.1318 -0.9191 0.3713
vn 0.0592 -0.9255 -0.3741
vn -0.3392 -0.9201 0.1958
vn 0.1718 -0.9301 -0.3246
vn -0.3857 -0.9201 0.0680
vn 0.3011 -0.9282 -0.2188
vn -0.3801 -0.9223 -0.0694
vn 0.3807 -0.9215 -0.0771
vn -0.3021 -0.9298 -0.2104
vn 0.3860 -0.9200 0.0681
vn -0.1727 -0.9313 -0.3208
vn -0.3020 -0.4696 0.8297
vn -0.5675 -0.4696 0.6763
vn 0.5654 -0.4679 0.6793
vn 0.3009 -0.4681 0.8308
vn -0.0000 -0.4596 -0.8881
vn 0.2696 -0.4726 -0.8390
vn -0.7646 -0.4696 0.4414
vn -0.0001 -0.4694 0.8830
vn 0.5345 -0.4832 -0.6934
vn -0.8695 -0.4696 0.1533
vn 0.7497 -0.4817 -0.4538
vn -0.8682 -0.4717 -0.1540
vn 0.8678 -0.4713 -0.1575
vn -0.7508 -0.4834 -0.4502
vn 0.8690 -0.4706 0.1532
vn -0.5350 -0.4847 -0.6920
vn 0.7630 -0.4692 0.4446
vn -0.2696 -0.4728 -0.8389
vn -0.6420 -0.0489 0.7651
vn -0.8650 -0.0489 0.4994
vn 0.3415 -0.0489 0.9386
vn -0.0000 -0.0489 0.9988
vn 0.3381 -0.0493 -0.9398
vn 0.6390 -0.0494 -0.7676
vn -0.9836 -0.0489 0.1734
vn 0.8640 -0.0493 -0.5011
vn -0.9836 -0.0490 -0.1735
vn 0.9835 -0.0489 -0.1739
vn -0.8642 -0.0494 -0.5007
vn 0.9836 -0.0489 0.1734
vn -0.6391 -0.0495 -0.7675
vn 0.8648 -0.0489 0.4997
vn -0.3381 -0.0493 -0.9398
vn -0.3416 -0.0489 0.9386
vn 0.6417 -0.0488 0.7654
vn -0.0000 -0.0489 -0.9988
vn -0.8657 0.0291 0.4998
vn -0.9844 0.0291 0.1736
vn 0.6434 0.0295 -0.7650
vn 0.8659 0.0283 -0.4994
vn -0.9844 0.0290 -0.1736
vn 0.9844 0.0287 -0.1734
vn -0.8659 0.0283 -0.4995
vn 0.9844 0.0285 0.1736
vn -0.6433 0.0294 -0.7650
vn 0.8657 0.0287 0.4997
vn -0.3432 0.0323 -0.9387
vn -0.0000 0.0291 0.9996
vn -0.3419 0.0291 0.9393
vn 0.6426 0.0291 0.7656
vn -0.0000 0.0348 -0.9994
vn -0.6425 0.0291 0.7657
vn 0.3419 0.0292 0.9393
vn 0.3431 0.0324 -0.9387
vn 0.6245 -0.2383 -0.7438
vn 0.3320 -0.2463 -0.9106
vn 0.3404 -0.3054 -0.8893
vn 0.6177 -0.3260 -0.7157
vn -0.9750 -0.1437 0.1695
vn -0.8574 -0.1526 0.4915
vn -0.8548 -0.1154 0.5059
vn -0.9788 -0.1097 0.1728
vn 0.8427 -0.2347 -0.4845
vn 0.8197 -0.3379 -0.4625
vn -0.9750 -0.1442 -0.1692
vn -0.9788 -0.1127 -0.1711
vn 0.9581 -0.2320 -0.1682
vn 0.9256 -0.3433 -0.1598
vn -0.8584 -0.1586 -0.4878
vn -0.8595 -0.1371 -0.4924
vn 0.9582 -0.2309 0.1691
vn 0.9263 -0.3391 0.1641
vn -0.6426 -0.1895 -0.7424
vn -0.6468 -0.1827 -0.7405
vn 0.8416 -0.2259 0.4905
vn 0.8175 -0.3122 0.4839
vn -0.3543 -0.2319 -0.9059
vn -0.3619 -0.2390 -0.9011
vn -0.3394 -0.1695 0.9252
vn -0.0038 -0.1821 0.9833
vn 0.0048 -0.1603 0.9871
vn -0.3301 -0.1289 0.9351
vn 0.6231 -0.2122 0.7528
vn 0.6126 -0.2592 0.7467
vn -0.0112 -0.2541 -0.9671
vn -0.0058 -0.2820 -0.9594
vn -0.6347 -0.1612 0.7557
vn -0.6248 -0.1170 0.7720
vn 0.3315 -0.1965 0.9228
vn 0.3357 -0.2043 0.9195
vn 0.6509 -0.1279 -0.7483
vn 0.8666 -0.1330 -0.4809
vn -0.9801 -0.0902 0.1769
vn -0.9802 -0.0959 -0.1730
vn 0.9770 -0.1335 -0.1661
vn -0.8609 -0.1000 -0.4989
vn 0.9767 -0.1284 0.1721
vn -0.6493 -0.1049 -0.7533
vn 0.8574 -0.0973 0.5054
vn -0.3561 -0.1161 -0.9272
vn 0.0168 0.0159 0.9997
vn -0.3220 0.0136 0.9466
vn 0.6357 -0.0464 0.7705
vn 0.0101 -0.1330 -0.9911
vn -0.6181 -0.0165 0.7859
vn 0.3512 -0.0046 0.9363
vn 0.3579 -0.1321 -0.9244
vn -0.8529 -0.0626 0.5183
vn 0.8131 0.3393 -0.4729
vn 0.9254 0.3412 -0.1648
vn -0.9559 0.2441 -0.1634
vn -0.8456 0.2528 -0.4702
vn 0.9235 0.3448 0.1680
vn -0.6387 0.2718 -0.7198
vn 0.7930 0.3683 0.4852
vn -0.3534 0.2799 -0.8926
vn -0.0200 0.4058 0.9137
vn -0.3282 0.3793 0.8651
vn 0.5634 0.3997 0.7231
vn -0.0259 0.2822 -0.9590
vn -0.6028 0.3339 0.7247
vn 0.2893 0.4137 0.8632
vn 0.2887 0.3066 -0.9070
vn -0.8298 0.2793 0.4831
vn 0.5871 0.3314 -0.7386
vn -0.9547 0.2466 0.1664
vn -0.3040 0.5230 0.7963
vn -0.0225 0.5270 0.8496
vn -0.0142 0.3508 0.9363
vn -0.3226 0.3385 0.8840
vn -0.5512 0.5046 0.6645
vn -0.5911 0.3084 0.7453
vn -0.7598 0.4757 0.4431
vn -0.8221 0.2654 0.5037
vn -0.8786 0.4527 0.1517
vn -0.9575 0.2299 0.1742
vn -0.8809 0.4488 -0.1505
vn -0.9614 0.2196 -0.1659
vn -0.7818 0.4506 -0.4310
vn -0.8513 0.2207 -0.4761
vn -0.5924 0.4470 -0.6703
vn -0.6433 0.2211 -0.7330
vn -0.3245 0.4383 -0.8382
vn -0.3525 0.2236 -0.9087
vn -0.0268 0.4204 -0.9069
vn -0.0163 0.2171 -0.9760
vn 0.2702 0.4083 -0.8719
vn 0.3141 0.2137 -0.9250
vn 0.5654 0.4118 -0.7146
vn 0.6169 0.2245 -0.7544
vn 0.7881 0.4106 -0.4586
vn 0.8428 0.2332 -0.4851
vn 0.9005 0.4039 -0.1614
vn 0.9572 0.2344 -0.1700
vn 0.8970 0.4105 0.1641
vn 0.9530 0.2454 0.1777
vn 0.7611 0.4423 0.4745
vn 0.8116 0.2790 0.5133
vn 0.5315 0.4817 0.6967
vn 0.5742 0.3175 0.7546
vn 0.2675 0.5122 0.8162
vn 0.2991 0.3430 0.8904
vn -0.0068 -0.1311 0.9913
vn -0.3248 -0.1524 0.9334
vn 0.3170 -0.1310 0.9393
vn -0.5859 -0.1957 0.7864
vn -0.8071 -0.2512 0.5343
vn -0.9384 -0.2885 0.1900
vn -0.9418 -0.2970 -0.1575
vn -0.8317 -0.2976 -0.4686
vn -0.6284 -0.2905 -0.7216
vn -0.3581 -0.2885 -0.8880
vn -0.0121 -0.2822 -0.9593
vn 0.3409 -0.2817 -0.8969
vn 0.6261 -0.2632 -0.7340
vn 0.8440 -0.2407 -0.4793
vn 0.9592 -0.2315 -0.1625
vn 0.9555 -0.2233 0.1926
vn 0.8169 -0.1943 0.5430
vn 0.5869 -0.1550 0.7947
vn 0.8125 -0.5679 -0.1315
vn 0.8086 -0.5612 0.1765
vn -0.7134 -0.5735 -0.4027
vn -0.5367 -0.5717 -0.6206
vn 0.6917 -0.5383 0.4814
vn -0.3180 -0.5795 -0.7503
vn -0.0031 -0.4619 0.8869
vn -0.2825 -0.4705 0.8359
vn 0.5043 -0.4985 0.7052
vn -0.0157 -0.6121 -0.7907
vn -0.5027 -0.4999 0.7052
vn 0.2803 -0.4694 0.8373
vn 0.3045 -0.6024 -0.7378
vn -0.6892 -0.5407 0.4824
vn 0.5378 -0.5801 -0.6117
vn -0.8052 -0.5658 0.1773
vn 0.7144 -0.5725 -0.4023
vn -0.8097 -0.5719 -0.1315
vn -0.5647 -0.2550 0.7849
vn -0.7881 -0.2955 0.5401
vn 0.3104 -0.2239 0.9239
vn -0.0026 -0.2164 0.9763
vn 0.3385 -0.3387 -0.8779
vn 0.6144 -0.3300 -0.7167
vn -0.9262 -0.3229 0.1947
vn 0.8221 -0.3293 -0.4645
vn -0.9306 -0.3309 -0.1564
vn 0.9331 -0.3241 -0.1558
vn -0.8212 -0.3310 -0.4649
vn 0.9291 -0.3151 0.1935
vn -0.6146 -0.3311 -0.7160
vn 0.7901 -0.2927 0.5386
vn -0.3461 -0.3201 -0.8819
vn 0.5660 -0.2528 0.7847
vn -0.0069 -0.3514 -0.9362
vn -0.3122 -0.2258 0.9228
vn -0.7676 0.4692 -0.4366
vn -0.8721 0.4629 -0.1585
vn -0.9736 0.1509 -0.1714
vn -0.8598 0.1573 -0.4858
vn 0.8857 0.4328 -0.1680
vn 0.7700 0.4545 -0.4478
vn 0.8288 0.2572 -0.4969
vn 0.9638 0.1962 -0.1808
vn -0.8694 0.4690 0.1555
vn -0.9702 0.1544 0.1865
vn 0.5403 0.4882 -0.6853
vn 0.5915 0.2982 -0.7491
vn -0.7362 0.4898 0.4670
vn -0.8185 0.1725 0.5481
vn 0.2228 0.5553 -0.8012
vn 0.2218 0.3796 -0.8982
vn -0.0013 0.5291 0.8486
vn 0.2772 0.5251 0.8046
vn 0.3101 0.2561 0.9156
vn -0.0020 0.2409 0.9706
vn -0.5182 0.5117 0.6853
vn -0.5746 0.1931 0.7954
vn 0.0206 0.6116 -0.7909
vn 0.0112 0.4196 -0.9076
vn 0.5189 0.5093 0.6865
vn 0.5688 0.2775 0.7742
vn -0.2785 0.5248 0.8044
vn -0.3129 0.2167 0.9247
vn -0.2129 0.5938 -0.7759
vn -0.2428 0.3002 -0.9224
vn 0.7386 0.4744 0.4789
vn 0.7961 0.2781 0.5375
vn -0.5535 0.5022 -0.6644
vn -0.6296 0.1811 -0.7555
vn 0.8822 0.4403 0.1669
vn 0.9553 0.2160 0.2019
vn -0.0020 0.1878 0.9822
vn -0.3181 0.1795 0.9309
vn -0.5856 0.1551 0.7956
vn -0.8282 0.1193 0.5476
vn -0.9773 0.0911 0.1914
vn -0.9818 0.0822 -0.1712
vn -0.8667 0.0846 -0.4917
vn -0.6453 0.0969 -0.7578
vn -0.3180 0.1663 -0.9334
vn 0.0099 0.1648 -0.9863
vn 0.3202 0.1371 -0.9374
vn 0.6346 0.0935 -0.7672
vn 0.8658 0.0819 -0.4936
vn 0.9820 0.0779 -0.1723
vn 0.9774 0.0873 0.1924
vn 0.8281 0.1163 0.5484
vn 0.5862 0.1570 0.7948
vn 0.3166 0.1816 0.9310
vn 0.6353 -0.1373 -0.7599
vn 0.8579 -0.1346 -0.4959
vn 0.8664 0.0168 -0.4990
vn 0.6443 0.0178 -0.7646
vn -0.8582 -0.1344 0.4955
vn -0.9759 -0.1344 0.1721
vn -0.9847 0.0164 0.1736
vn -0.8659 0.0164 0.4999
vn 0.3387 -0.1465 -0.9294
vn 0.3446 0.0176 -0.9386
vn 0.3388 -0.1341 0.9313
vn -0.0001 -0.1338 0.9910
vn -0.0000 0.0164 0.9999
vn 0.3420 0.0163 0.9395
vn -0.6369 -0.1342 0.7592
vn -0.6427 0.0164 0.7659
vn -0.0015 -0.1594 -0.9872
vn 0.0014 0.0143 -0.9999
vn 0.6369 -0.1340 0.7592
vn 0.6429 0.0163 0.7658
vn -0.3388 -0.1338 0.9313
vn -0.3420 0.0164 0.9396
vn -0.3409 -0.1566 -0.9270
vn -0.3448 0.0148 -0.9386
vn 0.8582 -0.1335 0.4957
vn 0.8660 0.0163 0.4997
vn -0.6366 -0.1412 -0.7581
vn -0.6445 0.0170 -0.7644
vn 0.9760 -0.1332 0.1721
vn 0.9847 0.0164 0.1736
vn -0.8579 -0.1349 -0.4958
vn -0.8663 0.0169 -0.4992
vn 0.9760 -0.1335 -0.1723
vn 0.9847 0.0163 -0.1734
vn -0.9759 -0.1344 -0.1721
vn -0.9847 0.0164 -0.1736
vn -0.2708 -0.1504 -0.9508
vn -0.0066 -0.0546 -0.9985
vn 0.2737 -0.0615 -0.9599
vn 0.6205 -0.1344 -0.7726
vn 0.3068 -0.1077 0.9457
vn 0.0039 -0.1022 0.9948
vn -0.6159 -0.2479 -0.7478
vn -0.8370 -0.2671 -0.4775
vn -0.9490 -0.2716 -0.1600
vn -0.9410 -0.2703 0.2037
vn -0.7891 -0.2570 0.5580
vn -0.5496 -0.2088 0.8089
vn 0.7962 -0.2187 0.5641
vn 0.5643 -0.1531 0.8113
vn 0.9318 -0.2819 0.2288
vn 0.8351 -0.2171 -0.5055
vn 0.9442 -0.2875 -0.1606
vn -0.2988 -0.1405 0.9439
vn 0.2755 0.1160 0.9543
vn 0.5349 0.0179 0.8447
vn 0.4709 0.2359 0.8501
vn 0.2449 0.2717 0.9307
vn 0.9603 -0.1014 0.2599
vn 0.9754 -0.1176 -0.1863
vn 0.9546 0.2061 -0.2150
vn 0.9366 0.2371 0.2580
vn 0.6015 -0.0804 -0.7949
vn 0.2533 -0.0336 -0.9668
vn 0.1941 0.1003 -0.9758
vn 0.5470 0.0920 -0.8320
vn -0.2499 -0.0294 -0.9678
vn -0.6116 -0.0659 -0.7884
vn -0.6345 0.1557 -0.7571
vn -0.2065 0.0841 -0.9748
vn -0.9823 -0.0805 -0.1692
vn -0.9764 -0.0776 0.2017
vn -0.9658 0.1990 0.1662
vn -0.9611 0.2194 -0.1676
vn 0.7816 -0.1009 0.6156
vn 0.7251 0.1810 0.6644
vn 0.8357 -0.1185 -0.5363
vn 0.8182 0.1087 -0.5646
vn 0.0019 0.0192 -0.9998
vn -0.0055 0.0768 -0.9970
vn -0.8670 -0.0849 -0.4910
vn -0.8673 0.1808 -0.4637
vn -0.8221 -0.0765 0.5642
vn -0.8337 0.1227 0.5385
vn -0.5534 -0.0167 0.8328
vn -0.2862 0.0966 0.9533
vn -0.2584 0.2355 0.9369
vn -0.5430 0.1439 0.8273
vn -0.0030 0.1513 0.9885
vn -0.0065 0.2766 0.9610
vn 0.2672 0.5124 0.8161
vn 0.1722 0.5104 0.8425
vn -0.0251 0.5307 0.8472
vn 0.6843 0.2973 0.6659
vn 0.8783 0.4244 0.2200
vn 0.9051 0.3848 -0.1810
vn 0.8079 0.2114 -0.5501
vn 0.2703 0.4498 -0.8512
vn 0.0282 0.3851 -0.9225
vn -0.0038 0.3513 -0.9363
vn -0.0928 0.3862 -0.9177
vn -0.4367 0.5132 -0.7388
vn -0.7050 0.6002 -0.3778
vn -0.7903 0.5995 -0.1262
vn -0.8012 0.5849 0.1262
vn -0.7549 0.4969 0.4281
vn -0.5101 0.5100 0.6926
vn -0.2344 0.5412 0.8075
vn 0.5358 0.8221 0.1923
vn 0.4427 0.6091 0.6581
vn 0.5372 0.6219 -0.5698
vn 0.5786 0.7869 -0.2145
vn -0.4027 0.9020 0.1558
vn -0.3711 0.8772 0.3045
vn -0.7961 0.5684 -0.2078
vn -0.6139 0.5787 -0.5369
vn -0.0074 0.9233 -0.3841
vn 0.2230 0.8490 -0.4791
vn 0.3586 0.9275 0.1057
vn -0.0115 0.9617 0.2737
vn -0.3592 0.9318 0.0523
vn -0.3609 0.9115 -0.1971
vn -0.8079 0.5781 -0.1146
vn -0.8322 0.5511 -0.0612
vn -0.1893 0.9680 -0.1647
vn -0.1473 0.9885 0.0347
vn 0.7088 0.6957 0.1166
vn 0.3260 0.9407 0.0939
vn -0.3106 0.8908 -0.3317
vn -0.7472 0.6638 -0.0334
vn -0.3638 0.8198 -0.4422
vn -0.4580 0.8674 0.1945
vn -0.1147 0.9755 0.1877
vn -0.2858 0.8124 -0.5082
vn -0.1831 0.9824 0.0366
vn -0.1954 0.9771 0.0843
vn 0.1436 0.8419 -0.5202
vn 0.4819 0.8136 -0.3254
vn 0.0145 0.9047 -0.4259
vn 0.3107 0.9473 -0.0784
vn -0.1135 0.9799 0.1642
vn -0.0378 0.9506 0.3080
vn -0.0361 0.9665 -0.2540
vn 0.0014 0.9224 -0.3863
vn 0.0054 0.9999 0.0111
vn 0.7662 0.6408 -0.0478
vn -0.3982 0.8169 -0.4173
vn -0.6848 0.7266 0.0563
vn 0.9827 -0.1473 0.1124
vn 0.9465 -0.3006 0.1177
vn 0.9386 -0.2558 0.2313
vn 0.9640 -0.1516 0.2185
vn 0.6297 -0.2268 0.7430
vn 0.6474 -0.2390 0.7237
vn 0.3083 -0.2614 0.9147
vn 0.3514 -0.2274 0.9082
vn 0.1439 -0.0598 -0.9878
vn 0.1246 -0.2027 -0.9713
vn 0.2251 -0.2193 -0.9493
vn 0.2575 -0.0835 -0.9627
vn 0.8130 -0.1639 -0.5587
vn 0.7817 -0.2378 -0.5766
vn 0.9451 -0.2808 -0.1671
vn 0.9741 -0.1647 -0.1550
vn 0.8635 -0.1863 0.4686
vn 0.8630 -0.2154 0.4570
vn -0.0000 -0.0555 -0.9985
vn -0.0000 -0.1942 -0.9810
vn 0.0624 -0.1482 0.9870
vn -0.0370 -0.1968 0.9797
vn -0.0000 -0.1507 0.9886
vn -0.0000 -0.0904 0.9959
vn 0.5134 -0.1273 -0.8487
vn 0.4849 -0.2216 -0.8460
vn 0.2351 0.4996 -0.8337
vn 0.2524 0.6951 -0.6732
vn 0.3514 0.7394 -0.5743
vn 0.3374 0.4923 -0.8024
vn 0.1979 0.5071 0.8388
vn 0.1637 0.5989 0.7839
vn -0.0352 0.5423 0.8394
vn 0.0365 0.4763 0.8785
vn 0.1256 0.8606 0.4936
vn 0.2362 0.8953 0.3776
vn 0.2525 0.7898 0.5590
vn 0.1424 0.5529 0.8210
vn 0.3640 0.8023 -0.4732
vn 0.2016 0.4639 -0.8627
vn -0.0000 0.5035 0.8640
vn -0.0000 0.4078 0.9131
vn -0.0000 0.4727 -0.8812
vn -0.0000 0.6299 -0.7766
vn 0.1458 0.6467 -0.7487
vn 0.1166 0.4963 -0.8603
vn 0.2551 0.7059 0.6608
vn 0.2848 0.5322 0.7973
vn 0.3187 0.9074 -0.2741
vn 0.1613 0.8699 -0.4662
vn 0.1349 0.9908 -0.0042
vn 0.2636 0.9636 0.0452
vn 0.2514 0.7392 0.6248
vn 0.1021 0.6261 0.7730
vn 0.1398 0.7825 -0.6068
vn 0.2509 0.8026 -0.5412
vn 0.4043 0.8721 -0.2755
vn 0.4232 0.9020 -0.0853
vn 0.3287 0.8166 0.4744
vn -0.0000 0.7789 -0.6271
vn 0.3415 0.8357 -0.4301
vn 0.3583 0.8770 0.3202
vn 0.3997 0.9085 0.1221
vn 0.7592 -0.6474 0.0667
vn 0.3128 -0.9497 0.0173
vn 0.2950 -0.8317 0.4703
vn 0.7858 -0.5208 0.3336
vn 0.6319 -0.1729 0.7556
vn 0.5578 0.0313 0.8294
vn 0.2858 0.1702 0.9431
vn 0.2916 -0.1034 0.9509
vn 0.1047 -0.2841 -0.9531
vn 0.0960 -0.2222 -0.9703
vn 0.2123 -0.2209 -0.9519
vn 0.2082 -0.2941 -0.9328
vn 0.6194 -0.4369 -0.6523
vn 0.2665 -0.3537 -0.8966
vn 0.2966 -0.8256 -0.4800
vn 0.7724 -0.5733 -0.2734
vn 0.7365 -0.3487 0.5796
vn 0.3879 -0.2838 0.8769
vn -0.0000 -0.2738 -0.9618
vn -0.0000 -0.2187 -0.9758
vn -0.0736 -0.0701 0.9948
vn -0.0566 0.1551 0.9863
vn -0.0000 0.1196 0.9928
vn -0.0000 -0.0471 0.9989
vn 0.4206 -0.3273 -0.8462
vn 0.3574 -0.2572 -0.8978
vn 0.0365 -0.5191 0.8539
vn 0.0043 -0.5296 0.8483
vn 0.0185 -0.0295 0.9994
vn 0.0463 0.0226 0.9987
vn 0.3815 0.2919 0.8771
vn 0.2460 0.3879 0.8883
vn 0.0979 0.0665 -0.9930
vn 0.2151 0.0584 -0.9748
vn 0.0303 0.5039 0.8632
vn 0.0365 0.4756 0.8789
vn 0.0607 0.8492 0.5245
vn 0.0421 0.8581 0.5118
vn 0.2184 0.1795 0.9592
vn -0.0000 0.0662 -0.9978
vn -0.0068 0.3604 0.9328
vn -0.0000 0.2731 0.9620
vn 0.3101 0.0472 -0.9495
vn 0.1858 0.0354 -0.9820
vn 0.0035 -0.8806 0.4739
vn -0.0058 -0.8826 0.4701
vn 0.0587 0.8719 -0.4862
vn 0.0745 0.8820 -0.4654
vn 0.0640 0.5331 -0.8436
vn 0.0846 0.5160 -0.8524
vn 0.0765 0.9965 0.0325
vn 0.0561 0.9984 0.0059
vn -0.0076 -0.9999 -0.0110
vn -0.0048 -0.9994 -0.0331
vn -0.0000 -0.8702 -0.4928
vn 0.0068 -0.8497 -0.5272
vn 0.0508 0.0345 -0.9981
vn 0.1066 0.0140 -0.9942
vn 0.0289 -0.4734 -0.8804
vn 0.0516 -0.5109 -0.8581
vn 0.9027 0.4078 0.1372
vn 0.8974 0.4206 0.1333
vn 0.8662 0.4103 0.2851
vn 0.8727 0.3934 0.2891
vn 0.5840 0.3195 0.7463
vn 0.5879 0.3758 0.7163
vn 0.3498 0.2864 0.8920
vn 0.3233 0.2396 0.9155
vn 0.1773 0.3087 -0.9345
vn 0.1642 0.4050 -0.8995
vn 0.3181 0.4130 -0.8534
vn 0.3372 0.3297 -0.8818
vn 0.8024 0.3954 -0.4469
vn 0.7785 0.4409 -0.4466
vn 0.8868 0.4449 -0.1250
vn 0.9060 0.4048 -0.1234
vn 0.7832 0.3685 0.5009
vn 0.7668 0.4076 0.4958
vn -0.0000 0.3047 -0.9525
vn -0.0000 0.4096 -0.9122
vn 0.1547 0.1521 0.9762
vn 0.1663 0.2116 0.9631
vn -0.0000 0.1977 0.9803
vn -0.0000 0.1222 0.9925
vn 0.5881 0.3670 -0.7207
vn 0.5564 0.4373 -0.7065
vn 0.9819 -0.1374 -0.1300
vn 0.9772 -0.1385 0.1610
vn 0.3286 -0.2276 -0.9166
vn 0.5997 -0.1881 -0.7778
vn 0.2364 -0.3385 0.9108
vn 0.1274 -0.4311 0.8933
vn 0.9344 -0.1527 0.3219
vn 0.8131 -0.1838 0.5523
vn 0.8589 -0.1515 -0.4892
vn -0.0000 -0.4416 0.8972
vn -0.0000 -0.2649 -0.9643
vn 0.1719 -0.2578 -0.9508
vn 0.5449 -0.2480 0.8009
vn 0.4918 -0.4892 0.7203
vn 0.7541 -0.4189 0.5058
vn 0.1714 -0.5193 -0.8372
vn -0.0000 -0.5529 -0.8332
vn -0.0000 -0.6783 0.7348
vn 0.0818 -0.6473 0.7578
vn 0.8131 -0.3818 -0.4393
vn 0.5726 -0.4354 -0.6946
vn 0.8759 -0.3755 0.3031
vn 0.1868 -0.5776 0.7946
vn 0.3073 -0.4805 -0.8214
vn 0.9190 -0.3594 0.1620
vn 0.9251 -0.3639 -0.1082
vn 0.9623 0.2498 0.1075
vn 0.9770 0.1921 0.0924
vn 0.9468 0.1734 0.2712
vn 0.9360 0.2250 0.2707
vn 0.6573 0.1874 0.7300
vn 0.6429 0.1329 0.7543
vn 0.4285 0.1252 0.8948
vn 0.4365 0.1894 0.8795
vn 0.1528 0.3362 -0.9293
vn 0.1582 0.2058 -0.9657
vn 0.3171 0.2181 -0.9230
vn 0.3170 0.3347 -0.8874
vn 0.8196 0.3098 -0.4819
vn 0.8288 0.2345 -0.5080
vn 0.9611 0.2194 -0.1676
vn 0.9478 0.2826 -0.1476
vn 0.8366 0.1999 0.5101
vn 0.8380 0.1505 0.5246
vn -0.0000 0.3371 -0.9415
vn -0.0000 0.1994 -0.9799
vn 0.2021 0.1816 0.9624
vn 0.2044 0.1114 0.9725
vn -0.0000 0.1037 0.9946
vn -0.0000 0.1784 0.9840
vn 0.5743 0.3297 -0.7493
vn 0.5771 0.2312 -0.7833
vn 0.0912 0.9299 0.3564
vn -0.2495 0.9476 0.1995
vn -0.2728 0.9072 0.3202
vn 0.0157 0.8741 0.4855
vn -0.0000 0.9997 0.0233
vn -0.0000 0.8795 0.4759
vn -0.0435 0.8782 0.4763
vn 0.0407 0.9988 0.0257
vn -0.2424 0.6870 0.6850
vn -0.4137 0.7538 0.5105
vn -0.0000 0.8287 0.5598
vn -0.0000 0.6779 0.7352
vn 0.0946 0.9946 0.0419
vn -0.1508 0.9007 0.4075
vn -0.2051 0.9183 0.3386
vn 0.1176 0.9904 0.0729
vn -0.0972 0.7644 0.6374
vn -0.3235 0.8211 0.4703
vn 0.1271 0.9489 0.2889
vn -0.2473 0.9488 0.1966
vn 0.0747 0.9967 0.0324
vn -0.0885 0.8836 0.4599
vn 0.1388 0.9815 0.1319
vn -0.2334 0.9306 0.2821
vn -0.2448 0.9400 0.2376
vn 0.1485 0.9658 0.2124
vn 0.9691 0.2067 -0.1345
vn 0.9411 0.3058 -0.1443
vn 0.9508 0.2855 0.1200
vn 0.9707 0.1977 0.1369
vn 0.3495 0.2396 -0.9058
vn 0.3291 0.3303 -0.8847
vn 0.5825 0.3271 -0.7441
vn 0.6169 0.2303 -0.7526
vn 0.4048 0.0948 0.9095
vn 0.4281 0.2012 0.8810
vn 0.2026 0.1647 0.9653
vn 0.1907 0.0260 0.9813
vn 0.9358 0.1891 0.2976
vn 0.9217 0.2674 0.2810
vn 0.8228 0.2541 0.5084
vn 0.8344 0.1860 0.5188
vn 0.8179 0.3166 -0.4804
vn 0.8513 0.2150 -0.4786
vn -0.0000 0.1549 0.9879
vn -0.0000 0.0060 1.0000
vn -0.0000 0.2614 -0.9652
vn -0.0000 0.3450 -0.9386
vn 0.1606 0.3380 -0.9273
vn 0.1737 0.2514 -0.9522
vn 0.6525 0.2369 0.7198
vn 0.6465 0.1614 0.7456
vn 0.9877 0.1338 0.0815
vn 0.9956 -0.0049 0.0933
vn 0.9679 -0.0150 0.2511
vn 0.9557 0.1218 0.2678
vn 0.6315 0.0988 0.7690
vn 0.6318 -0.0604 0.7728
vn 0.3977 -0.0554 0.9158
vn 0.4174 0.0928 0.9040
vn 0.1579 0.1348 -0.9782
vn 0.1537 0.0802 -0.9849
vn 0.2868 0.0602 -0.9561
vn 0.3067 0.1364 -0.9420
vn 0.8344 0.1380 -0.5335
vn 0.8326 -0.0133 -0.5537
vn 0.9838 -0.0152 -0.1787
vn 0.9718 0.1394 -0.1903
vn 0.8420 0.1088 0.5284
vn 0.8531 -0.0382 0.5204
vn -0.0000 0.1330 -0.9911
vn -0.0000 0.0856 -0.9963
vn 0.1922 0.0869 0.9775
vn 0.1523 -0.0023 0.9883
vn -0.0000 0.0339 0.9994
vn -0.0000 0.0851 0.9964
vn 0.5673 0.1371 -0.8120
vn 0.5461 0.0228 -0.8374
vn 0.0653 -0.4731 -0.8786
vn 0.0019 -0.8877 -0.4604
vn 0.0483 0.0760 0.9959
vn 0.0271 0.5172 0.8554
vn 0.1108 0.0282 -0.9934
vn 0.0616 0.9981 0.0078
vn 0.0555 0.8774 -0.4765
vn 0.0863 0.4881 -0.8685
vn 0.0003 -1.0000 -0.0060
vn 0.0058 -0.8968 0.4424
vn 0.0449 0.8523 0.5211
vn 0.0412 -0.5117 0.8582
vn 0.4840 -0.0425 0.8740
vn 0.4714 -0.4898 0.7334
vn 0.9595 -0.1736 0.2220
vn 0.9647 -0.0169 0.2627
vn 0.4922 0.5138 -0.7027
vn 0.5272 0.7702 -0.3590
vn 0.9712 0.2005 -0.1288
vn 0.9622 0.1428 -0.2318
vn 0.5249 0.7357 0.4280
vn 0.4929 0.4394 0.7510
vn 0.9669 0.1310 0.2190
vn 0.9735 0.1991 0.1122
vn 0.4689 -0.4021 -0.7864
vn 0.4802 0.0518 -0.8756
vn 0.9579 0.0106 -0.2868
vn 0.9537 -0.1374 -0.2674
vn 0.5311 0.8465 0.0367
vn 0.9734 0.2290 -0.0088
vn 0.4631 -0.8845 -0.0562
vn 0.4641 -0.7402 -0.4866
vn 0.9527 -0.2477 -0.1762
vn 0.9537 -0.2983 -0.0393
vn 0.4654 -0.7940 0.3910
vn 0.9559 -0.2733 0.1078
vn -0.0155 -0.8902 0.4554
vn -0.0082 -0.5440 0.8391
vn 0.0568 0.5624 -0.8249
vn 0.0175 0.0528 -0.9985
vn -0.0161 -0.9986 -0.0500
vn 0.0013 -0.4569 -0.8895
vn -0.0100 -0.8402 -0.5422
vn 0.1307 0.9902 0.0486
vn 0.1089 0.8936 -0.4354
vn 0.0056 -0.0494 0.9988
vn 0.0447 0.4745 0.8791
vn 0.1013 0.8459 0.5236
vn -0.4270 -0.7999 0.4218
vn -0.4224 -0.4844 0.7661
vn -0.3794 0.5522 -0.7424
vn -0.4115 0.0610 -0.9093
vn -0.4279 -0.9031 -0.0367
vn -0.4196 -0.4115 -0.8091
vn -0.4253 -0.7621 -0.4882
vn -0.3049 0.9505 0.0595
vn -0.3173 0.8687 -0.3803
vn -0.4153 -0.0389 0.9088
vn -0.3861 0.4526 0.8038
vn -0.3240 0.8112 0.4868
vn -0.3796 -0.8201 0.4282
vn -0.3737 -0.4980 0.7825
vn -0.3496 0.5716 -0.7423
vn -0.3651 0.0639 -0.9288
vn -0.3819 -0.9233 -0.0412
vn -0.3757 -0.4192 -0.8265
vn -0.3807 -0.7772 -0.5010
vn -0.3079 0.9497 0.0569
vn -0.3216 0.8723 -0.3685
vn -0.3624 -0.0384 0.9312
vn -0.3496 0.4768 0.8065
vn -0.3240 0.8191 0.4734
vn 0.7765 -0.5193 -0.3568
vn 0.7772 -0.6266 -0.0568
vn 0.7931 -0.3536 0.4959
vn 0.8207 -0.0076 0.5714
vn 0.8156 0.5010 0.2895
vn 0.8235 0.5672 0.0072
vn 0.7810 -0.2833 -0.5565
vn 0.7839 -0.5642 0.2592
vn 0.8150 0.3488 -0.4627
vn 0.8119 0.0624 -0.5804
vn 0.8293 0.3035 0.4692
vn 0.8081 0.5208 -0.2750
vn 0.1354 0.8957 -0.4235
vn 0.1296 0.6031 -0.7871
vn 0.0414 -0.8369 -0.5457
vn 0.0313 -0.9981 -0.0540
vn 0.0564 -0.5614 0.8256
vn 0.0922 -0.0419 0.9949
vn 0.1331 0.8499 0.5098
vn 0.1346 0.9898 0.0475
vn 0.0630 -0.4641 -0.8836
vn 0.0381 -0.8909 0.4526
vn 0.1017 0.0878 -0.9909
vn 0.1234 0.5023 0.8558
vn 0.0515 -0.5723 0.8184
vn 0.0879 -0.0554 0.9946
vn 0.1318 0.8403 0.5259
vn 0.1381 0.9891 0.0511
vn 0.0578 -0.4779 -0.8765
vn 0.0326 -0.8423 -0.5381
vn 0.0293 -0.8914 0.4523
vn 0.1202 0.5934 -0.7959
vn 0.0957 0.0779 -0.9924
vn 0.0218 -0.9986 -0.0488
vn 0.1157 0.4883 0.8650
vn 0.1337 0.8908 -0.4343
vn -0.9827 -0.1473 0.1124
vn -0.9640 -0.1516 0.2185
vn -0.9386 -0.2558 0.2313
vn -0.9465 -0.3006 0.1177
vn -0.6297 -0.2268 0.7430
vn -0.3514 -0.2274 0.9082
vn -0.3083 -0.2614 0.9147
vn -0.6474 -0.2390 0.7237
vn -0.1439 -0.0598 -0.9878
vn -0.2575 -0.0835 -0.9627
vn -0.2251 -0.2193 -0.9493
vn -0.1246 -0.2027 -0.9713
vn -0.8130 -0.1639 -0.5587
vn -0.9741 -0.1647 -0.1550
vn -0.9451 -0.2808 -0.1671
vn -0.7817 -0.2378 -0.5766
vn -0.8635 -0.1863 0.4686
vn -0.8630 -0.2154 0.4570
vn -0.0624 -0.1482 0.9870
vn 0.0370 -0.1968 0.9797
vn -0.5134 -0.1273 -0.8487
vn -0.4849 -0.2216 -0.8460
vn -0.2351 0.4996 -0.8337
vn -0.3374 0.4923 -0.8024
vn -0.3514 0.7394 -0.5743
vn -0.2524 0.6951 -0.6732
vn -0.1979 0.5071 0.8388
vn -0.0365 0.4763 0.8785
vn 0.0352 0.5423 0.8394
vn -0.1637 0.5989 0.7839
vn -0.1256 0.8606 0.4936
vn -0.1424 0.5529 0.8210
vn -0.2525 0.7898 0.5590
vn -0.2362 0.8953 0.3776
vn -0.2016 0.4639 -0.8627
vn -0.3640 0.8023 -0.4732
vn -0.1166 0.4963 -0.8603
vn -0.1458 0.6467 -0.7487
vn -0.2848 0.5322 0.7973
vn -0.2551 0.7059 0.6608
vn -0.1613 0.8699 -0.4662
vn -0.3187 0.9074 -0.2741
vn -0.1349 0.9908 -0.0042
vn -0.2636 0.9636 0.0452
vn -0.1021 0.6261 0.7730
vn -0.2514 0.7392 0.6248
vn -0.2509 0.8026 -0.5412
vn -0.1398 0.7825 -0.6068
vn -0.4232 0.9020 -0.0853
vn -0.4043 0.8721 -0.2755
vn -0.3287 0.8166 0.4744
vn -0.3415 0.8357 -0.4301
vn -0.3583 0.8770 0.3202
vn -0.3997 0.9085 0.1221
vn -0.7592 -0.6474 0.0667
vn -0.7858 -0.5208 0.3336
vn -0.2950 -0.8317 0.4703
vn -0.3128 -0.9497 0.0173
vn -0.6319 -0.1729 0.7556
vn -0.2916 -0.1034 0.9509
vn -0.2858 0.1702 0.9431
vn -0.5578 0.0313 0.8294
vn -0.1047 -0.2841 -0.9531
vn -0.2082 -0.2941 -0.9328
vn -0.2123 -0.2209 -0.9519
vn -0.0960 -0.2222 -0.9703
vn -0.6194 -0.4369 -0.6523
vn -0.7724 -0.5733 -0.2734
vn -0.2966 -0.8256 -0.4800
vn -0.2665 -0.3537 -0.8966
vn -0.7365 -0.3487 0.5796
vn -0.3879 -0.2838 0.8769
vn 0.0736 -0.0701 0.9948
vn 0.0566 0.1551 0.9863
vn -0.4206 -0.3273 -0.8462
vn -0.3574 -0.2572 -0.8978
vn -0.0365 -0.5191 0.8539
vn -0.0463 0.0226 0.9987
vn -0.0185 -0.0295 0.9994
vn -0.0043 -0.5296 0.8483
vn -0.3815 0.2919 0.8771
vn -0.2460 0.3879 0.8883
vn -0.0979 0.0665 -0.9930
vn -0.2151 0.0584 -0.9748
vn -0.0303 0.5039 0.8632
vn -0.0421 0.8581 0.5118
vn -0.0607 0.8492 0.5245
vn -0.0365 0.4756 0.8789
vn -0.2184 0.1795 0.9592
vn 0.0068 0.3604 0.9328
vn -0.3101 0.0472 -0.9495
vn -0.1858 0.0354 -0.9820
vn -0.0035 -0.8806 0.4739
vn 0.0058 -0.8826 0.4701
vn -0.0587 0.8719 -0.4862
vn -0.0846 0.5160 -0.8524
vn -0.0640 0.5331 -0.8436
vn -0.0745 0.8820 -0.4654
vn -0.0561 0.9984 0.0059
vn -0.0765 0.9965 0.0325
vn 0.0076 -0.9999 -0.0110
vn 0.0048 -0.9994 -0.0331
vn -0.0068 -0.8497 -0.5272
vn -0.1066 0.0140 -0.9942
vn -0.0508 0.0345 -0.9981
vn -0.0516 -0.5109 -0.8581
vn -0.0289 -0.4734 -0.8804
vn -0.9027 0.4078 0.1372
vn -0.8727 0.3934 0.2891
vn -0.8662 0.4103 0.2851
vn -0.8974 0.4206 0.1333
vn -0.5840 0.3195 0.7463
vn -0.3233 0.2396 0.9155
vn -0.3498 0.2864 0.8920
vn -0.5879 0.3758 0.7163
vn -0.1773 0.3087 -0.9345
vn -0.3372 0.3297 -0.8818
vn -0.3181 0.4130 -0.8534
vn -0.1642 0.4050 -0.8995
vn -0.8024 0.3954 -0.4469
vn -0.9060 0.4048 -0.1234
vn -0.8868 0.4449 -0.1250
vn -0.7785 0.4409 -0.4466
vn -0.7832 0.3685 0.5009
vn -0.7668 0.4076 0.4958
vn -0.1547 0.1521 0.9762
vn -0.1663 0.2116 0.9631
vn -0.5881 0.3670 -0.7207
vn -0.5564 0.4373 -0.7065
vn -0.9819 -0.1374 -0.1300
vn -0.9772 -0.1385 0.1610
vn -0.3286 -0.2276 -0.9166
vn -0.5997 -0.1881 -0.7778
vn -0.2364 -0.3385 0.9108
vn -0.1274 -0.4311 0.8933
vn -0.9344 -0.1527 0.3219
vn -0.8131 -0.1838 0.5523
vn -0.8589 -0.1515 -0.4892
vn -0.1719 -0.2578 -0.9508
vn -0.5449 -0.2480 0.8009
vn -0.7541 -0.4189 0.5058
vn -0.4918 -0.4892 0.7203
vn -0.1714 -0.5193 -0.8372
vn -0.0818 -0.6473 0.7578
vn -0.5726 -0.4354 -0.6946
vn -0.8131 -0.3818 -0.4393
vn -0.8759 -0.3755 0.3031
vn -0.1868 -0.5777 0.7946
vn -0.3073 -0.4805 -0.8214
vn -0.9190 -0.3594 0.1620
vn -0.9251 -0.3639 -0.1082
vn -0.9623 0.2498 0.1075
vn -0.9360 0.2250 0.2707
vn -0.9468 0.1734 0.2712
vn -0.9770 0.1921 0.0924
vn -0.6573 0.1874 0.7300
vn -0.4365 0.1894 0.8795
vn -0.4285 0.1252 0.8948
vn -0.6429 0.1329 0.7543
vn -0.1528 0.3362 -0.9293
vn -0.3170 0.3347 -0.8874
vn -0.3171 0.2181 -0.9230
vn -0.1582 0.2058 -0.9657
vn -0.8196 0.3098 -0.4819
vn -0.9478 0.2826 -0.1476
vn -0.8288 0.2345 -0.5080
vn -0.8366 0.1999 0.5101
vn -0.8380 0.1505 0.5246
vn -0.2021 0.1816 0.9624
vn -0.2044 0.1114 0.9725
vn -0.5743 0.3297 -0.7493
vn -0.5771 0.2312 -0.7833
vn -0.0912 0.9299 0.3564
vn -0.0157 0.8741 0.4855
vn 0.2728 0.9072 0.3202
vn 0.2495 0.9476 0.1995
vn -0.0407 0.9988 0.0257
vn 0.0435 0.8782 0.4762
vn 0.2424 0.6870 0.6850
vn 0.4137 0.7538 0.5105
vn -0.0946 0.9946 0.0419
vn -0.1176 0.9904 0.0729
vn 0.2051 0.9183 0.3386
vn 0.1508 0.9007 0.4075
vn 0.0972 0.7644 0.6374
vn 0.3235 0.8211 0.4703
vn -0.1271 0.9489 0.2889
vn 0.2473 0.9488 0.1966
vn -0.0747 0.9967 0.0324
vn 0.0885 0.8836 0.4599
vn -0.1388 0.9815 0.1319
vn -0.1485 0.9658 0.2124
vn 0.2448 0.9400 0.2376
vn 0.2334 0.9306 0.2821
vn -0.9691 0.2067 -0.1345
vn -0.9707 0.1977 0.1369
vn -0.9508 0.2855 0.1200
vn -0.9411 0.3058 -0.1443
vn -0.3495 0.2396 -0.9058
vn -0.6169 0.2303 -0.7526
vn -0.5825 0.3271 -0.7441
vn -0.3291 0.3303 -0.8847
vn -0.4048 0.0948 0.9095
vn -0.1907 0.0260 0.9813
vn -0.2026 0.1647 0.9653
vn -0.4281 0.2012 0.8810
vn -0.9358 0.1891 0.2976
vn -0.8344 0.1860 0.5188
vn -0.8228 0.2541 0.5084
vn -0.9217 0.2674 0.2810
vn -0.8513 0.2150 -0.4786
vn -0.8179 0.3166 -0.4804
vn -0.1737 0.2514 -0.9522
vn -0.1606 0.3380 -0.9273
vn -0.6465 0.1614 0.7456
vn -0.6525 0.2369 0.7198
vn -0.9877 0.1338 0.0815
vn -0.9557 0.1218 0.2678
vn -0.9679 -0.0150 0.2511
vn -0.9956 -0.0049 0.0933
vn -0.6315 0.0988 0.7690
vn -0.4174 0.0928 0.9040
vn -0.3977 -0.0554 0.9158
vn -0.6318 -0.0604 0.7728
vn -0.1579 0.1348 -0.9782
vn -0.3067 0.1364 -0.9420
vn -0.2868 0.0602 -0.9561
vn -0.1537 0.0802 -0.9849
vn -0.8344 0.1380 -0.5335
vn -0.9718 0.1394 -0.1903
vn -0.9838 -0.0152 -0.1787
vn -0.8326 -0.0133 -0.5537
vn -0.8420 0.1088 0.5284
vn -0.8531 -0.0382 0.5204
vn -0.1922 0.0869 0.9775
vn -0.1523 -0.0023 0.9883
vn -0.5673 0.1371 -0.8120
vn -0.5461 0.0228 -0.8374
vn -0.0019 -0.8877 -0.4604
vn -0.0653 -0.4731 -0.8786
vn -0.0271 0.5172 0.8554
vn -0.0483 0.0760 0.9959
vn -0.1108 0.0282 -0.9934
vn -0.0555 0.8774 -0.4765
vn -0.0616 0.9981 0.0078
vn -0.0863 0.4881 -0.8685
vn -0.0003 -1.0000 -0.0060
vn -0.0058 -0.8968 0.4424
vn -0.0449 0.8523 0.5211
vn -0.0412 -0.5117 0.8582
vn -0.4840 -0.0425 0.8740
vn -0.9647 -0.0169 0.2627
vn -0.9595 -0.1736 0.2220
vn -0.4714 -0.4898 0.7334
vn -0.4922 0.5138 -0.7027
vn -0.9622 0.1428 -0.2318
vn -0.9712 0.2005 -0.1288
vn -0.5272 0.7702 -0.3590
vn -0.5249 0.7357 0.4280
vn -0.9735 0.1991 0.1122
vn -0.9669 0.1310 0.2190
vn -0.4929 0.4394 0.7510
vn -0.4689 -0.4021 -0.7864
vn -0.9537 -0.1374 -0.2674
vn -0.9579 0.0106 -0.2868
vn -0.4802 0.0518 -0.8756
vn -0.5311 0.8465 0.0367
vn -0.9734 0.2290 -0.0088
vn -0.4631 -0.8845 -0.0562
vn -0.9537 -0.2983 -0.0393
vn -0.9527 -0.2477 -0.1762
vn -0.4641 -0.7402 -0.4866
vn -0.4654 -0.7940 0.3910
vn -0.9559 -0.2733 0.1078
vn 0.0082 -0.5440 0.8391
vn 0.0155 -0.8902 0.4554
vn -0.0175 0.0528 -0.9985
vn -0.0568 0.5624 -0.8249
vn 0.0161 -0.9986 -0.0500
vn 0.0100 -0.8402 -0.5422
vn -0.0013 -0.4569 -0.8895
vn -0.1089 0.8936 -0.4354
vn -0.1307 0.9902 0.0486
vn -0.0447 0.4745 0.8791
vn -0.0056 -0.0494 0.9988
vn -0.1013 0.8459 0.5236
vn 0.4224 -0.4844 0.7661
vn 0.4270 -0.7999 0.4218
vn 0.4115 0.0610 -0.9093
vn 0.3794 0.5522 -0.7424
vn 0.4279 -0.9031 -0.0367
vn 0.4253 -0.7621 -0.4882
vn 0.4196 -0.4115 -0.8091
vn 0.3173 0.8687 -0.3803
vn 0.3049 0.9505 0.0595
vn 0.3861 0.4526 0.8038
vn 0.4153 -0.0389 0.9088
vn 0.3240 0.8112 0.4868
vn 0.3737 -0.4980 0.7825
vn 0.3796 -0.8201 0.4282
vn 0.3651 0.0639 -0.9288
vn 0.3496 0.5716 -0.7423
vn 0.3819 -0.9233 -0.0412
vn 0.3807 -0.7772 -0.5010
vn 0.3757 -0.4192 -0.8265
vn 0.3216 0.8723 -0.3685
vn 0.3079 0.9497 0.0569
vn 0.3496 0.4768 0.8065
vn 0.3624 -0.0384 0.9312
vn 0.3240 0.8191 0.4734
vn -0.7772 -0.6266 -0.0568
vn -0.7765 -0.5193 -0.3568
vn -0.8207 -0.0076 0.5714
vn -0.7931 -0.3536 0.4959
vn -0.8235 0.5672 0.0072
vn -0.8156 0.5010 0.2895
vn -0.7810 -0.2833 -0.5565
vn -0.7839 -0.5642 0.2592
vn -0.8119 0.0624 -0.5804
vn -0.8150 0.3488 -0.4627
vn -0.8293 0.3035 0.4692
vn -0.8081 0.5208 -0.2750
vn -0.1296 0.6031 -0.7871
vn -0.1354 0.8957 -0.4235
vn -0.0313 -0.9981 -0.0540
vn -0.0414 -0.8369 -0.5457
vn -0.0922 -0.0419 0.9949
vn -0.0564 -0.5614 0.8256
vn -0.1346 0.9898 0.0475
vn -0.1331 0.8499 0.5098
vn -0.0630 -0.4641 -0.8836
vn -0.0381 -0.8909 0.4526
vn -0.1017 0.0878 -0.9909
vn -0.1234 0.5023 0.8558
vn -0.0879 -0.0554 0.9946
vn -0.0515 -0.5723 0.8184
vn -0.1381 0.9891 0.0511
vn -0.1318 0.8403 0.5259
vn -0.0326 -0.8423 -0.5381
vn -0.0578 -0.4779 -0.8765
vn -0.0293 -0.8914 0.4523
vn -0.0957 0.0779 -0.9924
vn -0.1202 0.5934 -0.7959
vn -0.0218 -0.9986 -0.0488
vn -0.1157 0.4883 0.8650
vn -0.1337 0.8908 -0.4343
vn -0.3653 -0.9275 0.0794
vn -0.5144 -0.8524 0.0935
vn -0.5766 -0.7873 -0.2181
vn -0.4261 -0.8730 -0.2372
vn -0.6391 -0.7603 0.1163
vn -0.7012 -0.6852 -0.1972
vn -0.5691 -0.6433 -0.5122
vn -0.4232 -0.7316 -0.5345
vn -0.6843 -0.5367 -0.4936
vn -0.0526 -0.9046 0.4231
vn -0.2304 -0.8707 0.4345
vn -0.1640 -0.9843 0.0650
vn -0.3651 -0.8165 0.4473
vn -0.4756 -0.7428 0.4712
vn -0.5771 -0.6347 0.5139
vn -0.7593 -0.6311 0.1585
vn -0.8218 -0.5462 -0.1622
vn -0.7910 -0.3962 -0.4662
vn -0.6312 -0.1578 -0.7594
vn -0.5543 -0.2813 -0.7833
vn -0.4631 -0.3794 -0.8010
vn -0.3373 -0.4595 -0.8217
vn -0.2173 -0.7977 -0.5626
vn -0.1550 -0.5149 -0.8431
vn -0.2178 -0.9406 -0.2603
vn -0.1655 -0.0823 -0.9828
vn -0.2483 -0.0269 -0.9683
vn 0.0029 0.2943 -0.9557
vn 0.0287 0.2758 -0.9608
vn -0.3035 0.0394 -0.9520
vn -0.0154 0.3152 -0.9489
vn 0.2524 0.5484 -0.7973
vn 0.2073 0.5751 -0.7914
vn 0.2781 0.5215 -0.8067
vn -0.0417 -0.1214 -0.9917
vn -0.3449 0.1190 -0.9311
vn -0.0296 0.3414 -0.9394
vn 0.2915 0.4985 -0.8164
vn 0.6014 0.5810 -0.5484
vn 0.5513 0.6484 -0.5250
vn 0.4713 0.7228 -0.5053
vn 0.3463 0.7989 -0.4917
vn 0.1509 0.5926 -0.7912
vn 0.1875 0.8545 -0.4844
vn 0.0703 0.2590 -0.9633
vn 0.4094 0.9010 -0.1433
vn 0.5914 0.7906 -0.1587
vn 0.6119 0.7747 0.1593
vn 0.4184 0.8918 0.1721
vn 0.7139 0.6779 -0.1756
vn 0.7495 0.6451 0.1490
vn 0.5792 0.6562 0.4837
vn 0.4221 0.7579 0.4973
vn 0.6985 0.5353 0.4750
vn 0.1865 0.9740 -0.1286
vn 0.7952 0.5735 -0.1969
vn 0.8457 0.5165 0.1345
vn 0.7887 0.4045 0.4630
vn 0.6002 0.1790 0.7796
vn 0.5450 0.2713 0.7933
vn 0.4788 0.3489 0.8056
vn 0.3988 0.4089 0.8208
vn 0.2457 0.8204 0.5163
vn 0.3147 0.4465 0.8376
vn 0.1931 0.9630 0.1880
vn 0.2868 -0.0516 0.9566
vn 0.2874 -0.0638 0.9557
vn 0.0719 -0.3995 0.9139
vn 0.1290 -0.4132 0.9015
vn 0.2941 -0.0818 0.9523
vn 0.0322 -0.3768 0.9257
vn -0.1479 -0.6498 0.7456
vn -0.0467 -0.6811 0.7307
vn -0.2267 -0.6005 0.7668
vn 0.2982 -0.0419 0.9536
vn 0.3045 -0.1068 0.9465
vn 0.0041 -0.3447 0.9387
vn -0.2924 -0.5263 0.7985
vn 0.0869 -0.6931 0.7156
vn 0.2090 -0.4145 0.8857
vn 0.1168 -0.1315 -0.9844
vn 0.1437 0.2475 -0.9582
vn 0.2712 0.2314 -0.9343
vn 0.2977 -0.1204 -0.9471
vn 0.1317 0.5929 -0.7945
vn 0.2086 0.5682 -0.7960
vn 0.4746 0.2020 -0.8567
vn 0.5002 -0.0982 -0.8603
vn 0.3992 0.5130 -0.7600
vn 0.0699 -0.5241 -0.8488
vn 0.0830 0.8690 -0.4878
vn 0.1214 0.8524 -0.5085
vn 0.3009 0.8011 -0.5174
vn 0.5555 0.6859 -0.4701
vn 0.6702 0.4304 -0.6047
vn 0.7282 0.1469 -0.6694
vn 0.7280 -0.1138 -0.6761
vn 0.5189 -0.4150 -0.7474
vn 0.6873 -0.3310 -0.6466
vn 0.3020 -0.4859 -0.8201
vn 0.8610 0.2576 0.4386
vn 0.9221 0.3725 0.1048
vn 0.9801 0.1914 0.0526
vn 0.9147 0.0869 0.3947
vn 0.8590 0.4567 -0.2314
vn 0.9102 0.3016 -0.2838
vn 0.9997 -0.0198 -0.0165
vn 0.9376 -0.1003 0.3329
vn 0.9317 0.1102 -0.3462
vn 0.6448 0.0760 0.7606
vn 0.6385 0.5071 -0.5789
vn 0.6702 0.4108 -0.6181
vn 0.6908 0.2907 -0.6620
vn 0.6946 0.1620 -0.7009
vn 0.9123 -0.0823 -0.4011
vn 0.9715 -0.2212 -0.0852
vn 0.9241 -0.2760 0.2643
vn 0.6986 -0.1373 0.7022
vn 0.7073 -0.2359 0.6663
vn 0.6778 -0.0306 0.7346
vn -0.6771 0.7358 0.0052
vn -0.7001 0.6726 0.2396
vn -0.5824 0.7664 0.2708
vn -0.5693 0.8192 0.0693
vn -0.6607 0.5916 0.4620
vn -0.5524 0.6953 0.4598
vn -0.4872 0.8238 0.2898
vn -0.4825 0.8683 0.1148
vn -0.4670 0.7599 0.4521
vn -0.6539 0.6412 -0.4016
vn -0.8111 0.5777 -0.0922
vn -0.5602 0.7773 -0.2862
vn -0.8484 0.4975 0.1810
vn -0.7980 0.4054 0.4459
vn -0.6310 0.2842 0.7218
vn -0.5312 0.4687 0.7059
vn -0.4493 0.5798 0.6797
vn -0.3850 0.6548 0.6504
vn -0.3345 0.7063 0.6239
vn -0.3696 0.7992 0.4739
vn -0.3909 0.8686 0.3043
vn -0.3844 0.9154 0.1197
vn -0.4146 0.9006 -0.1306
vn -0.3604 0.9297 -0.0760
vn -0.4804 0.8538 -0.2008
vn -0.8871 -0.2019 -0.4151
vn -0.9327 -0.3461 -0.1016
vn -0.9969 -0.0780 -0.0134
vn -0.9424 0.0500 -0.3306
vn -0.8692 -0.4396 0.2263
vn -0.9333 -0.1772 0.3123
vn -0.9697 0.2271 0.0897
vn -0.9187 0.3311 -0.2153
vn -0.9101 0.1278 0.3941
vn -0.6977 0.0046 -0.7163
vn -0.6665 -0.4714 0.5775
vn -0.7202 -0.2442 0.6493
vn -0.7090 0.0266 0.7047
vn -0.7251 0.4373 -0.5321
vn -0.7375 0.2094 -0.6420
vn -0.3473 -0.4132 0.8418
vn -0.0180 -0.2931 0.9559
vn -0.0337 -0.2125 0.9766
vn -0.3827 -0.2530 0.8886
vn 0.3135 -0.1296 0.9407
vn 0.3196 -0.1387 0.9373
vn -0.0376 -0.1047 0.9938
vn -0.3847 -0.0552 0.9214
vn 0.3262 -0.1328 0.9359
vn 0.3357 -0.1164 0.9347
vn -0.0272 0.0151 0.9995
vn -0.3506 0.1464 0.9250
vn 0.2996 0.4777 -0.8259
vn -0.0422 0.3787 -0.9246
vn -0.0512 0.4318 -0.9005
vn 0.3074 0.4569 -0.8347
vn -0.3795 0.2208 -0.8984
vn -0.4027 0.3504 -0.8456
vn -0.0522 0.4986 -0.8652
vn 0.3161 0.4353 -0.8429
vn -0.4026 0.4999 -0.7668
vn -0.3734 0.6435 -0.6682
vn -0.0422 0.5696 -0.8209
vn 0.3263 0.4134 -0.8501
vn 0.5886 0.7639 -0.2647
vn 0.0529 0.9929 -0.1068
vn 0.0876 0.9442 0.3175
vn 0.7013 0.6793 0.2162
vn -0.2409 0.9699 0.0352
vn -0.2447 0.9161 0.3177
vn 0.0538 0.7432 0.6669
vn 0.5793 0.4923 0.6497
vn -0.2271 0.7959 0.5612
vn 0.7252 0.2745 -0.6314
vn 0.3945 0.6872 -0.6100
vn 0.9018 0.1725 -0.3963
vn 0.0141 0.9037 -0.4280
vn -0.2290 0.9480 -0.2211
vn -0.2039 0.6484 0.7334
vn 0.0249 0.5201 0.8537
vn 0.3879 0.2784 0.8787
vn 0.9065 -0.0383 0.4204
vn 0.7342 -0.0614 0.6761
vn 0.9990 0.0433 0.0073
vn -0.3000 0.3048 0.9039
vn -0.0084 0.1214 0.9926
vn 0.0077 0.2198 0.9755
vn -0.2539 0.4169 0.8728
vn 0.3467 -0.0908 0.9336
vn 0.3513 -0.0341 0.9356
vn 0.0176 0.3424 0.9394
vn -0.2144 0.5138 0.8307
vn 0.3505 0.0802 0.9331
vn 0.7080 -0.2997 0.6395
vn 0.7079 -0.2983 0.6403
vn 0.7118 -0.2172 0.6680
vn 0.3361 0.4034 -0.8511
vn -0.0247 0.6318 -0.7747
vn -0.0095 0.6965 -0.7175
vn 0.3408 0.4359 -0.8330
vn -0.3282 0.7503 -0.5739
vn -0.2850 0.8237 -0.4903
vn 0.0017 0.7851 -0.6193
vn 0.3446 0.5312 -0.7740
vn -0.2449 0.8842 -0.3977
vn 0.6870 0.0708 -0.7232
vn 0.6902 0.1322 -0.7114
vn 0.6828 0.0575 -0.7284
vn 0.8954 -0.3896 0.2155
vn 0.9275 -0.3506 -0.1296
vn 0.9103 -0.3887 -0.1425
vn 0.8841 -0.4198 0.2051
vn 0.8764 -0.2106 -0.4332
vn 0.8610 -0.2471 -0.4445
vn 0.9402 -0.3194 -0.1181
vn 0.9040 -0.3576 0.2344
vn 0.8820 -0.1864 -0.4329
vn 0.8868 -0.1945 -0.4193
vn 0.9193 0.0698 -0.3874
vn 0.9956 -0.0154 -0.0926
vn 0.9465 -0.2827 -0.1556
vn 0.8748 0.3654 -0.3182
vn 0.9547 0.2969 -0.0206
vn 0.9736 -0.1146 0.1975
vn 0.9292 -0.3516 0.1137
vn 0.9494 0.1688 0.2649
vn 0.7690 -0.4512 -0.4529
vn 0.6495 0.7256 -0.2272
vn 0.7296 0.6795 0.0772
vn 0.7614 0.5326 0.3697
vn 0.7407 0.3359 0.5819
vn 0.8304 0.0371 0.5559
vn 0.8481 -0.2230 0.4806
vn 0.8178 -0.4330 0.3791
vn 0.8053 -0.5920 0.0337
vn 0.7586 -0.5955 0.2644
vn 0.8109 -0.5435 -0.2170
vn 0.0836 -0.9953 0.0495
vn 0.0424 -0.9593 -0.2793
vn 0.3178 -0.9050 -0.2829
vn 0.3438 -0.9384 0.0341
vn 0.0387 -0.8134 -0.5804
vn 0.3046 -0.7634 -0.5696
vn 0.5859 -0.7664 -0.2635
vn 0.5917 -0.8060 0.0173
vn 0.5548 -0.6501 -0.5193
vn 0.1612 -0.8988 0.4076
vn 0.5977 -0.7317 0.3277
vn 0.3858 -0.8410 0.3793
vn 0.0382 0.9913 -0.1260
vn 0.0498 0.9790 0.1977
vn 0.0869 0.9771 0.1941
vn 0.0642 0.9872 -0.1460
vn 0.1415 0.8351 0.5316
vn 0.1970 0.8221 0.5342
vn 0.3447 0.9247 0.1617
vn 0.2824 0.9440 -0.1707
vn 0.4217 0.7658 0.4855
vn 0.2797 0.4590 0.8432
vn 0.3555 0.4463 0.8213
vn 0.5350 0.4067 0.7405
vn 0.3420 -0.0302 0.9392
vn 0.3157 -0.3980 0.8613
vn 0.4578 -0.3659 0.8103
vn 0.4483 -0.0214 0.8937
vn 0.2486 -0.6758 0.6939
vn 0.4295 -0.6261 0.6508
vn 0.6466 -0.3117 0.6962
vn 0.6242 -0.0129 0.7811
vn 0.6239 -0.5400 0.5650
vn 0.6604 -0.1752 0.7302
vn 0.8437 -0.0886 0.5294
vn 0.8455 -0.0771 0.5283
vn 0.7309 -0.1307 0.6699
vn 0.9281 -0.0992 0.3589
vn 0.9303 -0.0725 0.3595
vn 0.9339 -0.0370 0.3555
vn 0.8555 -0.0510 0.5152
vn 0.7625 -0.1013 0.6390
vn 0.5351 -0.5262 0.6609
vn 0.4767 -0.5567 0.6803
vn 0.5077 -0.4115 0.7569
vn 0.5129 -0.3921 0.7637
vn 0.4534 -0.5144 0.7279
vn 0.5381 -0.3600 0.7622
vn 0.5986 -0.2507 0.7608
vn 0.5422 -0.2869 0.7898
vn 0.5078 -0.2750 0.8164
vn 0.6358 0.0747 0.7682
vn 0.8460 -0.0219 0.5327
vn 0.8444 -0.0654 0.5317
vn 0.6384 -0.0262 0.7693
vn 0.9519 -0.0738 0.2973
vn 0.9412 -0.0782 0.3287
vn 0.9336 -0.0985 0.3444
vn 0.8503 -0.0940 0.5178
vn 0.6455 -0.0928 0.7581
vn 0.4975 -0.0161 0.8673
vn 0.5908 0.0200 0.8066
vn 0.5825 0.1000 0.8067
vn 0.5282 0.1021 0.8430
vn 0.7310 -0.0390 0.6812
vn 0.7022 0.0580 0.7096
vn 0.5451 0.1837 0.8180
vn 0.5094 0.2182 0.8324
vn 0.8836 -0.1561 0.4415
vn 0.8678 -0.0279 0.4962
vn 0.9475 -0.2701 0.1714
vn 0.9621 -0.1249 0.2425
vn 0.7915 0.2805 0.5431
vn 0.6980 0.2245 0.6800
vn 0.6188 0.1000 0.7792
vn 0.7061 0.1258 0.6969
vn 0.6249 0.2153 0.7504
vn 0.6236 0.0763 0.7780
vn 0.6151 -0.0856 0.7838
vn 0.5824 -0.0855 0.8084
vn 0.6378 -0.0818 0.7659
vn 0.8911 0.1628 0.4237
vn 0.8193 0.0866 0.5667
vn 0.7702 0.2566 0.5839
vn 0.8569 0.2978 0.4207
vn 0.6712 -0.0159 0.7411
vn 0.6563 0.2406 0.7151
vn 0.4643 0.0583 0.8837
vn 0.4643 -0.0032 0.8857
vn 0.4508 0.1452 0.8808
vn 0.4241 0.2408 0.8730
vn 0.4026 0.2829 0.8706
vn 0.3838 0.3280 0.8632
vn 0.5280 -0.2869 0.7993
vn 0.5581 -0.2369 0.7952
vn 0.5865 -0.3168 0.7454
vn 0.5247 -0.4273 0.7362
vn 0.4386 -0.3704 0.8188
vn 0.4179 -0.3097 0.8541
vn 0.5138 -0.3739 0.7721
vn 0.6188 -0.2423 0.7473
vn 0.6740 -0.1794 0.7166
vn 0.8499 -0.0989 0.5177
vn 0.6615 -0.1263 0.7392
vn 0.9289 -0.1104 0.3536
vn 0.7803 0.5113 0.3600
vn 0.9269 0.2252 0.3001
vn 0.0507 -0.8974 0.4383
vn -0.0781 -0.7236 0.6858
vn -0.3541 -0.2954 0.8874
vn 0.9619 -0.0422 0.2701
vn -0.0840 0.6907 0.7182
vn 0.0465 0.8200 0.5705
vn -0.4341 0.0995 0.8954
vn 0.7322 -0.6456 0.2172
vn 0.5728 -0.7868 0.2300
vn 0.5466 -0.4779 0.6876
vn 0.1757 0.8469 0.5020
vn -0.3099 0.4253 0.8503
vn 0.4161 -0.8799 0.2295
vn 0.9032 -0.3751 0.2088
vn 0.2309 0.8689 0.4379
vn 0.2645 0.8863 0.3801
vn 0.5020 0.7751 0.3837
vn 0.5114 0.3008 0.8050
vn 0.3238 -0.6272 0.7083
vn 0.2653 -0.7046 0.6581
vn 0.2248 -0.8709 0.4370
vn 0.2943 -0.8039 0.5168
vn -0.0000 -0.7472 0.6646
vn -0.0000 -0.9087 0.4175
vn -0.0000 -0.9751 0.2216
vn 0.1763 -0.9529 0.2467
vn 0.2446 -0.9154 0.3198
vn -0.0000 0.0341 0.9994
vn 0.6921 -0.0315 0.7211
vn 0.5347 -0.1594 0.8299
vn -0.0000 -0.1235 0.9923
vn 0.3845 -0.2335 0.8931
vn -0.0000 -0.2102 0.9777
vn -0.0000 0.1111 0.9938
vn 0.8685 0.0552 0.4926
vn 0.8749 0.3180 0.3652
vn -0.0000 0.5982 0.8013
vn 0.8480 0.3328 0.4124
vn -0.0000 0.7327 0.6805
vn 0.7935 0.1713 0.5840
vn -0.0000 0.4061 0.9138
vn 0.7669 -0.2229 0.6018
vn 0.5877 -0.3170 0.7444
vn -0.0000 -0.3902 0.9207
vn -0.0000 -0.5694 0.8221
vn 0.4282 -0.3639 0.8272
vn 0.3888 -0.5023 0.7723
vn 0.3787 -0.6989 0.6067
vn 0.4490 -0.5725 0.6861
vn 0.3402 -0.8481 0.4061
vn 0.4416 -0.7530 0.4878
vn 0.4601 -0.1651 0.8724
vn 0.4784 -0.0962 0.8729
vn 0.3928 -0.1728 0.9033
vn 0.3673 -0.1016 0.9245
vn 0.4239 -0.2191 0.8788
vn 0.3302 -0.5196 0.7880
vn 0.2383 -0.3459 0.9075
vn 0.1607 -0.0037 0.9870
vn 0.2808 -0.9206 0.2715
vn 0.5513 0.0605 0.8321
vn 0.5283 0.2596 0.8084
vn 0.1516 -0.9884 0.0118
vn 0.2505 -0.9678 0.0230
vn 0.2881 -0.9367 0.1987
vn 0.1942 -0.9694 0.1498
vn 0.3617 -0.9322 0.0150
vn 0.4080 -0.8797 0.2444
vn -0.0000 -1.0000 -0.0078
vn 0.0984 -0.9951 0.0016
vn 0.1359 -0.9848 0.1084
vn -0.0000 -0.9955 0.0945
vn 0.4449 -0.2008 0.8728
vn 0.4521 -0.2270 0.8626
vn -0.0000 -0.6375 0.7705
vn 0.2658 -0.6877 0.6756
vn 0.4150 -0.3733 0.8297
vn -0.0000 -0.4518 0.8921
vn 0.3262 -0.6933 0.6427
vn 0.5190 -0.3149 0.7946
vn 0.5173 -0.2760 0.8101
vn 0.3520 -0.6720 0.6515
vn 0.6526 -0.4411 0.6161
vn 0.5553 -0.2744 0.7851
vn 0.5071 -0.4315 0.7461
vn 0.5481 -0.6229 0.5582
vn 0.4459 -0.2499 0.8595
vn -0.0000 0.2415 0.9704
vn -0.0000 -0.4811 0.8767
vn 0.2817 -0.4403 0.8525
vn 0.2113 0.3154 0.9251
vn 0.3296 -0.3539 0.8753
vn 0.2386 0.3675 0.8989
vn 0.6947 -0.7176 0.0495
vn 0.7136 -0.6139 0.3376
vn 0.5502 -0.7841 0.2872
vn 0.5052 -0.8628 0.0200
vn 0.3719 -0.2038 0.9056
vn 0.3756 -0.0633 0.9246
vn 0.1949 0.5614 0.8043
vn 0.2454 0.4694 0.8482
vn -0.0445 0.9640 0.2622
vn -0.0000 0.9456 0.3254
vn -0.0235 0.9681 0.2493
vn -0.1488 0.9639 -0.2209
vn -0.1874 0.9567 -0.2228
vn -0.0000 0.9756 -0.2196
vn 0.0756 -0.9854 0.1525
vn 0.0470 -0.9873 0.1515
vn -0.0000 -0.9799 0.1997
vn -0.0000 -0.9747 -0.2234
vn -0.0345 -0.9680 -0.2486
vn -0.1279 -0.9562 -0.2632
vn -0.4963 -0.6580 0.5664
vn -0.6070 0.6185 0.4990
vn -0.1211 -0.9566 0.2652
vn -0.5449 -0.7895 -0.2826
vn -0.9385 -0.1851 -0.2916
vn -0.7808 0.5690 -0.2580
vn -0.0207 0.9770 0.2124
vn -0.0720 0.9812 0.1790
vn -0.2074 0.9481 -0.2410
vn -0.1360 0.9633 -0.2312
vn 0.0017 -0.9854 0.1702
vn -0.2618 -0.9254 -0.2740
vn -0.2062 0.9316 -0.2995
vn -0.0000 0.9522 -0.3056
vn -0.1488 0.9368 -0.3167
vn -0.0330 0.9673 0.2516
vn -0.0897 0.9577 0.2736
vn -0.0000 0.9782 0.2077
vn -0.0286 -0.9687 -0.2468
vn -0.1307 -0.9597 -0.2488
vn -0.0000 -0.9655 -0.2604
vn -0.0000 -0.9587 0.2843
vn 0.0638 -0.9447 0.3216
vn -0.0465 -0.9451 0.3234
vn -0.9649 -0.1166 -0.2353
vn -0.8582 0.4768 -0.1901
vn -0.6333 -0.7133 -0.3003
vn -0.6012 -0.7806 0.1706
vn -0.8180 -0.3120 0.4832
vn -0.7724 0.2816 0.5693
vn -0.1352 0.9306 -0.3402
vn -0.2644 0.8991 -0.3489
vn -0.2925 0.9559 -0.0279
vn -0.0788 0.9782 0.1920
vn -0.2852 -0.9206 -0.2667
vn -0.2382 -0.9229 0.3026
vn 0.1086 -0.1406 0.9841
vn -0.1299 -0.0575 0.9899
vn -0.1570 -0.4765 0.8650
vn 0.0663 -0.4875 0.8706
vn -0.0000 -0.1271 0.9919
vn 0.1494 -0.1370 0.9792
vn 0.1400 -0.4773 0.8675
vn -0.0000 -0.4773 0.8787
vn 0.5312 0.7980 -0.2848
vn 0.5409 0.7169 -0.4399
vn 0.4130 0.7805 -0.4693
vn 0.4064 0.8602 -0.3079
vn 0.5427 0.6445 -0.5387
vn 0.4195 0.6969 -0.5817
vn 0.2905 0.7364 -0.6110
vn 0.2873 0.8250 -0.4866
vn 0.2887 0.9022 -0.3205
vn 0.3213 0.1345 -0.9374
vn 0.3304 0.0251 -0.9435
vn 0.2790 0.0537 -0.9588
vn 0.2446 0.1629 -0.9559
vn 0.3340 -0.0471 -0.9414
vn 0.3073 -0.0266 -0.9512
vn -0.0000 -0.0088 -1.0000
vn -0.0000 0.0793 -0.9968
vn -0.0000 0.1857 -0.9826
vn 0.3187 -0.2298 -0.9196
vn 0.2928 -0.3555 -0.8876
vn 0.2834 -0.3743 -0.8830
vn 0.3099 -0.2369 -0.9208
vn 0.2616 -0.4636 -0.8465
vn 0.2498 -0.4864 -0.8373
vn -0.0000 -0.5089 -0.8608
vn -0.0000 -0.3933 -0.9194
vn -0.0000 -0.2456 -0.9694
vn 0.3320 -0.1177 -0.9359
vn 0.3193 -0.1099 -0.9413
vn -0.0000 -0.1054 -0.9944
vn 0.2324 -0.5483 -0.8034
vn 0.2166 -0.5706 -0.7921
vn 0.2093 -0.6066 -0.7670
vn 0.1876 -0.6274 -0.7558
vn -0.0000 -0.6482 -0.7614
vn -0.0000 -0.5929 -0.8053
vn 0.7078 -0.3210 -0.6293
vn 0.6811 -0.3887 -0.6205
vn 0.6231 -0.4291 -0.6539
vn 0.6517 -0.3478 -0.6740
vn 0.6309 -0.4972 -0.5956
vn 0.5769 -0.5286 -0.6227
vn 0.4320 -0.5675 -0.7010
vn 0.4633 -0.4857 -0.7412
vn 0.4892 -0.3979 -0.7761
vn 0.7388 -0.0684 -0.6704
vn 0.7345 -0.1177 -0.6683
vn 0.6886 -0.1103 -0.7167
vn 0.6851 -0.0619 -0.7258
vn 0.7289 -0.1941 -0.6565
vn 0.6820 -0.1908 -0.7061
vn 0.5329 -0.2034 -0.8214
vn 0.5457 -0.1101 -0.8307
vn 0.5446 -0.0465 -0.8374
vn 0.7200 -0.2679 -0.6401
vn 0.6694 -0.2739 -0.6906
vn 0.5133 -0.3038 -0.8026
vn 0.7426 0.0477 -0.6680
vn 0.7440 -0.0179 -0.6679
vn 0.6697 -0.0013 -0.7426
vn 0.6500 0.0840 -0.7553
vn 0.5354 0.0222 -0.8443
vn 0.5312 0.1136 -0.8396
vn 0.9983 -0.0161 -0.0567
vn 0.9958 -0.0792 -0.0463
vn 0.9628 -0.0609 -0.2632
vn 0.9626 0.0103 -0.2708
vn 0.9921 -0.1198 -0.0365
vn 0.9617 -0.1110 -0.2507
vn 0.8877 -0.0898 -0.4516
vn 0.8887 -0.0360 -0.4571
vn 0.8904 0.0347 -0.4539
vn 0.9869 -0.1548 -0.0463
vn 0.9841 -0.1638 -0.0692
vn 0.9421 -0.2104 -0.2610
vn 0.9512 -0.1860 -0.2462
vn 0.9774 -0.1888 -0.0953
vn 0.9347 -0.2251 -0.2751
vn 0.8582 -0.2595 -0.4429
vn 0.8649 -0.2472 -0.4368
vn 0.8764 -0.2032 -0.4366
vn 0.9890 -0.1437 -0.0351
vn 0.9583 -0.1507 -0.2428
vn 0.8850 -0.1430 -0.4431
vn 0.9564 -0.2664 -0.1200
vn 0.9165 -0.2883 -0.2772
vn 0.8970 -0.4159 -0.1497
vn 0.8569 -0.4370 -0.2735
vn 0.7899 -0.4461 -0.4208
vn 0.8435 -0.3078 -0.4402
vn 0.9766 -0.2097 0.0473
vn 0.9858 -0.1350 0.1000
vn 0.9333 -0.3586 -0.0170
vn 0.9767 -0.1267 0.1735
vn 0.9779 -0.1128 0.1763
vn 0.9794 -0.1218 0.1613
vn 0.9837 -0.1159 0.1374
vn 0.9818 -0.0810 0.1720
vn 0.9859 -0.0321 0.1645
vn 0.8732 0.3062 0.3792
vn 0.8366 0.4297 0.3399
vn 0.7957 0.3745 0.4762
vn 0.8297 0.2797 0.4830
vn 0.8051 0.5208 0.2839
vn 0.7684 0.4453 0.4597
vn 0.7341 0.3596 0.5760
vn 0.7590 0.3100 0.5726
vn 0.7896 0.2620 0.5549
vn 0.8032 0.0588 0.5928
vn 0.7456 0.0679 0.6629
vn 0.7180 -0.0719 0.6923
vn 0.7891 -0.0362 0.6133
vn 0.6906 0.0724 0.7196
vn 0.6506 -0.1009 0.7527
vn 0.6894 0.6991 0.1894
vn 0.5966 0.7860 0.1620
vn 0.5569 0.7286 0.3987
vn 0.6516 0.6372 0.4116
vn 0.4969 0.8553 0.1470
vn 0.4658 0.7942 0.3901
vn 0.4516 0.7027 0.5498
vn 0.5342 0.6324 0.5610
vn 0.6230 0.5360 0.5698
vn 0.5751 0.0872 0.8134
vn 0.5132 0.1038 0.8520
vn 0.4817 -0.0935 0.8713
vn 0.5302 -0.1097 0.8408
vn 0.4496 0.1282 0.8840
vn 0.4458 -0.0660 0.8927
vn 0.4663 -0.2015 0.8614
vn 0.4801 -0.2377 0.8444
vn 0.2876 0.9491 0.1283
vn 0.2023 0.9710 0.1274
vn 0.2017 0.9066 0.3706
vn 0.2802 0.8831 0.3763
vn -0.0000 0.9913 0.1316
vn -0.0000 0.9278 0.3732
vn -0.0000 0.8358 0.5491
vn 0.2070 0.8153 0.5408
vn 0.2806 0.7928 0.5411
vn 0.2908 0.1959 0.9365
vn 0.2156 0.2228 0.9507
vn 0.2471 0.0432 0.9680
vn 0.3218 0.0129 0.9467
vn -0.0000 0.2366 0.9716
vn -0.0000 0.0571 0.9984
vn -0.0000 -0.1555 0.9878
vn 0.2737 -0.1605 0.9483
vn 0.3297 -0.1666 0.9293
vn 0.9226 0.1085 0.3702
vn 0.9047 0.1818 0.3852
vn 0.8505 0.1835 0.4930
vn 0.8577 0.1342 0.4964
vn 0.7905 0.2075 0.5762
vn 0.7944 0.1831 0.5791
vn 0.9126 0.3262 0.2466
vn 0.8664 0.4680 0.1742
vn 0.9363 0.3360 0.1021
vn 0.8939 0.4481 -0.0060
vn 0.8435 0.5295 -0.0898
vn 0.8286 0.5529 0.0879
vn 0.9920 0.1139 -0.0537
vn 0.9966 0.0569 -0.0598
vn 0.9592 0.0968 -0.2657
vn 0.9520 0.1830 -0.2454
vn 0.8907 0.1298 -0.4357
vn 0.8855 0.2464 -0.3938
vn 0.7186 0.6950 -0.0238
vn 0.6273 0.7763 -0.0618
vn 0.7391 0.6434 -0.1995
vn 0.6498 0.7188 -0.2474
vn 0.5171 0.8512 -0.0901
vn 0.7357 0.3313 -0.5908
vn 0.7367 0.1621 -0.6565
vn 0.6333 0.2013 -0.7473
vn 0.6321 0.3723 -0.6796
vn 0.5313 0.2318 -0.8149
vn 0.5345 0.4006 -0.7442
vn 0.2912 0.9491 -0.1197
vn 0.2042 0.9716 -0.1194
vn 0.1983 0.9247 -0.3251
vn -0.0000 0.9462 -0.3235
vn -0.0000 0.9935 -0.1139
vn 0.2984 0.4521 -0.8406
vn 0.3081 0.2753 -0.9107
vn 0.2163 0.2979 -0.9298
vn 0.2003 0.4688 -0.8603
vn -0.0000 0.3140 -0.9494
vn -0.0000 0.4811 -0.8767
vn 0.9737 0.1116 0.1985
vn 0.9535 0.1814 0.2407
vn 0.9836 0.1801 -0.0085
vn 0.9697 0.2410 0.0390
vn 0.9870 0.0227 0.1588
vn 0.9367 0.0032 0.3500
vn 0.9854 0.0604 0.1592
vn 0.9366 0.0395 0.3481
vn 0.2939 0.6215 -0.7262
vn 0.1928 0.6378 -0.7457
vn 0.1890 0.7574 -0.6251
vn -0.0000 0.6504 -0.7596
vn -0.0000 0.7729 -0.6346
vn 0.7400 0.5342 -0.4086
vn 0.7353 0.4691 -0.4891
vn 0.6399 0.5183 -0.5674
vn 0.6513 0.5889 -0.4786
vn 0.5390 0.5563 -0.6325
vn 0.9880 0.1503 -0.0366
vn 0.9435 0.2537 -0.2131
vn 0.9357 0.3035 -0.1797
vn 0.8746 0.3504 -0.3350
vn 0.8651 0.4134 -0.2841
vn 0.8651 -0.0108 0.5015
vn 0.8690 0.0451 0.4927
vn 0.2828 0.5756 0.7673
vn 0.2003 0.5890 0.7829
vn 0.1996 0.4127 0.8888
vn 0.2793 0.3965 0.8745
vn -0.0000 0.6001 0.7999
vn -0.0000 0.4236 0.9058
vn 0.6259 0.3725 0.6852
vn 0.5586 0.4380 0.7044
vn 0.5485 0.3037 0.7791
vn 0.6139 0.2717 0.7411
vn 0.4791 0.4980 0.7228
vn 0.4705 0.3380 0.8151
vn 0.7477 0.2373 0.6202
vn 0.7524 0.1910 0.6304
vn 0.8019 0.1463 0.5792
vn 0.7149 0.2771 0.6419
vn 0.7110 0.2218 0.6673
vn 0.7448 0.2566 0.6159
vn 0.7170 0.2997 0.6294
vn 0.5440 0.5359 0.6456
vn 0.6196 0.4435 0.6476
vn 0.4656 0.6107 0.6406
vn 0.2072 0.7183 0.6642
vn 0.2846 0.7015 0.6534
vn -0.0000 0.7337 0.6795
vn 0.9219 0.3663 -0.1265
vn 0.8565 0.4684 -0.2171
vn 0.7457 0.5775 -0.3321
vn 0.6586 0.6426 -0.3916
vn 0.1901 0.8479 -0.4948
vn -0.0000 0.8666 -0.4991
vn 0.9818 0.0831 0.1708
vn 0.9322 0.0715 0.3548
vn 0.8650 0.0992 0.4919
vn 0.3123 0.9100 -0.2726
vn 0.6661 0.6930 -0.2760
vn 0.0681 0.9610 -0.2682
vn 0.0824 0.9616 -0.2618
vn 0.3383 0.8934 -0.2958
vn 0.6594 0.6780 -0.3247
vn -0.8904 0.4545 0.0257
vn -0.7104 0.7028 -0.0375
vn -0.9790 0.1788 0.0976
vn -0.9920 0.1216 -0.0337
vn -0.9124 0.3854 -0.1377
vn -0.7501 0.6333 -0.1907
vn -0.3435 -0.9381 -0.0448
vn -0.7278 -0.6818 0.0735
vn 0.1586 -0.9257 0.3434
vn -0.1201 -0.9903 -0.0699
vn -0.0715 -0.9960 -0.0531
vn -0.3146 -0.9486 -0.0342
vn -0.7250 -0.6869 0.0496
vn 0.8799 -0.3144 -0.3563
vn 0.6875 -0.6604 -0.3021
vn 0.9357 0.0404 -0.3504
vn 0.9405 0.0446 -0.3370
vn 0.8860 -0.3337 -0.3218
vn 0.6711 -0.6936 -0.2618
vn -0.5096 0.8544 -0.1017
vn -0.3138 0.9350 -0.1653
vn -0.5502 0.8123 -0.1932
vn -0.3347 0.9211 -0.1987
vn -0.0952 0.9679 -0.2327
vn -0.1082 0.9694 -0.2203
vn 0.4208 -0.8830 -0.2080
vn 0.2225 -0.9645 -0.1424
vn 0.4063 -0.8992 -0.1626
vn 0.2349 -0.9682 -0.0860
vn 0.8802 0.3641 -0.3043
vn 0.8654 0.3765 -0.3306
vn -0.9682 -0.1983 0.1524
vn -0.9723 -0.2263 0.0585
vn 0.8543 0.3861 -0.3481
vn 0.9296 0.0355 -0.3669
vn 0.6717 0.7115 -0.2062
vn 0.7398 0.6174 0.2674
vn 0.9262 0.3695 0.0752
vn 0.9974 0.0098 -0.0709
vn -0.9604 -0.2432 -0.1360
vn -0.9684 0.0728 -0.2385
vn -0.6810 -0.7299 0.0583
vn -0.4932 -0.7048 0.5100
vn -0.8693 -0.3930 0.2998
vn -0.9985 0.0533 -0.0107
vn 0.3842 0.9178 -0.1005
vn 0.1560 0.9875 -0.0238
vn 0.3692 0.7866 0.4950
vn 0.5055 0.7418 0.4407
vn -0.9041 0.3410 -0.2575
vn -0.7129 0.6843 -0.1533
vn -0.8230 0.4851 0.2955
vn -0.4860 0.7434 0.4595
vn -0.2330 -0.9655 0.1161
vn 0.0397 -0.9941 0.1012
vn 0.2542 -0.7713 0.5835
vn -0.0065 -0.8006 0.5992
vn 0.8837 -0.3714 -0.2847
vn 0.6568 -0.7393 -0.1487
vn 0.9251 -0.3718 0.0773
vn 0.7283 -0.6242 0.2827
vn -0.4482 0.8928 -0.0439
vn -0.2094 0.9778 0.0047
vn -0.1323 0.8377 0.5298
vn 0.1030 0.8318 0.5454
vn 0.0011 1.0000 0.0016
vn 0.2624 0.8117 0.5218
vn 0.4165 -0.9091 -0.0072
vn 0.2882 -0.9537 0.0855
vn 0.5514 -0.7100 0.4380
vn 0.4637 -0.7289 0.5037
vn 0.0851 -0.9954 -0.0431
vn 0.1817 -0.9777 0.1050
vn 0.3852 -0.7489 0.5392
vn 0.0552 -0.9936 -0.0987
vn 0.8027 0.5282 -0.2769
vn 0.7978 0.5841 -0.1498
vn 0.8032 0.4829 -0.3487
vn 0.6956 0.4327 0.5735
vn 0.6809 0.3563 0.6398
vn 0.6787 0.3163 0.6628
vn 0.6675 0.2452 0.7031
vn 0.6340 0.0775 0.7694
vn 0.8103 0.4163 -0.4125
vn 0.8207 0.2891 -0.4928
vn 0.8196 0.1435 -0.5547
vn 0.8074 0.0406 -0.5887
vn 0.7846 0.6196 0.0233
vn 0.7623 0.6050 0.2299
vn 0.5866 -0.1131 0.8020
vn 0.7279 0.5315 0.4333
vn 0.7973 -0.0216 -0.6033
vn 0.7923 -0.0722 -0.6059
vn 0.7724 -0.2654 -0.5770
vn 0.7818 -0.2026 -0.5897
vn 0.7640 -0.2953 -0.5736
vn 0.7887 -0.1285 -0.6012
vn 0.7446 -0.3470 -0.5703
vn 0.6943 -0.4678 -0.5470
vn 0.5050 -0.3448 0.7913
vn 0.4822 -0.3139 0.8179
vn 0.8186 -0.0171 0.5741
vn 0.7992 -0.1982 0.5675
vn 0.6126 -0.0091 0.7903
vn 0.6636 -0.2625 0.7005
vn 0.5593 0.0238 0.8286
vn 0.6079 0.0081 0.7940
vn 0.5678 0.2923 0.7695
vn 0.5071 0.3394 0.7923
vn 0.6424 0.2498 0.7246
vn 0.3585 0.0262 0.9332
vn 0.4635 0.0305 0.8856
vn 0.4237 0.3656 0.8288
vn 0.3316 0.3571 0.8732
vn 0.2220 -0.0060 0.9750
vn 0.2848 0.0116 0.9585
vn 0.2511 0.3278 0.9108
vn 0.0554 0.3484 0.9357
vn 0.0226 -0.3482 0.9371
vn -0.5049 -0.2262 0.8330
vn -0.5306 0.0137 0.8475
vn 0.2553 -0.3076 0.9166
vn 0.3622 -0.3101 0.8790
vn 0.4695 -0.3075 0.8277
vn 0.5562 -0.2893 0.7791
vn 0.6086 -0.2684 0.7467
vn 0.7913 0.1572 0.5909
vn -0.4821 0.2575 0.8374
vn 0.3691 0.7544 0.5428
vn 0.3791 0.6654 0.6431
vn 0.3853 0.5448 0.7448
vn 0.3790 0.3701 0.8482
vn 0.3778 0.1606 0.9119
vn 0.4215 0.5926 -0.6864
vn 0.4220 0.4278 -0.7993
vn 0.4242 0.2529 -0.8696
vn 0.4247 0.1215 -0.8971
vn 0.4022 0.9089 -0.1101
vn 0.3930 0.9095 0.1353
vn 0.4005 -0.0275 0.9159
vn 0.4172 -0.1753 0.8917
vn 0.3751 0.8443 0.3827
vn 0.2914 -0.5266 -0.7986
vn 0.3180 -0.4390 -0.8403
vn 0.2705 -0.5917 -0.7594
vn 0.3887 -0.1155 -0.9141
vn 0.4020 -0.0447 -0.9145
vn 0.3716 -0.2189 -0.9022
vn 0.3469 -0.3341 -0.8764
vn 0.4159 0.0242 -0.9091
vn 0.2985 -0.2740 0.9142
vn 0.3270 -0.2917 0.8989
vn -0.0000 -0.2760 0.9612
vn 0.4086 -0.3036 0.8608
vn 0.7067 -0.0530 0.7055
vn 0.7083 -0.1416 0.6916
vn 0.5541 -0.1500 0.8188
vn 0.5498 -0.0652 0.8327
vn 0.6702 -0.4223 0.6103
vn 0.5281 -0.4283 0.7333
vn 0.3626 -0.4341 0.8247
vn 0.3772 -0.1596 0.9123
vn 0.3688 -0.0800 0.9260
vn 0.9223 -0.0341 0.3849
vn 0.9193 -0.1303 0.3714
vn 0.8301 -0.1347 0.5412
vn 0.8306 -0.0428 0.5553
vn 0.8531 -0.4265 0.3006
vn 0.7784 -0.4212 0.4654
vn 0.9998 -0.0187 0.0054
vn 0.9920 -0.1260 -0.0096
vn 0.9742 -0.1282 0.1857
vn 0.9796 -0.0267 0.1993
vn 0.8957 -0.4397 -0.0655
vn 0.8928 -0.4341 0.1206
vn 0.9288 0.0064 -0.3706
vn 0.9140 -0.1129 -0.3897
vn 0.9713 -0.1213 -0.2047
vn 0.9822 -0.0082 -0.1874
vn 0.7985 -0.4384 -0.4126
vn 0.8628 -0.4413 -0.2466
vn 0.7336 0.0535 -0.6774
vn 0.7099 -0.0842 -0.6993
vn 0.8247 -0.1006 -0.5566
vn 0.8442 0.0268 -0.5354
vn 0.6011 -0.4281 -0.6748
vn 0.7091 -0.4329 -0.5567
vn 0.4048 0.0759 -0.9112
vn 0.4171 -0.0527 -0.9073
vn 0.5732 -0.0637 -0.8170
vn 0.5889 0.0760 -0.8046
vn 0.3474 -0.4120 -0.8424
vn 0.4775 -0.4250 -0.7690
vn -0.0000 0.0557 -0.9984
vn -0.0000 -0.0694 -0.9976
vn 0.2606 -0.0593 -0.9636
vn 0.2496 0.0617 -0.9664
vn -0.0000 -0.3901 -0.9208
vn 0.2195 -0.3890 -0.8947
vn 0.2325 -0.1700 0.9576
vn 0.2229 -0.0929 0.9704
vn 0.2281 -0.4377 0.8697
vn -0.0000 -0.4536 0.8912
vn -0.0000 -0.1786 0.9839
vn -0.0000 -0.0992 0.9951
vn 0.2640 -0.8236 0.5019
vn 0.1678 -0.8265 0.5373
vn 0.1376 -0.9827 0.1242
vn 0.0895 -0.9871 0.1329
vn -0.0000 -0.9933 0.1157
vn -0.0000 -0.8482 0.5297
vn 0.4938 -0.7924 0.3582
vn 0.3871 -0.8114 0.4379
vn 0.2842 -0.9552 0.0825
vn 0.2089 -0.9724 0.1043
vn 0.6143 -0.7770 0.1377
vn 0.5694 -0.7797 0.2603
vn 0.3783 -0.9256 -0.0138
vn 0.3418 -0.9386 0.0468
vn 0.6180 -0.7742 -0.1365
vn 0.6301 -0.7765 0.0006
vn 0.3905 -0.9041 -0.1737
vn 0.3952 -0.9141 -0.0905
vn 0.5285 -0.7610 -0.3764
vn 0.5821 -0.7687 -0.2649
vn 0.3312 -0.8865 -0.3231
vn 0.3675 -0.8949 -0.2532
vn 0.3835 -0.7492 -0.5400
vn 0.4622 -0.7549 -0.4653
vn 0.2422 -0.8567 -0.4555
vn 0.2909 -0.8754 -0.3861
vn 0.2120 -0.7073 -0.6744
vn 0.2986 -0.7336 -0.6104
vn 0.1397 -0.8050 -0.5766
vn 0.1905 -0.8294 -0.5252
vn -0.0000 -0.6829 -0.7305
vn 0.1383 -0.6797 -0.7203
vn -0.0000 -0.7961 -0.6051
vn 0.0963 -0.7926 -0.6021
vn 0.1182 -0.8214 -0.5580
vn 0.1178 -0.8264 -0.5507
vn 0.0879 -0.8203 -0.5652
vn 0.0919 -0.8199 -0.5650
vn -0.0000 -0.8231 -0.5679
vn -0.0000 -0.8241 -0.5665
vn 0.3225 -0.7386 -0.5921
vn 0.2156 -0.7343 -0.6436
vn 0.2480 -0.6566 -0.7123
vn 0.3858 -0.6517 -0.6530
vn 0.1596 -0.7347 -0.6593
vn 0.1871 -0.6634 -0.7245
vn 0.4755 -0.7382 -0.4785
vn 0.4307 -0.7383 -0.5191
vn 0.5118 -0.6361 -0.5774
vn 0.5603 -0.6221 -0.5469
vn 0.5568 -0.7592 -0.3371
vn 0.5091 -0.7441 -0.4325
vn 0.6106 -0.6147 -0.4993
vn 0.6862 -0.6158 -0.3873
vn -0.0000 -0.9994 -0.0350
vn 0.0722 -0.9971 -0.0228
vn 0.1015 -0.9947 -0.0182
vn 0.3168 -0.9128 -0.2577
vn 0.3307 -0.9229 -0.1970
vn 0.2885 -0.9016 -0.3224
vn 0.3263 -0.8760 -0.3552
vn 0.3467 -0.8900 -0.2963
vn 0.3578 -0.9055 -0.2282
vn 0.2518 -0.8861 -0.3891
vn 0.2091 -0.8653 -0.4556
vn 0.2166 -0.8487 -0.4826
vn 0.2801 -0.8641 -0.4183
vn 0.1603 -0.8420 -0.5152
vn 0.1607 -0.8321 -0.5309
vn 0.1331 -0.7929 -0.5946
vn 0.1062 -0.7971 -0.5944
vn 0.1311 -0.7453 -0.6537
vn -0.0000 -0.8034 -0.5955
vn -0.0000 -0.7553 -0.6554
vn 0.6391 -0.7592 -0.1235
vn 0.8228 -0.5627 -0.0804
vn 0.8640 -0.4930 0.1022
vn 0.6003 -0.7757 -0.1946
vn 0.7762 -0.6040 -0.1805
vn 0.3259 -0.9347 -0.1418
vn 0.3518 -0.9194 -0.1761
vn 0.3180 -0.9353 -0.1550
vn 0.2984 -0.9489 -0.1024
vn 0.4323 -0.8825 -0.1852
vn 0.4389 -0.8735 -0.2107
vn 0.5832 -0.7739 -0.2469
vn 0.4364 -0.8558 -0.2779
vn 0.7394 -0.6178 -0.2675
vn 0.3261 -0.9370 -0.1252
vn 0.4529 -0.8809 -0.1377
vn 0.1603 -0.6803 -0.7152
vn -0.0000 -0.6964 -0.7177
vn 0.4131 -0.8369 -0.3591
vn 0.3913 -0.8250 -0.4077
vn 0.3451 -0.8175 -0.4611
vn 0.2577 -0.8087 -0.5288
vn 0.1817 -0.7978 -0.5749
vn 0.1057 0.3479 0.9315
vn -0.0000 0.3959 0.9183
vn 0.1017 0.3616 0.9268
vn -0.1114 0.4995 0.8591
vn -0.5540 0.7208 0.4166
vn -0.4103 0.8799 -0.2395
vn -0.5475 0.7892 -0.2781
vn 0.1149 0.4832 0.8679
vn -0.2125 0.9553 0.2053
vn 0.8402 -0.3781 0.3888
vn 0.7204 -0.2264 0.6556
vn 0.5839 -0.1163 0.8034
vn 0.3616 -0.0333 0.9317
vn 0.2535 -0.9647 -0.0709
vn 0.1979 -0.9788 -0.0527
vn 0.2405 -0.9629 -0.1222
vn 0.1902 -0.9767 -0.0990
vn 0.1702 -0.9833 -0.0637
vn 0.2386 -0.9667 -0.0920
vn 0.1442 -0.9890 -0.0341
vn -0.0000 -0.1499 0.9887
vn 0.3531 -0.2124 0.9111
vn 0.3564 -0.3178 0.8786
vn 0.2655 -0.1962 0.9439
vn 0.4311 -0.2697 0.8610
vn 0.4152 -0.3674 0.8322
vn 0.3994 -0.4419 0.8032
vn 0.3251 -0.4029 0.8556
vn 0.3348 -0.2110 0.9184
vn 0.3528 -0.0991 0.9304
vn 0.2272 -0.1091 0.9677
vn -0.0000 -0.1040 0.9946
vn 0.2010 0.0729 -0.9769
vn 0.1978 0.0716 -0.9776
vn 0.2437 0.0691 -0.9674
vn 0.2564 0.0693 -0.9641
vn 0.3842 0.0693 -0.9207
vn 0.3794 0.0609 -0.9232
vn 0.5724 0.0767 -0.8164
vn 0.5635 0.0635 -0.8237
vn 0.7372 0.0733 -0.6717
vn 0.7354 0.0707 -0.6740
vn 0.8513 0.0504 -0.5223
vn 0.8549 0.0549 -0.5160
vn 0.9314 0.0253 -0.3632
vn 0.9335 0.0275 -0.3575
vn 0.9827 0.0073 -0.1852
vn 0.9834 0.0078 -0.1810
vn 1.0000 -0.0051 0.0049
vn 1.0000 -0.0053 0.0085
vn 0.9801 -0.0144 0.1978
vn 0.9794 -0.0150 0.2013
vn 0.9228 -0.0229 0.3847
vn 0.9211 -0.0236 0.3886
vn 0.8298 -0.0322 0.5571
vn 0.8271 -0.0330 0.5610
vn 0.7049 -0.0424 0.7080
vn 0.7009 -0.0429 0.7120
vn 0.5394 -0.0619 0.8397
vn 0.5213 -0.0708 0.8505
vn -0.6604 -0.1752 0.7302
vn -0.7309 -0.1307 0.6699
vn -0.8455 -0.0771 0.5283
vn -0.8437 -0.0886 0.5294
vn -0.9303 -0.0725 0.3595
vn -0.9281 -0.0992 0.3589
vn -0.8555 -0.0510 0.5152
vn -0.9339 -0.0370 0.3555
vn -0.7625 -0.1013 0.6390
vn -0.5351 -0.5262 0.6609
vn -0.5129 -0.3921 0.7637
vn -0.5077 -0.4115 0.7569
vn -0.4767 -0.5567 0.6803
vn -0.5381 -0.3600 0.7622
vn -0.4534 -0.5144 0.7279
vn -0.5422 -0.2869 0.7898
vn -0.5986 -0.2507 0.7608
vn -0.5078 -0.2750 0.8164
vn -0.6358 0.0747 0.7682
vn -0.6384 -0.0262 0.7693
vn -0.8444 -0.0654 0.5317
vn -0.8460 -0.0219 0.5327
vn -0.9412 -0.0782 0.3287
vn -0.9519 -0.0738 0.2973
vn -0.8503 -0.0940 0.5178
vn -0.9336 -0.0985 0.3444
vn -0.6455 -0.0928 0.7581
vn -0.4975 -0.0161 0.8673
vn -0.5282 0.1021 0.8430
vn -0.5825 0.1000 0.8067
vn -0.5908 0.0200 0.8066
vn -0.7022 0.0580 0.7096
vn -0.7310 -0.0390 0.6812
vn -0.5451 0.1837 0.8180
vn -0.5094 0.2182 0.8324
vn -0.8678 -0.0279 0.4962
vn -0.8836 -0.1561 0.4415
vn -0.9621 -0.1249 0.2425
vn -0.9475 -0.2701 0.1714
vn -0.7915 0.2805 0.5431
vn -0.7061 0.1258 0.6969
vn -0.6188 0.1000 0.7792
vn -0.6980 0.2245 0.6800
vn -0.6236 0.0763 0.7780
vn -0.6249 0.2153 0.7504
vn -0.5824 -0.0855 0.8084
vn -0.6151 -0.0856 0.7838
vn -0.6378 -0.0818 0.7659
vn -0.8911 0.1628 0.4237
vn -0.8569 0.2978 0.4207
vn -0.7702 0.2566 0.5839
vn -0.8193 0.0866 0.5667
vn -0.6563 0.2406 0.7151
vn -0.6712 -0.0159 0.7411
vn -0.4643 0.0583 0.8837
vn -0.4241 0.2408 0.8730
vn -0.4508 0.1452 0.8808
vn -0.4643 -0.0032 0.8857
vn -0.4026 0.2829 0.8706
vn -0.3838 0.3280 0.8632
vn -0.5581 -0.2369 0.7952
vn -0.5280 -0.2869 0.7993
vn -0.5866 -0.3168 0.7454
vn -0.4386 -0.3704 0.8188
vn -0.5247 -0.4273 0.7362
vn -0.4179 -0.3097 0.8541
vn -0.6188 -0.2423 0.7473
vn -0.5138 -0.3739 0.7721
vn -0.6740 -0.1794 0.7166
vn -0.6615 -0.1263 0.7392
vn -0.8499 -0.0989 0.5177
vn -0.9289 -0.1104 0.3536
vn -0.9269 0.2252 0.3001
vn -0.7803 0.5113 0.3600
vn 0.0781 -0.7236 0.6858
vn -0.0507 -0.8974 0.4383
vn 0.3541 -0.2954 0.8874
vn -0.9619 -0.0422 0.2701
vn -0.0465 0.8200 0.5705
vn 0.0840 0.6907 0.7182
vn 0.4341 0.0995 0.8954
vn -0.5466 -0.4779 0.6876
vn -0.5728 -0.7868 0.2300
vn -0.7322 -0.6456 0.2172
vn -0.1757 0.8469 0.5020
vn 0.3099 0.4253 0.8503
vn -0.4161 -0.8799 0.2295
vn -0.9032 -0.3751 0.2088
vn -0.2309 0.8689 0.4379
vn -0.5114 0.3008 0.8050
vn -0.5020 0.7751 0.3837
vn -0.2645 0.8863 0.3801
vn -0.3238 -0.6272 0.7083
vn -0.2943 -0.8039 0.5168
vn -0.2248 -0.8709 0.4370
vn -0.2653 -0.7046 0.6581
vn -0.1763 -0.9529 0.2467
vn -0.2446 -0.9154 0.3198
vn -0.5347 -0.1594 0.8299
vn -0.6921 -0.0315 0.7211
vn -0.3845 -0.2335 0.8931
vn -0.8749 0.3180 0.3652
vn -0.8685 0.0552 0.4926
vn -0.8480 0.3328 0.4124
vn -0.7935 0.1713 0.5840
vn -0.5877 -0.3170 0.7444
vn -0.7669 -0.2229 0.6018
vn -0.4282 -0.3639 0.8272
vn -0.4490 -0.5725 0.6861
vn -0.3787 -0.6989 0.6067
vn -0.3888 -0.5023 0.7723
vn -0.3402 -0.8481 0.4061
vn -0.4416 -0.7530 0.4878
vn -0.4601 -0.1651 0.8724
vn -0.3673 -0.1016 0.9245
vn -0.3928 -0.1728 0.9033
vn -0.4784 -0.0962 0.8729
vn -0.4239 -0.2191 0.8788
vn -0.2383 -0.3459 0.9075
vn -0.3302 -0.5196 0.7880
vn -0.1607 -0.0037 0.9870
vn -0.2808 -0.9206 0.2715
vn -0.5283 0.2596 0.8084
vn -0.5513 0.0605 0.8321
vn -0.1516 -0.9884 0.0118
vn -0.1942 -0.9694 0.1498
vn -0.2881 -0.9367 0.1987
vn -0.2505 -0.9678 0.0230
vn -0.4080 -0.8797 0.2444
vn -0.3617 -0.9322 0.0150
vn -0.1359 -0.9848 0.1084
vn -0.0984 -0.9951 0.0016
vn -0.4449 -0.2008 0.8728
vn -0.4521 -0.2270 0.8626
vn -0.4150 -0.3733 0.8297
vn -0.2658 -0.6877 0.6756
vn -0.5190 -0.3149 0.7946
vn -0.3262 -0.6933 0.6427
vn -0.5173 -0.2760 0.8101
vn -0.3520 -0.6720 0.6515
vn -0.6526 -0.4411 0.6161
vn -0.5481 -0.6229 0.5582
vn -0.5071 -0.4315 0.7461
vn -0.5553 -0.2744 0.7851
vn -0.4459 -0.2499 0.8595
vn -0.2113 0.3154 0.9251
vn -0.2817 -0.4403 0.8525
vn -0.3296 -0.3539 0.8753
vn -0.2386 0.3675 0.8989
vn -0.6947 -0.7176 0.0495
vn -0.5052 -0.8628 0.0200
vn -0.5502 -0.7841 0.2872
vn -0.7136 -0.6139 0.3376
vn -0.3719 -0.2038 0.9056
vn -0.3756 -0.0633 0.9246
vn -0.2454 0.4694 0.8482
vn -0.1949 0.5614 0.8043
vn 0.0445 0.9640 0.2622
vn 0.0235 0.9681 0.2493
vn 0.1874 0.9567 -0.2228
vn 0.1488 0.9639 -0.2209
vn -0.0470 -0.9873 0.1515
vn -0.0756 -0.9854 0.1525
vn 0.0345 -0.9680 -0.2486
vn 0.1279 -0.9562 -0.2632
vn 0.6070 0.6185 0.4990
vn 0.4963 -0.6580 0.5664
vn 0.1211 -0.9566 0.2652
vn 0.9385 -0.1851 -0.2916
vn 0.5449 -0.7895 -0.2826
vn 0.7808 0.5690 -0.2580
vn 0.0207 0.9770 0.2124
vn 0.0720 0.9812 0.1790
vn 0.1360 0.9633 -0.2312
vn 0.2074 0.9481 -0.2410
vn -0.0017 -0.9854 0.1702
vn 0.2618 -0.9254 -0.2740
vn 0.2062 0.9316 -0.2995
vn 0.1488 0.9368 -0.3167
vn 0.0897 0.9577 0.2736
vn 0.0330 0.9673 0.2516
vn 0.1307 -0.9597 -0.2488
vn 0.0286 -0.9687 -0.2468
vn -0.0638 -0.9447 0.3216
vn 0.0465 -0.9451 0.3234
vn 0.8582 0.4768 -0.1901
vn 0.9649 -0.1166 -0.2353
vn 0.6333 -0.7133 -0.3003
vn 0.8180 -0.3120 0.4832
vn 0.6012 -0.7806 0.1706
vn 0.7724 0.2816 0.5693
vn 0.1352 0.9306 -0.3402
vn 0.2644 0.8991 -0.3489
vn 0.0788 0.9782 0.1920
vn 0.2925 0.9559 -0.0279
vn 0.2852 -0.9206 -0.2667
vn 0.2382 -0.9229 0.3026
vn -0.1086 -0.1406 0.9841
vn -0.0663 -0.4875 0.8706
vn 0.1570 -0.4765 0.8650
vn 0.1299 -0.0575 0.9899
vn -0.1400 -0.4773 0.8675
vn -0.1494 -0.1370 0.9792
vn -0.5312 0.7980 -0.2848
vn -0.4064 0.8602 -0.3079
vn -0.4130 0.7805 -0.4693
vn -0.5409 0.7169 -0.4399
vn -0.4195 0.6969 -0.5817
vn -0.5427 0.6445 -0.5387
vn -0.2873 0.8250 -0.4866
vn -0.2905 0.7364 -0.6110
vn -0.2887 0.9022 -0.3205
vn -0.3213 0.1345 -0.9374
vn -0.2446 0.1629 -0.9559
vn -0.2790 0.0537 -0.9588
vn -0.3304 0.0251 -0.9435
vn -0.3073 -0.0266 -0.9512
vn -0.3340 -0.0471 -0.9414
vn -0.3187 -0.2298 -0.9196
vn -0.3099 -0.2369 -0.9208
vn -0.2834 -0.3743 -0.8830
vn -0.2928 -0.3555 -0.8876
vn -0.2498 -0.4864 -0.8373
vn -0.2616 -0.4636 -0.8465
vn -0.3193 -0.1099 -0.9413
vn -0.3320 -0.1177 -0.9359
vn -0.2166 -0.5706 -0.7921
vn -0.2324 -0.5483 -0.8034
vn -0.1876 -0.6274 -0.7558
vn -0.2093 -0.6066 -0.7670
vn -0.7078 -0.3210 -0.6293
vn -0.6517 -0.3478 -0.6740
vn -0.6231 -0.4291 -0.6539
vn -0.6811 -0.3887 -0.6205
vn -0.5769 -0.5286 -0.6227
vn -0.6309 -0.4972 -0.5956
vn -0.4633 -0.4857 -0.7412
vn -0.4320 -0.5675 -0.7010
vn -0.4892 -0.3979 -0.7761
vn -0.7388 -0.0684 -0.6704
vn -0.6851 -0.0619 -0.7258
vn -0.6886 -0.1103 -0.7167
vn -0.7345 -0.1177 -0.6683
vn -0.6820 -0.1908 -0.7061
vn -0.7289 -0.1941 -0.6565
vn -0.5457 -0.1101 -0.8307
vn -0.5329 -0.2034 -0.8214
vn -0.5446 -0.0465 -0.8374
vn -0.6694 -0.2739 -0.6906
vn -0.7200 -0.2679 -0.6401
vn -0.5133 -0.3038 -0.8026
vn -0.7426 0.0477 -0.6680
vn -0.6500 0.0840 -0.7553
vn -0.6697 -0.0013 -0.7426
vn -0.7440 -0.0179 -0.6679
vn -0.5354 0.0222 -0.8443
vn -0.5312 0.1136 -0.8396
vn -0.9983 -0.0161 -0.0567
vn -0.9626 0.0103 -0.2708
vn -0.9628 -0.0609 -0.2632
vn -0.9958 -0.0792 -0.0463
vn -0.9617 -0.1110 -0.2507
vn -0.9921 -0.1198 -0.0365
vn -0.8887 -0.0360 -0.4571
vn -0.8877 -0.0898 -0.4516
vn -0.8904 0.0347 -0.4539
vn -0.9869 -0.1548 -0.0463
vn -0.9512 -0.1860 -0.2462
vn -0.9421 -0.2104 -0.2610
vn -0.9841 -0.1638 -0.0692
vn -0.9347 -0.2251 -0.2751
vn -0.9774 -0.1888 -0.0953
vn -0.8649 -0.2472 -0.4368
vn -0.8582 -0.2595 -0.4429
vn -0.8764 -0.2032 -0.4366
vn -0.9583 -0.1507 -0.2428
vn -0.9890 -0.1437 -0.0351
vn -0.8850 -0.1430 -0.4431
vn -0.9165 -0.2883 -0.2772
vn -0.9564 -0.2664 -0.1200
vn -0.8569 -0.4370 -0.2735
vn -0.8970 -0.4159 -0.1497
vn -0.8435 -0.3078 -0.4402
vn -0.7899 -0.4461 -0.4208
vn -0.9858 -0.1350 0.1000
vn -0.9766 -0.2097 0.0473
vn -0.9333 -0.3586 -0.0170
vn -0.9779 -0.1128 0.1763
vn -0.9767 -0.1267 0.1735
vn -0.9794 -0.1218 0.1613
vn -0.9837 -0.1159 0.1374
vn -0.9859 -0.0321 0.1645
vn -0.9818 -0.0810 0.1720
vn -0.8732 0.3062 0.3792
vn -0.8297 0.2797 0.4830
vn -0.7957 0.3745 0.4762
vn -0.8366 0.4297 0.3399
vn -0.7684 0.4453 0.4597
vn -0.8051 0.5208 0.2839
vn -0.7590 0.3100 0.5726
vn -0.7341 0.3596 0.5760
vn -0.7896 0.2620 0.5549
vn -0.8032 0.0588 0.5928
vn -0.7891 -0.0362 0.6133
vn -0.7180 -0.0719 0.6923
vn -0.7456 0.0679 0.6629
vn -0.6506 -0.1009 0.7527
vn -0.6906 0.0724 0.7196
vn -0.6894 0.6991 0.1894
vn -0.6516 0.6372 0.4116
vn -0.5569 0.7286 0.3987
vn -0.5966 0.7860 0.1620
vn -0.4658 0.7942 0.3901
vn -0.4969 0.8553 0.1470
vn -0.5342 0.6324 0.5610
vn -0.4516 0.7027 0.5498
vn -0.6230 0.5360 0.5698
vn -0.5751 0.0872 0.8134
vn -0.5302 -0.1097 0.8408
vn -0.4817 -0.0935 0.8713
vn -0.5132 0.1038 0.8520
vn -0.4458 -0.0660 0.8927
vn -0.4496 0.1282 0.8840
vn -0.4801 -0.2377 0.8444
vn -0.4663 -0.2015 0.8614
vn -0.2876 0.9491 0.1283
vn -0.2802 0.8831 0.3763
vn -0.2017 0.9066 0.3706
vn -0.2023 0.9710 0.1274
vn -0.2070 0.8153 0.5408
vn -0.2806 0.7928 0.5411
vn -0.2908 0.1959 0.9365
vn -0.3218 0.0129 0.9467
vn -0.2471 0.0432 0.9680
vn -0.2156 0.2228 0.9507
vn -0.2737 -0.1605 0.9483
vn -0.3297 -0.1666 0.9293
vn -0.9226 0.1085 0.3702
vn -0.8577 0.1342 0.4964
vn -0.8505 0.1835 0.4930
vn -0.9047 0.1818 0.3852
vn -0.7905 0.2075 0.5762
vn -0.7944 0.1831 0.5791
vn -0.8664 0.4680 0.1742
vn -0.9126 0.3262 0.2466
vn -0.8939 0.4481 -0.0060
vn -0.9363 0.3360 0.1021
vn -0.8286 0.5529 0.0879
vn -0.8435 0.5295 -0.0898
vn -0.9920 0.1139 -0.0537
vn -0.9520 0.1830 -0.2454
vn -0.9592 0.0968 -0.2657
vn -0.9966 0.0569 -0.0598
vn -0.8907 0.1298 -0.4357
vn -0.8855 0.2464 -0.3938
vn -0.6273 0.7763 -0.0618
vn -0.7186 0.6950 -0.0238
vn -0.6498 0.7188 -0.2474
vn -0.7391 0.6434 -0.1995
vn -0.5171 0.8512 -0.0901
vn -0.7357 0.3313 -0.5908
vn -0.6321 0.3723 -0.6796
vn -0.6333 0.2013 -0.7473
vn -0.7367 0.1621 -0.6565
vn -0.5313 0.2318 -0.8149
vn -0.5345 0.4006 -0.7442
vn -0.2042 0.9716 -0.1194
vn -0.2912 0.9491 -0.1197
vn -0.1983 0.9247 -0.3251
vn -0.2984 0.4521 -0.8406
vn -0.2003 0.4688 -0.8603
vn -0.2163 0.2979 -0.9298
vn -0.3081 0.2753 -0.9107
vn -0.9535 0.1814 0.2407
vn -0.9737 0.1116 0.1985
vn -0.9697 0.2410 0.0390
vn -0.9836 0.1801 -0.0085
vn -0.9367 0.0032 0.3500
vn -0.9870 0.0227 0.1588
vn -0.9854 0.0604 0.1592
vn -0.9366 0.0395 0.3481
vn -0.1890 0.7574 -0.6251
vn -0.1928 0.6378 -0.7457
vn -0.2939 0.6215 -0.7262
vn -0.7400 0.5342 -0.4086
vn -0.6513 0.5889 -0.4786
vn -0.6399 0.5183 -0.5674
vn -0.7353 0.4691 -0.4891
vn -0.5390 0.5563 -0.6325
vn -0.9357 0.3035 -0.1797
vn -0.9435 0.2537 -0.2131
vn -0.9880 0.1503 -0.0366
vn -0.8746 0.3504 -0.3350
vn -0.8651 0.4134 -0.2841
vn -0.8651 -0.0108 0.5015
vn -0.8690 0.0451 0.4927
vn -0.2828 0.5756 0.7673
vn -0.2793 0.3965 0.8745
vn -0.1996 0.4127 0.8888
vn -0.2003 0.5890 0.7829
vn -0.6259 0.3725 0.6852
vn -0.6139 0.2717 0.7411
vn -0.5485 0.3037 0.7791
vn -0.5586 0.4380 0.7044
vn -0.4705 0.3380 0.8151
vn -0.4791 0.4980 0.7228
vn -0.8019 0.1463 0.5792
vn -0.7524 0.1910 0.6304
vn -0.7477 0.2373 0.6202
vn -0.7110 0.2218 0.6673
vn -0.7149 0.2771 0.6419
vn -0.7448 0.2566 0.6159
vn -0.7170 0.2997 0.6294
vn -0.6196 0.4435 0.6476
vn -0.5440 0.5359 0.6456
vn -0.4656 0.6107 0.6406
vn -0.2846 0.7015 0.6534
vn -0.2072 0.7183 0.6642
vn -0.9219 0.3663 -0.1265
vn -0.8565 0.4684 -0.2171
vn -0.6586 0.6426 -0.3916
vn -0.7457 0.5775 -0.3321
vn -0.1901 0.8479 -0.4948
vn -0.9322 0.0715 0.3548
vn -0.9818 0.0831 0.1708
vn -0.8650 0.0992 0.4919
vn -0.6661 0.6930 -0.2760
vn -0.3123 0.9100 -0.2726
vn -0.0681 0.9610 -0.2682
vn -0.3383 0.8934 -0.2958
vn -0.0824 0.9616 -0.2618
vn -0.6594 0.6780 -0.3247
vn 0.7104 0.7028 -0.0375
vn 0.8904 0.4545 0.0257
vn 0.9790 0.1788 0.0976
vn 0.9124 0.3854 -0.1377
vn 0.9920 0.1216 -0.0337
vn 0.7501 0.6333 -0.1907
vn 0.7278 -0.6818 0.0735
vn 0.3435 -0.9381 -0.0448
vn 0.1201 -0.9903 -0.0699
vn -0.1586 -0.9257 0.3434
vn 0.3146 -0.9486 -0.0342
vn 0.0715 -0.9960 -0.0531
vn 0.7250 -0.6869 0.0496
vn -0.6875 -0.6604 -0.3021
vn -0.8799 -0.3144 -0.3563
vn -0.9357 0.0404 -0.3504
vn -0.8860 -0.3337 -0.3218
vn -0.9405 0.0446 -0.3370
vn -0.6711 -0.6936 -0.2618
vn 0.3138 0.9350 -0.1653
vn 0.5096 0.8544 -0.1017
vn 0.5502 0.8123 -0.1932
vn 0.3347 0.9211 -0.1987
vn 0.0952 0.9679 -0.2327
vn 0.1082 0.9694 -0.2203
vn -0.2225 -0.9645 -0.1424
vn -0.4208 -0.8830 -0.2080
vn -0.4063 -0.8992 -0.1626
vn -0.2349 -0.9682 -0.0860
vn -0.8802 0.3641 -0.3043
vn -0.8654 0.3765 -0.3306
vn 0.9682 -0.1983 0.1524
vn 0.9723 -0.2263 0.0585
vn -0.9296 0.0355 -0.3669
vn -0.8543 0.3861 -0.3481
vn -0.6717 0.7115 -0.2062
vn -0.9262 0.3695 0.0752
vn -0.7398 0.6174 0.2674
vn -0.9974 0.0098 -0.0709
vn 0.9684 0.0728 -0.2385
vn 0.9604 -0.2432 -0.1360
vn 0.6810 -0.7299 0.0583
vn 0.8693 -0.3930 0.2998
vn 0.4932 -0.7048 0.5100
vn 0.9985 0.0533 -0.0107
vn -0.3842 0.9178 -0.1005
vn -0.1560 0.9875 -0.0238
vn -0.5055 0.7418 0.4407
vn -0.3692 0.7866 0.4950
vn 0.7129 0.6843 -0.1533
vn 0.9041 0.3410 -0.2575
vn 0.8230 0.4851 0.2955
vn 0.4860 0.7434 0.4595
vn 0.2330 -0.9655 0.1161
vn -0.0397 -0.9941 0.1012
vn 0.0065 -0.8006 0.5992
vn -0.2542 -0.7713 0.5835
vn -0.6568 -0.7393 -0.1487
vn -0.8837 -0.3714 -0.2847
vn -0.9251 -0.3718 0.0773
vn -0.7283 -0.6242 0.2827
vn 0.2094 0.9778 0.0047
vn 0.4482 0.8928 -0.0439
vn 0.1323 0.8377 0.5298
vn -0.1030 0.8318 0.5454
vn -0.0011 1.0000 0.0016
vn -0.2624 0.8117 0.5218
vn -0.2882 -0.9537 0.0855
vn -0.4165 -0.9091 -0.0072
vn -0.5514 -0.7100 0.4380
vn -0.4637 -0.7289 0.5037
vn -0.1817 -0.9777 0.1050
vn -0.0851 -0.9954 -0.0431
vn -0.3852 -0.7489 0.5392
vn -0.0552 -0.9936 -0.0987
vn -0.7978 0.5841 -0.1498
vn -0.8027 0.5282 -0.2769
vn -0.8032 0.4829 -0.3487
vn -0.6809 0.3563 0.6398
vn -0.6956 0.4327 0.5735
vn -0.6787 0.3163 0.6628
vn -0.6675 0.2452 0.7031
vn -0.6340 0.0775 0.7694
vn -0.8103 0.4163 -0.4125
vn -0.8207 0.2891 -0.4928
vn -0.8196 0.1435 -0.5547
vn -0.8074 0.0406 -0.5887
vn -0.7623 0.6050 0.2299
vn -0.7846 0.6196 0.0233
vn -0.5866 -0.1131 0.8020
vn -0.7279 0.5315 0.4333
vn -0.7973 -0.0216 -0.6033
vn -0.7923 -0.0722 -0.6059
vn -0.7818 -0.2026 -0.5897
vn -0.7724 -0.2654 -0.5770
vn -0.7640 -0.2953 -0.5736
vn -0.7887 -0.1285 -0.6012
vn -0.7446 -0.3470 -0.5703
vn -0.6943 -0.4678 -0.5470
vn -0.4822 -0.3139 0.8179
vn -0.5050 -0.3448 0.7913
vn -0.7992 -0.1982 0.5675
vn -0.8186 -0.0171 0.5741
vn -0.6126 -0.0091 0.7903
vn -0.6636 -0.2625 0.7005
vn -0.5593 0.0238 0.8286
vn -0.5071 0.3394 0.7923
vn -0.5678 0.2923 0.7695
vn -0.6079 0.0081 0.7940
vn -0.6424 0.2498 0.7246
vn -0.3585 0.0262 0.9332
vn -0.3316 0.3571 0.8732
vn -0.4237 0.3656 0.8288
vn -0.4635 0.0305 0.8856
vn -0.2220 -0.0060 0.9750
vn -0.0554 0.3484 0.9357
vn -0.2511 0.3278 0.9108
vn -0.2848 0.0116 0.9585
vn 0.5049 -0.2262 0.8330
vn -0.0226 -0.3482 0.9371
vn 0.5306 0.0137 0.8475
vn -0.2553 -0.3076 0.9166
vn -0.3622 -0.3101 0.8790
vn -0.4695 -0.3075 0.8277
vn -0.5562 -0.2893 0.7791
vn -0.6086 -0.2684 0.7467
vn -0.7913 0.1572 0.5909
vn 0.4821 0.2575 0.8374
vn -0.3791 0.6654 0.6431
vn -0.3691 0.7544 0.5428
vn -0.3853 0.5448 0.7448
vn -0.3790 0.3701 0.8482
vn -0.3778 0.1606 0.9119
vn -0.4215 0.5926 -0.6864
vn -0.4220 0.4278 -0.7993
vn -0.4242 0.2529 -0.8696
vn -0.4247 0.1215 -0.8971
vn -0.3930 0.9095 0.1353
vn -0.4022 0.9089 -0.1101
vn -0.4005 -0.0275 0.9159
vn -0.4172 -0.1753 0.8917
vn -0.3751 0.8443 0.3827
vn -0.3180 -0.4390 -0.8403
vn -0.2914 -0.5266 -0.7986
vn -0.2705 -0.5917 -0.7594
vn -0.4020 -0.0447 -0.9145
vn -0.3887 -0.1155 -0.9141
vn -0.3716 -0.2189 -0.9022
vn -0.3469 -0.3341 -0.8764
vn -0.4159 0.0242 -0.9091
vn -0.3270 -0.2917 0.8989
vn -0.2985 -0.2740 0.9142
vn -0.4086 -0.3036 0.8608
vn -0.7067 -0.0530 0.7055
vn -0.5498 -0.0652 0.8327
vn -0.5541 -0.1500 0.8188
vn -0.7083 -0.1416 0.6916
vn -0.5281 -0.4283 0.7333
vn -0.6702 -0.4223 0.6103
vn -0.3772 -0.1596 0.9123
vn -0.3626 -0.4341 0.8247
vn -0.3688 -0.0800 0.9260
vn -0.9223 -0.0341 0.3849
vn -0.8306 -0.0428 0.5553
vn -0.8301 -0.1347 0.5412
vn -0.9193 -0.1303 0.3714
vn -0.7784 -0.4212 0.4654
vn -0.8531 -0.4265 0.3006
vn -0.9998 -0.0187 0.0054
vn -0.9796 -0.0267 0.1993
vn -0.9742 -0.1282 0.1857
vn -0.9920 -0.1260 -0.0096
vn -0.8928 -0.4341 0.1206
vn -0.8957 -0.4397 -0.0655
vn -0.9288 0.0064 -0.3706
vn -0.9822 -0.0082 -0.1874
vn -0.9713 -0.1213 -0.2047
vn -0.9140 -0.1129 -0.3897
vn -0.8628 -0.4413 -0.2466
vn -0.7985 -0.4384 -0.4126
vn -0.7336 0.0535 -0.6774
vn -0.8442 0.0268 -0.5354
vn -0.8247 -0.1006 -0.5566
vn -0.7099 -0.0842 -0.6993
vn -0.7091 -0.4329 -0.5567
vn -0.6011 -0.4281 -0.6748
vn -0.4048 0.0759 -0.9112
vn -0.5889 0.0760 -0.8046
vn -0.5732 -0.0637 -0.8170
vn -0.4171 -0.0527 -0.9073
vn -0.4775 -0.4250 -0.7690
vn -0.3474 -0.4120 -0.8424
vn -0.2496 0.0617 -0.9664
vn -0.2606 -0.0593 -0.9636
vn -0.2195 -0.3890 -0.8947
vn -0.2229 -0.0929 0.9704
vn -0.2325 -0.1700 0.9576
vn -0.2281 -0.4377 0.8697
vn -0.1678 -0.8265 0.5373
vn -0.2640 -0.8236 0.5019
vn -0.0895 -0.9871 0.1329
vn -0.1376 -0.9827 0.1242
vn -0.3871 -0.8114 0.4379
vn -0.4938 -0.7924 0.3582
vn -0.2089 -0.9724 0.1043
vn -0.2842 -0.9552 0.0825
vn -0.5694 -0.7797 0.2603
vn -0.6143 -0.7770 0.1377
vn -0.3418 -0.9386 0.0468
vn -0.3783 -0.9256 -0.0138
vn -0.6301 -0.7765 0.0006
vn -0.6180 -0.7742 -0.1365
vn -0.3952 -0.9141 -0.0905
vn -0.3905 -0.9041 -0.1737
vn -0.5821 -0.7687 -0.2649
vn -0.5285 -0.7610 -0.3764
vn -0.3675 -0.8949 -0.2532
vn -0.3312 -0.8865 -0.3231
vn -0.4622 -0.7549 -0.4653
vn -0.3835 -0.7492 -0.5400
vn -0.2909 -0.8754 -0.3861
vn -0.2422 -0.8567 -0.4555
vn -0.2986 -0.7336 -0.6104
vn -0.2120 -0.7073 -0.6744
vn -0.1905 -0.8294 -0.5252
vn -0.1397 -0.8050 -0.5766
vn -0.1383 -0.6797 -0.7203
vn -0.0963 -0.7926 -0.6021
vn -0.1182 -0.8214 -0.5580
vn -0.0919 -0.8199 -0.5650
vn -0.0879 -0.8203 -0.5652
vn -0.1178 -0.8264 -0.5507
vn -0.3225 -0.7386 -0.5921
vn -0.3858 -0.6517 -0.6530
vn -0.2480 -0.6566 -0.7123
vn -0.2156 -0.7343 -0.6436
vn -0.1871 -0.6634 -0.7245
vn -0.1596 -0.7347 -0.6593
vn -0.4755 -0.7382 -0.4785
vn -0.5603 -0.6221 -0.5469
vn -0.5118 -0.6361 -0.5774
vn -0.4307 -0.7383 -0.5191
vn -0.5568 -0.7592 -0.3371
vn -0.6862 -0.6158 -0.3873
vn -0.6106 -0.6147 -0.4993
vn -0.5091 -0.7441 -0.4325
vn -0.0722 -0.9971 -0.0228
vn -0.1015 -0.9947 -0.0182
vn -0.3307 -0.9229 -0.1970
vn -0.3168 -0.9128 -0.2577
vn -0.2885 -0.9016 -0.3224
vn -0.3467 -0.8900 -0.2963
vn -0.3263 -0.8760 -0.3552
vn -0.3578 -0.9055 -0.2282
vn -0.2518 -0.8861 -0.3891
vn -0.2091 -0.8653 -0.4556
vn -0.2801 -0.8641 -0.4183
vn -0.2166 -0.8487 -0.4826
vn -0.1603 -0.8420 -0.5152
vn -0.1607 -0.8321 -0.5309
vn -0.1311 -0.7453 -0.6537
vn -0.1062 -0.7971 -0.5944
vn -0.1331 -0.7929 -0.5946
vn -0.8640 -0.4930 0.1022
vn -0.8228 -0.5627 -0.0804
vn -0.6391 -0.7592 -0.1235
vn -0.7762 -0.6040 -0.1805
vn -0.6003 -0.7757 -0.1946
vn -0.3259 -0.9347 -0.1418
vn -0.3518 -0.9194 -0.1761
vn -0.2984 -0.9489 -0.1024
vn -0.3180 -0.9353 -0.1550
vn -0.5832 -0.7739 -0.2469
vn -0.4389 -0.8735 -0.2107
vn -0.4323 -0.8825 -0.1852
vn -0.4364 -0.8558 -0.2779
vn -0.7394 -0.6178 -0.2675
vn -0.4529 -0.8809 -0.1377
vn -0.3261 -0.9370 -0.1252
vn -0.1603 -0.6803 -0.7152
vn -0.4131 -0.8369 -0.3591
vn -0.3913 -0.8250 -0.4077
vn -0.3451 -0.8175 -0.4611
vn -0.2577 -0.8087 -0.5288
vn -0.1817 -0.7978 -0.5749
vn -0.1057 0.3479 0.9315
vn -0.1017 0.3616 0.9268
vn 0.1114 0.4995 0.8591
vn 0.5540 0.7208 0.4166
vn 0.5475 0.7892 -0.2781
vn 0.4103 0.8799 -0.2395
vn 0.2125 0.9553 0.2053
vn -0.1149 0.4832 0.8679
vn -0.8402 -0.3781 0.3888
vn -0.7204 -0.2264 0.6556
vn -0.5839 -0.1163 0.8034
vn -0.3616 -0.0333 0.9317
vn -0.1979 -0.9788 -0.0527
vn -0.2535 -0.9647 -0.0709
vn -0.2405 -0.9629 -0.1222
vn -0.1902 -0.9767 -0.0990
vn -0.2386 -0.9667 -0.0920
vn -0.1702 -0.9833 -0.0637
vn -0.1442 -0.9890 -0.0341
vn -0.2655 -0.1962 0.9439
vn -0.3564 -0.3178 0.8786
vn -0.3531 -0.2124 0.9111
vn -0.4152 -0.3674 0.8322
vn -0.4311 -0.2697 0.8610
vn -0.3251 -0.4029 0.8556
vn -0.3994 -0.4419 0.8032
vn -0.3348 -0.2110 0.9184
vn -0.2272 -0.1091 0.9677
vn -0.3528 -0.0991 0.9304
vn -0.2010 0.0729 -0.9769
vn -0.2564 0.0693 -0.9641
vn -0.2437 0.0691 -0.9674
vn -0.1978 0.0716 -0.9776
vn -0.3842 0.0693 -0.9207
vn -0.3794 0.0609 -0.9232
vn -0.5635 0.0635 -0.8237
vn -0.5724 0.0767 -0.8164
vn -0.7372 0.0733 -0.6717
vn -0.7354 0.0707 -0.6740
vn -0.8549 0.0549 -0.5160
vn -0.8513 0.0504 -0.5223
vn -0.9314 0.0253 -0.3632
vn -0.9335 0.0275 -0.3575
vn -0.9834 0.0078 -0.1810
vn -0.9827 0.0073 -0.1852
vn -1.0000 -0.0051 0.0049
vn -1.0000 -0.0053 0.0085
vn -0.9794 -0.0150 0.2013
vn -0.9801 -0.0144 0.1978
vn -0.9228 -0.0229 0.3847
vn -0.9211 -0.0236 0.3886
vn -0.8271 -0.0330 0.5610
vn -0.8298 -0.0322 0.5571
vn -0.7049 -0.0424 0.7080
vn -0.7009 -0.0429 0.7120
vn -0.5213 -0.0708 0.8505
vn -0.5394 -0.0619 0.8397
vn -0.0278 -0.3069 0.9513
vn 0.0449 -0.2706 0.9616
vn 0.0204 -0.1454 0.9892
vn -0.0563 -0.1575 0.9859
vn 0.0214 -0.0152 0.9997
vn -0.0551 -0.0016 0.9985
vn 0.0477 0.1125 0.9925
vn -0.0244 0.1510 0.9882
vn 0.6967 -0.4192 0.5821
vn 0.6696 -0.3653 0.6467
vn 0.5855 -0.4602 0.6674
vn 0.5961 -0.5296 0.6035
vn 0.4827 -0.5244 0.7015
vn 0.4757 -0.6025 0.6409
vn 0.3713 -0.5492 0.7487
vn 0.3480 -0.6303 0.6940
vn 0.7022 0.3102 0.6409
vn 0.6741 0.2471 0.6960
vn 0.7313 0.1335 0.6689
vn 0.7717 0.1755 0.6114
vn 0.0992 0.2294 0.9683
vn 0.0356 0.2898 0.9564
vn 0.7683 -0.2825 0.5745
vn 0.7285 -0.2496 0.6380
vn 0.2632 -0.5311 0.8054
vn 0.2246 -0.6102 0.7597
vn 0.7599 0.0075 0.6500
vn 0.8067 0.0249 0.5905
vn 0.0302 -0.4396 0.8977
vn 0.0946 -0.3829 0.9189
vn 0.1745 0.3260 0.9291
vn 0.1230 0.4025 0.9071
vn 0.1686 -0.4731 0.8648
vn 0.1160 -0.5443 0.8308
vn 0.7589 -0.1227 0.6395
vn 0.8055 -0.1310 0.5779
vn 0.2700 0.3914 0.8797
vn 0.2327 0.4773 0.8474
vn 0.3785 0.4167 0.8265
vn 0.3564 0.5058 0.7856
vn 0.4895 0.3981 0.7758
vn 0.4838 0.4850 0.7285
vn 0.5914 0.3388 0.7318
vn 0.6031 0.4173 0.6798
vn 0.5397 -0.3217 0.7780
vn 0.4754 -0.3603 0.8026
vn 0.5435 0.1850 0.8188
vn 0.5961 0.1291 0.7924
vn 0.1740 -0.0380 0.9840
vn 0.1929 0.0442 0.9802
vn 0.4061 -0.3751 0.8333
vn 0.6334 0.0577 0.7717
vn 0.2289 0.1178 0.9663
vn 0.6524 -0.0233 0.7575
vn 0.2798 0.1769 0.9436
vn 0.3377 -0.3645 0.8678
vn 0.2761 -0.3298 0.9028
vn 0.6517 -0.1079 0.7507
vn 0.3420 0.2158 0.9146
vn 0.2260 -0.2744 0.9347
vn 0.6315 -0.1899 0.7517
vn 0.4106 0.2308 0.8822
vn 0.1911 -0.2034 0.9603
vn 0.5932 -0.2631 0.7608
vn 0.4798 0.2201 0.8494
vn 0.1734 -0.1226 0.9772
vn 0.5570 -0.0472 0.8292
vn 0.5567 -0.0944 0.8253
vn 0.3839 -0.2349 0.8930
vn 0.3497 -0.2165 0.9115
vn 0.3229 0.0307 0.9459
vn 0.3518 0.0625 0.9340
vn 0.5463 -0.0021 0.8376
vn 0.4214 -0.2404 0.8744
vn 0.3020 -0.0096 0.9533
vn 0.4591 -0.2326 0.8574
vn 0.5254 0.0370 0.8501
vn 0.2909 -0.0553 0.9552
vn 0.4963 0.0670 0.8656
vn 0.4942 -0.2120 0.8431
vn 0.2905 -0.1026 0.9513
vn 0.4615 0.0855 0.8830
vn 0.5238 -0.1803 0.8326
vn 0.3010 -0.1476 0.9422
vn 0.4238 0.0911 0.9011
vn 0.5452 -0.1401 0.8265
vn 0.3213 -0.1866 0.9284
vn 0.3863 0.0832 0.9186
vn 0.3836 -0.0277 0.9231
vn 0.3967 -0.0139 0.9178
vn 0.4818 -0.0424 0.8752
vn 0.4869 -0.0629 0.8712
vn 0.4269 -0.1492 0.8919
vn 0.4108 -0.1469 0.8998
vn 0.3739 -0.0457 0.9264
vn 0.4722 -0.0250 0.8811
vn 0.4430 -0.1459 0.8846
vn 0.3685 -0.0665 0.9272
vn 0.4592 -0.0120 0.8883
vn 0.4582 -0.1371 0.8782
vn 0.3683 -0.0882 0.9255
vn 0.4441 -0.0042 0.8960
vn 0.4714 -0.1234 0.8732
vn 0.3734 -0.1087 0.9213
vn 0.4280 -0.0019 0.9038
vn 0.4814 -0.1054 0.8702
vn 0.3829 -0.1261 0.9151
vn 0.4118 -0.0052 0.9112
vn 0.4868 -0.0846 0.8694
vn 0.3958 -0.1391 0.9078
vn 0.4286 -0.0757 0.9003
vn 0.0278 -0.3069 0.9513
vn 0.0563 -0.1575 0.9859
vn -0.0204 -0.1454 0.9892
vn -0.0449 -0.2706 0.9616
vn 0.0551 -0.0016 0.9985
vn -0.0214 -0.0152 0.9997
vn 0.0244 0.1510 0.9882
vn -0.0477 0.1125 0.9925
vn -0.6967 -0.4192 0.5821
vn -0.5961 -0.5296 0.6035
vn -0.5855 -0.4602 0.6674
vn -0.6696 -0.3653 0.6467
vn -0.4757 -0.6025 0.6409
vn -0.4827 -0.5244 0.7015
vn -0.3480 -0.6303 0.6940
vn -0.3713 -0.5492 0.7487
vn -0.7022 0.3102 0.6409
vn -0.7717 0.1755 0.6114
vn -0.7313 0.1335 0.6689
vn -0.6741 0.2471 0.6960
vn -0.0356 0.2898 0.9564
vn -0.0992 0.2294 0.9683
vn -0.7683 -0.2825 0.5745
vn -0.7285 -0.2496 0.6380
vn -0.2246 -0.6102 0.7597
vn -0.2632 -0.5311 0.8054
vn -0.8067 0.0249 0.5905
vn -0.7599 0.0075 0.6500
vn -0.0302 -0.4396 0.8977
vn -0.0946 -0.3829 0.9189
vn -0.1230 0.4025 0.9071
vn -0.1745 0.3260 0.9291
vn -0.1160 -0.5443 0.8308
vn -0.1686 -0.4731 0.8648
vn -0.8055 -0.1310 0.5779
vn -0.7589 -0.1227 0.6395
vn -0.2327 0.4773 0.8474
vn -0.2700 0.3914 0.8797
vn -0.3564 0.5058 0.7856
vn -0.3785 0.4167 0.8265
vn -0.4838 0.4850 0.7285
vn -0.4895 0.3981 0.7758
vn -0.6031 0.4173 0.6798
vn -0.5914 0.3388 0.7318
vn -0.4754 -0.3603 0.8026
vn -0.5397 -0.3217 0.7780
vn -0.5961 0.1291 0.7924
vn -0.5435 0.1850 0.8188
vn -0.1929 0.0442 0.9802
vn -0.1740 -0.0380 0.9840
vn -0.4061 -0.3751 0.8333
vn -0.6334 0.0577 0.7717
vn -0.2289 0.1178 0.9663
vn -0.6524 -0.0233 0.7575
vn -0.2798 0.1769 0.9436
vn -0.2761 -0.3298 0.9028
vn -0.3377 -0.3645 0.8678
vn -0.6517 -0.1079 0.7507
vn -0.3420 0.2158 0.9146
vn -0.2260 -0.2744 0.9347
vn -0.6315 -0.1899 0.7517
vn -0.4106 0.2308 0.8822
vn -0.1911 -0.2034 0.9603
vn -0.5932 -0.2631 0.7608
vn -0.4798 0.2201 0.8494
vn -0.1734 -0.1226 0.9772
vn -0.5567 -0.0944 0.8253
vn -0.5570 -0.0472 0.8292
vn -0.3497 -0.2165 0.9115
vn -0.3839 -0.2349 0.8930
vn -0.3518 0.0625 0.9340
vn -0.3229 0.0307 0.9459
vn -0.5463 -0.0021 0.8376
vn -0.4214 -0.2404 0.8744
vn -0.3020 -0.0096 0.9533
vn -0.4591 -0.2326 0.8574
vn -0.5254 0.0370 0.8501
vn -0.2909 -0.0553 0.9552
vn -0.4963 0.0670 0.8656
vn -0.4942 -0.2120 0.8431
vn -0.2905 -0.1026 0.9513
vn -0.4615 0.0855 0.8830
vn -0.5238 -0.1803 0.8326
vn -0.3010 -0.1476 0.9422
vn -0.4238 0.0911 0.9011
vn -0.5452 -0.1401 0.8265
vn -0.3212 -0.1866 0.9284
vn -0.3863 0.0832 0.9186
vn -0.3967 -0.0139 0.9178
vn -0.3836 -0.0277 0.9231
vn -0.4869 -0.0629 0.8712
vn -0.4818 -0.0424 0.8752
vn -0.4108 -0.1469 0.8998
vn -0.4269 -0.1492 0.8919
vn -0.3739 -0.0457 0.9264
vn -0.4722 -0.0250 0.8811
vn -0.4430 -0.1459 0.8846
vn -0.3685 -0.0665 0.9272
vn -0.4592 -0.0120 0.8883
vn -0.4582 -0.1371 0.8782
vn -0.3683 -0.0882 0.9255
vn -0.4441 -0.0042 0.8960
vn -0.4714 -0.1234 0.8732
vn -0.3734 -0.1087 0.9213
vn -0.4280 -0.0019 0.9038
vn -0.4814 -0.1054 0.8702
vn -0.3829 -0.1261 0.9151
vn -0.4118 -0.0052 0.9112
vn -0.4868 -0.0846 0.8694
vn -0.3958 -0.1391 0.9078
vn -0.4286 -0.0757 0.9003
vn 0.5586 -0.2171 0.8005
vn 0.5797 -0.2176 0.7852
vn 0.5786 -0.2177 0.7860
vn 0.5559 -0.2174 0.8023
vn 0.5424 -0.2232 0.8099
vn 0.5090 -0.2270 0.8303
vn 0.5095 -0.2230 0.8311
vn 0.5426 -0.2217 0.8102
vn 0.4678 -0.2106 0.8584
vn 0.5001 -0.2159 0.8386
vn 0.4965 -0.2182 0.8402
vn 0.4645 -0.2151 0.8590
vn -0.5586 -0.2171 0.8005
vn -0.5559 -0.2174 0.8023
vn -0.5786 -0.2177 0.7860
vn -0.5797 -0.2176 0.7852
vn -0.5424 -0.2232 0.8099
vn -0.5426 -0.2217 0.8102
vn -0.5095 -0.2230 0.8311
vn -0.5090 -0.2270 0.8303
vn -0.4678 -0.2106 0.8584
vn -0.4645 -0.2151 0.8590
vn -0.4965 -0.2182 0.8402
vn -0.5001 -0.2159 0.8386
vt 0.921515 0.242326
vt 0.919164 0.242903
vt 0.919803 0.239681
vt 0.922101 0.238998
vt 0.916842 0.243490
vt 0.917720 0.240342
vt 0.918598 0.237194
vt 0.920207 0.236603
vt 0.922357 0.235916
vt 0.921614 0.230607
vt 0.921143 0.227820
vt 0.923021 0.227475
vt 0.923781 0.230120
vt 0.920775 0.224269
vt 0.922388 0.224077
vt 0.923947 0.224614
vt 0.925068 0.227155
vt 0.926190 0.229696
vt 0.919452 0.224506
vt 0.919332 0.219666
vt 0.920523 0.219557
vt 0.918378 0.225428
vt 0.918333 0.219778
vt 0.918287 0.214129
vt 0.919256 0.214202
vt 0.920384 0.214154
vt 0.919576 0.305518
vt 0.918366 0.305366
vt 0.918210 0.300731
vt 0.919416 0.300914
vt 0.917412 0.305380
vt 0.917177 0.300754
vt 0.916941 0.296127
vt 0.917981 0.296046
vt 0.919197 0.296273
vt 0.920315 0.208675
vt 0.921730 0.208492
vt 0.921832 0.213988
vt 0.920117 0.203452
vt 0.921432 0.203244
vt 0.923353 0.202604
vt 0.923382 0.208204
vt 0.923412 0.213805
vt 0.917727 0.291165
vt 0.919010 0.291439
vt 0.916571 0.291080
vt 0.916200 0.286034
vt 0.917505 0.286102
vt 0.918885 0.286396
vt 0.918542 0.322611
vt 0.919097 0.318820
vt 0.920491 0.319156
vt 0.919863 0.322833
vt 0.919432 0.314708
vt 0.920973 0.315189
vt 0.922970 0.316256
vt 0.922077 0.319655
vt 0.921183 0.323054
vt 0.918276 0.314569
vt 0.918388 0.310043
vt 0.919590 0.310195
vt 0.917414 0.314808
vt 0.917413 0.310094
vt 0.917364 0.280838
vt 0.918836 0.281150
vt 0.915992 0.280653
vt 0.915784 0.275271
vt 0.917295 0.275338
vt 0.918860 0.275626
vt 0.917297 0.269624
vt 0.918940 0.269879
vt 0.915745 0.269349
vt 0.915705 0.263428
vt 0.917315 0.264340
vt 0.919028 0.264544
vt 0.919271 0.256426
vt 0.917408 0.256564
vt 0.917683 0.253019
vt 0.919642 0.252804
vt 0.915548 0.256721
vt 0.915823 0.253195
vt 0.916099 0.249669
vt 0.918093 0.249526
vt 0.920187 0.249237
vt 0.918590 0.246175
vt 0.920838 0.245746
vt 0.916470 0.246579
vt 0.917321 0.260168
vt 0.919102 0.260179
vt 0.915626 0.260074
vt 0.922115 0.233191
vt 0.924510 0.232526
vt 0.924937 0.235121
vt 0.927163 0.231779
vt 0.928136 0.233861
vt 0.918294 0.234264
vt 0.920089 0.233756
vt 0.917990 0.231333
vt 0.919771 0.230999
vt 0.922892 0.264050
vt 0.920899 0.264620
vt 0.921036 0.260126
vt 0.923049 0.259980
vt 0.921276 0.256235
vt 0.923207 0.255910
vt 0.924780 0.248527
vt 0.922476 0.248893
vt 0.923326 0.245291
vt 0.925968 0.244822
vt 0.924153 0.241735
vt 0.927156 0.241116
vt 0.921777 0.252532
vt 0.923993 0.252219
vt 0.922367 0.276872
vt 0.920583 0.276075
vt 0.920738 0.270170
vt 0.922630 0.270461
vt 0.922119 0.287702
vt 0.920457 0.286934
vt 0.920488 0.281649
vt 0.922243 0.282287
vt 0.921160 0.310667
vt 0.922981 0.311348
vt 0.921124 0.305969
vt 0.922991 0.306441
vt 0.916826 0.322718
vt 0.917120 0.318763
vt 0.918020 0.318720
vt 0.917684 0.322665
vt 0.922079 0.297839
vt 0.920635 0.296854
vt 0.920499 0.292005
vt 0.922099 0.292770
vt 0.918379 0.208656
vt 0.919245 0.208718
vt 0.918472 0.203184
vt 0.919163 0.203483
vt 0.920895 0.301427
vt 0.922535 0.302140
vt 0.922022 0.219374
vt 0.923679 0.219210
vt 0.918184 0.228380
vt 0.919573 0.228096
vt 0.924745 0.238274
vt 0.927646 0.237488
vt 0.918877 0.198697
vt 0.919613 0.198661
vt 0.918291 0.198661
vt 0.918110 0.194139
vt 0.918468 0.194143
vt 0.918825 0.194147
vt 0.920622 0.198532
vt 0.921815 0.198320
vt 0.919551 0.194092
vt 0.920277 0.194036
vt 0.921515 0.242326
vt 0.919164 0.242903
vt 0.922357 0.235916
vt 0.921614 0.230607
vt 0.923781 0.230120
vt 0.923021 0.227475
vt 0.921143 0.227820
vt 0.922388 0.224077
vt 0.920523 0.219557
vt 0.919332 0.219666
vt 0.919452 0.224506
vt 0.919576 0.305518
vt 0.919416 0.300914
vt 0.917981 0.296046
vt 0.921832 0.213988
vt 0.921730 0.208492
vt 0.920315 0.208675
vt 0.919010 0.291439
vt 0.917727 0.291165
vt 0.917505 0.286102
vt 0.919097 0.318820
vt 0.920973 0.315189
vt 0.919432 0.314708
vt 0.918388 0.310043
vt 0.917295 0.275338
vt 0.918939 0.269879
vt 0.917297 0.269624
vt 0.919028 0.264544
vt 0.919272 0.256426
vt 0.919642 0.252804
vt 0.917683 0.253019
vt 0.920186 0.249237
vt 0.918093 0.249526
vt 0.920838 0.245746
vt 0.918590 0.246175
vt 0.919102 0.260179
vt 0.924937 0.235121
vt 0.924510 0.232526
vt 0.922115 0.233191
vt 0.920089 0.233756
vt 0.919771 0.230999
vt 0.923326 0.245291
vt 0.922476 0.248893
vt 0.924153 0.241735
vt 0.921776 0.252532
vt 0.920738 0.270170
vt 0.920583 0.276075
vt 0.920488 0.281649
vt 0.920457 0.286934
vt 0.921160 0.310667
vt 0.920499 0.292005
vt 0.919245 0.208718
vt 0.920895 0.301427
vt 0.922022 0.219374
vt 0.919573 0.228096
vt 0.924745 0.238274
vt 0.919613 0.198661
vt 0.918877 0.198697
vt 0.954447 0.230041
vt 0.954328 0.226032
vt 0.957322 0.225132
vt 0.958714 0.228073
vt 0.953678 0.220033
vt 0.956018 0.219706
vt 0.957814 0.217780
vt 0.959755 0.220734
vt 0.962981 0.226105
vt 0.966737 0.196249
vt 0.961376 0.193445
vt 0.960896 0.173085
vt 0.965813 0.171761
vt 0.957210 0.193093
vt 0.956759 0.173832
vt 0.956443 0.160531
vt 0.959213 0.155943
vt 0.964889 0.147272
vt 0.950870 0.139978
vt 0.950365 0.145783
vt 0.945179 0.146788
vt 0.943167 0.141965
vt 0.950148 0.155060
vt 0.946501 0.155570
vt 0.943683 0.158822
vt 0.941016 0.153832
vt 0.935464 0.143952
vt 0.933365 0.195223
vt 0.940150 0.191958
vt 0.943545 0.209063
vt 0.939712 0.210876
vt 0.944459 0.191603
vt 0.946824 0.208107
vt 0.948856 0.217198
vt 0.947675 0.220446
vt 0.946060 0.226529
vt 0.945682 0.286526
vt 0.946102 0.266853
vt 0.949232 0.266407
vt 0.948649 0.286027
vt 0.946058 0.249919
vt 0.949659 0.250187
vt 0.952468 0.253252
vt 0.952662 0.266325
vt 0.952007 0.285777
vt 0.950839 0.192156
vt 0.952260 0.208723
vt 0.949687 0.208338
vt 0.947860 0.191767
vt 0.951220 0.219362
vt 0.950192 0.172205
vt 0.947021 0.172001
vt 0.943554 0.172106
vt 0.953327 0.173006
vt 0.953702 0.156625
vt 0.953816 0.192682
vt 0.957625 0.209122
vt 0.954817 0.208997
vt 0.943479 0.314608
vt 0.944596 0.303142
vt 0.947181 0.302702
vt 0.945936 0.313897
vt 0.950003 0.302415
vt 0.948216 0.311671
vt 0.939232 0.312258
vt 0.939182 0.303454
vt 0.942012 0.303335
vt 0.941097 0.314210
vt 0.939289 0.287386
vt 0.942701 0.287002
vt 0.939520 0.268249
vt 0.942968 0.267569
vt 0.939760 0.255115
vt 0.942498 0.251385
vt 0.956210 0.286235
vt 0.953182 0.303480
vt 0.962643 0.289387
vt 0.956854 0.305507
vt 0.951065 0.321628
vt 0.949410 0.315046
vt 0.955199 0.248528
vt 0.956804 0.265502
vt 0.961025 0.239805
vt 0.961834 0.264596
vt 0.939414 0.171049
vt 0.934414 0.169588
vt 0.945876 0.240322
vt 0.951050 0.241432
vt 0.945451 0.233319
vt 0.953238 0.236562
vt 0.937008 0.250544
vt 0.940887 0.242639
vt 0.931440 0.242223
vt 0.938445 0.237771
vt 0.955340 0.148063
vt 0.957880 0.143625
vt 0.935070 0.287917
vt 0.935371 0.267595
vt 0.929448 0.290865
vt 0.930444 0.266544
vt 0.937406 0.315483
vt 0.935829 0.304507
vt 0.934501 0.321709
vt 0.931975 0.306287
vt 0.960986 0.209895
vt 0.964859 0.211177
vt 0.942971 0.320539
vt 0.939966 0.319767
vt 0.942905 0.323943
vt 0.938703 0.322826
vt 0.946050 0.319625
vt 0.946985 0.322786
vt 0.951203 0.225060
vt 0.950253 0.228285
vt 0.957323 0.225132
vt 0.959755 0.220734
vt 0.957814 0.217780
vt 0.956018 0.219706
vt 0.953678 0.220033
vt 0.960896 0.173085
vt 0.961376 0.193445
vt 0.959213 0.155943
vt 0.956443 0.160531
vt 0.957210 0.193093
vt 0.945179 0.146788
vt 0.950365 0.145783
vt 0.941016 0.153832
vt 0.943683 0.158822
vt 0.943545 0.209063
vt 0.940150 0.191958
vt 0.947675 0.220446
vt 0.946824 0.208107
vt 0.944459 0.191603
vt 0.945682 0.286526
vt 0.948649 0.286027
vt 0.949232 0.266407
vt 0.952007 0.285777
vt 0.952662 0.266325
vt 0.946058 0.249919
vt 0.950839 0.192156
vt 0.947860 0.191767
vt 0.949687 0.208338
vt 0.952260 0.208723
vt 0.950192 0.172205
vt 0.953702 0.156625
vt 0.953327 0.173006
vt 0.953816 0.192682
vt 0.954817 0.208997
vt 0.957625 0.209122
vt 0.945936 0.313897
vt 0.947181 0.302702
vt 0.944596 0.303142
vt 0.948216 0.311671
vt 0.950003 0.302415
vt 0.939232 0.312259
vt 0.941097 0.314210
vt 0.939182 0.303454
vt 0.942701 0.287002
vt 0.939289 0.287386
vt 0.942968 0.267569
vt 0.939520 0.268249
vt 0.942498 0.251385
vt 0.956210 0.286235
vt 0.949410 0.315046
vt 0.956804 0.265502
vt 0.955199 0.248528
vt 0.939414 0.171049
vt 0.951050 0.241432
vt 0.940887 0.242639
vt 0.937008 0.250544
vt 0.955340 0.148063
vt 0.935371 0.267595
vt 0.935070 0.287917
vt 0.935829 0.304507
vt 0.960986 0.209895
vt 0.939966 0.319767
vt 0.942972 0.320539
vt 0.946050 0.319625
vt 0.681694 0.455603
vt 0.682424 0.456698
vt 0.680221 0.458236
vt 0.679625 0.456449
vt 0.636214 0.441127
vt 0.638948 0.436862
vt 0.645177 0.441305
vt 0.645806 0.443090
vt 0.648105 0.442515
vt 0.647657 0.441330
vt 0.649612 0.440348
vt 0.650111 0.441598
vt 0.693482 0.457124
vt 0.691158 0.460980
vt 0.683727 0.457175
vt 0.683926 0.455089
vt 0.654382 0.465459
vt 0.653951 0.461229
vt 0.655303 0.461434
vt 0.658357 0.463400
vt 0.684342 0.465368
vt 0.678459 0.432588
vt 0.687845 0.438347
vt 0.681394 0.443671
vt 0.676872 0.436475
vt 0.693482 0.447711
vt 0.684071 0.450291
vt 0.651283 0.453480
vt 0.654468 0.452657
vt 0.649191 0.446619
vt 0.652880 0.445648
vt 0.651509 0.465579
vt 0.641764 0.459800
vt 0.648526 0.454307
vt 0.652878 0.461536
vt 0.636214 0.450382
vt 0.646060 0.447811
vt 0.675997 0.436946
vt 0.678135 0.444783
vt 0.675805 0.445445
vt 0.675257 0.437687
vt 0.680159 0.451787
vt 0.677255 0.452280
vt 0.667629 0.455492
vt 0.667083 0.444643
vt 0.671832 0.434214
vt 0.662143 0.442406
vt 0.662775 0.453298
vt 0.644497 0.432589
vt 0.652559 0.432845
vt 0.674151 0.432809
vt 0.656937 0.434707
vt 0.677266 0.465211
vt 0.672710 0.463217
vt 0.593461 0.478543
vt 0.589699 0.479551
vt 0.590143 0.475622
vt 0.590839 0.476076
vt 0.586091 0.478155
vt 0.589271 0.474977
vt 0.590480 0.466407
vt 0.588713 0.466945
vt 0.588547 0.456953
vt 0.590612 0.456050
vt 0.619086 0.465661
vt 0.616948 0.466781
vt 0.616024 0.456494
vt 0.618770 0.455371
vt 0.619495 0.474226
vt 0.618695 0.475047
vt 0.624142 0.477318
vt 0.620605 0.474443
vt 0.620945 0.466025
vt 0.628974 0.468729
vt 0.592099 0.466894
vt 0.598695 0.469487
vt 0.587771 0.447977
vt 0.590096 0.447100
vt 0.615077 0.446986
vt 0.618056 0.446610
vt 0.621065 0.455816
vt 0.631906 0.456764
vt 0.592739 0.456469
vt 0.601935 0.457439
vt 0.616585 0.440164
vt 0.618683 0.440803
vt 0.592243 0.447137
vt 0.589365 0.440884
vt 0.591027 0.440721
vt 0.620498 0.446797
vt 0.631752 0.443816
vt 0.601702 0.444244
vt 0.606243 0.457337
vt 0.606243 0.443630
vt 0.577032 0.457822
vt 0.577032 0.444524
vt 0.620452 0.440647
vt 0.612983 0.433585
vt 0.610171 0.469140
vt 0.580732 0.469738
vt 0.616091 0.477832
vt 0.620192 0.478686
vt 0.594377 0.434290
vt 0.589485 0.432588
vt 0.587890 0.441873
vt 0.583848 0.434168
vt 0.618500 0.432588
vt 0.624717 0.433620
vt 0.945284 0.122538
vt 0.955709 0.122689
vt 0.955702 0.119229
vt 0.945122 0.119184
vt 0.955674 0.115801
vt 0.944716 0.115868
vt 0.944459 0.110718
vt 0.955684 0.110572
vt 0.955741 0.107188
vt 0.944620 0.107346
vt 0.945007 0.127738
vt 0.955676 0.127961
vt 0.944561 0.131095
vt 0.955576 0.131343
vt 0.923349 0.130350
vt 0.933217 0.130776
vt 0.934268 0.127602
vt 0.924653 0.127291
vt 0.923623 0.115762
vt 0.933499 0.115897
vt 0.933086 0.110652
vt 0.923368 0.110578
vt 0.934831 0.122490
vt 0.925250 0.122157
vt 0.933586 0.107293
vt 0.924244 0.107336
vt 0.924690 0.118885
vt 0.934415 0.119159
vt 0.917413 0.121932
vt 0.916929 0.118496
vt 0.915892 0.115310
vt 0.915716 0.110155
vt 0.916693 0.106968
vt 0.916890 0.127283
vt 0.915623 0.130416
vt 0.984525 0.130433
vt 0.983217 0.127375
vt 0.973597 0.127701
vt 0.974647 0.130875
vt 0.962856 0.127787
vt 0.963220 0.131179
vt 0.984237 0.115841
vt 0.984486 0.110656
vt 0.974762 0.110735
vt 0.974360 0.115977
vt 0.963343 0.110789
vt 0.963127 0.115960
vt 0.982618 0.122240
vt 0.973053 0.122580
vt 0.962654 0.122596
vt 0.983608 0.107415
vt 0.974261 0.107379
vt 0.963221 0.107413
vt 0.983174 0.118965
vt 0.973458 0.119242
vt 0.962803 0.119284
vt 0.990453 0.122007
vt 0.990934 0.118570
vt 0.991967 0.115382
vt 0.992138 0.110227
vt 0.991159 0.107040
vt 0.990981 0.127358
vt 0.992251 0.130490
vt 0.945588 0.019678
vt 0.956059 0.019722
vt 0.956009 0.016344
vt 0.945443 0.016325
vt 0.955886 0.012949
vt 0.944954 0.013027
vt 0.944575 0.007894
vt 0.955798 0.007716
vt 0.955858 0.004337
vt 0.944688 0.004521
vt 0.945273 0.024876
vt 0.955967 0.024939
vt 0.944811 0.028234
vt 0.955817 0.028328
vt 0.924241 0.027506
vt 0.934420 0.028165
vt 0.935413 0.024947
vt 0.925536 0.024467
vt 0.924528 0.013176
vt 0.934673 0.013055
vt 0.934161 0.007805
vt 0.924161 0.008007
vt 0.935953 0.019770
vt 0.926187 0.019431
vt 0.934556 0.004433
vt 0.924944 0.004730
vt 0.925629 0.016233
vt 0.935576 0.016379
vt 0.917610 0.019307
vt 0.917201 0.015780
vt 0.915997 0.012637
vt 0.915633 0.007490
vt 0.916578 0.004295
vt 0.917021 0.024713
vt 0.915623 0.027782
vt 0.983300 0.027772
vt 0.982216 0.024649
vt 0.974111 0.024963
vt 0.974764 0.028235
vt 0.965927 0.025020
vt 0.966017 0.028434
vt 0.983363 0.013087
vt 0.983263 0.007873
vt 0.974949 0.007817
vt 0.974801 0.013123
vt 0.966246 0.007848
vt 0.966105 0.012985
vt 0.981921 0.019512
vt 0.973853 0.019853
vt 0.965885 0.019732
vt 0.982303 0.004664
vt 0.974586 0.004389
vt 0.966258 0.004508
vt 0.982566 0.016283
vt 0.974221 0.016494
vt 0.965950 0.016347
vt 0.991664 0.019130
vt 0.992320 0.015776
vt 0.993169 0.012557
vt 0.992982 0.007415
vt 0.991824 0.004295
vt 0.991920 0.024477
vt 0.993053 0.027657
vt 0.962693 0.070997
vt 0.952357 0.071142
vt 0.952323 0.067721
vt 0.962864 0.067665
vt 0.952265 0.064271
vt 0.963306 0.064372
vt 0.963567 0.059191
vt 0.952237 0.059041
vt 0.952251 0.055646
vt 0.963387 0.055819
vt 0.962980 0.076201
vt 0.952334 0.076357
vt 0.963469 0.079539
vt 0.952293 0.079770
vt 0.985051 0.078577
vt 0.974956 0.079197
vt 0.973762 0.076063
vt 0.983533 0.075632
vt 0.984730 0.064244
vt 0.974612 0.064357
vt 0.975084 0.059135
vt 0.985022 0.059035
vt 0.973132 0.070932
vt 0.982832 0.070544
vt 0.974519 0.055791
vt 0.984033 0.055817
vt 0.983494 0.067308
vt 0.973582 0.067587
vt 0.990591 0.070203
vt 0.991191 0.066785
vt 0.992486 0.063734
vt 0.992718 0.058609
vt 0.991522 0.055518
vt 0.991227 0.075595
vt 0.992813 0.078572
vt 0.923348 0.078883
vt 0.924645 0.075821
vt 0.934260 0.076111
vt 0.933209 0.079286
vt 0.945014 0.076258
vt 0.944520 0.079615
vt 0.923590 0.064296
vt 0.923323 0.059112
vt 0.933042 0.059166
vt 0.933464 0.064412
vt 0.944404 0.059229
vt 0.944667 0.064359
vt 0.925232 0.070687
vt 0.934818 0.071002
vt 0.945276 0.071027
vt 0.924192 0.055869
vt 0.933539 0.055804
vt 0.944598 0.055869
vt 0.924665 0.067416
vt 0.934391 0.067673
vt 0.945108 0.067661
vt 0.917395 0.070480
vt 0.916903 0.067046
vt 0.915859 0.063862
vt 0.915671 0.058708
vt 0.916640 0.055518
vt 0.916882 0.075831
vt 0.915623 0.078967
vt 0.945588 0.038662
vt 0.956059 0.038618
vt 0.956009 0.041996
vt 0.945443 0.042016
vt 0.955886 0.045392
vt 0.944954 0.045313
vt 0.944575 0.050447
vt 0.955798 0.050625
vt 0.955858 0.054004
vt 0.944688 0.053820
vt 0.945273 0.033465
vt 0.955967 0.033401
vt 0.944811 0.030107
vt 0.955817 0.030013
vt 0.924241 0.030834
vt 0.934420 0.030176
vt 0.935413 0.033394
vt 0.925536 0.033873
vt 0.924528 0.045165
vt 0.934673 0.045286
vt 0.934161 0.050536
vt 0.924161 0.050334
vt 0.935953 0.038570
vt 0.926187 0.038909
vt 0.934556 0.053907
vt 0.924944 0.053610
vt 0.925629 0.042108
vt 0.935576 0.041961
vt 0.917610 0.039033
vt 0.917201 0.042560
vt 0.915997 0.045704
vt 0.915633 0.050851
vt 0.916578 0.054046
vt 0.917021 0.033628
vt 0.915623 0.030558
vt 0.983300 0.030569
vt 0.982216 0.033691
vt 0.974111 0.033378
vt 0.974764 0.030105
vt 0.965927 0.033320
vt 0.966017 0.029907
vt 0.983363 0.045253
vt 0.983263 0.050468
vt 0.974949 0.050524
vt 0.974801 0.045218
vt 0.966246 0.050493
vt 0.966105 0.045356
vt 0.981921 0.038828
vt 0.973853 0.038487
vt 0.965885 0.038609
vt 0.982303 0.053676
vt 0.974585 0.053951
vt 0.966258 0.053833
vt 0.982566 0.042057
vt 0.974221 0.041847
vt 0.965950 0.041994
vt 0.991664 0.039210
vt 0.992320 0.042564
vt 0.993169 0.045784
vt 0.992982 0.050925
vt 0.991824 0.054046
vt 0.991920 0.033864
vt 0.993053 0.030683
vt 0.962693 0.096721
vt 0.952357 0.096867
vt 0.952323 0.093446
vt 0.962864 0.093390
vt 0.952265 0.089995
vt 0.963306 0.090096
vt 0.963567 0.084916
vt 0.952237 0.084765
vt 0.952251 0.081371
vt 0.963387 0.081544
vt 0.962980 0.101926
vt 0.952334 0.102081
vt 0.963469 0.105263
vt 0.952293 0.105495
vt 0.985051 0.104301
vt 0.974956 0.104921
vt 0.973762 0.101788
vt 0.983533 0.101357
vt 0.984730 0.089969
vt 0.974612 0.090081
vt 0.975084 0.084860
vt 0.985022 0.084760
vt 0.973132 0.096657
vt 0.982832 0.096269
vt 0.974519 0.081515
vt 0.984033 0.081542
vt 0.983494 0.093033
vt 0.973582 0.093311
vt 0.990591 0.095927
vt 0.991191 0.092510
vt 0.992486 0.089458
vt 0.992718 0.084334
vt 0.991522 0.081243
vt 0.991227 0.101319
vt 0.992813 0.104297
vt 0.923348 0.104608
vt 0.924645 0.101545
vt 0.934260 0.101836
vt 0.933209 0.105011
vt 0.945014 0.101983
vt 0.944520 0.105340
vt 0.923590 0.090021
vt 0.923323 0.084837
vt 0.933042 0.084891
vt 0.933464 0.090136
vt 0.944404 0.084954
vt 0.944667 0.090084
vt 0.925232 0.096411
vt 0.934818 0.096726
vt 0.945276 0.096751
vt 0.924192 0.081593
vt 0.933539 0.081529
vt 0.944598 0.081593
vt 0.924665 0.093141
vt 0.934391 0.093398
vt 0.945108 0.093385
vt 0.917395 0.096204
vt 0.916903 0.092770
vt 0.915859 0.089587
vt 0.915671 0.084433
vt 0.916640 0.081243
vt 0.916882 0.101556
vt 0.915623 0.104691
vt 0.874158 0.012932
vt 0.883658 0.013104
vt 0.884071 0.017794
vt 0.874314 0.017655
vt 0.847071 0.010094
vt 0.851863 0.009998
vt 0.851058 0.015528
vt 0.846917 0.013676
vt 0.817817 0.012602
vt 0.833510 0.011477
vt 0.833571 0.016241
vt 0.817447 0.017278
vt 0.795465 0.012140
vt 0.802157 0.012466
vt 0.801938 0.016986
vt 0.795296 0.017012
vt 0.860429 0.011717
vt 0.860132 0.016458
vt 0.807415 0.012546
vt 0.806994 0.017255
vt 0.889252 0.013249
vt 0.889755 0.017744
vt 0.842065 0.009864
vt 0.842493 0.015395
vt 0.897109 0.013483
vt 0.897508 0.018314
vt 0.809780 0.019049
vt 0.805130 0.019647
vt 0.886483 0.020108
vt 0.881450 0.019390
vt 0.838984 0.017650
vt 0.831310 0.018041
vt 0.892887 0.021055
vt 0.873665 0.019031
vt 0.862414 0.018048
vt 0.846937 0.017615
vt 0.818382 0.018889
vt 0.854777 0.017541
vt 0.799733 0.020525
vt 0.873755 0.011467
vt 0.881294 0.011483
vt 0.847058 0.006976
vt 0.855896 0.009098
vt 0.818526 0.011057
vt 0.831208 0.010227
vt 0.799472 0.009108
vt 0.805274 0.010185
vt 0.862741 0.010596
vt 0.810065 0.011006
vt 0.886452 0.010787
vt 0.838069 0.008772
vt 0.893268 0.010421
vt 0.861534 0.022323
vt 0.853733 0.021771
vt 0.873018 0.023317
vt 0.880865 0.023754
vt 0.885593 0.024309
vt 0.891886 0.025196
vt 0.805597 0.023897
vt 0.800265 0.024787
vt 0.810147 0.023398
vt 0.818980 0.023165
vt 0.832274 0.022300
vt 0.840271 0.021800
vt 0.847053 0.022172
vt 0.817629 0.054673
vt 0.817328 0.049411
vt 0.806354 0.049503
vt 0.806977 0.054749
vt 0.847841 0.056895
vt 0.847883 0.052991
vt 0.843231 0.051184
vt 0.842529 0.057429
vt 0.880136 0.053149
vt 0.880384 0.047915
vt 0.862373 0.049735
vt 0.862665 0.055091
vt 0.905152 0.053039
vt 0.905227 0.047599
vt 0.897796 0.047812
vt 0.897663 0.052836
vt 0.833221 0.050393
vt 0.832969 0.055752
vt 0.892122 0.047585
vt 0.891788 0.052883
vt 0.799956 0.049801
vt 0.800693 0.054789
vt 0.852524 0.051005
vt 0.853216 0.057222
vt 0.791261 0.049493
vt 0.791910 0.054854
vt 0.893708 0.044986
vt 0.888603 0.046073
vt 0.809476 0.048126
vt 0.803945 0.047329
vt 0.865143 0.047982
vt 0.856720 0.048445
vt 0.796786 0.046142
vt 0.830352 0.048893
vt 0.818018 0.048187
vt 0.847704 0.048369
vt 0.879228 0.046610
vt 0.838771 0.049002
vt 0.899846 0.043440
vt 0.809845 0.055981
vt 0.818121 0.055935
vt 0.837678 0.058441
vt 0.847930 0.060854
vt 0.865500 0.056025
vt 0.879311 0.054480
vt 0.893790 0.055375
vt 0.900442 0.056958
vt 0.830183 0.056760
vt 0.888545 0.054321
vt 0.804346 0.057054
vt 0.858098 0.058087
vt 0.796820 0.058225
vt 0.839704 0.044295
vt 0.831110 0.044162
vt 0.818564 0.043483
vt 0.810022 0.043314
vt 0.804935 0.042742
vt 0.797951 0.041660
vt 0.898977 0.038850
vt 0.892899 0.040381
vt 0.887959 0.041324
vt 0.878407 0.041964
vt 0.863988 0.043335
vt 0.855218 0.043887
vt 0.847395 0.043440
vt 0.758768 0.122397
vt 0.759029 0.137598
vt 0.724650 0.136805
vt 0.724257 0.123847
vt 0.751916 0.227436
vt 0.747633 0.241294
vt 0.715597 0.231791
vt 0.718634 0.218708
vt 0.735879 0.004833
vt 0.741911 0.017998
vt 0.709818 0.030319
vt 0.705083 0.017704
vt 0.757959 0.107177
vt 0.723777 0.110911
vt 0.755071 0.213563
vt 0.720718 0.205486
vt 0.743137 0.254966
vt 0.738519 0.268579
vt 0.706886 0.257205
vt 0.711701 0.244637
vt 0.756860 0.091968
vt 0.722945 0.097920
vt 0.757332 0.199944
vt 0.722077 0.192209
vt 0.755926 0.079038
vt 0.721688 0.084837
vt 0.759157 0.181672
vt 0.723523 0.177551
vt 0.754350 0.062890
vt 0.719363 0.070554
vt 0.759213 0.165601
vt 0.724531 0.163064
vt 0.750604 0.044747
vt 0.716422 0.056170
vt 0.759071 0.152753
vt 0.724747 0.149864
vt 0.746779 0.031394
vt 0.713543 0.043170
vt 0.680159 0.078777
vt 0.681954 0.090628
vt 0.642070 0.097241
vt 0.640742 0.088100
vt 0.684465 0.161518
vt 0.683753 0.173480
vt 0.643707 0.168487
vt 0.644322 0.159257
vt 0.677908 0.067144
vt 0.639105 0.079554
vt 0.684911 0.149382
vt 0.644623 0.149003
vt 0.675073 0.055867
vt 0.636907 0.070444
vt 0.685027 0.137588
vt 0.644725 0.138604
vt 0.676477 0.219085
vt 0.673098 0.230384
vt 0.635461 0.216270
vt 0.637939 0.206485
vt 0.671499 0.045125
vt 0.634087 0.060772
vt 0.684806 0.126025
vt 0.644525 0.128202
vt 0.679184 0.207837
vt 0.639958 0.196509
vt 0.667111 0.034329
vt 0.630638 0.051272
vt 0.684276 0.114465
vt 0.644008 0.117809
vt 0.681259 0.196767
vt 0.641596 0.186501
vt 0.668856 0.241442
vt 0.632329 0.225921
vt 0.683341 0.102704
vt 0.643161 0.107439
vt 0.682724 0.185268
vt 0.642841 0.177169
vt 0.616112 0.091494
vt 0.614667 0.083591
vt 0.619465 0.158405
vt 0.620868 0.146776
vt 0.613005 0.075713
vt 0.621064 0.137861
vt 0.612564 0.210258
vt 0.614006 0.201491
vt 0.611128 0.067365
vt 0.620934 0.129057
vt 0.615436 0.192492
vt 0.609093 0.058970
vt 0.620439 0.120279
vt 0.616773 0.183660
vt 0.611127 0.218729
vt 0.619613 0.111449
vt 0.617905 0.175409
vt 0.617395 0.100077
vt 0.618796 0.167214
vt 0.529564 0.086180
vt 0.530282 0.093840
vt 0.470176 0.110308
vt 0.469198 0.106489
vt 0.531907 0.139402
vt 0.532320 0.147086
vt 0.473158 0.146179
vt 0.473410 0.140317
vt 0.531494 0.192551
vt 0.529741 0.199856
vt 0.467790 0.178646
vt 0.469228 0.173617
vt 0.528365 0.078732
vt 0.467837 0.101908
vt 0.531612 0.131971
vt 0.473328 0.134755
vt 0.532624 0.185336
vt 0.470411 0.168785
vt 0.526552 0.071324
vt 0.466151 0.096919
vt 0.531383 0.124580
vt 0.472983 0.129297
vt 0.533187 0.178175
vt 0.471334 0.164066
vt 0.527323 0.207021
vt 0.466151 0.183625
vt 0.531200 0.117144
vt 0.472448 0.123930
vt 0.533279 0.170702
vt 0.472017 0.159700
vt 0.531002 0.109639
vt 0.471733 0.118704
vt 0.533065 0.162859
vt 0.472475 0.155846
vt 0.530716 0.101792
vt 0.470966 0.114132
vt 0.532714 0.154936
vt 0.472824 0.151569
vt 0.604341 0.084882
vt 0.602614 0.076569
vt 0.609929 0.147952
vt 0.610147 0.138659
vt 0.602435 0.209855
vt 0.603522 0.200993
vt 0.600937 0.067967
vt 0.609931 0.129392
vt 0.604887 0.192009
vt 0.599847 0.059194
vt 0.609469 0.120146
vt 0.606268 0.183121
vt 0.602100 0.218426
vt 0.608574 0.110935
vt 0.607516 0.174545
vt 0.607295 0.101827
vt 0.608527 0.166094
vt 0.605900 0.093113
vt 0.609308 0.157200
vt 0.588678 0.155360
vt 0.589238 0.146939
vt 0.592802 0.147049
vt 0.592230 0.155570
vt 0.585171 0.094959
vt 0.583241 0.084667
vt 0.586807 0.084428
vt 0.588734 0.094581
vt 0.587715 0.164979
vt 0.591308 0.165184
vt 0.586779 0.104583
vt 0.590307 0.104177
vt 0.586374 0.175191
vt 0.589987 0.175311
vt 0.587943 0.112982
vt 0.591495 0.112671
vt 0.584873 0.184703
vt 0.588423 0.184761
vt 0.588718 0.121190
vt 0.592342 0.120979
vt 0.579776 0.219257
vt 0.580841 0.210357
vt 0.584332 0.210573
vt 0.583967 0.219410
vt 0.583396 0.193277
vt 0.586883 0.193367
vt 0.589279 0.129951
vt 0.592921 0.129843
vt 0.579460 0.066211
vt 0.577750 0.057449
vt 0.581667 0.057130
vt 0.582965 0.066057
vt 0.582022 0.201772
vt 0.585472 0.201913
vt 0.589388 0.138719
vt 0.593021 0.138720
vt 0.581255 0.075015
vt 0.584767 0.074879
vt 0.555446 0.080162
vt 0.556757 0.088916
vt 0.557920 0.098132
vt 0.553931 0.071960
vt 0.560537 0.138981
vt 0.560715 0.146914
vt 0.560645 0.155092
vt 0.560294 0.130878
vt 0.556786 0.197838
vt 0.555231 0.205965
vt 0.553325 0.214028
vt 0.558035 0.189788
vt 0.552093 0.063837
vt 0.559927 0.122789
vt 0.559018 0.181741
vt 0.559506 0.114957
vt 0.559783 0.173098
vt 0.558854 0.106946
vt 0.560319 0.163939
vt 0.753970 0.029380
vt 0.757896 0.043172
vt 0.766502 0.137501
vt 0.766562 0.152802
vt 0.754844 0.243210
vt 0.750247 0.257317
vt 0.748962 0.015514
vt 0.766220 0.122129
vt 0.759231 0.228923
vt 0.742826 0.002154
vt 0.765417 0.106728
vt 0.762452 0.214664
vt 0.745546 0.271107
vt 0.764308 0.091325
vt 0.764753 0.200701
vt 0.763330 0.078111
vt 0.766584 0.182174
vt 0.761683 0.061649
vt 0.766672 0.165866
vt 0.706250 0.289014
vt 0.717606 0.312855
vt 0.696991 0.314444
vt 0.686335 0.298514
vt 0.644480 0.261229
vt 0.678309 0.268665
vt 0.670349 0.289217
vt 0.640203 0.281928
vt 0.614848 0.260610
vt 0.610553 0.280563
vt 0.589509 0.261455
vt 0.584663 0.282670
vt 0.563624 0.263877
vt 0.557467 0.283675
vt 0.540572 0.263463
vt 0.533091 0.282822
vt 0.525674 0.259112
vt 0.513497 0.278717
vt 0.555538 0.290784
vt 0.583681 0.289362
vt 0.583050 0.296440
vt 0.553830 0.298687
vt 0.609749 0.287517
vt 0.638693 0.288540
vt 0.637736 0.295538
vt 0.609354 0.294511
vt 0.681238 0.302593
vt 0.691310 0.316259
vt 0.686795 0.318365
vt 0.675816 0.305832
vt 0.530113 0.289893
vt 0.526974 0.298245
vt 0.667878 0.295079
vt 0.665493 0.301669
vt 0.509423 0.286819
vt 0.505244 0.296623
vt 0.664623 0.329937
vt 0.656110 0.329606
vt 0.562178 0.328029
vt 0.534038 0.329009
vt 0.607244 0.328861
vt 0.587244 0.327865
vt 0.647176 0.329639
vt 0.627612 0.329823
vt 0.502635 0.331611
vt 0.680448 0.386779
vt 0.672934 0.368341
vt 0.688972 0.354444
vt 0.713475 0.352488
vt 0.643810 0.393388
vt 0.638031 0.376178
vt 0.608893 0.391445
vt 0.606739 0.372649
vt 0.581794 0.386085
vt 0.581124 0.367645
vt 0.557926 0.381673
vt 0.554574 0.364841
vt 0.537460 0.383318
vt 0.531165 0.367458
vt 0.523069 0.390605
vt 0.511611 0.373421
vt 0.553800 0.362601
vt 0.553526 0.361452
vt 0.581755 0.364411
vt 0.581214 0.365751
vt 0.607195 0.370765
vt 0.608069 0.368864
vt 0.638875 0.371592
vt 0.638426 0.373944
vt 0.686298 0.353423
vt 0.683848 0.353018
vt 0.690790 0.331694
vt 0.693650 0.329939
vt 0.529467 0.365010
vt 0.528380 0.363926
vt 0.672640 0.363273
vt 0.672677 0.365817
vt 0.509634 0.370363
vt 0.507403 0.369864
vt 0.657820 0.339057
vt 0.665135 0.334505
vt 0.533979 0.337757
vt 0.561991 0.336355
vt 0.587023 0.336968
vt 0.607062 0.336703
vt 0.627776 0.338669
vt 0.648274 0.341046
vt 0.504672 0.340440
vt 0.697450 0.330057
vt 0.715685 0.287854
vt 0.724366 0.320481
vt 0.649431 0.254083
vt 0.681799 0.261312
vt 0.617377 0.252717
vt 0.590306 0.253405
vt 0.564439 0.255667
vt 0.543054 0.255514
vt 0.528985 0.252099
vt 0.509639 0.245892
vt 0.514734 0.239006
vt 0.507410 0.240269
vt 0.510486 0.235120
vt 0.501381 0.240429
vt 0.487288 0.216139
vt 0.492748 0.210580
vt 0.505892 0.233308
vt 0.600959 0.551235
vt 0.583964 0.532945
vt 0.610703 0.520611
vt 0.622563 0.545930
vt 0.718279 0.539570
vt 0.712612 0.516475
vt 0.739664 0.517102
vt 0.739171 0.538878
vt 0.670041 0.537069
vt 0.662047 0.512529
vt 0.687097 0.514096
vt 0.696113 0.537980
vt 0.640254 0.515818
vt 0.646843 0.539241
vt 0.752996 0.516792
vt 0.755259 0.536775
vt 0.710134 0.494672
vt 0.753262 0.498524
vt 0.676150 0.490419
vt 0.693569 0.492685
vt 0.633385 0.490738
vt 0.654672 0.489510
vt 0.582890 0.498184
vt 0.609802 0.490464
vt 0.601295 0.572289
vt 0.579259 0.555698
vt 0.616110 0.565142
vt 0.653522 0.550084
vt 0.634785 0.555189
vt 0.676681 0.547165
vt 0.739967 0.541785
vt 0.755391 0.539975
vt 0.697806 0.545163
vt 0.560901 0.539920
vt 0.539816 0.520737
vt 0.719594 0.544232
vt 0.238082 0.507711
vt 0.248970 0.482161
vt 0.269919 0.460205
vt 0.270214 0.486151
vt 0.292102 0.452355
vt 0.304169 0.476272
vt 0.320615 0.479425
vt 0.317437 0.452355
vt 0.338865 0.466168
vt 0.354490 0.490542
vt 0.235035 0.542018
vt 0.272741 0.518772
vt 0.312345 0.505253
vt 0.322290 0.511058
vt 0.362176 0.513071
vt 0.231607 0.589507
vt 0.270894 0.566376
vt 0.312323 0.548199
vt 0.319166 0.554989
vt 0.361378 0.550629
vt 0.232058 0.631868
vt 0.269644 0.619103
vt 0.309404 0.605215
vt 0.316653 0.611884
vt 0.357100 0.598338
vt 0.234383 0.666176
vt 0.271399 0.664701
vt 0.310821 0.651754
vt 0.320253 0.657484
vt 0.359654 0.639409
vt 0.240510 0.697095
vt 0.275472 0.697507
vt 0.312306 0.690182
vt 0.324621 0.695209
vt 0.362176 0.670541
vt 0.249184 0.717475
vt 0.280982 0.724314
vt 0.312345 0.717884
vt 0.327869 0.722673
vt 0.357688 0.700113
vt 0.259736 0.730357
vt 0.285398 0.737138
vt 0.309725 0.733252
vt 0.327704 0.738215
vt 0.349964 0.722253
vt 0.369745 0.380770
vt 0.369920 0.382152
vt 0.352865 0.382176
vt 0.352643 0.380810
vt 0.223811 0.420988
vt 0.223734 0.419645
vt 0.265229 0.419656
vt 0.265107 0.420999
vt 0.108396 0.381949
vt 0.108087 0.383345
vt 0.077359 0.383241
vt 0.077606 0.381808
vt 0.330347 0.382394
vt 0.330027 0.381033
vt 0.296728 0.420401
vt 0.296445 0.421783
vt 0.053585 0.383187
vt 0.053780 0.381728
vt 0.298228 0.382105
vt 0.297974 0.380717
vt 0.326977 0.419950
vt 0.326666 0.421309
vt 0.053775 0.421894
vt 0.053592 0.420433
vt 0.079666 0.420315
vt 0.079893 0.421751
vt 0.263108 0.382972
vt 0.263009 0.381623
vt 0.350469 0.421461
vt 0.350708 0.420099
vt 0.367112 0.420259
vt 0.366915 0.421637
vt 0.110385 0.420126
vt 0.110685 0.421527
vt 0.219767 0.383191
vt 0.219828 0.381841
vt 0.384524 0.420507
vt 0.384309 0.421894
vt 0.135589 0.419779
vt 0.135948 0.421140
vt 0.171185 0.383388
vt 0.171436 0.382036
vt 0.424223 0.382027
vt 0.424136 0.383424
vt 0.403575 0.382641
vt 0.403623 0.381238
vt 0.174678 0.419861
vt 0.174967 0.421205
vt 0.136234 0.383383
vt 0.136565 0.382020
vt 0.385753 0.382257
vt 0.385650 0.380861
vt 0.370026 0.389857
vt 0.354201 0.389894
vt 0.223630 0.411961
vt 0.265324 0.411975
vt 0.107867 0.391028
vt 0.077165 0.390907
vt 0.330623 0.390071
vt 0.296950 0.412525
vt 0.053431 0.390926
vt 0.298458 0.389986
vt 0.327225 0.412271
vt 0.053431 0.412698
vt 0.079466 0.412651
vt 0.263216 0.390653
vt 0.350919 0.412417
vt 0.367334 0.412591
vt 0.110156 0.412438
vt 0.219706 0.390871
vt 0.384766 0.412802
vt 0.135328 0.412103
vt 0.171032 0.391073
vt 0.423837 0.391126
vt 0.403349 0.390311
vt 0.174420 0.412183
vt 0.136013 0.391061
vt 0.385721 0.389946
vt 0.077299 0.397578
vt 0.077804 0.399321
vt 0.053933 0.399494
vt 0.053538 0.397675
vt 0.108026 0.397720
vt 0.108685 0.399347
vt 0.136207 0.397745
vt 0.136956 0.399257
vt 0.171001 0.397765
vt 0.171595 0.399248
vt 0.219742 0.397558
vt 0.219910 0.399050
vt 0.263203 0.397342
vt 0.262991 0.398838
vt 0.298375 0.396852
vt 0.297814 0.398401
vt 0.330501 0.396760
vt 0.329812 0.398293
vt 0.352965 0.396644
vt 0.352501 0.398175
vt 0.369914 0.396573
vt 0.369531 0.398147
vt 0.403144 0.396966
vt 0.403096 0.398608
vt 0.385288 0.398256
vt 0.385570 0.396646
vt 0.423564 0.397853
vt 0.423561 0.399494
vt 0.367293 0.405914
vt 0.366914 0.404337
vt 0.384339 0.404481
vt 0.384735 0.406080
vt 0.350848 0.405723
vt 0.350345 0.404202
vt 0.296817 0.405666
vt 0.296155 0.404147
vt 0.326385 0.404059
vt 0.327083 0.405582
vt 0.265270 0.405285
vt 0.264976 0.403812
vt 0.223635 0.405270
vt 0.223815 0.403802
vt 0.174363 0.405495
vt 0.175018 0.404032
vt 0.135512 0.405420
vt 0.136302 0.403908
vt 0.110291 0.405739
vt 0.110919 0.404095
vt 0.079570 0.405981
vt 0.080023 0.404225
vt 0.053510 0.405952
vt 0.053866 0.404125
vt 0.224488 0.458380
vt 0.220245 0.460131
vt 0.218940 0.437035
vt 0.223483 0.435484
vt 0.110815 0.762128
vt 0.106260 0.760608
vt 0.108002 0.735281
vt 0.112295 0.736962
vt 0.223530 0.487749
vt 0.220004 0.489816
vt 0.221741 0.514378
vt 0.218992 0.516516
vt 0.219161 0.546824
vt 0.216918 0.548547
vt 0.221321 0.592699
vt 0.219168 0.593270
vt 0.223350 0.634481
vt 0.221149 0.633939
vt 0.224488 0.668903
vt 0.222127 0.667141
vt 0.222124 0.700937
vt 0.219833 0.698364
vt 0.216982 0.723338
vt 0.214854 0.720996
vt 0.210048 0.739095
vt 0.207960 0.736486
vt 0.189539 0.765271
vt 0.187570 0.762215
vt 0.199290 0.749566
vt 0.201433 0.752353
vt 0.088720 0.442218
vt 0.086848 0.445254
vt 0.070959 0.432521
vt 0.072372 0.429157
vt 0.099491 0.457487
vt 0.097496 0.460180
vt 0.088751 0.442288
vt 0.106065 0.473548
vt 0.104011 0.475943
vt 0.112295 0.528497
vt 0.110060 0.530401
vt 0.108616 0.500336
vt 0.110864 0.497822
vt 0.108507 0.559332
vt 0.106493 0.559990
vt 0.106050 0.599486
vt 0.104132 0.598941
vt 0.107224 0.646404
vt 0.105102 0.644561
vt 0.110254 0.683509
vt 0.107499 0.681148
vt 0.111654 0.707494
vt 0.108071 0.705435
vt 0.328158 0.746993
vt 0.341355 0.735923
vt 0.288491 0.745791
vt 0.308574 0.742047
vt 0.272082 0.739770
vt 0.147932 0.675941
vt 0.167721 0.671889
vt 0.172775 0.701223
vt 0.154952 0.705755
vt 0.055992 0.524529
vt 0.036313 0.520060
vt 0.043501 0.490840
vt 0.061214 0.495424
vt 0.081740 0.528331
vt 0.084891 0.499350
vt 0.096412 0.500181
vt 0.094836 0.529541
vt 0.181915 0.669577
vt 0.185633 0.698709
vt 0.206773 0.667239
vt 0.207839 0.696761
vt 0.196422 0.697384
vt 0.193609 0.668331
vt 0.074084 0.497973
vt 0.070125 0.526953
vt 0.075830 0.476504
vt 0.084484 0.477539
vt 0.176172 0.722747
vt 0.162102 0.727592
vt 0.094390 0.478208
vt 0.195189 0.718968
vt 0.186477 0.720184
vt 0.205204 0.718171
vt 0.065542 0.474218
vt 0.051203 0.469722
vt 0.178877 0.736948
vt 0.168835 0.741278
vt 0.082294 0.462791
vt 0.089729 0.463013
vt 0.192921 0.733866
vt 0.186440 0.734757
vt 0.200337 0.733393
vt 0.068169 0.460339
vt 0.075808 0.462160
vt 0.057887 0.456418
vt 0.079534 0.451235
vt 0.089200 0.457105
vt 0.185629 0.748833
vt 0.177805 0.753986
vt 0.191352 0.745460
vt 0.197508 0.738633
vt 0.073687 0.448247
vt 0.065611 0.443671
vt 0.174704 0.637829
vt 0.159461 0.639437
vt 0.150599 0.600818
vt 0.166895 0.598876
vt 0.131773 0.606109
vt 0.118968 0.568589
vt 0.138050 0.558680
vt 0.049119 0.557130
vt 0.029960 0.551864
vt 0.040298 0.595523
vt 0.021482 0.589003
vt 0.200776 0.594190
vt 0.196485 0.549432
vt 0.140283 0.643805
vt 0.158213 0.556341
vt 0.027201 0.637256
vt 0.009255 0.626733
vt 0.183445 0.597720
vt 0.177506 0.553527
vt 0.204855 0.634269
vt 0.189747 0.637061
vt 0.055685 0.594914
vt 0.063593 0.556295
vt 0.048502 0.637542
vt 0.085914 0.641359
vt 0.088166 0.595074
vt 0.066442 0.639525
vt 0.070611 0.595154
vt 0.092279 0.556999
vt 0.077123 0.556388
vt 0.175554 0.462689
vt 0.176132 0.489989
vt 0.156956 0.489039
vt 0.155679 0.464949
vt 0.063723 0.732552
vt 0.061775 0.757357
vt 0.044240 0.755406
vt 0.045797 0.730158
vt 0.062767 0.680956
vt 0.063447 0.704480
vt 0.045451 0.703997
vt 0.043457 0.679536
vt 0.173355 0.515434
vt 0.154069 0.515259
vt 0.174255 0.440458
vt 0.156828 0.443332
vt 0.093207 0.734843
vt 0.093514 0.705234
vt 0.079201 0.733463
vt 0.078738 0.704481
vt 0.205465 0.460356
vt 0.204170 0.437477
vt 0.190746 0.461100
vt 0.189512 0.438020
vt 0.202633 0.515801
vt 0.205280 0.489609
vt 0.189357 0.514849
vt 0.190600 0.490085
vt 0.090983 0.682105
vt 0.076607 0.681626
vt 0.091558 0.759862
vt 0.077006 0.759018
vt 0.034096 0.704410
vt 0.032386 0.681484
vt 0.144235 0.465258
vt 0.145523 0.444093
vt 0.017098 0.644412
vt 0.034406 0.729642
vt 0.002857 0.634525
vt 0.145691 0.488637
vt 0.128051 0.551229
vt 0.143032 0.513062
vt 0.032909 0.754511
vt 0.113088 0.560513
vt 0.010175 0.193123
vt 0.028660 0.193625
vt 0.026813 0.169231
vt 0.009134 0.169614
vt 0.009708 0.050114
vt 0.027592 0.049277
vt 0.022909 0.029847
vt 0.005139 0.029406
vt 0.002154 0.438262
vt 0.019328 0.443219
vt 0.021611 0.441128
vt 0.004103 0.438011
vt 0.009102 0.080771
vt 0.027061 0.080105
vt 0.028760 0.076746
vt 0.010388 0.079307
vt 0.006798 0.028043
vt 0.024611 0.026832
vt 0.019574 0.004954
vt 0.002154 0.005626
vt 0.028532 0.135944
vt 0.039698 0.135615
vt 0.038445 0.107966
vt 0.027600 0.107963
vt 0.025066 0.052155
vt 0.007366 0.052711
vt 0.010328 0.106797
vt 0.029192 0.105185
vt 0.004557 0.412662
vt 0.023283 0.414971
vt 0.023067 0.393150
vt 0.005513 0.392373
vt 0.021642 0.417241
vt 0.004158 0.413693
vt 0.009524 0.140645
vt 0.027060 0.139917
vt 0.010759 0.137388
vt 0.047896 0.135484
vt 0.046372 0.107999
vt 0.040046 0.075377
vt 0.035971 0.051767
vt 0.040698 0.104524
vt 0.037960 0.080079
vt 0.034840 0.415541
vt 0.033931 0.394029
vt 0.032463 0.442455
vt 0.032464 0.418690
vt 0.037918 0.140124
vt 0.040069 0.193405
vt 0.037678 0.169582
vt 0.038508 0.048381
vt 0.033891 0.029505
vt 0.029984 0.446006
vt 0.035478 0.025179
vt 0.030187 0.003275
vt 0.046506 0.047815
vt 0.041852 0.029254
vt 0.037821 0.448047
vt 0.040435 0.443272
vt 0.045894 0.080041
vt 0.048310 0.074574
vt 0.043466 0.024209
vt 0.038025 0.002154
vt 0.026480 0.196110
vt 0.008715 0.196359
vt 0.010663 0.220784
vt 0.028906 0.221615
vt 0.043910 0.051482
vt 0.049123 0.104185
vt 0.043329 0.416100
vt 0.041866 0.394548
vt 0.040336 0.419802
vt 0.045858 0.140193
vt 0.048448 0.193439
vt 0.045625 0.169780
vt 0.040141 0.221445
vt 0.037400 0.196765
vt 0.010138 0.318103
vt 0.008978 0.318621
vt 0.027062 0.318982
vt 0.028988 0.316544
vt 0.007605 0.345900
vt 0.008879 0.368401
vt 0.026930 0.366339
vt 0.025149 0.345635
vt 0.010223 0.275243
vt 0.010737 0.296006
vt 0.029143 0.295054
vt 0.027535 0.275904
vt 0.009357 0.344609
vt 0.027140 0.342951
vt 0.009416 0.222964
vt 0.011006 0.251023
vt 0.029030 0.251499
vt 0.026614 0.224858
vt 0.009840 0.297132
vt 0.027603 0.297637
vt 0.009319 0.253352
vt 0.011704 0.273732
vt 0.029608 0.273571
vt 0.027086 0.254512
vt 0.006298 0.391642
vt 0.024237 0.390766
vt 0.006201 0.369282
vt 0.024165 0.368765
vt 0.040111 0.251344
vt 0.037493 0.225535
vt 0.040410 0.316185
vt 0.038503 0.298110
vt 0.040565 0.273161
vt 0.037990 0.254889
vt 0.035451 0.390696
vt 0.034990 0.369210
vt 0.048406 0.221526
vt 0.045345 0.197258
vt 0.011676 0.167029
vt 0.029748 0.165710
vt 0.037869 0.319642
vt 0.037954 0.365829
vt 0.036026 0.346047
vt 0.040408 0.294781
vt 0.038489 0.276512
vt 0.038330 0.342614
vt 0.045782 0.320169
vt 0.048765 0.316080
vt 0.046073 0.365586
vt 0.043970 0.346388
vt 0.048629 0.294554
vt 0.046435 0.276886
vt 0.046482 0.342556
vt 0.048242 0.251298
vt 0.045427 0.226037
vt 0.046449 0.298414
vt 0.048575 0.272972
vt 0.045939 0.255130
vt 0.043682 0.390633
vt 0.042916 0.369552
vt 0.040887 0.165393
vt 0.049122 0.165238
vt 0.009177 0.109135
vt 0.236724 0.956753
vt 0.237462 0.967341
vt 0.235053 0.967607
vt 0.234258 0.956935
vt 0.241138 0.797124
vt 0.238387 0.806612
vt 0.236033 0.805819
vt 0.238860 0.796046
vt 0.230712 0.868611
vt 0.231541 0.879623
vt 0.229010 0.879922
vt 0.228239 0.869092
vt 0.236082 0.945942
vt 0.233637 0.946092
vt 0.229601 0.857962
vt 0.227210 0.858339
vt 0.235528 0.934952
vt 0.233084 0.935116
vt 0.229239 0.847771
vt 0.226896 0.847607
vt 0.234900 0.923758
vt 0.232436 0.924059
vt 0.230676 0.837744
vt 0.228406 0.836952
vt 0.233869 0.912524
vt 0.231410 0.912971
vt 0.233275 0.827504
vt 0.231021 0.826430
vt 0.232658 0.901504
vt 0.230195 0.901902
vt 0.238636 0.977508
vt 0.240861 0.986929
vt 0.238543 0.987869
vt 0.236234 0.978009
vt 0.236082 0.817003
vt 0.233734 0.816057
vt 0.231824 0.890620
vt 0.229348 0.890864
vt 0.226710 0.836491
vt 0.229347 0.825822
vt 0.229672 0.913200
vt 0.228453 0.902106
vt 0.236893 0.988645
vt 0.234560 0.978376
vt 0.232053 0.815500
vt 0.227599 0.890992
vt 0.233322 0.967816
vt 0.234373 0.805288
vt 0.227236 0.880060
vt 0.232536 0.957080
vt 0.237266 0.795157
vt 0.226459 0.869322
vt 0.231909 0.946205
vt 0.225459 0.858512
vt 0.231357 0.935230
vt 0.225158 0.847486
vt 0.230707 0.924227
vt 0.235785 0.989173
vt 0.233441 0.978615
vt 0.228233 0.825521
vt 0.230943 0.815209
vt 0.227299 0.902193
vt 0.226437 0.891048
vt 0.232183 0.967954
vt 0.233284 0.804965
vt 0.226105 0.880100
vt 0.231389 0.957170
vt 0.236179 0.794559
vt 0.225310 0.869404
vt 0.230758 0.946275
vt 0.224305 0.858567
vt 0.230205 0.935294
vt 0.223984 0.847409
vt 0.229568 0.924301
vt 0.225568 0.836260
vt 0.228532 0.913294
vt 0.231917 0.978935
vt 0.230648 0.968145
vt 0.229482 0.814913
vt 0.231802 0.804558
vt 0.224854 0.891099
vt 0.224640 0.880116
vt 0.229818 0.957302
vt 0.234634 0.793828
vt 0.223851 0.869427
vt 0.229193 0.946379
vt 0.222781 0.858559
vt 0.228654 0.935382
vt 0.222367 0.847311
vt 0.228027 0.924379
vt 0.224038 0.836054
vt 0.227006 0.913368
vt 0.226749 0.825255
vt 0.225748 0.902261
vt 0.234220 0.989813
vt 0.228767 0.968379
vt 0.227924 0.957464
vt 0.229973 0.804118
vt 0.232658 0.793233
vt 0.222812 0.880122
vt 0.222028 0.869363
vt 0.227290 0.946503
vt 0.220894 0.858442
vt 0.226750 0.935488
vt 0.220412 0.847199
vt 0.226134 0.924459
vt 0.222150 0.835949
vt 0.225108 0.913412
vt 0.224910 0.825099
vt 0.223843 0.902293
vt 0.232232 0.990332
vt 0.230062 0.979277
vt 0.227664 0.814637
vt 0.222925 0.891137
vt 0.221627 0.958027
vt 0.220956 0.946937
vt 0.215952 0.869160
vt 0.214532 0.858139
vt 0.220423 0.935850
vt 0.213923 0.846819
vt 0.219838 0.924738
vt 0.215769 0.835490
vt 0.218873 0.913597
vt 0.218791 0.824509
vt 0.217599 0.902431
vt 0.225524 0.991529
vt 0.223791 0.980294
vt 0.221653 0.813763
vt 0.216715 0.891220
vt 0.222526 0.969131
vt 0.223785 0.802870
vt 0.216809 0.880095
vt 0.225993 0.791755
vt 0.194429 0.868496
vt 0.194759 0.879988
vt 0.182924 0.879239
vt 0.182561 0.867705
vt 0.197041 0.948701
vt 0.197758 0.960067
vt 0.188225 0.961575
vt 0.187745 0.949654
vt 0.193674 0.856985
vt 0.182422 0.856150
vt 0.196402 0.937350
vt 0.187085 0.937618
vt 0.193669 0.845364
vt 0.182541 0.844499
vt 0.195882 0.925979
vt 0.186293 0.925659
vt 0.194811 0.833728
vt 0.183427 0.832797
vt 0.195450 0.914572
vt 0.185410 0.913858
vt 0.196676 0.822184
vt 0.184441 0.821291
vt 0.195070 0.903108
vt 0.184444 0.902237
vt 0.199451 0.982880
vt 0.200555 0.994343
vt 0.188591 0.996937
vt 0.188627 0.984934
vt 0.198209 0.810690
vt 0.185734 0.809998
vt 0.194745 0.891581
vt 0.183498 0.890737
vt 0.198550 0.971458
vt 0.188484 0.973175
vt 0.199558 0.799160
vt 0.187383 0.798418
vt 0.201437 0.787855
vt 0.189435 0.786574
vt 0.179916 0.867443
vt 0.179770 0.855903
vt 0.185310 0.949885
vt 0.184640 0.937699
vt 0.179936 0.844279
vt 0.183830 0.925602
vt 0.180734 0.832603
vt 0.182917 0.913688
vt 0.181746 0.821273
vt 0.181915 0.901987
vt 0.185812 0.997492
vt 0.186040 0.985319
vt 0.183039 0.810127
vt 0.180934 0.890444
vt 0.185956 0.973456
vt 0.184684 0.798582
vt 0.180316 0.878947
vt 0.185742 0.961837
vt 0.186537 0.786531
vt 0.176040 0.855991
vt 0.176228 0.844128
vt 0.180869 0.937993
vt 0.180072 0.926004
vt 0.176988 0.832232
vt 0.179160 0.914164
vt 0.177868 0.820914
vt 0.178161 0.902493
vt 0.181440 0.997015
vt 0.181956 0.984839
vt 0.179028 0.809697
vt 0.177189 0.890930
vt 0.181976 0.973083
vt 0.180571 0.798014
vt 0.176559 0.879356
vt 0.181864 0.961688
vt 0.182086 0.785988
vt 0.176154 0.867728
vt 0.181514 0.950070
vt 0.176885 0.984592
vt 0.176259 0.996207
vt 0.173918 0.995934
vt 0.174565 0.984460
vt 0.177117 0.972939
vt 0.174873 0.972849
vt 0.177204 0.961637
vt 0.175033 0.961589
vt 0.177030 0.950244
vt 0.174931 0.950290
vt 0.176452 0.938257
vt 0.174398 0.938374
vt 0.175661 0.926272
vt 0.173614 0.926385
vt 0.174747 0.914417
vt 0.172703 0.914515
vt 0.173761 0.902702
vt 0.171729 0.902776
vt 0.172841 0.891059
vt 0.170836 0.891106
vt 0.172246 0.879405
vt 0.170248 0.879425
vt 0.171899 0.867697
vt 0.169919 0.867686
vt 0.171864 0.855872
vt 0.169914 0.855820
vt 0.172166 0.843903
vt 0.170223 0.843804
vt 0.172774 0.832028
vt 0.170792 0.831963
vt 0.173435 0.820786
vt 0.171367 0.820766
vt 0.174311 0.809557
vt 0.172132 0.809549
vt 0.175564 0.797934
vt 0.173258 0.797943
vt 0.176673 0.786297
vt 0.174257 0.786439
vt 0.167508 0.995529
vt 0.167713 0.984128
vt 0.167373 0.797968
vt 0.167714 0.786585
vt 0.167830 0.972486
vt 0.167853 0.961346
vt 0.167772 0.950333
vt 0.167329 0.938738
vt 0.166776 0.926692
vt 0.166151 0.914757
vt 0.165636 0.902941
vt 0.165360 0.891205
vt 0.165131 0.879469
vt 0.165194 0.867660
vt 0.165554 0.855708
vt 0.166023 0.843602
vt 0.166499 0.831892
vt 0.166746 0.820769
vt 0.166976 0.809595
vt 0.163819 0.843523
vt 0.164276 0.831807
vt 0.164530 0.926756
vt 0.163883 0.914801
vt 0.164517 0.820798
vt 0.163350 0.902971
vt 0.165242 0.995759
vt 0.165464 0.984047
vt 0.164735 0.809686
vt 0.163065 0.891245
vt 0.165613 0.972320
vt 0.165090 0.797972
vt 0.162846 0.879514
vt 0.165610 0.961253
vt 0.165429 0.786280
vt 0.162925 0.867685
vt 0.165517 0.950382
vt 0.163323 0.855692
vt 0.165102 0.938826
vt 0.159740 0.971971
vt 0.159710 0.961089
vt 0.159066 0.797934
vt 0.159243 0.785464
vt 0.156834 0.879622
vt 0.156947 0.867722
vt 0.159528 0.950507
vt 0.157451 0.855635
vt 0.159305 0.939047
vt 0.157984 0.843334
vt 0.158624 0.926946
vt 0.158258 0.831597
vt 0.157924 0.914932
vt 0.158652 0.820816
vt 0.157336 0.903059
vt 0.158783 0.809839
vt 0.156968 0.891351
vt 0.159526 0.983878
vt 0.155454 0.927103
vt 0.156083 0.939184
vt 0.152711 0.939299
vt 0.152091 0.927314
vt 0.154577 0.843215
vt 0.154288 0.855561
vt 0.150910 0.855461
vt 0.151213 0.843098
vt 0.156337 0.950537
vt 0.152843 0.950498
vt 0.153726 0.867703
vt 0.150297 0.867628
vt 0.156436 0.961050
vt 0.152903 0.961049
vt 0.153622 0.879657
vt 0.150176 0.879685
vt 0.155581 0.785534
vt 0.155594 0.797946
vt 0.151873 0.797970
vt 0.151669 0.786023
vt 0.156420 0.971868
vt 0.152855 0.971877
vt 0.153757 0.891517
vt 0.149846 0.891886
vt 0.155403 0.809842
vt 0.151775 0.809734
vt 0.156114 0.983745
vt 0.152471 0.983575
vt 0.154218 0.903179
vt 0.150907 0.903431
vt 0.155386 0.820768
vt 0.151764 0.820654
vt 0.155430 0.996144
vt 0.151538 0.995485
vt 0.154726 0.915055
vt 0.151335 0.915255
vt 0.154873 0.831508
vt 0.151425 0.831521
vt 0.159075 0.996360
vt 0.157286 0.996329
vt 0.157852 0.983815
vt 0.158101 0.971906
vt 0.158093 0.961067
vt 0.157937 0.950534
vt 0.157698 0.939114
vt 0.157039 0.927018
vt 0.156324 0.914986
vt 0.155726 0.903093
vt 0.155394 0.891401
vt 0.155218 0.879641
vt 0.155338 0.867717
vt 0.155873 0.855603
vt 0.156288 0.843275
vt 0.156573 0.831543
vt 0.157046 0.820799
vt 0.157117 0.809853
vt 0.157364 0.797938
vt 0.157447 0.785425
vt 0.199014 0.868645
vt 0.198049 0.857234
vt 0.201316 0.857447
vt 0.202565 0.868786
vt 0.203045 0.959652
vt 0.202321 0.948327
vt 0.206314 0.948032
vt 0.207039 0.959322
vt 0.199533 0.879993
vt 0.203422 0.880019
vt 0.204925 0.800084
vt 0.206798 0.789061
vt 0.210854 0.789801
vt 0.208988 0.800725
vt 0.203898 0.970998
vt 0.207915 0.970617
vt 0.199477 0.891481
vt 0.203522 0.891405
vt 0.203476 0.811411
vt 0.207353 0.811919
vt 0.204861 0.982290
vt 0.208969 0.981844
vt 0.199929 0.902938
vt 0.203961 0.902815
vt 0.201442 0.822708
vt 0.204971 0.823071
vt 0.206085 0.993396
vt 0.210241 0.992848
vt 0.200586 0.914333
vt 0.204607 0.914159
vt 0.199215 0.834130
vt 0.202472 0.834402
vt 0.201176 0.925682
vt 0.205183 0.925469
vt 0.197939 0.845686
vt 0.201084 0.845926
vt 0.201657 0.937012
vt 0.205649 0.936758
vt 0.149808 0.903573
vt 0.149475 0.891916
vt 0.148338 0.879498
vt 0.147006 0.867515
vt 0.149866 0.798092
vt 0.149926 0.786058
vt 0.149973 0.915272
vt 0.150831 0.927333
vt 0.151506 0.939345
vt 0.151644 0.950554
vt 0.151637 0.961057
vt 0.151503 0.971855
vt 0.148264 0.820645
vt 0.149145 0.809909
vt 0.146585 0.831363
vt 0.146622 0.854853
vt 0.146204 0.842614
vt 0.150955 0.983554
vt 0.149774 0.995505
vt 0.144539 0.798397
vt 0.142582 0.810764
vt 0.139145 0.810996
vt 0.141007 0.798654
vt 0.138199 0.831014
vt 0.138796 0.841769
vt 0.136092 0.841736
vt 0.135338 0.830842
vt 0.141477 0.867039
vt 0.146726 0.879442
vt 0.144266 0.879375
vt 0.138996 0.866948
vt 0.149106 0.903673
vt 0.145586 0.915611
vt 0.141807 0.916714
vt 0.146872 0.903977
vt 0.147068 0.939543
vt 0.147252 0.950652
vt 0.144707 0.950670
vt 0.144526 0.939659
vt 0.141269 0.820682
vt 0.138552 0.820573
vt 0.140240 0.853742
vt 0.137909 0.853653
vt 0.148742 0.891982
vt 0.147972 0.892039
vt 0.146456 0.927609
vt 0.143936 0.927776
vt 0.147194 0.961022
vt 0.144647 0.961005
vt 0.146657 0.971479
vt 0.145792 0.982894
vt 0.142394 0.982366
vt 0.143778 0.971225
vt 0.144306 0.994939
vt 0.140720 0.994341
vt 0.144483 0.786219
vt 0.140918 0.786494
vt 0.131734 0.810022
vt 0.136039 0.798536
vt 0.136396 0.786876
vt 0.132536 0.820087
vt 0.128209 0.830195
vt 0.129108 0.841705
vt 0.132219 0.853852
vt 0.134206 0.867129
vt 0.142523 0.879520
vt 0.145120 0.892352
vt 0.143612 0.904431
vt 0.139533 0.916277
vt 0.137471 0.927659
vt 0.138566 0.940039
vt 0.139488 0.951492
vt 0.140994 0.960928
vt 0.139967 0.970968
vt 0.138039 0.981603
vt 0.136219 0.993222
vt 0.122654 0.829421
vt 0.127225 0.819358
vt 0.127147 0.854011
vt 0.123079 0.841973
vt 0.130139 0.809802
vt 0.125515 0.818817
vt 0.123920 0.817536
vt 0.127584 0.808158
vt 0.143265 0.892255
vt 0.141798 0.904202
vt 0.140196 0.903405
vt 0.141591 0.892290
vt 0.120897 0.829247
vt 0.121295 0.841922
vt 0.119485 0.842503
vt 0.118912 0.829064
vt 0.135744 0.927731
vt 0.136784 0.940061
vt 0.135733 0.941114
vt 0.134079 0.928333
vt 0.125343 0.854394
vt 0.123649 0.855658
vt 0.140763 0.879599
vt 0.139354 0.880686
vt 0.134376 0.798579
vt 0.132157 0.798141
vt 0.139180 0.960974
vt 0.138269 0.971129
vt 0.136356 0.970992
vt 0.137283 0.960898
vt 0.137829 0.916243
vt 0.135998 0.916850
vt 0.136360 0.981592
vt 0.134550 0.992789
vt 0.132808 0.992799
vt 0.134586 0.981400
vt 0.137701 0.951447
vt 0.136091 0.951355
vt 0.132668 0.867282
vt 0.131460 0.868845
vt 0.134761 0.787286
vt 0.133218 0.788138
vt 0.004711 0.985509
vt 0.006952 0.975832
vt 0.009400 0.976331
vt 0.007098 0.986443
vt 0.008997 0.954362
vt 0.009679 0.943186
vt 0.012184 0.943316
vt 0.011501 0.954548
vt 0.013418 0.874274
vt 0.014436 0.863069
vt 0.016967 0.863404
vt 0.015942 0.874716
vt 0.009558 0.797718
vt 0.007348 0.788024
vt 0.009735 0.787080
vt 0.012027 0.797218
vt 0.012467 0.885809
vt 0.014991 0.886132
vt 0.010717 0.808239
vt 0.013212 0.807926
vt 0.011826 0.897401
vt 0.014333 0.897586
vt 0.011661 0.819281
vt 0.014179 0.818898
vt 0.011211 0.908946
vt 0.013754 0.909063
vt 0.012873 0.830484
vt 0.015388 0.829991
vt 0.010749 0.920454
vt 0.013259 0.920532
vt 0.014164 0.841497
vt 0.016686 0.841107
vt 0.008145 0.965317
vt 0.010636 0.965591
vt 0.010253 0.931870
vt 0.012759 0.931960
vt 0.014896 0.852250
vt 0.017412 0.852222
vt 0.015549 0.909146
vt 0.015033 0.920598
vt 0.017166 0.829727
vt 0.018468 0.840906
vt 0.013269 0.954690
vt 0.012375 0.965802
vt 0.014531 0.932035
vt 0.019194 0.852199
vt 0.011145 0.976702
vt 0.013955 0.943417
vt 0.018754 0.863558
vt 0.008773 0.987226
vt 0.017728 0.874929
vt 0.011432 0.786296
vt 0.013765 0.796845
vt 0.016765 0.886298
vt 0.014969 0.807695
vt 0.016107 0.897698
vt 0.015945 0.818668
vt 0.014447 0.954795
vt 0.013545 0.965950
vt 0.016216 0.920657
vt 0.015714 0.932100
vt 0.019647 0.840819
vt 0.020403 0.852182
vt 0.012297 0.976952
vt 0.015136 0.943498
vt 0.019937 0.863610
vt 0.009920 0.987746
vt 0.018900 0.875008
vt 0.012572 0.785763
vt 0.014916 0.796606
vt 0.017938 0.886366
vt 0.016138 0.807550
vt 0.017293 0.897753
vt 0.017109 0.818548
vt 0.016720 0.909200
vt 0.018331 0.829609
vt 0.015131 0.966148
vt 0.013851 0.977281
vt 0.017325 0.932195
vt 0.016741 0.943612
vt 0.022047 0.852158
vt 0.021525 0.863632
vt 0.011524 0.988380
vt 0.016061 0.954939
vt 0.020469 0.875056
vt 0.014180 0.785117
vt 0.016483 0.796286
vt 0.019528 0.886425
vt 0.017711 0.807353
vt 0.018907 0.897820
vt 0.018681 0.818409
vt 0.018312 0.909273
vt 0.019890 0.829503
vt 0.017827 0.920740
vt 0.021231 0.840747
vt 0.015762 0.977644
vt 0.013556 0.988876
vt 0.018692 0.943751
vt 0.018007 0.955117
vt 0.023475 0.863606
vt 0.022420 0.875059
vt 0.016222 0.784598
vt 0.018395 0.795945
vt 0.021477 0.886471
vt 0.019638 0.807119
vt 0.020871 0.897898
vt 0.020611 0.818254
vt 0.020266 0.909363
vt 0.021830 0.829418
vt 0.019786 0.920844
vt 0.023177 0.840705
vt 0.017056 0.966394
vt 0.019281 0.932314
vt 0.024035 0.852125
vt 0.023096 0.783420
vt 0.024822 0.794949
vt 0.028832 0.875084
vt 0.027976 0.886610
vt 0.026069 0.806374
vt 0.027422 0.898143
vt 0.027021 0.817725
vt 0.026796 0.909663
vt 0.028188 0.829088
vt 0.026323 0.921192
vt 0.029548 0.840500
vt 0.024470 0.955746
vt 0.023491 0.967203
vt 0.025800 0.932730
vt 0.030428 0.851997
vt 0.022185 0.978646
vt 0.025177 0.944248
vt 0.029874 0.863544
vt 0.020401 0.990174
vt 0.052980 0.875157
vt 0.052648 0.863011
vt 0.064281 0.863354
vt 0.065679 0.875706
vt 0.049821 0.792344
vt 0.048605 0.780654
vt 0.058879 0.778582
vt 0.059588 0.791064
vt 0.052781 0.887068
vt 0.065853 0.887615
vt 0.050771 0.804045
vt 0.060427 0.803561
vt 0.052338 0.898965
vt 0.065708 0.899576
vt 0.051510 0.815789
vt 0.061350 0.815970
vt 0.051808 0.910857
vt 0.064989 0.911527
vt 0.052085 0.827578
vt 0.062362 0.828177
vt 0.051122 0.922729
vt 0.064122 0.923233
vt 0.052365 0.839303
vt 0.062594 0.839783
vt 0.048094 0.969845
vt 0.048790 0.958092
vt 0.060338 0.957874
vt 0.059115 0.969669
vt 0.050354 0.934557
vt 0.063024 0.934626
vt 0.052227 0.850858
vt 0.062763 0.851059
vt 0.047333 0.981555
vt 0.058063 0.981610
vt 0.049583 0.946338
vt 0.061691 0.946194
vt 0.046153 0.993211
vt 0.056901 0.993718
vt 0.068404 0.875971
vt 0.068612 0.887829
vt 0.062147 0.790798
vt 0.062956 0.803453
vt 0.068492 0.899750
vt 0.063877 0.816006
vt 0.067763 0.911660
vt 0.064915 0.828344
vt 0.066884 0.923177
vt 0.065090 0.840005
vt 0.062981 0.957690
vt 0.061751 0.969566
vt 0.065752 0.934421
vt 0.065348 0.851307
vt 0.060744 0.981605
vt 0.064369 0.945965
vt 0.067016 0.863660
vt 0.059783 0.993842
vt 0.061584 0.778227
vt 0.072483 0.887701
vt 0.072358 0.899850
vt 0.066860 0.803133
vt 0.067724 0.815560
vt 0.071650 0.911981
vt 0.068765 0.827845
vt 0.070858 0.923463
vt 0.068964 0.839498
vt 0.067046 0.958361
vt 0.065835 0.970313
vt 0.069817 0.934782
vt 0.069324 0.850848
vt 0.064897 0.982298
vt 0.068465 0.946491
vt 0.070930 0.863228
vt 0.064247 0.994260
vt 0.072259 0.875663
vt 0.065829 0.778409
vt 0.066140 0.790646
vt 0.070969 0.970706
vt 0.072029 0.958668
vt 0.074306 0.958774
vt 0.073301 0.970861
vt 0.070027 0.982563
vt 0.072418 0.982685
vt 0.069501 0.993846
vt 0.071914 0.993750
vt 0.070904 0.790589
vt 0.070899 0.779140
vt 0.073212 0.779440
vt 0.073149 0.790592
vt 0.071453 0.802867
vt 0.073594 0.802750
vt 0.072243 0.815264
vt 0.074340 0.815148
vt 0.073208 0.827558
vt 0.075288 0.827451
vt 0.073631 0.839327
vt 0.075815 0.839290
vt 0.074087 0.850844
vt 0.076359 0.850913
vt 0.075518 0.863219
vt 0.077690 0.863279
vt 0.076644 0.875667
vt 0.078685 0.875679
vt 0.076798 0.887804
vt 0.078814 0.887852
vt 0.076566 0.900047
vt 0.078575 0.900139
vt 0.075998 0.912147
vt 0.078044 0.912200
vt 0.075392 0.923545
vt 0.077507 0.923553
vt 0.074567 0.934899
vt 0.076755 0.934904
vt 0.073357 0.946696
vt 0.075600 0.946745
vt 0.080612 0.959014
vt 0.080153 0.971291
vt 0.081305 0.946785
vt 0.079927 0.983176
vt 0.079746 0.993991
vt 0.080874 0.779866
vt 0.080838 0.790530
vt 0.080951 0.802405
vt 0.081343 0.814862
vt 0.081944 0.827214
vt 0.082404 0.839297
vt 0.082237 0.851140
vt 0.083020 0.863398
vt 0.083557 0.875721
vt 0.083327 0.887961
vt 0.082920 0.900339
vt 0.082472 0.912267
vt 0.082231 0.923553
vt 0.081933 0.934880
vt 0.085199 0.900422
vt 0.084766 0.912359
vt 0.083640 0.814816
vt 0.084256 0.827192
vt 0.084512 0.923538
vt 0.084781 0.839319
vt 0.082815 0.959066
vt 0.082408 0.971435
vt 0.084191 0.934803
vt 0.084335 0.851168
vt 0.082298 0.983431
vt 0.083534 0.946759
vt 0.085242 0.863351
vt 0.082180 0.994512
vt 0.085902 0.875701
vt 0.083297 0.779563
vt 0.083249 0.790409
vt 0.085636 0.887978
vt 0.083263 0.802319
vt 0.088533 0.983961
vt 0.088793 0.995543
vt 0.089517 0.946769
vt 0.088634 0.959185
vt 0.091031 0.863150
vt 0.092101 0.875645
vt 0.089872 0.778730
vt 0.089537 0.790160
vt 0.091714 0.888042
vt 0.089249 0.802133
vt 0.091232 0.900637
vt 0.089664 0.814712
vt 0.090966 0.912626
vt 0.090331 0.827126
vt 0.090520 0.923601
vt 0.090946 0.839328
vt 0.090225 0.934741
vt 0.089729 0.851195
vt 0.088428 0.971712
vt 0.092895 0.814616
vt 0.092551 0.802084
vt 0.096002 0.802103
vt 0.096321 0.814487
vt 0.094751 0.900783
vt 0.094986 0.888128
vt 0.098476 0.888242
vt 0.098221 0.900939
vt 0.092876 0.790214
vt 0.096514 0.790434
vt 0.095408 0.875652
vt 0.098957 0.875698
vt 0.093641 0.778899
vt 0.097579 0.779634
vt 0.094297 0.863080
vt 0.097906 0.863031
vt 0.092065 0.959241
vt 0.092993 0.946847
vt 0.096698 0.946995
vt 0.095813 0.959287
vt 0.092486 0.995429
vt 0.092011 0.983968
vt 0.095769 0.983711
vt 0.096418 0.994735
vt 0.092880 0.851034
vt 0.097164 0.850758
vt 0.093664 0.934825
vt 0.097356 0.935052
vt 0.091886 0.971736
vt 0.095556 0.971639
vt 0.094055 0.839208
vt 0.097440 0.839007
vt 0.093867 0.923716
vt 0.097582 0.923920
vt 0.093591 0.827032
vt 0.097043 0.826878
vt 0.094451 0.912763
vt 0.098002 0.912808
vt 0.090313 0.959214
vt 0.090126 0.971737
vt 0.090250 0.984003
vt 0.090624 0.995575
vt 0.091739 0.778728
vt 0.091202 0.790157
vt 0.090898 0.802105
vt 0.091280 0.814668
vt 0.091963 0.827084
vt 0.092543 0.839293
vt 0.091236 0.851151
vt 0.092645 0.863104
vt 0.093750 0.875645
vt 0.093348 0.888082
vt 0.092985 0.900709
vt 0.092701 0.912702
vt 0.092165 0.923650
vt 0.091920 0.934765
vt 0.091221 0.946799
vt 0.047676 0.875154
vt 0.047277 0.886968
vt 0.043128 0.886900
vt 0.043526 0.875153
vt 0.042962 0.781565
vt 0.044260 0.792960
vt 0.040052 0.793413
vt 0.038730 0.782122
vt 0.047948 0.863278
vt 0.043885 0.863398
vt 0.044172 0.945859
vt 0.043414 0.957568
vt 0.039310 0.957172
vt 0.040105 0.945495
vt 0.041711 0.980884
vt 0.040459 0.992273
vt 0.036184 0.991718
vt 0.037488 0.980368
vt 0.047846 0.851314
vt 0.043933 0.851597
vt 0.044937 0.934121
vt 0.040847 0.933804
vt 0.042634 0.969265
vt 0.038510 0.968822
vt 0.047558 0.839660
vt 0.043465 0.839877
vt 0.045643 0.922362
vt 0.041531 0.922095
vt 0.046838 0.827923
vt 0.042735 0.828189
vt 0.046316 0.910579
vt 0.042194 0.910376
vt 0.046085 0.816217
vt 0.041984 0.816541
vt 0.046825 0.898776
vt 0.042689 0.898642
vt 0.045333 0.804541
vt 0.041209 0.804922
vt 0.098583 0.838856
vt 0.097585 0.850725
vt 0.100016 0.863281
vt 0.102392 0.875839
vt 0.098716 0.946963
vt 0.097484 0.959220
vt 0.098431 0.826880
vt 0.097603 0.814505
vt 0.097233 0.802109
vt 0.097776 0.790454
vt 0.099020 0.779602
vt 0.097189 0.983626
vt 0.097826 0.994724
vt 0.101172 0.924034
vt 0.100047 0.934978
vt 0.102978 0.913069
vt 0.102908 0.888895
vt 0.103388 0.901499
vt 0.097081 0.971542
vt 0.104119 0.946998
vt 0.106794 0.934425
vt 0.110323 0.934370
vt 0.107727 0.947034
vt 0.111584 0.913614
vt 0.111017 0.902480
vt 0.113798 0.902553
vt 0.114519 0.913857
vt 0.108105 0.876348
vt 0.101883 0.863392
vt 0.104705 0.863535
vt 0.110666 0.876444
vt 0.099322 0.838749
vt 0.102903 0.826593
vt 0.106750 0.825520
vt 0.101672 0.838423
vt 0.101765 0.802145
vt 0.102356 0.790690
vt 0.104971 0.790957
vt 0.104358 0.802199
vt 0.108341 0.924230
vt 0.111119 0.924432
vt 0.109501 0.890089
vt 0.111905 0.890199
vt 0.098433 0.850653
vt 0.099338 0.850591
vt 0.102052 0.814363
vt 0.104623 0.814277
vt 0.104048 0.779939
vt 0.106878 0.780315
vt 0.102258 0.983475
vt 0.102343 0.971665
vt 0.105836 0.971725
vt 0.105251 0.983324
vt 0.102745 0.994477
vt 0.105547 0.994134
vt 0.102708 0.959320
vt 0.106188 0.959405
vt 0.117848 0.935769
vt 0.112776 0.947670
vt 0.110692 0.959681
vt 0.117270 0.925131
vt 0.121820 0.914679
vt 0.120974 0.902690
vt 0.117764 0.890043
vt 0.115610 0.876250
vt 0.106624 0.863428
vt 0.102798 0.850261
vt 0.105027 0.837934
vt 0.109080 0.825992
vt 0.111239 0.814616
vt 0.110415 0.802268
vt 0.110386 0.790908
vt 0.110763 0.781276
vt 0.109186 0.982926
vt 0.109509 0.993383
vt 0.110356 0.971772
vt 0.127506 0.915581
vt 0.122687 0.926026
vt 0.122988 0.889926
vt 0.127165 0.902500
vt 0.119471 0.936070
vt 0.124429 0.926622
vt 0.126043 0.927991
vt 0.122012 0.937928
vt 0.105019 0.850349
vt 0.106871 0.838149
vt 0.108492 0.838990
vt 0.106712 0.850285
vt 0.129305 0.915785
vt 0.128996 0.902579
vt 0.130858 0.902002
vt 0.131336 0.916000
vt 0.113009 0.814590
vt 0.112241 0.802374
vt 0.113370 0.801421
vt 0.114722 0.814029
vt 0.124845 0.889547
vt 0.126589 0.888258
vt 0.108496 0.863372
vt 0.109872 0.862184
vt 0.114468 0.947807
vt 0.116658 0.948505
vt 0.111365 0.992698
vt 0.110908 0.982459
vt 0.112874 0.982267
vt 0.113305 0.992262
vt 0.110825 0.826047
vt 0.112697 0.825455
vt 0.112083 0.971495
vt 0.112386 0.959648
vt 0.114100 0.959131
vt 0.113928 0.971381
vt 0.112188 0.791264
vt 0.112600 0.781922
vt 0.114487 0.782582
vt 0.113812 0.791640
vt 0.117194 0.876086
vt 0.118414 0.874462
vt 0.848056 0.445809
vt 0.828888 0.449444
vt 0.826057 0.435781
vt 0.846495 0.433191
vt 0.845005 0.400795
vt 0.823771 0.400182
vt 0.823642 0.379708
vt 0.844655 0.381006
vt 0.805650 0.193683
vt 0.805492 0.174524
vt 0.826274 0.175812
vt 0.825025 0.195356
vt 0.856717 0.199268
vt 0.860078 0.180311
vt 0.874772 0.184864
vt 0.870510 0.202282
vt 0.846083 0.422947
vt 0.825162 0.424732
vt 0.786328 0.192321
vt 0.786131 0.174255
vt 0.845057 0.361099
vt 0.824169 0.358732
vt 0.825161 0.336658
vt 0.846112 0.339143
vt 0.841503 0.197327
vt 0.843768 0.177837
vt 0.824065 0.113292
vt 0.818915 0.097443
vt 0.833100 0.097291
vt 0.841959 0.116131
vt 0.758267 0.377300
vt 0.746874 0.372066
vt 0.755538 0.354123
vt 0.764189 0.357475
vt 0.733607 0.423435
vt 0.724968 0.406130
vt 0.733592 0.397630
vt 0.753403 0.423842
vt 0.844378 0.092588
vt 0.861527 0.120260
vt 0.770080 0.334695
vt 0.782601 0.334425
vt 0.784515 0.110559
vt 0.785726 0.094342
vt 0.802507 0.095241
vt 0.804483 0.110674
vt 0.740597 0.386342
vt 0.754948 0.397527
vt 0.852195 0.085164
vt 0.865036 0.095965
vt 0.717210 0.425550
vt 0.714651 0.411244
vt 0.734299 0.373703
vt 0.743166 0.366286
vt 0.798828 0.081931
vt 0.810613 0.081558
vt 0.826169 0.078157
vt 0.832992 0.073875
vt 0.726000 0.380700
vt 0.786702 0.081409
vt 0.819023 0.080476
vt 0.716678 0.386602
vt 0.708569 0.389127
vt 0.820462 0.453702
vt 0.810339 0.458873
vt 0.803564 0.445771
vt 0.816749 0.439555
vt 0.809768 0.398532
vt 0.797516 0.398336
vt 0.799097 0.377259
vt 0.810234 0.378192
vt 0.805885 0.161478
vt 0.805225 0.148858
vt 0.824815 0.149474
vt 0.825947 0.162710
vt 0.862342 0.166918
vt 0.861999 0.144438
vt 0.880317 0.164691
vt 0.877835 0.176446
vt 0.809487 0.426731
vt 0.789743 0.423757
vt 0.785620 0.161555
vt 0.784815 0.149076
vt 0.810234 0.358565
vt 0.799140 0.357899
vt 0.801336 0.334629
vt 0.810645 0.335249
vt 0.843629 0.164442
vt 0.842875 0.150253
vt 0.839003 0.548911
vt 0.838193 0.530236
vt 0.851920 0.530347
vt 0.852797 0.549176
vt 0.775120 0.397611
vt 0.778312 0.376637
vt 0.804556 0.134079
vt 0.823779 0.134152
vt 0.866720 0.549464
vt 0.865603 0.530655
vt 0.879232 0.531091
vt 0.880642 0.549726
vt 0.773031 0.421277
vt 0.784203 0.134258
vt 0.781565 0.357228
vt 0.791048 0.334363
vt 0.842209 0.133411
vt 0.861685 0.132464
vt 0.824772 0.548520
vt 0.824431 0.530283
vt 0.908270 0.549466
vt 0.906429 0.531353
vt 0.920027 0.530871
vt 0.922678 0.548812
vt 0.892832 0.531392
vt 0.894402 0.549775
vt 0.811088 0.548433
vt 0.810661 0.530581
vt 0.797401 0.548664
vt 0.796923 0.531043
vt 0.885035 0.180330
vt 0.882769 0.187885
vt 0.933610 0.529866
vt 0.936254 0.547576
vt 0.890752 0.172445
vt 0.837546 0.068574
vt 0.856872 0.075995
vt 0.869226 0.080173
vt 0.877888 0.203959
vt 0.769235 0.549015
vt 0.769607 0.531520
vt 0.783230 0.531484
vt 0.782822 0.549108
vt 0.958361 0.462374
vt 0.954880 0.461767
vt 0.955039 0.445722
vt 0.958282 0.446174
vt 0.957215 0.406771
vt 0.954269 0.406358
vt 0.952299 0.385473
vt 0.954922 0.385963
vt 0.791504 0.294892
vt 0.791656 0.292506
vt 0.814880 0.295945
vt 0.815121 0.298407
vt 0.856337 0.302993
vt 0.856077 0.300205
vt 0.875335 0.300965
vt 0.875516 0.303993
vt 0.958220 0.431442
vt 0.955141 0.430883
vt 0.766106 0.291064
vt 0.766631 0.288755
vt 0.953773 0.362707
vt 0.951325 0.362473
vt 0.950685 0.334327
vt 0.953382 0.334068
vt 0.835959 0.301258
vt 0.835647 0.298625
vt 0.884428 0.300784
vt 0.884498 0.304170
vt 0.874217 0.323427
vt 0.883505 0.324411
vt 0.812593 0.317033
vt 0.833794 0.319955
vt 0.975377 0.385734
vt 0.974769 0.362025
vt 0.979657 0.445345
vt 0.979391 0.430115
vt 0.854710 0.321903
vt 0.974436 0.334049
vt 0.763541 0.310383
vt 0.788282 0.313585
vt 0.977848 0.405969
vt 0.980291 0.462088
vt 0.980403 0.406119
vt 0.981867 0.430015
vt 0.788937 0.316091
vt 0.763473 0.312909
vt 0.977260 0.334396
vt 0.977536 0.363001
vt 0.854646 0.324149
vt 0.833809 0.322264
vt 0.982116 0.445199
vt 0.977986 0.386097
vt 0.812791 0.319446
vt 0.982749 0.461596
vt 0.883160 0.326647
vt 0.873933 0.325632
vt 0.908663 0.452742
vt 0.891681 0.447849
vt 0.892805 0.435472
vt 0.910044 0.439867
vt 0.910824 0.405884
vt 0.893378 0.403342
vt 0.893384 0.383540
vt 0.910543 0.384912
vt 0.799975 0.252748
vt 0.802182 0.237152
vt 0.821507 0.239910
vt 0.820243 0.255957
vt 0.855938 0.259713
vt 0.854807 0.243305
vt 0.869559 0.243029
vt 0.871107 0.259021
vt 0.910700 0.428102
vt 0.893334 0.424254
vt 0.776937 0.248264
vt 0.780601 0.233452
vt 0.909844 0.363774
vt 0.892991 0.363917
vt 0.892109 0.339684
vt 0.908400 0.338241
vt 0.838524 0.258489
vt 0.838724 0.242127
vt 0.876385 0.241895
vt 0.878102 0.257456
vt 0.722881 0.376430
vt 0.720882 0.371756
vt 0.727926 0.366207
vt 0.730360 0.370283
vt 0.787135 0.077998
vt 0.787615 0.074360
vt 0.797603 0.074731
vt 0.798270 0.078524
vt 0.749707 0.352292
vt 0.745831 0.349758
vt 0.757589 0.334049
vt 0.763526 0.334640
vt 0.816651 0.076985
vt 0.814196 0.073163
vt 0.820097 0.071124
vt 0.823127 0.074832
vt 0.738409 0.363580
vt 0.735554 0.359980
vt 0.714616 0.381724
vt 0.713396 0.376485
vt 0.808967 0.078108
vt 0.807215 0.074274
vt 0.829284 0.070958
vt 0.825661 0.067586
vt 0.829350 0.063432
vt 0.833416 0.066289
vt 0.707431 0.384042
vt 0.707054 0.378568
vt 0.874998 0.290856
vt 0.872927 0.275874
vt 0.880718 0.274325
vt 0.883456 0.289852
vt 0.816923 0.286423
vt 0.818308 0.272529
vt 0.837403 0.275103
vt 0.837235 0.289139
vt 0.942270 0.386053
vt 0.927910 0.385481
vt 0.926991 0.363990
vt 0.941237 0.363436
vt 0.944103 0.445555
vt 0.928055 0.443501
vt 0.928662 0.430331
vt 0.944426 0.431548
vt 0.855833 0.276270
vt 0.856863 0.290590
vt 0.925631 0.336167
vt 0.940173 0.334817
vt 0.768720 0.278605
vt 0.772426 0.264246
vt 0.796963 0.269222
vt 0.794138 0.282937
vt 0.928663 0.406878
vt 0.943960 0.407215
vt 0.943370 0.460764
vt 0.926729 0.457819
vt 0.877220 0.445486
vt 0.863762 0.444266
vt 0.863427 0.432114
vt 0.877693 0.433110
vt 0.877744 0.401530
vt 0.862908 0.400774
vt 0.862639 0.381036
vt 0.877495 0.381753
vt 0.802641 0.222956
vt 0.803833 0.209886
vt 0.822661 0.211846
vt 0.821664 0.225355
vt 0.853900 0.228814
vt 0.854303 0.215220
vt 0.868356 0.216782
vt 0.868264 0.229483
vt 0.877982 0.422319
vt 0.863359 0.421614
vt 0.783125 0.220224
vt 0.784842 0.207908
vt 0.877320 0.362281
vt 0.862728 0.361568
vt 0.863326 0.340272
vt 0.877168 0.340397
vt 0.838394 0.227435
vt 0.839132 0.213684
vt 0.875462 0.217367
vt 0.875197 0.229083
vt 0.776905 0.595030
vt 0.778283 0.570746
vt 0.798444 0.570008
vt 0.799887 0.585155
vt 0.853087 0.595521
vt 0.852579 0.570697
vt 0.866794 0.570820
vt 0.867662 0.593279
vt 0.766629 0.594976
vt 0.767016 0.570592
vt 0.895122 0.595521
vt 0.894436 0.571155
vt 0.908383 0.570852
vt 0.909124 0.595211
vt 0.929982 0.594563
vt 0.926886 0.570273
vt 0.938124 0.569393
vt 0.940250 0.593771
vt 0.810931 0.569800
vt 0.811488 0.583861
vt 0.823184 0.569836
vt 0.822731 0.585105
vt 0.882470 0.595017
vt 0.881367 0.571076
vt 0.839956 0.570483
vt 0.840620 0.595035
vt 0.852246 0.483324
vt 0.838108 0.483275
vt 0.837885 0.481562
vt 0.852308 0.481733
vt 0.917290 0.484890
vt 0.904983 0.484811
vt 0.904995 0.482831
vt 0.917140 0.483276
vt 0.877282 0.484135
vt 0.864856 0.483987
vt 0.864911 0.482443
vt 0.877403 0.482632
vt 0.782396 0.485585
vt 0.768427 0.485799
vt 0.768445 0.484224
vt 0.782068 0.483981
vt 0.891174 0.484671
vt 0.891205 0.482927
vt 0.810073 0.484085
vt 0.796188 0.484854
vt 0.796121 0.483375
vt 0.810020 0.482460
vt 0.824072 0.483622
vt 0.824056 0.482117
vt 0.929845 0.483475
vt 0.929193 0.481890
vt 0.824105 0.512995
vt 0.837808 0.512714
vt 0.918449 0.513820
vt 0.931730 0.512980
vt 0.810431 0.513474
vt 0.783217 0.514611
vt 0.796791 0.514071
vt 0.891748 0.513994
vt 0.905240 0.514152
vt 0.851503 0.512699
vt 0.864968 0.513142
vt 0.878227 0.513614
vt 0.769670 0.514939
vt 0.824161 0.497414
vt 0.838009 0.497108
vt 0.917889 0.498461
vt 0.930595 0.497633
vt 0.810353 0.497915
vt 0.782835 0.499183
vt 0.796582 0.498579
vt 0.891303 0.498360
vt 0.905194 0.498548
vt 0.851884 0.497164
vt 0.864754 0.497762
vt 0.877361 0.498073
vt 0.769280 0.499720
vt 0.824148 0.495372
vt 0.838028 0.495063
vt 0.917864 0.496406
vt 0.930935 0.495548
vt 0.810320 0.495873
vt 0.782739 0.497175
vt 0.796534 0.496551
vt 0.891278 0.496323
vt 0.905212 0.496531
vt 0.851925 0.495082
vt 0.864776 0.495691
vt 0.877282 0.496012
vt 0.768798 0.497723
vt 0.809996 0.482225
vt 0.795992 0.482959
vt 0.795859 0.479489
vt 0.809773 0.478826
vt 0.851900 0.481480
vt 0.838109 0.481162
vt 0.838085 0.477762
vt 0.852339 0.477981
vt 0.891201 0.482695
vt 0.877399 0.482394
vt 0.876758 0.477424
vt 0.891184 0.477269
vt 0.782350 0.483612
vt 0.782245 0.480201
vt 0.824009 0.481653
vt 0.823855 0.477987
vt 0.929509 0.481612
vt 0.917293 0.482889
vt 0.918314 0.478495
vt 0.927652 0.478446
vt 0.768827 0.483931
vt 0.769801 0.480363
vt 0.864744 0.482147
vt 0.863463 0.477899
vt 0.904889 0.482416
vt 0.905591 0.477395
vt 0.399049 0.538765
vt 0.397268 0.528434
vt 0.431124 0.522325
vt 0.432797 0.531993
vt 0.396972 0.451987
vt 0.398195 0.440379
vt 0.431731 0.446352
vt 0.430781 0.456367
vt 0.394955 0.486630
vt 0.395486 0.475138
vt 0.429514 0.476459
vt 0.429178 0.485062
vt 0.395964 0.516884
vt 0.395003 0.505356
vt 0.429356 0.502390
vt 0.429993 0.512367
vt 0.400001 0.428817
vt 0.433069 0.436385
vt 0.396108 0.463577
vt 0.430084 0.466408
vt 0.401498 0.547014
vt 0.434509 0.539379
vt 0.402559 0.417475
vt 0.434652 0.427974
vt 0.394595 0.495162
vt 0.429132 0.492631
vt 0.469652 0.477595
vt 0.469381 0.484818
vt 0.469504 0.499389
vt 0.470007 0.507790
vt 0.472306 0.444062
vt 0.471375 0.452391
vt 0.470085 0.469163
vt 0.472172 0.524283
vt 0.473354 0.530506
vt 0.473354 0.437025
vt 0.470663 0.460762
vt 0.469341 0.491179
vt 0.470894 0.516168
vt 0.551987 0.435613
vt 0.554575 0.435613
vt 0.554575 0.438638
vt 0.552254 0.438638
vt 0.557163 0.435613
vt 0.556896 0.438638
vt 0.554575 0.441663
vt 0.552355 0.441663
vt 0.556795 0.441663
vt 0.548525 0.432588
vt 0.551550 0.432588
vt 0.549932 0.435613
vt 0.554575 0.432588
vt 0.557600 0.432588
vt 0.560625 0.432588
vt 0.559217 0.435613
vt 0.558776 0.438638
vt 0.558629 0.441663
vt 0.558608 0.444688
vt 0.556781 0.444688
vt 0.554575 0.444688
vt 0.552369 0.444688
vt 0.550521 0.441663
vt 0.550542 0.444688
vt 0.550374 0.438638
vt 0.552369 0.447713
vt 0.554575 0.447713
vt 0.554575 0.450738
vt 0.552369 0.450738
vt 0.556781 0.447713
vt 0.556781 0.450738
vt 0.554575 0.453763
vt 0.552369 0.453763
vt 0.556780 0.453763
vt 0.550542 0.447713
vt 0.558608 0.447713
vt 0.558608 0.450738
vt 0.558608 0.453763
vt 0.558608 0.456788
vt 0.556780 0.456788
vt 0.554575 0.456788
vt 0.552369 0.456788
vt 0.550542 0.453763
vt 0.550542 0.456788
vt 0.550542 0.450738
vt 0.552369 0.459813
vt 0.554575 0.459813
vt 0.554575 0.462838
vt 0.552369 0.462838
vt 0.556781 0.459813
vt 0.556781 0.462838
vt 0.554575 0.465863
vt 0.552369 0.465863
vt 0.556780 0.465863
vt 0.550542 0.459813
vt 0.558608 0.459813
vt 0.558608 0.462838
vt 0.558608 0.465863
vt 0.558608 0.468888
vt 0.556780 0.468888
vt 0.554575 0.468888
vt 0.552369 0.468888
vt 0.550542 0.465863
vt 0.550542 0.468888
vt 0.550542 0.462838
vt 0.552355 0.471913
vt 0.554575 0.471913
vt 0.554575 0.474938
vt 0.552254 0.474938
vt 0.556795 0.471913
vt 0.556896 0.474938
vt 0.554575 0.477963
vt 0.551987 0.477963
vt 0.557163 0.477963
vt 0.550521 0.471913
vt 0.558629 0.471913
vt 0.558776 0.474938
vt 0.559217 0.477963
vt 0.560625 0.480987
vt 0.557600 0.480987
vt 0.554575 0.480987
vt 0.551550 0.480987
vt 0.549932 0.477963
vt 0.548525 0.480987
vt 0.550373 0.474938
vt 0.549376 0.447713
vt 0.549376 0.450738
vt 0.548777 0.450738
vt 0.548777 0.447713
vt 0.549375 0.453763
vt 0.548772 0.453763
vt 0.548556 0.450738
vt 0.548556 0.447713
vt 0.548545 0.453763
vt 0.549376 0.444688
vt 0.549371 0.456788
vt 0.548735 0.456788
vt 0.548431 0.456788
vt 0.548525 0.456788
vt 0.548525 0.453763
vt 0.548525 0.450738
vt 0.548525 0.447713
vt 0.548556 0.444688
vt 0.548525 0.444688
vt 0.548777 0.444688
vt 0.559774 0.465863
vt 0.559774 0.462838
vt 0.560373 0.462838
vt 0.560373 0.465863
vt 0.559774 0.459813
vt 0.560373 0.459813
vt 0.560593 0.462838
vt 0.560593 0.465863
vt 0.560593 0.459813
vt 0.559774 0.468888
vt 0.559774 0.456788
vt 0.560373 0.456788
vt 0.560593 0.456788
vt 0.560625 0.456788
vt 0.560625 0.459813
vt 0.560625 0.462838
vt 0.560625 0.465863
vt 0.560593 0.468888
vt 0.560625 0.468888
vt 0.560373 0.468888
vt 0.560625 0.441663
vt 0.560625 0.438638
vt 0.560625 0.438638
vt 0.560625 0.441663
vt 0.560625 0.435613
vt 0.560625 0.435613
vt 0.560625 0.444688
vt 0.560625 0.444688
vt 0.560625 0.435613
vt 0.560625 0.432588
vt 0.560625 0.432589
vt 0.560625 0.435613
vt 0.560625 0.444688
vt 0.560625 0.444688
vt 0.560625 0.444688
vt 0.559789 0.441663
vt 0.559895 0.438638
vt 0.560415 0.438638
vt 0.560378 0.441663
vt 0.560172 0.435613
vt 0.560504 0.435613
vt 0.560598 0.438638
vt 0.560594 0.441663
vt 0.560610 0.435613
vt 0.559774 0.444688
vt 0.560593 0.444688
vt 0.560373 0.444688
vt 0.560172 0.477963
vt 0.559895 0.474938
vt 0.560415 0.474938
vt 0.560504 0.477963
vt 0.559789 0.471913
vt 0.560378 0.471913
vt 0.560598 0.474938
vt 0.560610 0.477963
vt 0.560594 0.471913
vt 0.560625 0.480987
vt 0.560625 0.471913
vt 0.560625 0.474938
vt 0.560625 0.477963
vt 0.559774 0.453763
vt 0.559774 0.450738
vt 0.560373 0.450738
vt 0.560373 0.453763
vt 0.559774 0.447713
vt 0.560373 0.447713
vt 0.560593 0.450738
vt 0.560593 0.453763
vt 0.560593 0.447713
vt 0.560625 0.447713
vt 0.560625 0.450738
vt 0.560625 0.453763
vt 0.564087 0.459813
vt 0.566790 0.459813
vt 0.566843 0.462838
vt 0.564259 0.462838
vt 0.569714 0.459813
vt 0.569721 0.462838
vt 0.566790 0.465863
vt 0.564087 0.465863
vt 0.569714 0.465863
vt 0.560625 0.456788
vt 0.563650 0.456788
vt 0.562014 0.459813
vt 0.566675 0.456788
vt 0.569700 0.456788
vt 0.572724 0.456788
vt 0.572725 0.459813
vt 0.572725 0.462838
vt 0.572725 0.465863
vt 0.572724 0.468888
vt 0.569700 0.468888
vt 0.566675 0.468888
vt 0.563650 0.468888
vt 0.562014 0.465863
vt 0.560625 0.468888
vt 0.562305 0.462838
vt 0.560625 0.477963
vt 0.560625 0.474938
vt 0.560625 0.474938
vt 0.560625 0.471913
vt 0.560630 0.471913
vt 0.560636 0.471913
vt 0.560630 0.468888
vt 0.560667 0.468888
vt 0.560751 0.468888
vt 0.560625 0.471913
vt 0.560625 0.453763
vt 0.560625 0.450738
vt 0.560625 0.450738
vt 0.560630 0.453763
vt 0.560625 0.447713
vt 0.560636 0.453763
vt 0.560625 0.447713
vt 0.560630 0.456788
vt 0.560625 0.450738
vt 0.560625 0.453763
vt 0.560751 0.456788
vt 0.560667 0.456788
vt 0.560640 0.465863
vt 0.560646 0.462838
vt 0.560793 0.462838
vt 0.560745 0.465863
vt 0.560640 0.459813
vt 0.560745 0.459813
vt 0.561234 0.462838
vt 0.561073 0.465863
vt 0.561073 0.459813
vt 0.539436 0.459813
vt 0.542360 0.459813
vt 0.542307 0.462838
vt 0.539429 0.462838
vt 0.545063 0.459813
vt 0.544891 0.462838
vt 0.542359 0.465863
vt 0.539436 0.465863
vt 0.545063 0.465863
vt 0.536425 0.456788
vt 0.539450 0.456788
vt 0.536425 0.459813
vt 0.542475 0.456788
vt 0.545500 0.456788
vt 0.547136 0.459813
vt 0.546844 0.462838
vt 0.547136 0.465863
vt 0.548525 0.468888
vt 0.545500 0.468888
vt 0.542475 0.468888
vt 0.539450 0.468888
vt 0.536425 0.465863
vt 0.536425 0.468888
vt 0.536425 0.462838
vt 0.548977 0.435613
vt 0.549255 0.438638
vt 0.548735 0.438638
vt 0.548646 0.435613
vt 0.549361 0.441663
vt 0.548772 0.441663
vt 0.548551 0.438638
vt 0.548540 0.435613
vt 0.548556 0.441663
vt 0.548525 0.432588
vt 0.548525 0.441663
vt 0.548525 0.438638
vt 0.548525 0.435613
vt 0.548525 0.432589
vt 0.549361 0.459813
vt 0.549355 0.462838
vt 0.548609 0.462838
vt 0.548656 0.459813
vt 0.549361 0.465863
vt 0.548656 0.465863
vt 0.547947 0.462838
vt 0.548108 0.459813
vt 0.548108 0.465863
vt 0.549371 0.468888
vt 0.548735 0.468888
vt 0.548430 0.468888
vt 0.549360 0.471913
vt 0.549255 0.474938
vt 0.548735 0.474938
vt 0.548767 0.471913
vt 0.548977 0.477963
vt 0.548646 0.477963
vt 0.548551 0.474938
vt 0.548545 0.471913
vt 0.548540 0.477963
vt 0.548525 0.480987
vt 0.548525 0.477963
vt 0.548525 0.474938
vt 0.548525 0.471913
vt 0.262180 0.143276
vt 0.264268 0.160401
vt 0.252475 0.155281
vt 0.251545 0.138183
vt 0.263854 0.174180
vt 0.251595 0.170209
vt 0.240908 0.167257
vt 0.242550 0.151868
vt 0.242686 0.135050
vt 0.264521 0.060138
vt 0.257998 0.074923
vt 0.251140 0.076304
vt 0.256057 0.061175
vt 0.254193 0.093370
vt 0.248732 0.094592
vt 0.241790 0.096557
vt 0.243119 0.079290
vt 0.245007 0.064286
vt 0.332528 0.170849
vt 0.321708 0.183984
vt 0.308526 0.179760
vt 0.313467 0.170704
vt 0.314660 0.194093
vt 0.303003 0.189656
vt 0.290403 0.184837
vt 0.293716 0.174711
vt 0.295978 0.167043
vt 0.385189 0.143944
vt 0.366585 0.165722
vt 0.359538 0.161043
vt 0.375649 0.142682
vt 0.352432 0.180818
vt 0.343222 0.176655
vt 0.354704 0.155102
vt 0.371050 0.138086
vt 0.343177 0.191816
vt 0.332905 0.188329
vt 0.336150 0.201854
vt 0.325547 0.198298
vt 0.374211 0.047995
vt 0.375956 0.056405
vt 0.360370 0.046361
vt 0.360198 0.040648
vt 0.377390 0.067787
vt 0.359609 0.051585
vt 0.337342 0.040392
vt 0.339313 0.036014
vt 0.341211 0.031737
vt 0.389348 0.051634
vt 0.392150 0.059540
vt 0.385995 0.061070
vt 0.383903 0.051316
vt 0.398187 0.072760
vt 0.388280 0.073266
vt 0.397532 0.107815
vt 0.392992 0.125101
vt 0.385565 0.123749
vt 0.388820 0.106767
vt 0.380334 0.120123
vt 0.382451 0.104269
vt 0.314537 0.030509
vt 0.317388 0.025537
vt 0.312392 0.035551
vt 0.286155 0.036170
vt 0.290246 0.028278
vt 0.293159 0.021915
vt 0.255235 0.117058
vt 0.249110 0.116633
vt 0.241531 0.115910
vt 0.278313 0.167573
vt 0.278125 0.157758
vt 0.277050 0.179295
vt 0.367290 0.075110
vt 0.353964 0.059391
vt 0.260886 0.114766
vt 0.266727 0.133834
vt 0.279994 0.149605
vt 0.334469 0.047528
vt 0.337944 0.155294
vt 0.354590 0.144356
vt 0.299089 0.159479
vt 0.294469 0.046408
vt 0.281118 0.053690
vt 0.273680 0.047386
vt 0.366836 0.131547
vt 0.319420 0.160788
vt 0.271637 0.065242
vt 0.312913 0.043612
vt 0.373462 0.117762
vt 0.374966 0.105325
vt 0.373554 0.090729
vt 0.381898 0.086776
vt 0.431292 0.150958
vt 0.445152 0.151757
vt 0.443013 0.162686
vt 0.427109 0.163057
vt 0.460555 0.151770
vt 0.460707 0.162106
vt 0.460535 0.172749
vt 0.441736 0.173638
vt 0.424582 0.174656
vt 0.346667 0.020362
vt 0.343369 0.026653
vt 0.320029 0.019117
vt 0.322570 0.013264
vt 0.295555 0.015220
vt 0.297036 0.007960
vt 0.393939 0.032884
vt 0.391541 0.043108
vt 0.385474 0.040664
vt 0.388234 0.030421
vt 0.373971 0.039594
vt 0.377486 0.030759
vt 0.360745 0.034357
vt 0.364487 0.026990
vt 0.395879 0.049961
vt 0.402527 0.060939
vt 0.398960 0.038073
vt 0.405745 0.050667
vt 0.410484 0.152374
vt 0.419918 0.151267
vt 0.413584 0.164774
vt 0.401811 0.167054
vt 0.409366 0.177053
vt 0.395615 0.179936
vt 0.395545 0.153322
vt 0.389790 0.150813
vt 0.407410 0.133000
vt 0.411138 0.135827
vt 0.404623 0.127705
vt 0.419833 0.112325
vt 0.422503 0.120772
vt 0.425032 0.123999
vt 0.264917 0.078842
vt 0.398632 0.091748
vt 0.389374 0.089230
vt 0.420078 0.204289
vt 0.402035 0.204211
vt 0.405736 0.189870
vt 0.422157 0.187535
vt 0.386657 0.206055
vt 0.390810 0.192388
vt 0.458615 0.197569
vt 0.439886 0.199671
vt 0.440381 0.185705
vt 0.459976 0.184134
vt 0.401876 0.121391
vt 0.408301 0.109043
vt 0.423478 0.073719
vt 0.421003 0.078743
vt 0.412723 0.071591
vt 0.415886 0.065358
vt 0.419346 0.085462
vt 0.410512 0.080568
vt 0.409839 0.093771
vt 0.418878 0.095458
vt 0.371767 0.183556
vt 0.382059 0.169888
vt 0.391320 0.169085
vt 0.383039 0.182345
vt 0.402414 0.153486
vt 0.460192 0.134499
vt 0.460224 0.141488
vt 0.449224 0.140861
vt 0.453663 0.133968
vt 0.438777 0.138845
vt 0.447236 0.132756
vt 0.358667 0.206077
vt 0.364485 0.194783
vt 0.376947 0.194165
vt 0.371983 0.206703
vt 0.429737 0.137011
vt 0.422226 0.136423
vt 0.434580 0.127921
vt 0.440846 0.130625
vt 0.455107 0.129799
vt 0.459640 0.130561
vt 0.450491 0.128938
vt 0.451558 0.122469
vt 0.455934 0.122979
vt 0.460273 0.123917
vt 0.425905 0.084484
vt 0.424316 0.089945
vt 0.428172 0.080401
vt 0.432605 0.084809
vt 0.430989 0.089203
vt 0.429389 0.094604
vt 0.429052 0.115905
vt 0.432111 0.119703
vt 0.425339 0.108068
vt 0.429984 0.110423
vt 0.433428 0.114982
vt 0.436297 0.117146
vt 0.445835 0.127686
vt 0.441051 0.125752
vt 0.443038 0.120874
vt 0.447243 0.121917
vt 0.423709 0.097838
vt 0.428390 0.102080
vt 0.457359 0.114769
vt 0.461843 0.115229
vt 0.453078 0.114979
vt 0.452271 0.109340
vt 0.456543 0.108133
vt 0.461241 0.107616
vt 0.437107 0.091897
vt 0.435136 0.097144
vt 0.438376 0.087401
vt 0.443784 0.089303
vt 0.442045 0.093870
vt 0.439533 0.098904
vt 0.437158 0.112067
vt 0.439587 0.113255
vt 0.434675 0.109630
vt 0.437488 0.108503
vt 0.439252 0.109714
vt 0.441549 0.110632
vt 0.449003 0.115345
vt 0.445288 0.115340
vt 0.445846 0.111884
vt 0.448454 0.110767
vt 0.433543 0.103883
vt 0.437523 0.104770
vt 0.446927 0.103840
vt 0.443525 0.107937
vt 0.440402 0.106146
vt 0.442886 0.100937
vt 0.455272 0.096747
vt 0.450953 0.100085
vt 0.446022 0.096279
vt 0.449031 0.091696
vt 0.123238 0.186441
vt 0.126569 0.208042
vt 0.109175 0.211483
vt 0.105566 0.187118
vt 0.132462 0.227073
vt 0.116016 0.233031
vt 0.099527 0.238622
vt 0.091564 0.213992
vt 0.087710 0.186435
vt 0.164009 0.312857
vt 0.183480 0.322956
vt 0.173914 0.338767
vt 0.153406 0.327565
vt 0.201719 0.330048
vt 0.193062 0.346671
vt 0.184123 0.363714
vt 0.164054 0.355044
vt 0.142427 0.342791
vt 0.236362 0.338821
vt 0.253622 0.340305
vt 0.249456 0.358106
vt 0.230597 0.356426
vt 0.270236 0.339872
vt 0.267610 0.357762
vt 0.264507 0.376259
vt 0.244847 0.376409
vt 0.224465 0.374461
vt 0.219188 0.335323
vt 0.211853 0.352551
vt 0.204212 0.370188
vt 0.285274 0.337977
vt 0.283996 0.355878
vt 0.298629 0.335437
vt 0.298477 0.353118
vt 0.298039 0.371660
vt 0.282281 0.374496
vt 0.281756 0.280169
vt 0.292884 0.279561
vt 0.290379 0.292358
vt 0.278502 0.293515
vt 0.303619 0.279110
vt 0.301519 0.291255
vt 0.299318 0.304507
vt 0.287683 0.306147
vt 0.275032 0.307661
vt 0.231324 0.269648
vt 0.244801 0.274194
vt 0.238795 0.288545
vt 0.224548 0.284195
vt 0.257541 0.277541
vt 0.252332 0.291672
vt 0.246881 0.306349
vt 0.232478 0.303300
vt 0.217434 0.298904
vt 0.269902 0.279565
vt 0.265675 0.293364
vt 0.261227 0.307828
vt 0.202115 0.257127
vt 0.216900 0.263971
vt 0.208875 0.279226
vt 0.192955 0.271561
vt 0.201140 0.293087
vt 0.183875 0.284895
vt 0.232603 0.197537
vt 0.243549 0.201054
vt 0.237790 0.217543
vt 0.226340 0.212899
vt 0.255580 0.204686
vt 0.249988 0.222027
vt 0.243976 0.239251
vt 0.231313 0.233908
vt 0.219014 0.228147
vt 0.279709 0.212501
vt 0.290964 0.216281
vt 0.284475 0.233173
vt 0.273594 0.229987
vt 0.301633 0.219855
vt 0.294801 0.235859
vt 0.288783 0.252065
vt 0.278487 0.250267
vt 0.267662 0.247538
vt 0.267819 0.208543
vt 0.262023 0.226241
vt 0.256163 0.243836
vt 0.311942 0.223285
vt 0.304815 0.238214
vt 0.322344 0.226705
vt 0.315007 0.240752
vt 0.308889 0.254448
vt 0.298758 0.253129
vt 0.318781 0.209879
vt 0.308198 0.205884
vt 0.329388 0.213472
vt 0.273151 0.192890
vt 0.260574 0.188751
vt 0.285501 0.197390
vt 0.297187 0.201735
vt 0.248376 0.185329
vt 0.237506 0.182395
vt 0.200123 0.154959
vt 0.192222 0.152758
vt 0.194201 0.143813
vt 0.201540 0.146992
vt 0.182544 0.150330
vt 0.185060 0.139354
vt 0.189885 0.129379
vt 0.197846 0.136059
vt 0.202516 0.140869
vt 0.226201 0.133622
vt 0.224308 0.117606
vt 0.232978 0.116117
vt 0.234169 0.133604
vt 0.221789 0.101575
vt 0.232021 0.098605
vt 0.157070 0.144696
vt 0.142080 0.141666
vt 0.147901 0.123179
vt 0.161624 0.129192
vt 0.126679 0.137568
vt 0.133559 0.116641
vt 0.143804 0.098094
vt 0.156416 0.106913
vt 0.168697 0.115119
vt 0.215240 0.072945
vt 0.211678 0.060556
vt 0.229251 0.055131
vt 0.230284 0.068023
vt 0.208259 0.049084
vt 0.228110 0.043467
vt 0.248140 0.039644
vt 0.246801 0.051160
vt 0.095812 0.127217
vt 0.081069 0.121326
vt 0.093596 0.094640
vt 0.106150 0.102181
vt 0.066441 0.115075
vt 0.081346 0.086914
vt 0.100679 0.062455
vt 0.110437 0.071225
vt 0.120630 0.080029
vt 0.202552 0.027619
vt 0.200152 0.017271
vt 0.225083 0.012558
vt 0.226004 0.022340
vt 0.197841 0.006917
vt 0.224097 0.002922
vt 0.249408 0.002154
vt 0.249536 0.010966
vt 0.249316 0.019862
vt 0.212890 0.159086
vt 0.206843 0.157067
vt 0.207833 0.148097
vt 0.213780 0.148182
vt 0.207023 0.139093
vt 0.212693 0.136732
vt 0.199394 0.163288
vt 0.192308 0.162457
vt 0.198843 0.169729
vt 0.193849 0.171906
vt 0.184652 0.174680
vt 0.182736 0.162386
vt 0.216286 0.189671
vt 0.223500 0.193862
vt 0.216517 0.208140
vt 0.208828 0.202642
vt 0.208038 0.222202
vt 0.199492 0.215246
vt 0.155271 0.162305
vt 0.139513 0.162671
vt 0.156190 0.180651
vt 0.139983 0.184189
vt 0.123059 0.161770
vt 0.176533 0.239463
vt 0.187832 0.249575
vt 0.177374 0.261615
vt 0.164304 0.249685
vt 0.166593 0.273553
vt 0.151729 0.259697
vt 0.089173 0.156189
vt 0.072861 0.152138
vt 0.070479 0.184831
vt 0.053431 0.182603
vt 0.056735 0.147572
vt 0.125277 0.280504
vt 0.143629 0.298421
vt 0.131426 0.311535
vt 0.111348 0.291425
vt 0.118921 0.325034
vt 0.097008 0.303006
vt 0.210508 0.169552
vt 0.205196 0.165958
vt 0.206252 0.179388
vt 0.202156 0.173922
vt 0.228681 0.179530
vt 0.232166 0.164899
vt 0.221613 0.176466
vt 0.224961 0.162856
vt 0.110795 0.260653
vt 0.095402 0.269080
vt 0.082927 0.244100
vt 0.079339 0.278082
vt 0.065952 0.249572
vt 0.163718 0.213327
vt 0.168988 0.227592
vt 0.155032 0.236120
vt 0.148359 0.220722
vt 0.140538 0.244324
vt 0.210755 0.184786
vt 0.203465 0.196026
vt 0.199612 0.188503
vt 0.193934 0.206812
vt 0.190241 0.197045
vt 0.233961 0.149800
vt 0.226478 0.148707
vt 0.159589 0.046630
vt 0.153474 0.036276
vt 0.176437 0.025017
vt 0.180619 0.035578
vt 0.147533 0.025841
vt 0.172393 0.014346
vt 0.189187 0.089541
vt 0.181142 0.078509
vt 0.195808 0.068156
vt 0.201639 0.079949
vt 0.173338 0.067714
vt 0.190221 0.057003
vt 0.209254 0.124746
vt 0.216377 0.120559
vt 0.219060 0.134771
vt 0.203871 0.112639
vt 0.212402 0.106259
vt 0.203007 0.129886
vt 0.196269 0.120422
vt 0.167713 0.091736
vt 0.178000 0.101618
vt 0.157455 0.081565
vt 0.131014 0.051603
vt 0.139092 0.061343
vt 0.123254 0.041907
vt 0.196410 0.180443
vt 0.187214 0.186281
vt 0.159285 0.197701
vt 0.143196 0.203502
vt 0.074235 0.215839
vt 0.056810 0.217283
vt 0.215772 0.173132
vt 0.218741 0.160972
vt 0.219866 0.148264
vt 0.367141 0.092159
vt 0.362046 0.079169
vt 0.368626 0.104471
vt 0.362973 0.103219
vt 0.360365 0.093451
vt 0.356196 0.082661
vt 0.318949 0.154265
vt 0.335686 0.149326
vt 0.301317 0.152819
vt 0.303201 0.146363
vt 0.317936 0.147466
vt 0.331974 0.143330
vt 0.268314 0.116436
vt 0.273300 0.131507
vt 0.260718 0.095185
vt 0.267948 0.099737
vt 0.275144 0.102442
vt 0.275574 0.116406
vt 0.279834 0.128875
vt 0.314400 0.050466
vt 0.298124 0.052605
vt 0.333263 0.054142
vt 0.331581 0.060982
vt 0.315169 0.057526
vt 0.300751 0.059361
vt 0.350308 0.139708
vt 0.361154 0.128069
vt 0.344508 0.135415
vt 0.354176 0.125220
vt 0.367843 0.115802
vt 0.360304 0.114360
vt 0.285937 0.060449
vt 0.277329 0.071599
vt 0.290774 0.067002
vt 0.283152 0.077370
vt 0.350659 0.064940
vt 0.346651 0.070415
vt 0.284423 0.144489
vt 0.289167 0.139748
vt 0.342724 0.075372
vt 0.329925 0.067093
vt 0.350967 0.085745
vt 0.346605 0.086325
vt 0.339802 0.077853
vt 0.329028 0.070522
vt 0.293121 0.136100
vt 0.304512 0.141045
vt 0.285490 0.127217
vt 0.290626 0.127304
vt 0.296818 0.133112
vt 0.305430 0.136502
vt 0.355128 0.094940
vt 0.355331 0.104548
vt 0.347969 0.104737
vt 0.348704 0.095524
vt 0.316432 0.141743
vt 0.327803 0.138268
vt 0.314248 0.137256
vt 0.322768 0.135432
vt 0.281898 0.116852
vt 0.281681 0.105021
vt 0.287781 0.107886
vt 0.287547 0.118704
vt 0.315318 0.062958
vt 0.302917 0.066879
vt 0.316655 0.068568
vt 0.306562 0.071683
vt 0.338442 0.131909
vt 0.347135 0.123230
vt 0.331869 0.130491
vt 0.339902 0.122358
vt 0.352685 0.113933
vt 0.345123 0.113595
vt 0.294703 0.073888
vt 0.288666 0.082969
vt 0.299607 0.078657
vt 0.294404 0.087551
vt 0.277997 0.089212
vt 0.284182 0.093497
vt 0.290337 0.097358
vt 0.271293 0.084764
vt 0.174440 0.191859
vt 0.171590 0.177459
vt 0.178047 0.205144
vt 0.179956 0.122449
vt 0.187702 0.111057
vt 0.196979 0.100876
vt 0.207342 0.092640
vt 0.218702 0.086600
vt 0.182305 0.217053
vt 0.188615 0.227276
vt 0.198437 0.235700
vt 0.210862 0.242830
vt 0.170093 0.162263
vt 0.170679 0.147616
vt 0.231170 0.082485
vt 0.174091 0.134492
vt 0.224310 0.249241
vt 0.237777 0.254907
vt 0.273864 0.265512
vt 0.262467 0.263107
vt 0.284753 0.266651
vt 0.250504 0.259566
vt 0.295161 0.266724
vt 0.305507 0.267008
vt 0.261965 0.048143
vt 0.266351 0.036992
vt 0.328048 0.074309
vt 0.319134 0.072029
vt 0.326385 0.080155
vt 0.314288 0.075731
vt 0.320490 0.097327
vt 0.323782 0.088365
vt 0.338148 0.093119
vt 0.335939 0.102051
vt 0.338404 0.084600
vt 0.313297 0.114037
vt 0.317007 0.105724
vt 0.332732 0.110461
vt 0.328276 0.118708
vt 0.306784 0.130139
vt 0.309483 0.122692
vt 0.322240 0.126830
vt 0.316155 0.133131
vt 0.297255 0.128424
vt 0.299431 0.132448
vt 0.305676 0.134503
vt 0.296980 0.120307
vt 0.298683 0.110575
vt 0.301709 0.101230
vt 0.305415 0.092165
vt 0.309485 0.083124
vt 0.336442 0.078558
vt 0.311989 0.135751
vt 0.131765 0.089043
vt 0.147871 0.071368
vt 0.166160 0.057092
vt 0.185167 0.046195
vt 0.205219 0.038168
vt 0.125855 0.252414
vt 0.138707 0.269969
vt 0.155340 0.285793
vt 0.174204 0.298641
vt 0.106115 0.159538
vt 0.111107 0.132700
vt 0.227007 0.032587
vt 0.248889 0.029238
vt 0.119488 0.109619
vt 0.286348 0.321133
vt 0.272592 0.322891
vt 0.298742 0.319008
vt 0.226108 0.318657
vt 0.209930 0.313947
vt 0.241778 0.321847
vt 0.257477 0.323258
vt 0.192644 0.307656
vt 0.272647 0.012337
vt 0.271250 0.020205
vt 0.273281 0.004236
vt 0.269024 0.027709
vt 0.432311 0.262131
vt 0.428772 0.256528
vt 0.434493 0.252493
vt 0.437563 0.258499
vt 0.425828 0.251362
vt 0.432154 0.246816
vt 0.438426 0.243349
vt 0.440175 0.249288
vt 0.442802 0.255471
vt 0.422160 0.271207
vt 0.417584 0.266755
vt 0.423099 0.261325
vt 0.427148 0.266388
vt 0.413422 0.262969
vt 0.419540 0.256818
vt 0.412940 0.282161
vt 0.407383 0.278962
vt 0.412326 0.272671
vt 0.417409 0.276493
vt 0.402151 0.276586
vt 0.407602 0.269604
vt 0.405061 0.294323
vt 0.398702 0.292304
vt 0.402817 0.285537
vt 0.408801 0.288131
vt 0.392636 0.291196
vt 0.397135 0.283816
vt 0.399087 0.307027
vt 0.392178 0.306022
vt 0.395128 0.299164
vt 0.401798 0.300648
vt 0.385566 0.306033
vt 0.388748 0.298631
vt 0.395498 0.319715
vt 0.388492 0.319464
vt 0.389941 0.312795
vt 0.396977 0.313411
vt 0.381840 0.320504
vt 0.383213 0.313326
vt 0.394126 0.331871
vt 0.388189 0.332354
vt 0.387890 0.326051
vt 0.394585 0.325775
vt 0.382697 0.334187
vt 0.381586 0.327582
vt 0.445827 0.246919
vt 0.448098 0.252928
vt 0.444609 0.241068
vt 0.450760 0.239961
vt 0.451369 0.245262
vt 0.453437 0.250666
vt 0.437057 0.237960
vt 0.444113 0.235634
vt 0.434382 0.230664
vt 0.443279 0.227925
vt 0.452865 0.227046
vt 0.451219 0.234831
vt 0.423038 0.246998
vt 0.430057 0.241822
vt 0.418808 0.241916
vt 0.426527 0.235505
vt 0.409129 0.260104
vt 0.415993 0.253196
vt 0.402299 0.256874
vt 0.410521 0.249142
vt 0.396675 0.275113
vt 0.402664 0.267469
vt 0.388247 0.273551
vt 0.394847 0.265108
vt 0.386366 0.290830
vt 0.391225 0.282919
vt 0.377564 0.290308
vt 0.382532 0.281918
vt 0.378719 0.306777
vt 0.382169 0.298799
vt 0.369292 0.307730
vt 0.373180 0.298883
vt 0.374871 0.322585
vt 0.376165 0.314742
vt 0.366799 0.324489
vt 0.367364 0.316026
vt 0.377095 0.337264
vt 0.375351 0.330048
vt 0.369952 0.341630
vt 0.367712 0.333087
vt 0.345319 0.327462
vt 0.356723 0.326048
vt 0.358111 0.336430
vt 0.347026 0.339907
vt 0.360737 0.347098
vt 0.349775 0.353041
vt 0.321527 0.304110
vt 0.321205 0.316568
vt 0.310093 0.317442
vt 0.310389 0.303842
vt 0.321844 0.330820
vt 0.310547 0.333008
vt 0.326059 0.281945
vt 0.323474 0.292777
vt 0.312429 0.291427
vt 0.314555 0.279990
vt 0.332198 0.260349
vt 0.328424 0.271417
vt 0.316528 0.268739
vt 0.319936 0.256937
vt 0.455954 0.213471
vt 0.441554 0.214951
vt 0.429113 0.218873
vt 0.369768 0.280183
vt 0.375452 0.271049
vt 0.364585 0.289677
vt 0.351192 0.287080
vt 0.355280 0.277595
vt 0.360572 0.267620
vt 0.360856 0.298230
vt 0.358217 0.307021
vt 0.345783 0.305871
vt 0.347910 0.296421
vt 0.356789 0.316244
vt 0.344906 0.316130
vt 0.333493 0.329044
vt 0.335202 0.343434
vt 0.323245 0.346865
vt 0.337650 0.358825
vt 0.324943 0.363939
vt 0.352727 0.219346
vt 0.340526 0.216597
vt 0.346993 0.204469
vt 0.345977 0.233846
vt 0.333507 0.230220
vt 0.382687 0.261382
vt 0.368092 0.256446
vt 0.379210 0.241567
vt 0.391678 0.251700
vt 0.360525 0.237754
vt 0.352715 0.251992
vt 0.338509 0.247926
vt 0.345740 0.264161
vt 0.326115 0.244018
vt 0.382478 0.222289
vt 0.366826 0.221667
vt 0.311269 0.350051
vt 0.311988 0.368145
vt 0.341317 0.274427
vt 0.338363 0.284291
vt 0.335107 0.294687
vt 0.333357 0.304857
vt 0.332846 0.316198
vt 0.454563 0.104823
vt 0.459407 0.103087
vt 0.450202 0.107022
vt 0.446427 0.109437
vt 0.444071 0.111097
vt 0.439246 0.119090
vt 0.442164 0.114510
vt 0.429015 0.125697
vt 0.436108 0.122791
vt 0.353475 0.194010
vt 0.361737 0.183038
vt 0.373954 0.168715
vt 0.416043 0.136572
vt 0.402505 0.243160
vt 0.412420 0.234995
vt 0.396645 0.233770
vt 0.406691 0.229178
vt 0.410950 0.219282
vt 0.397863 0.219744
vt 0.420315 0.226339
vt 0.458985 0.260277
vt 0.461414 0.263921
vt 0.456768 0.267672
vt 0.454042 0.263713
vt 0.461843 0.267375
vt 0.459101 0.271177
vt 0.455161 0.273214
vt 0.451906 0.271451
vt 0.448780 0.269322
vt 0.446027 0.261504
vt 0.451005 0.258590
vt 0.456192 0.255746
vt 0.404719 0.331465
vt 0.399987 0.332215
vt 0.401137 0.326521
vt 0.407434 0.327717
vt 0.402289 0.320706
vt 0.408846 0.322282
vt 0.403768 0.314954
vt 0.410282 0.316700
vt 0.405762 0.308877
vt 0.412123 0.311250
vt 0.408286 0.302769
vt 0.414478 0.305404
vt 0.411293 0.296831
vt 0.417314 0.299646
vt 0.414728 0.291076
vt 0.420529 0.294173
vt 0.418519 0.285574
vt 0.424065 0.288996
vt 0.422601 0.280397
vt 0.427852 0.284187
vt 0.426932 0.275615
vt 0.431840 0.279814
vt 0.431487 0.271289
vt 0.436010 0.275923
vt 0.436247 0.267470
vt 0.440383 0.272523
vt 0.441146 0.264229
vt 0.444884 0.269894
vt 0.932845 0.986375
vt 0.926427 0.971311
vt 0.905645 0.975095
vt 0.906969 0.991070
vt 0.884424 0.973427
vt 0.880599 0.988916
vt 0.864482 0.966432
vt 0.855795 0.980309
vt 0.966004 0.849993
vt 0.953043 0.861143
vt 0.965795 0.876660
vt 0.982087 0.869179
vt 0.973236 0.894688
vt 0.991558 0.891550
vt 0.974776 0.913777
vt 0.993498 0.915248
vt 0.844338 0.840439
vt 0.855398 0.853478
vt 0.874057 0.844545
vt 0.867645 0.829482
vt 0.847446 0.954695
vt 0.834486 0.965847
vt 0.944697 0.835522
vt 0.936005 0.849399
vt 0.970273 0.932392
vt 0.987881 0.938353
vt 0.894848 0.840749
vt 0.893489 0.824854
vt 0.956151 0.975410
vt 0.945090 0.962372
vt 0.834695 0.939180
vt 0.818403 0.946662
vt 0.960109 0.949037
vt 0.975032 0.958970
vt 0.916069 0.842417
vt 0.919871 0.826844
vt 0.827256 0.921155
vt 0.808933 0.924293
vt 0.825715 0.902067
vt 0.806993 0.900596
vt 0.830217 0.883454
vt 0.812610 0.877492
vt 0.840380 0.866810
vt 0.825457 0.856877
vt 0.944692 0.886589
vt 0.949728 0.898876
vt 0.859676 0.879911
vt 0.869854 0.870819
vt 0.889499 0.952566
vt 0.875977 0.947816
vt 0.950776 0.911892
vt 0.882504 0.864728
vt 0.864433 0.939824
vt 0.896603 0.862147
vt 0.855800 0.929254
vt 0.947708 0.924584
vt 0.940816 0.935934
vt 0.910993 0.863308
vt 0.850764 0.916967
vt 0.930638 0.945025
vt 0.924515 0.868036
vt 0.849716 0.903952
vt 0.917989 0.951109
vt 0.936059 0.876020
vt 0.852784 0.891261
vt 0.903894 0.953668
vt 0.898265 0.882943
vt 0.906100 0.883573
vt 0.926100 0.917017
vt 0.922340 0.923214
vt 0.880741 0.925346
vt 0.876035 0.919579
vt 0.890591 0.884346
vt 0.927771 0.910085
vt 0.887028 0.929701
vt 0.927203 0.902976
vt 0.883701 0.887666
vt 0.894388 0.932285
vt 0.878153 0.892627
vt 0.924457 0.896268
vt 0.902226 0.932887
vt 0.874393 0.898826
vt 0.919751 0.890504
vt 0.909902 0.931488
vt 0.872722 0.905760
vt 0.913463 0.886153
vt 0.916792 0.928173
vt 0.873290 0.912869
vt 0.891138 0.916062
vt 0.888940 0.913369
vt 0.895738 0.896910
vt 0.899321 0.896254
vt 0.913098 0.908932
vt 0.912318 0.912171
vt 0.894074 0.918095
vt 0.892521 0.898460
vt 0.912834 0.905611
vt 0.897510 0.919302
vt 0.889929 0.900777
vt 0.911551 0.902477
vt 0.901169 0.919587
vt 0.888173 0.903672
vt 0.909352 0.899785
vt 0.904752 0.918930
vt 0.887394 0.906912
vt 0.906416 0.897753
vt 0.907970 0.917381
vt 0.887658 0.910234
vt 0.902979 0.896544
vt 0.910562 0.915065
vt 0.900245 0.907922
vt 0.513556 0.469555
vt 0.514500 0.459777
vt 0.523087 0.458700
vt 0.523044 0.469158
vt 0.515444 0.449998
vt 0.523776 0.449297
vt 0.532117 0.447457
vt 0.531512 0.457361
vt 0.530906 0.467264
vt 0.518523 0.441847
vt 0.524539 0.440992
vt 0.521602 0.433695
vt 0.525299 0.433142
vt 0.528996 0.432588
vt 0.530557 0.440023
vt 0.520943 0.494127
vt 0.517250 0.481841
vt 0.524462 0.481021
vt 0.526530 0.493483
vt 0.531512 0.480051
vt 0.532117 0.492839
vt 0.523087 0.458700
vt 0.523776 0.449297
s 0
usemtl Base
f 43/1/1 152/2/1 251/3/1 168/4/1
f 152/2/2 26/5/2 132/6/2 251/3/2
f 251/3/3 132/6/3 10/7/3 141/8/3
f 168/4/4 251/3/4 141/8/4 32/9/4
f 45/10/5 167/11/5 252/12/5 139/13/5
f 167/11/6 38/14/6 126/15/6 252/12/6
f 252/12/7 126/15/7 16/16/7 137/17/7
f 139/13/8 252/12/8 137/17/8 29/18/8
f 38/14/9 147/19/9 253/20/9 166/21/9
f 147/19/10 21/22/10 111/23/10 253/20/10
f 253/20/11 111/23/11 8/24/11 143/25/11
f 166/21/12 253/20/12 143/25/12 34/26/12
f 35/27/13 119/28/13 254/29/13 165/30/13
f 119/28/14 9/31/14 110/32/14 254/29/14
f 254/29/15 110/32/15 20/33/15 148/34/15
f 165/30/16 254/29/16 148/34/16 39/35/16
f 34/26/17 164/36/17 255/37/17 118/38/17
f 164/36/18 40/39/18 128/40/18 255/37/18
f 255/37/19 128/40/19 13/41/19 97/42/19
f 118/38/20 255/37/20 97/42/20 3/43/20
f 39/35/21 148/34/21 256/44/21 163/45/21
f 148/34/22 20/33/22 109/46/22 256/44/22
f 256/44/23 109/46/23 12/47/23 124/48/23
f 163/45/24 256/44/24 124/48/24 36/49/24
f 33/50/25 162/51/25 257/52/25 117/53/25
f 162/51/26 41/54/26 129/55/26 257/52/26
f 257/52/27 129/55/27 14/56/27 98/57/27
f 117/53/28 257/52/28 98/57/28 2/58/28
f 41/54/29 150/59/29 258/60/29 161/61/29
f 150/59/30 19/62/30 108/63/30 258/60/30
f 258/60/31 108/63/31 9/31/31 119/28/31
f 161/61/32 258/60/32 119/28/32 35/27/32
f 36/49/33 124/48/33 259/64/33 160/65/33
f 124/48/34 12/47/34 123/66/34 259/64/34
f 259/64/35 123/66/35 24/67/35 151/68/35
f 160/65/36 259/64/36 151/68/36 42/69/36
f 42/69/37 151/68/37 260/70/37 159/71/37
f 151/68/38 24/67/38 122/72/38 260/70/38
f 260/70/39 122/72/39 6/73/39 115/74/39
f 159/71/40 260/70/40 115/74/40 31/75/40
f 44/76/41 153/77/41 261/78/41 158/79/41
f 153/77/42 28/80/42 135/81/42 261/78/42
f 261/78/43 135/81/43 22/82/43 146/83/43
f 158/79/44 261/78/44 146/83/44 37/84/44
f 37/84/45 146/83/45 262/85/45 157/86/45
f 146/83/46 22/82/46 113/87/46 262/85/46
f 262/85/47 113/87/47 26/5/47 152/2/47
f 157/86/48 262/85/48 152/2/48 43/1/48
f 31/75/49 115/74/49 263/88/49 156/89/49
f 115/74/50 6/73/50 114/90/50 263/88/50
f 263/88/51 114/90/51 28/80/51 153/77/51
f 156/89/52 263/88/52 153/77/52 44/76/52
f 32/9/53 155/91/53 264/92/53 116/93/53
f 155/91/54 45/10/54 139/13/54 264/92/54
f 264/92/55 139/13/55 29/18/55 103/94/55
f 116/93/56 264/92/56 103/94/56 5/95/56
f 10/7/57 112/96/57 265/97/57 141/8/57
f 112/96/58 30/98/58 154/99/58 265/97/58
f 265/97/59 154/99/59 45/10/59 155/91/59
f 141/8/60 265/97/60 155/91/60 32/9/60
f 1/100/61 140/101/61 266/102/61 105/103/61
f 140/101/62 31/75/62 156/89/62 266/102/62
f 266/102/63 156/89/63 44/76/63 136/104/63
f 105/103/64 266/102/64 136/104/64 27/105/64
f 17/106/65 125/107/65 267/108/65 104/109/65
f 125/107/66 37/84/66 157/86/66 267/108/66
f 267/108/67 157/86/67 43/1/67 133/110/67
f 104/109/68 267/108/68 133/110/68 25/111/68
f 27/105/69 136/104/69 268/112/69 134/113/69
f 136/104/70 44/76/70 158/79/70 268/112/70
f 268/112/71 158/79/71 37/84/71 125/107/71
f 134/113/72 268/112/72 125/107/72 17/106/72
f 23/114/73 130/115/73 269/116/73 120/117/73
f 130/115/74 42/69/74 159/71/74 269/116/74
f 269/116/75 159/71/75 31/75/75 140/101/75
f 120/117/76 269/116/76 140/101/76 1/100/76
f 11/118/77 145/119/77 270/120/77 121/121/77
f 145/119/78 36/49/78 160/65/78 270/120/78
f 270/120/79 160/65/79 42/69/79 130/115/79
f 121/121/80 270/120/80 130/115/80 23/114/80
f 14/56/81 129/55/81 271/122/81 99/123/81
f 129/55/82 41/54/82 161/61/82 271/122/82
f 271/122/83 161/61/83 35/27/83 144/124/83
f 99/123/84 271/122/84 144/124/84 4/125/84
f 7/126/85 107/127/85 272/128/85 142/129/85
f 107/127/86 19/62/86 150/59/86 272/128/86
f 272/128/87 150/59/87 41/54/87 162/51/87
f 142/129/88 272/128/88 162/51/88 33/50/88
f 15/130/89 127/131/89 273/132/89 100/133/89
f 127/131/90 39/35/90 163/45/90 273/132/90
f 273/132/91 163/45/91 36/49/91 145/119/91
f 100/133/92 273/132/92 145/119/92 11/118/92
f 8/24/93 106/134/93 274/135/93 143/25/93
f 106/134/94 18/136/94 149/137/94 274/135/94
f 274/135/95 149/137/95 40/39/95 164/36/95
f 143/25/96 274/135/96 164/36/96 34/26/96
f 4/125/97 144/124/97 275/138/97 101/139/97
f 144/124/98 35/27/98 165/30/98 275/138/98
f 275/138/99 165/30/99 39/35/99 127/131/99
f 101/139/100 275/138/100 127/131/100 15/130/100
f 16/16/101 126/15/101 276/140/101 102/141/101
f 126/15/102 38/14/102 166/21/102 276/140/102
f 276/140/103 166/21/103 34/26/103 118/38/103
f 102/141/104 276/140/104 118/38/104 3/43/104
f 30/98/105 138/142/105 277/143/105 154/99/105
f 138/142/106 21/22/106 147/19/106 277/143/106
f 277/143/107 147/19/107 38/14/107 167/11/107
f 154/99/108 277/143/108 167/11/108 45/10/108
f 25/111/109 133/110/109 278/144/109 131/145/109
f 133/110/110 43/1/110 168/4/110 278/144/110
f 278/144/111 168/4/111 32/9/111 116/93/111
f 131/145/112 278/144/112 116/93/112 5/95/112
f 40/39/113 149/137/113 279/146/113 172/147/113
f 149/137/114 18/136/114 171/148/114 279/146/114
f 279/146/115 171/148/115 47/149/115 170/150/115
f 172/147/116 279/146/116 170/150/116 48/151/116
f 13/41/117 128/40/117 280/152/117 173/153/117
f 128/40/118 40/39/118 172/147/118 280/152/118
f 280/152/119 172/147/119 48/151/119 169/154/119
f 173/153/120 280/152/120 169/154/120 46/155/120
f 91/156/121 245/4/121 281/3/121 229/157/121
f 245/4/122 80/158/122 218/8/122 281/3/122
f 281/3/123 218/8/123 58/7/123 209/6/123
f 229/157/124 281/3/124 209/6/124 74/5/124
f 93/159/125 216/160/125 282/161/125 244/162/125
f 216/160/126 77/18/126 214/17/126 282/161/126
f 282/161/127 214/17/127 64/16/127 203/163/127
f 244/162/128 282/161/128 203/163/128 86/14/128
f 86/14/129 243/164/129 283/165/129 224/166/129
f 243/164/130 82/26/130 220/25/130 283/165/130
f 283/165/131 220/25/131 56/24/131 188/23/131
f 224/166/132 283/165/132 188/23/132 69/22/132
f 83/167/133 242/168/133 284/29/133 196/28/133
f 242/168/134 87/35/134 225/169/134 284/29/134
f 284/29/135 225/169/135 68/33/135 187/32/135
f 196/28/136 284/29/136 187/32/136 57/31/136
f 82/26/137 195/170/137 285/171/137 241/172/137
f 195/170/138 51/43/138 174/42/138 285/171/138
f 285/171/139 174/42/139 61/41/139 205/40/139
f 241/172/140 285/171/140 205/40/140 88/39/140
f 87/35/141 240/173/141 286/174/141 225/169/141
f 240/173/142 84/49/142 201/175/142 286/174/142
f 286/174/143 201/175/143 60/47/143 186/46/143
f 225/169/144 286/174/144 186/46/144 68/33/144
f 81/50/145 194/53/145 287/52/145 239/176/145
f 194/53/146 50/58/146 175/57/146 287/52/146
f 287/52/147 175/57/147 62/56/147 206/177/147
f 239/176/148 287/52/148 206/177/148 89/178/148
f 89/178/149 238/61/149 288/179/149 227/59/149
f 238/61/150 83/167/150 196/28/150 288/179/150
f 288/179/151 196/28/151 57/31/151 185/63/151
f 227/59/152 288/179/152 185/63/152 67/62/152
f 84/49/153 237/65/153 289/64/153 201/175/153
f 237/65/154 90/69/154 228/180/154 289/64/154
f 289/64/155 228/180/155 72/67/155 200/66/155
f 201/175/156 289/64/156 200/66/156 60/47/156
f 90/69/157 236/181/157 290/182/157 228/180/157
f 236/181/158 79/183/158 192/74/158 290/182/158
f 290/182/159 192/74/159 54/73/159 199/72/159
f 228/180/160 290/182/160 199/72/160 72/67/160
f 92/184/161 235/185/161 291/186/161 230/77/161
f 235/185/162 85/187/162 223/188/162 291/186/162
f 291/186/163 223/188/163 70/82/163 212/81/163
f 230/77/164 291/186/164 212/81/164 76/80/164
f 85/187/165 234/189/165 292/190/165 223/188/165
f 234/189/166 91/156/166 229/157/166 292/190/166
f 292/190/167 229/157/167 74/5/167 190/87/167
f 223/188/168 292/190/168 190/87/168 70/82/168
f 79/183/169 233/191/169 293/88/169 192/74/169
f 233/191/170 92/184/170 230/77/170 293/88/170
f 293/88/171 230/77/171 76/80/171 191/90/171
f 192/74/172 293/88/172 191/90/172 54/73/172
f 80/158/173 193/192/173 294/193/173 232/194/173
f 193/192/174 53/95/174 180/94/174 294/193/174
f 294/193/175 180/94/175 77/18/175 216/160/175
f 232/194/176 294/193/176 216/160/176 93/159/176
f 58/7/177 218/8/177 295/195/177 189/96/177
f 218/8/178 80/158/178 232/194/178 295/195/178
f 295/195/179 232/194/179 93/159/179 231/196/179
f 189/96/180 295/195/180 231/196/180 78/98/180
f 49/100/181 182/103/181 296/102/181 217/101/181
f 182/103/182 75/105/182 213/104/182 296/102/182
f 296/102/183 213/104/183 92/184/183 233/191/183
f 217/101/184 296/102/184 233/191/184 79/183/184
f 65/106/185 181/109/185 297/197/185 202/198/185
f 181/109/186 73/111/186 210/199/186 297/197/186
f 297/197/187 210/199/187 91/156/187 234/189/187
f 202/198/188 297/197/188 234/189/188 85/187/188
f 75/105/189 211/113/189 298/200/189 213/104/189
f 211/113/190 65/106/190 202/198/190 298/200/190
f 298/200/191 202/198/191 85/187/191 235/185/191
f 213/104/192 298/200/192 235/185/192 92/184/192
f 71/114/193 197/117/193 299/201/193 207/202/193
f 197/117/194 49/100/194 217/101/194 299/201/194
f 299/201/195 217/101/195 79/183/195 236/181/195
f 207/202/196 299/201/196 236/181/196 90/69/196
f 59/118/197 198/121/197 300/203/197 222/204/197
f 198/121/198 71/114/198 207/202/198 300/203/198
f 300/203/199 207/202/199 90/69/199 237/65/199
f 222/204/200 300/203/200 237/65/200 84/49/200
f 62/56/201 176/123/201 301/205/201 206/177/201
f 176/123/202 52/125/202 221/124/202 301/205/202
f 301/205/203 221/124/203 83/167/203 238/61/203
f 206/177/204 301/205/204 238/61/204 89/178/204
f 55/126/205 219/129/205 302/128/205 184/127/205
f 219/129/206 81/50/206 239/176/206 302/128/206
f 302/128/207 239/176/207 89/178/207 227/59/207
f 184/127/208 302/128/208 227/59/208 67/62/208
f 63/130/209 177/133/209 303/206/209 204/131/209
f 177/133/210 59/118/210 222/204/210 303/206/210
f 303/206/211 222/204/211 84/49/211 240/173/211
f 204/131/212 303/206/212 240/173/212 87/35/212
f 56/24/213 220/25/213 304/207/213 183/134/213
f 220/25/214 82/26/214 241/172/214 304/207/214
f 304/207/215 241/172/215 88/39/215 226/137/215
f 183/134/216 304/207/216 226/137/216 66/136/216
f 52/125/217 178/139/217 305/208/217 221/124/217
f 178/139/218 63/130/218 204/131/218 305/208/218
f 305/208/219 204/131/219 87/35/219 242/168/219
f 221/124/220 305/208/220 242/168/220 83/167/220
f 64/16/221 179/141/221 306/209/221 203/163/221
f 179/141/222 51/43/222 195/170/222 306/209/222
f 306/209/223 195/170/223 82/26/223 243/164/223
f 203/163/224 306/209/224 243/164/224 86/14/224
f 78/98/225 231/196/225 307/210/225 215/142/225
f 231/196/226 93/159/226 244/162/226 307/210/226
f 307/210/227 244/162/227 86/14/227 224/166/227
f 215/142/228 307/210/228 224/166/228 69/22/228
f 73/111/229 208/145/229 308/211/229 210/199/229
f 208/145/230 53/95/230 193/192/230 308/211/230
f 308/211/231 193/192/231 80/158/231 245/4/231
f 210/199/232 308/211/232 245/4/232 91/156/232
f 88/39/233 249/212/233 309/213/233 226/137/233
f 249/212/234 96/151/234 247/150/234 309/213/234
f 309/213/235 247/150/235 95/149/235 248/148/235
f 226/137/236 309/213/236 248/148/236 66/136/236
f 61/41/237 250/153/237 310/152/237 205/40/237
f 250/153/238 94/155/238 246/154/238 310/152/238
f 310/152/239 246/154/239 96/151/239 249/212/239
f 205/40/240 310/152/240 249/212/240 88/39/240
f 336/214/241 410/215/241 459/216/241 407/217/241
f 410/215/242 321/218/242 365/219/242 459/216/242
f 459/216/243 365/219/243 314/220/243 378/221/243
f 407/217/244 459/216/244 378/221/244 322/222/244
f 335/223/245 406/224/245 460/225/245 403/226/245
f 406/224/246 324/227/246 368/228/246 460/225/246
f 460/225/247 368/228/247 318/229/247 381/230/247
f 403/226/248 460/225/248 381/230/248 325/231/248
f 334/232/249 402/233/249 461/234/249 399/235/249
f 402/233/250 327/236/250 371/237/250 461/234/250
f 461/234/251 371/237/251 316/238/251 384/239/251
f 399/235/252 461/234/252 384/239/252 328/240/252
f 333/241/253 398/242/253 462/243/253 395/244/253
f 398/242/254 330/245/254 374/246/254 462/243/254
f 462/243/255 374/246/255 312/247/255 364/248/255
f 395/244/256 462/243/256 364/248/256 320/249/256
f 332/250/257 394/251/257 463/252/257 391/253/257
f 394/251/258 326/254/258 382/255/258 463/252/258
f 463/252/259 382/255/259 315/256/259 373/257/259
f 391/253/260 463/252/260 373/257/260 329/258/260
f 331/259/261 390/260/261 464/261/261 387/262/261
f 390/260/262 321/218/262 377/263/262 464/261/262
f 464/261/263 377/263/263 312/247/263 374/246/263
f 387/262/264 464/261/264 374/246/264 330/245/264
f 327/236/265 389/264/265 465/265/265 371/237/265
f 389/264/266 331/259/266 387/262/266 465/265/266
f 465/265/267 387/262/267 330/245/267 386/266/267
f 371/237/268 465/265/268 386/266/268 316/238/268
f 318/229/269 368/228/269 466/267/269 383/268/269
f 368/228/270 324/227/270 388/269/270 466/267/270
f 466/267/271 388/269/271 331/259/271 389/264/271
f 383/268/272 466/267/272 389/264/272 327/236/272
f 324/227/273 380/270/273 467/271/273 388/269/273
f 380/270/274 314/220/274 365/219/274 467/271/274
f 467/271/275 365/219/275 321/218/275 390/260/275
f 388/269/276 467/271/276 390/260/276 331/259/276
f 319/272/277 393/273/277 468/274/277 363/275/277
f 393/273/278 332/250/278 391/253/278 468/274/278
f 468/274/279 391/253/279 329/258/279 385/276/279
f 363/275/280 468/274/280 385/276/280 311/277/280
f 313/278/281 367/279/281 469/280/281 375/281/281
f 367/279/282 323/282/282 392/283/282 469/280/282
f 469/280/283 392/283/283 332/250/283 393/273/283
f 375/281/284 469/280/284 393/273/284 319/272/284
f 323/282/285 379/284/285 470/285/285 392/283/285
f 379/284/286 317/286/286 370/287/286 470/285/286
f 470/285/287 370/287/287 326/254/287 394/251/287
f 392/283/288 470/285/288 394/251/288 332/250/288
f 329/258/289 397/288/289 471/289/289 385/276/289
f 397/288/290 333/290/290 395/291/290 471/289/290
f 471/289/291 395/291/291 320/292/291 376/293/291
f 385/276/292 471/289/292 376/293/292 311/277/292
f 315/256/293 372/294/293 472/295/293 373/257/293
f 372/294/294 328/296/294 396/297/294 472/295/294
f 472/295/295 396/297/295 333/290/295 397/288/295
f 373/257/296 472/295/296 397/288/296 329/258/296
f 328/240/297 384/239/297 473/298/297 396/299/297
f 384/239/298 316/238/298 386/266/298 473/298/298
f 473/298/299 386/266/299 330/245/299 398/242/299
f 396/299/300 473/298/300 398/242/300 333/241/300
f 326/254/301 401/300/301 474/301/301 382/255/301
f 401/300/302 334/302/302 399/303/302 474/301/302
f 474/301/303 399/303/303 328/296/303 372/294/303
f 382/255/304 474/301/304 372/294/304 315/256/304
f 317/286/305 369/304/305 475/305/305 370/287/305
f 369/304/306 325/306/306 400/307/306 475/305/306
f 475/305/307 400/307/307 334/302/307 401/300/307
f 370/287/308 475/305/308 401/300/308 326/254/308
f 325/231/309 381/230/309 476/308/309 400/309/309
f 381/230/310 318/229/310 383/268/310 476/308/310
f 476/308/311 383/268/311 327/236/311 402/233/311
f 400/309/312 476/308/312 402/233/312 334/232/312
f 323/282/313 405/310/313 477/311/313 379/284/313
f 405/310/314 335/312/314 403/313/314 477/311/314
f 477/311/315 403/313/315 325/306/315 369/304/315
f 379/284/316 477/311/316 369/304/316 317/286/316
f 313/278/317 366/314/317 478/315/317 367/279/317
f 366/314/318 322/316/318 404/317/318 478/315/318
f 478/315/319 404/317/319 335/312/319 405/310/319
f 367/279/320 478/315/320 405/310/320 323/282/320
f 322/222/321 378/221/321 479/318/321 404/319/321
f 378/221/322 314/220/322 380/270/322 479/318/322
f 479/318/323 380/270/323 324/227/323 406/224/323
f 404/319/324 479/318/324 406/224/324 335/223/324
f 319/272/325 409/320/325 480/321/325 375/281/325
f 409/320/326 336/322/326 407/323/326 480/321/326
f 480/321/327 407/323/327 322/316/327 366/314/327
f 375/281/328 480/321/328 366/314/328 313/278/328
f 311/277/329 376/293/329 481/324/329 363/275/329
f 376/293/330 320/292/330 408/325/330 481/324/330
f 481/324/331 408/325/331 336/322/331 409/320/331
f 363/275/332 481/324/332 409/320/332 319/272/332
f 320/249/333 364/248/333 482/326/333 408/327/333
f 364/248/334 312/247/334 377/263/334 482/326/334
f 482/326/335 377/263/335 321/218/335 410/215/335
f 408/327/336 482/326/336 410/215/336 336/214/336
f 362/214/337 455/217/337 483/328/337 458/215/337
f 455/217/338 348/222/338 426/329/338 483/328/338
f 483/328/339 426/329/339 340/330/339 413/331/339
f 458/215/340 483/328/340 413/331/340 347/332/340
f 361/223/341 451/226/341 484/333/341 454/334/341
f 451/226/342 351/231/342 429/335/342 484/333/342
f 484/333/343 429/335/343 344/336/343 416/228/343
f 454/334/344 484/333/344 416/228/344 350/337/344
f 360/232/345 447/235/345 485/338/345 450/339/345
f 447/235/346 354/240/346 432/340/346 485/338/346
f 485/338/347 432/340/347 342/341/347 419/237/347
f 450/339/348 485/338/348 419/237/348 353/236/348
f 359/241/349 443/244/349 486/342/349 446/343/349
f 443/244/350 346/249/350 412/344/350 486/342/350
f 486/342/351 412/344/351 338/247/351 422/345/351
f 446/343/352 486/342/352 422/345/352 356/346/352
f 358/347/353 439/348/353 487/349/353 442/251/353
f 439/348/354 355/350/354 421/351/354 487/349/354
f 487/349/355 421/351/355 341/256/355 430/255/355
f 442/251/356 487/349/356 430/255/356 352/352/356
f 357/353/357 435/354/357 488/355/357 438/356/357
f 435/354/358 356/346/358 422/345/358 488/355/358
f 488/355/359 422/345/359 338/247/359 425/263/359
f 438/356/360 488/355/360 425/263/360 347/332/360
f 353/236/361 419/237/361 489/265/361 437/357/361
f 419/237/362 342/341/362 434/266/362 489/265/362
f 489/265/363 434/266/363 356/346/363 435/354/363
f 437/357/364 489/265/364 435/354/364 357/353/364
f 344/336/365 431/358/365 490/359/365 416/228/365
f 431/358/366 353/236/366 437/357/366 490/359/366
f 490/359/367 437/357/367 357/353/367 436/360/367
f 416/228/368 490/359/368 436/360/368 350/337/368
f 350/337/369 436/360/369 491/361/369 428/362/369
f 436/360/370 357/353/370 438/356/370 491/361/370
f 491/361/371 438/356/371 347/332/371 413/331/371
f 428/362/372 491/361/372 413/331/372 340/330/372
f 345/272/373 411/363/373 492/364/373 441/365/373
f 411/363/374 337/366/374 433/367/374 492/364/374
f 492/364/375 433/367/375 355/350/375 439/348/375
f 441/365/376 492/364/376 439/348/376 358/347/376
f 339/368/377 423/369/377 493/280/377 415/370/377
f 423/369/378 345/272/378 441/365/378 493/280/378
f 493/280/379 441/365/379 358/347/379 440/371/379
f 415/370/380 493/280/380 440/371/380 349/372/380
f 349/372/381 440/371/381 494/373/381 427/374/381
f 440/371/382 358/347/382 442/251/382 494/373/382
f 494/373/383 442/251/383 352/352/383 418/375/383
f 427/374/384 494/373/384 418/375/384 343/286/384
f 355/350/385 433/367/385 495/289/385 445/376/385
f 433/367/386 337/366/386 424/377/386 495/289/386
f 495/289/387 424/377/387 346/292/387 443/291/387
f 445/376/388 495/289/388 443/291/388 359/290/388
f 341/256/389 421/351/389 496/378/389 420/379/389
f 421/351/390 355/350/390 445/376/390 496/378/390
f 496/378/391 445/376/391 359/290/391 444/297/391
f 420/379/392 496/378/392 444/297/392 354/296/392
f 354/240/393 444/299/393 497/380/393 432/340/393
f 444/299/394 359/241/394 446/343/394 497/380/394
f 497/380/395 446/343/395 356/346/395 434/266/395
f 432/340/396 497/380/396 434/266/396 342/341/396
f 352/352/397 430/255/397 498/381/397 449/300/397
f 430/255/398 341/256/398 420/379/398 498/381/398
f 498/381/399 420/379/399 354/296/399 447/303/399
f 449/300/400 498/381/400 447/303/400 360/302/400
f 343/286/401 418/375/401 499/382/401 417/383/401
f 418/375/402 352/352/402 449/300/402 499/382/402
f 499/382/403 449/300/403 360/302/403 448/307/403
f 417/383/404 499/382/404 448/307/404 351/306/404
f 351/231/405 448/309/405 500/384/405 429/335/405
f 448/309/406 360/232/406 450/339/406 500/384/406
f 500/384/407 450/339/407 353/236/407 431/358/407
f 429/335/408 500/384/408 431/358/408 344/336/408
f 349/372/409 427/374/409 501/385/409 453/386/409
f 427/374/410 343/286/410 417/383/410 501/385/410
f 501/385/411 417/383/411 351/306/411 451/313/411
f 453/386/412 501/385/412 451/313/412 361/312/412
f 339/368/413 415/370/413 502/387/413 414/314/413
f 415/370/414 349/372/414 453/386/414 502/387/414
f 502/387/415 453/386/415 361/312/415 452/317/415
f 414/314/416 502/387/416 452/317/416 348/316/416
f 348/222/417 452/319/417 503/388/417 426/329/417
f 452/319/418 361/223/418 454/334/418 503/388/418
f 503/388/419 454/334/419 350/337/419 428/362/419
f 426/329/420 503/388/420 428/362/420 340/330/420
f 345/272/421 423/369/421 504/389/421 457/390/421
f 423/369/422 339/368/422 414/314/422 504/389/422
f 504/389/423 414/314/423 348/316/423 455/323/423
f 457/390/424 504/389/424 455/323/424 362/322/424
f 337/366/425 411/363/425 505/391/425 424/377/425
f 411/363/426 345/272/426 457/390/426 505/391/426
f 505/391/427 457/390/427 362/322/427 456/325/427
f 424/377/428 505/391/428 456/325/428 346/292/428
f 346/249/429 456/327/429 506/326/429 412/344/429
f 456/327/430 362/214/430 458/215/430 506/326/430
f 506/326/431 458/215/431 347/332/431 425/263/431
f 412/344/432 506/326/432 425/263/432 338/247/432
f 548/392/433 532/393/433 510/394/433 542/395/433
f 546/396/434 524/397/434 514/398/434 543/399/434
f 547/400/435 534/401/435 512/402/435 544/403/435
f 545/404/436 526/405/436 508/406/436 541/407/436
f 540/408/437 533/409/437 511/410/437 525/411/437
f 539/412/438 532/393/438 508/406/438 526/405/438
f 525/413/439 527/414/439 515/415/439 507/416/439
f 527/414/440 528/417/440 516/418/440 515/415/440
f 533/409/441 535/419/441 522/420/441 511/410/441
f 535/419/442 536/421/442 521/422/442 522/420/442
f 523/423/443 529/424/443 520/425/443 513/426/443
f 529/424/444 530/427/444 519/428/444 520/425/444
f 531/429/445 537/430/445 518/431/445 509/432/445
f 537/430/446 538/433/446 517/434/446 518/431/446
f 518/431/444 517/434/444 530/435/444 529/436/444
f 509/432/447 518/431/447 529/436/447 523/437/447
f 522/420/448 521/422/448 528/438/448 527/439/448
f 511/410/449 522/420/449 527/439/449 525/411/449
f 534/401/450 539/440/450 526/441/450 512/402/450
f 531/429/451 540/442/451 525/413/451 507/416/451
f 544/403/452 512/402/452 526/441/452 545/443/452
f 542/395/434 510/394/434 524/444/434 546/445/434
f 509/432/453 523/437/453 540/442/453 531/429/453
f 514/398/454 524/397/454 539/440/454 534/401/454
f 515/415/455 516/418/455 538/433/455 537/430/455
f 507/416/456 515/415/456 537/430/456 531/429/456
f 520/425/457 519/428/457 536/421/457 535/419/457
f 513/426/458 520/425/458 535/419/458 533/409/458
f 524/444/459 510/394/459 532/393/459 539/412/459
f 523/423/460 513/426/460 533/409/460 540/408/460
f 543/399/461 514/398/461 534/401/461 547/400/461
f 541/407/462 508/406/462 532/393/462 548/392/462
f 516/418/463 541/407/463 548/392/463 538/433/463
f 519/428/464 543/399/464 547/400/464 536/421/464
f 517/434/465 542/395/465 546/445/465 530/435/465
f 521/422/466 544/403/466 545/443/466 528/438/466
f 528/417/467 545/404/467 541/407/467 516/418/467
f 536/421/468 547/400/468 544/403/468 521/422/468
f 530/427/465 546/396/465 543/399/465 519/428/465
f 538/433/469 548/392/469 542/395/469 517/434/469
f 573/446/470 574/447/470 549/448/470 551/449/470
f 574/447/471 575/450/471 550/451/471 549/448/471
f 555/452/472 556/453/472 562/454/472 561/455/472
f 560/456/473 558/457/473 564/458/473 566/459/473
f 554/460/474 552/461/474 558/457/474 560/456/474
f 549/448/475 550/451/475 556/453/475 555/452/475
f 575/462/476 553/463/476 559/464/476 577/465/476
f 573/446/477 551/449/477 557/466/477 576/467/477
f 553/463/478 554/460/478 560/456/478 559/464/478
f 551/449/479 549/448/479 555/452/479 557/466/479
f 561/455/480 562/454/480 568/468/480 567/469/480
f 566/459/481 564/458/481 570/470/481 572/471/481
f 577/465/482 559/464/482 565/472/482 579/473/482
f 576/467/483 557/466/483 563/474/483 578/475/483
f 559/464/484 560/456/484 566/459/484 565/472/484
f 557/466/485 555/452/485 561/455/485 563/474/485
f 572/471/486 570/470/486 585/476/486 587/477/486
f 569/478/487 567/469/487 582/479/487 584/480/487
f 579/473/488 565/472/488 571/481/488 581/482/488
f 578/475/489 563/474/489 569/478/489 580/483/489
f 565/472/490 566/459/490 572/471/490 571/481/490
f 563/474/491 561/455/491 567/469/491 569/478/491
f 564/458/492 578/484/492 580/485/492 570/470/492
f 562/454/493 579/486/493 581/487/493 568/468/493
f 571/481/494 572/471/494 587/477/494 586/488/494
f 570/470/495 580/485/495 588/489/495 585/476/495
f 558/457/496 576/490/496 578/484/496 564/458/496
f 556/453/497 577/491/497 579/486/497 562/454/497
f 552/461/498 573/492/498 576/490/498 558/457/498
f 550/451/499 575/450/499 577/491/499 556/453/499
f 554/460/500 553/463/500 575/462/500 574/493/500
f 552/461/501 554/460/501 574/493/501 573/492/501
f 588/494/502 584/480/502 582/479/502 589/495/502
f 589/495/503 582/479/503 583/496/503 590/497/503
f 587/477/504 589/498/504 590/499/504 586/488/504
f 585/476/505 588/489/505 589/498/505 587/477/505
f 567/469/506 568/468/506 583/496/506 582/479/506
f 581/482/507 571/481/507 586/488/507 590/499/507
f 580/483/508 569/478/508 584/480/508 588/494/508
f 568/468/509 581/487/509 590/497/509 583/496/509
f 605/500/510 598/501/510 597/502/510 604/503/510
f 604/503/511 597/502/511 602/504/511 608/505/511
f 611/506/512 601/507/512 600/508/512 610/509/512
f 613/510/513 599/511/513 598/501/513 605/500/513
f 608/505/514 602/504/514 601/507/514 611/506/514
f 610/512/515 600/513/515 599/511/515 613/510/515
f 620/514/516 609/515/516 614/516/516 617/517/516
f 609/515/517 610/512/517 613/510/517 614/516/517
f 619/518/518 607/519/518 612/520/518 616/521/518
f 607/519/519 608/505/519 611/506/519 612/520/519
f 617/517/520 614/516/520 606/522/520 615/523/520
f 614/516/521 613/510/521 605/500/521 606/522/521
f 616/521/522 612/520/522 609/524/522 620/525/522
f 612/520/523 611/506/523 610/509/523 609/524/523
f 618/526/524 603/527/524 607/519/524 619/518/524
f 603/527/525 604/503/525 608/505/525 607/519/525
f 615/523/526 606/522/526 603/527/526 618/526/526
f 606/522/527 605/500/527 604/503/527 603/527/527
f 592/528/528 615/523/528 618/526/528 591/529/528
f 591/529/529 618/526/529 619/518/529 596/530/529
f 595/531/530 616/521/530 620/525/530 594/532/530
f 593/533/531 617/517/531 615/523/531 592/528/531
f 596/530/532 619/518/532 616/521/532 595/531/532
f 594/534/533 620/514/533 617/517/533 593/533/533
f 644/535/534 641/536/534 638/537/534 633/538/534
f 633/538/535 638/537/535 637/539/535 634/540/535
f 643/541/536 640/542/536 636/543/536 631/544/536
f 631/544/537 636/543/537 635/545/537 632/546/537
f 641/536/538 639/547/538 630/548/538 638/537/538
f 638/537/539 630/548/539 629/549/539 637/539/539
f 640/542/540 644/550/540 633/551/540 636/543/540
f 636/543/541 633/551/541 634/552/541 635/545/541
f 642/553/542 643/541/542 631/544/542 627/554/542
f 627/554/543 631/544/543 632/546/543 628/555/543
f 639/547/544 642/553/544 627/554/544 630/548/544
f 630/548/545 627/554/545 628/555/545 629/549/545
f 622/556/546 621/557/546 642/553/546 639/547/546
f 621/557/547 626/558/547 643/541/547 642/553/547
f 625/559/548 624/560/548 644/550/548 640/542/548
f 623/561/549 622/556/549 639/547/549 641/536/549
f 626/558/550 625/559/550 640/542/550 643/541/550
f 624/562/551 623/561/551 641/536/551 644/535/551
f 601/507/552 602/504/552 632/546/552 635/545/552
f 602/504/553 597/502/553 628/555/553 632/546/553
f 597/502/554 598/501/554 629/549/554 628/555/554
f 598/501/555 599/511/555 637/539/555 629/549/555
f 599/511/556 600/513/556 634/540/556 637/539/556
f 600/508/557 601/507/557 635/545/557 634/552/557
f 659/563/558 652/564/558 651/565/558 658/566/558
f 658/566/559 651/565/559 656/567/559 662/568/559
f 665/569/560 655/570/560 654/571/560 664/572/560
f 667/573/561 653/574/561 652/564/561 659/563/561
f 662/568/562 656/567/562 655/570/562 665/569/562
f 664/575/563 654/576/563 653/574/563 667/573/563
f 674/577/564 663/578/564 668/579/564 671/580/564
f 663/578/565 664/575/565 667/573/565 668/579/565
f 673/581/566 661/582/566 666/583/566 670/584/566
f 661/582/567 662/568/567 665/569/567 666/583/567
f 671/580/568 668/579/568 660/585/568 669/586/568
f 668/579/569 667/573/569 659/563/569 660/585/569
f 670/584/570 666/583/570 663/587/570 674/588/570
f 666/583/571 665/569/571 664/572/571 663/587/571
f 672/589/572 657/590/572 661/582/572 673/581/572
f 657/590/573 658/566/573 662/568/573 661/582/573
f 669/586/574 660/585/574 657/590/574 672/589/574
f 660/585/575 659/563/575 658/566/575 657/590/575
f 646/591/576 669/586/576 672/589/576 645/592/576
f 645/592/577 672/589/577 673/581/577 650/593/577
f 649/594/578 670/584/578 674/588/578 648/595/578
f 647/596/579 671/580/579 669/586/579 646/591/579
f 650/593/580 673/581/580 670/584/580 649/594/580
f 648/597/581 674/577/581 671/580/581 647/596/581
f 698/598/582 695/599/582 692/600/582 687/601/582
f 687/601/583 692/600/583 691/602/583 688/603/583
f 697/604/584 694/605/584 690/606/584 685/607/584
f 685/607/585 690/606/585 689/608/585 686/609/585
f 695/599/586 693/610/586 684/611/586 692/600/586
f 692/600/587 684/611/587 683/612/587 691/602/587
f 694/605/588 698/613/588 687/614/588 690/606/588
f 690/606/589 687/614/589 688/615/589 689/608/589
f 696/616/590 697/604/590 685/607/590 681/617/590
f 681/617/591 685/607/591 686/609/591 682/618/591
f 693/610/592 696/616/592 681/617/592 684/611/592
f 684/611/593 681/617/593 682/618/593 683/612/593
f 676/619/594 675/620/594 696/616/594 693/610/594
f 675/620/595 680/621/595 697/604/595 696/616/595
f 679/622/596 678/623/596 698/613/596 694/605/596
f 677/624/597 676/619/597 693/610/597 695/599/597
f 680/621/598 679/622/598 694/605/598 697/604/598
f 678/625/599 677/624/599 695/599/599 698/598/599
f 655/570/600 656/567/600 686/609/600 689/608/600
f 656/567/601 651/565/601 682/618/601 686/609/601
f 651/565/602 652/564/602 683/612/602 682/618/602
f 652/564/603 653/574/603 691/602/603 683/612/603
f 653/574/604 654/576/604 688/603/604 691/602/604
f 654/571/605 655/570/605 689/608/605 688/615/605
f 713/626/606 706/627/606 705/628/606 712/629/606
f 712/629/607 705/628/607 710/630/607 716/631/607
f 719/632/608 709/633/608 708/634/608 718/635/608
f 721/636/609 707/637/609 706/627/609 713/626/609
f 716/631/610 710/630/610 709/633/610 719/632/610
f 718/638/611 708/639/611 707/637/611 721/636/611
f 728/640/612 717/641/612 722/642/612 725/643/612
f 717/641/613 718/638/613 721/636/613 722/642/613
f 727/644/614 715/645/614 720/646/614 724/647/614
f 715/645/615 716/631/615 719/632/615 720/646/615
f 725/643/616 722/642/616 714/648/616 723/649/616
f 722/642/617 721/636/617 713/626/617 714/648/617
f 724/647/618 720/646/618 717/650/618 728/651/618
f 720/646/619 719/632/619 718/635/619 717/650/619
f 726/652/620 711/653/620 715/645/620 727/644/620
f 711/653/621 712/629/621 716/631/621 715/645/621
f 723/649/622 714/648/622 711/653/622 726/652/622
f 714/648/623 713/626/623 712/629/623 711/653/623
f 700/654/624 723/649/624 726/652/624 699/655/624
f 699/655/625 726/652/625 727/644/625 704/656/625
f 703/657/626 724/647/626 728/651/626 702/658/626
f 701/659/627 725/643/627 723/649/627 700/654/627
f 704/656/628 727/644/628 724/647/628 703/657/628
f 702/660/629 728/640/629 725/643/629 701/659/629
f 752/661/630 749/662/630 746/663/630 741/664/630
f 741/664/631 746/663/631 745/665/631 742/666/631
f 751/667/632 748/668/632 744/669/632 739/670/632
f 739/670/633 744/669/633 743/671/633 740/672/633
f 749/662/634 747/673/634 738/674/634 746/663/634
f 746/663/635 738/674/635 737/675/635 745/665/635
f 748/668/636 752/676/636 741/677/636 744/669/636
f 744/669/637 741/677/637 742/678/637 743/671/637
f 750/679/638 751/667/638 739/670/638 735/680/638
f 735/680/639 739/670/639 740/672/639 736/681/639
f 747/673/640 750/679/640 735/680/640 738/674/640
f 738/674/641 735/680/641 736/681/641 737/675/641
f 730/682/642 729/683/642 750/679/642 747/673/642
f 729/683/643 734/684/643 751/667/643 750/679/643
f 733/685/644 732/686/644 752/676/644 748/668/644
f 731/687/645 730/682/645 747/673/645 749/662/645
f 734/684/646 733/685/646 748/668/646 751/667/646
f 732/688/647 731/687/647 749/662/647 752/661/647
f 709/633/648 710/630/648 740/672/648 743/671/648
f 710/630/649 705/628/649 736/681/649 740/672/649
f 705/628/650 706/627/650 737/675/650 736/681/650
f 706/627/651 707/637/651 745/665/651 737/675/651
f 707/637/652 708/639/652 742/666/652 745/665/652
f 708/634/653 709/633/653 743/671/653 742/678/653
f 767/689/654 760/690/654 759/691/654 766/692/654
f 766/692/655 759/691/655 764/693/655 770/694/655
f 773/695/656 763/696/656 762/697/656 772/698/656
f 775/699/657 761/700/657 760/690/657 767/689/657
f 770/694/658 764/693/658 763/696/658 773/695/658
f 772/701/659 762/702/659 761/700/659 775/699/659
f 782/703/660 771/704/660 776/705/660 779/706/660
f 771/704/661 772/701/661 775/699/661 776/705/661
f 781/707/662 769/708/662 774/709/662 778/710/662
f 769/708/663 770/694/663 773/695/663 774/709/663
f 779/706/664 776/705/664 768/711/664 777/712/664
f 776/705/665 775/699/665 767/689/665 768/711/665
f 778/710/666 774/709/666 771/713/666 782/714/666
f 774/709/667 773/695/667 772/698/667 771/713/667
f 780/715/668 765/716/668 769/708/668 781/707/668
f 765/716/669 766/692/669 770/694/669 769/708/669
f 777/712/670 768/711/670 765/716/670 780/715/670
f 768/711/671 767/689/671 766/692/671 765/716/671
f 754/717/672 777/712/672 780/715/672 753/718/672
f 753/718/673 780/715/673 781/707/673 758/719/673
f 757/720/674 778/710/674 782/714/674 756/721/674
f 755/722/675 779/706/675 777/712/675 754/717/675
f 758/719/676 781/707/676 778/710/676 757/720/676
f 756/723/677 782/703/677 779/706/677 755/722/677
f 806/724/678 803/725/678 800/726/678 795/727/678
f 795/727/679 800/726/679 799/728/679 796/729/679
f 805/730/680 802/731/680 798/732/680 793/733/680
f 793/733/681 798/732/681 797/734/681 794/735/681
f 803/725/682 801/736/682 792/737/682 800/726/682
f 800/726/683 792/737/683 791/738/683 799/728/683
f 802/731/684 806/739/684 795/740/684 798/732/684
f 798/732/685 795/740/685 796/741/685 797/734/685
f 804/742/686 805/730/686 793/733/686 789/743/686
f 789/743/687 793/733/687 794/735/687 790/744/687
f 801/736/688 804/742/688 789/743/688 792/737/688
f 792/737/689 789/743/689 790/744/689 791/738/689
f 784/745/690 783/746/690 804/742/690 801/736/690
f 783/746/691 788/747/691 805/730/691 804/742/691
f 787/748/692 786/749/692 806/739/692 802/731/692
f 785/750/693 784/745/693 801/736/693 803/725/693
f 788/747/694 787/748/694 802/731/694 805/730/694
f 786/751/695 785/750/695 803/725/695 806/724/695
f 763/696/696 764/693/696 794/735/696 797/734/696
f 764/693/697 759/691/697 790/744/697 794/735/697
f 759/691/698 760/690/698 791/738/698 790/744/698
f 760/690/699 761/700/699 799/728/699 791/738/699
f 761/700/700 762/702/700 796/729/700 799/728/700
f 762/697/701 763/696/701 797/734/701 796/741/701
f 821/752/702 814/753/702 813/754/702 820/755/702
f 820/755/703 813/754/703 818/756/703 824/757/703
f 827/758/704 817/759/704 816/760/704 826/761/704
f 829/762/705 815/763/705 814/753/705 821/752/705
f 824/757/706 818/756/706 817/759/706 827/758/706
f 826/764/707 816/765/707 815/763/707 829/762/707
f 836/766/708 825/767/708 830/768/708 833/769/708
f 825/767/709 826/764/709 829/762/709 830/768/709
f 835/770/710 823/771/710 828/772/710 832/773/710
f 823/771/711 824/757/711 827/758/711 828/772/711
f 833/769/712 830/768/712 822/774/712 831/775/712
f 830/768/713 829/762/713 821/752/713 822/774/713
f 832/773/714 828/772/714 825/776/714 836/777/714
f 828/772/715 827/758/715 826/761/715 825/776/715
f 834/778/716 819/779/716 823/771/716 835/770/716
f 819/779/717 820/755/717 824/757/717 823/771/717
f 831/775/718 822/774/718 819/779/718 834/778/718
f 822/774/719 821/752/719 820/755/719 819/779/719
f 808/780/720 831/775/720 834/778/720 807/781/720
f 807/781/721 834/778/721 835/770/721 812/782/721
f 811/783/722 832/773/722 836/777/722 810/784/722
f 809/785/723 833/769/723 831/775/723 808/780/723
f 812/782/724 835/770/724 832/773/724 811/783/724
f 810/786/725 836/766/725 833/769/725 809/785/725
f 860/787/726 857/788/726 854/789/726 849/790/726
f 849/790/727 854/789/727 853/791/727 850/792/727
f 859/793/728 856/794/728 852/795/728 847/796/728
f 847/796/729 852/795/729 851/797/729 848/798/729
f 857/788/730 855/799/730 846/800/730 854/789/730
f 854/789/731 846/800/731 845/801/731 853/791/731
f 856/794/732 860/802/732 849/803/732 852/795/732
f 852/795/733 849/803/733 850/804/733 851/797/733
f 858/805/734 859/793/734 847/796/734 843/806/734
f 843/806/735 847/796/735 848/798/735 844/807/735
f 855/799/736 858/805/736 843/806/736 846/800/736
f 846/800/737 843/806/737 844/807/737 845/801/737
f 838/808/738 837/809/738 858/805/738 855/799/738
f 837/809/739 842/810/739 859/793/739 858/805/739
f 841/811/740 840/812/740 860/802/740 856/794/740
f 839/813/741 838/808/741 855/799/741 857/788/741
f 842/810/742 841/811/742 856/794/742 859/793/742
f 840/814/743 839/813/743 857/788/743 860/787/743
f 817/759/744 818/756/744 848/798/744 851/797/744
f 818/756/745 813/754/745 844/807/745 848/798/745
f 813/754/746 814/753/746 845/801/746 844/807/746
f 814/753/747 815/763/747 853/791/747 845/801/747
f 815/763/748 816/765/748 850/792/748 853/791/748
f 816/760/749 817/759/749 851/797/749 850/804/749
f 871/815/750 865/816/750 877/817/750 883/818/750
f 861/819/751 872/820/751 884/821/751 873/822/751
f 868/823/752 862/824/752 874/825/752 880/826/752
f 864/827/753 869/828/753 881/829/753 876/830/753
f 872/820/754 866/831/754 878/832/754 884/821/754
f 869/828/755 863/833/755 875/834/755 881/829/755
f 865/816/756 870/835/756 882/836/756 877/817/756
f 862/824/757 867/837/757 879/838/757 874/825/757
f 870/835/758 864/839/758 876/840/758 882/836/758
f 866/831/759 871/815/759 883/818/759 878/832/759
f 867/837/760 861/819/760 873/822/760 879/838/760
f 863/833/761 868/823/761 880/826/761 875/834/761
f 881/829/762 875/834/762 887/841/762 893/842/762
f 877/817/763 882/836/763 894/843/763 889/844/763
f 874/825/764 879/838/764 891/845/764 886/846/764
f 882/836/765 876/840/765 888/847/765 894/843/765
f 878/832/766 883/818/766 895/848/766 890/849/766
f 879/838/767 873/822/767 885/850/767 891/845/767
f 875/834/768 880/826/768 892/851/768 887/841/768
f 883/818/769 877/817/769 889/844/769 895/848/769
f 873/822/770 884/821/770 896/852/770 885/850/770
f 880/826/771 874/825/771 886/846/771 892/851/771
f 876/830/772 881/829/772 893/842/772 888/853/772
f 884/821/773 878/832/773 890/849/773 896/852/773
f 865/816/774 871/815/774 907/854/774 901/855/774
f 872/820/775 861/819/775 897/856/775 908/857/775
f 862/824/776 868/823/776 904/858/776 898/859/776
f 869/828/777 864/827/777 900/860/777 905/861/777
f 866/831/778 872/820/778 908/857/778 902/862/778
f 863/833/779 869/828/779 905/861/779 899/863/779
f 870/835/780 865/816/780 901/855/780 906/864/780
f 867/837/781 862/824/781 898/859/781 903/865/781
f 864/839/782 870/835/782 906/864/782 900/866/782
f 871/815/783 866/831/783 902/862/783 907/854/783
f 861/819/784 867/837/784 903/865/784 897/856/784
f 868/823/785 863/833/785 899/863/785 904/858/785
f 896/852/786 890/849/786 902/867/786 908/868/786
f 890/849/787 895/848/787 907/869/787 902/867/787
f 895/848/788 889/844/788 901/870/788 907/869/788
f 889/844/789 894/843/789 906/871/789 901/870/789
f 894/843/790 888/847/790 900/872/790 906/871/790
f 888/853/791 893/842/791 905/873/791 900/874/791
f 893/842/792 887/841/792 899/875/792 905/873/792
f 887/841/793 892/851/793 904/876/793 899/875/793
f 892/851/794 886/846/794 898/877/794 904/876/794
f 886/846/795 891/845/795 903/878/795 898/877/795
f 891/845/796 885/850/796 897/879/796 903/878/796
f 885/850/797 896/852/797 908/868/797 897/879/797
f 919/880/798 931/881/798 925/882/798 913/883/798
f 909/884/799 921/885/799 932/886/799 920/887/799
f 916/888/800 928/889/800 922/890/800 910/891/800
f 912/892/801 924/893/801 929/894/801 917/895/801
f 920/887/802 932/886/802 926/896/802 914/897/802
f 917/895/803 929/894/803 923/898/803 911/899/803
f 913/883/804 925/882/804 930/900/804 918/901/804
f 910/891/805 922/890/805 927/902/805 915/903/805
f 918/901/806 930/900/806 924/904/806 912/905/806
f 914/897/807 926/896/807 931/881/807 919/880/807
f 915/903/808 927/902/808 921/885/808 909/884/808
f 911/899/809 923/898/809 928/889/809 916/888/809
f 929/894/810 941/906/810 935/907/810 923/898/810
f 925/882/811 937/908/811 942/909/811 930/900/811
f 922/890/812 934/910/812 939/911/812 927/902/812
f 930/900/813 942/909/813 936/912/813 924/904/813
f 926/896/814 938/913/814 943/914/814 931/881/814
f 927/902/815 939/911/815 933/915/815 921/885/815
f 923/898/816 935/907/816 940/916/816 928/889/816
f 931/881/817 943/914/817 937/908/817 925/882/817
f 921/885/818 933/915/818 944/917/818 932/886/818
f 928/889/819 940/916/819 934/910/819 922/890/819
f 924/893/820 936/918/820 941/906/820 929/894/820
f 932/886/821 944/917/821 938/913/821 926/896/821
f 913/883/822 949/919/822 955/920/822 919/880/822
f 920/887/823 956/921/823 945/922/823 909/884/823
f 910/891/824 946/923/824 952/924/824 916/888/824
f 917/895/825 953/925/825 948/926/825 912/892/825
f 914/897/826 950/927/826 956/921/826 920/887/826
f 911/899/827 947/928/827 953/925/827 917/895/827
f 918/901/828 954/929/828 949/919/828 913/883/828
f 915/903/829 951/930/829 946/923/829 910/891/829
f 912/905/830 948/931/830 954/929/830 918/901/830
f 919/880/831 955/920/831 950/927/831 914/897/831
f 909/884/832 945/922/832 951/930/832 915/903/832
f 916/888/833 952/924/833 947/928/833 911/899/833
f 944/917/834 956/932/834 950/933/834 938/913/834
f 938/913/835 950/933/835 955/934/835 943/914/835
f 943/914/836 955/934/836 949/935/836 937/908/836
f 937/908/837 949/935/837 954/936/837 942/909/837
f 942/909/838 954/936/838 948/937/838 936/912/838
f 936/918/839 948/938/839 953/939/839 941/906/839
f 941/906/840 953/939/840 947/940/840 935/907/840
f 935/907/841 947/940/841 952/941/841 940/916/841
f 940/916/842 952/941/842 946/942/842 934/910/842
f 934/910/843 946/942/843 951/943/843 939/911/843
f 939/911/844 951/943/844 945/944/844 933/915/844
f 933/915/845 945/944/845 956/932/845 944/917/845
f 971/500/846 970/503/846 963/502/846 964/501/846
f 970/503/847 974/505/847 968/504/847 963/502/847
f 977/506/848 976/509/848 966/508/848 967/507/848
f 979/510/849 971/500/849 964/501/849 965/511/849
f 974/505/850 977/506/850 967/507/850 968/504/850
f 976/512/851 979/510/851 965/511/851 966/513/851
f 986/514/534 983/517/534 980/516/534 975/515/534
f 975/515/535 980/516/535 979/510/535 976/512/535
f 985/518/536 982/521/536 978/520/536 973/519/536
f 973/519/852 978/520/852 977/506/852 974/505/852
f 983/517/853 981/523/853 972/522/853 980/516/853
f 980/516/539 972/522/539 971/500/539 979/510/539
f 982/521/540 986/525/540 975/524/540 978/520/540
f 978/520/541 975/524/541 976/509/541 977/506/541
f 984/526/542 985/518/542 973/519/542 969/527/542
f 969/527/543 973/519/543 974/505/543 970/503/543
f 981/523/544 984/526/544 969/527/544 972/522/544
f 972/522/545 969/527/545 970/503/545 971/500/545
f 958/528/546 957/529/546 984/526/546 981/523/546
f 957/529/547 962/530/547 985/518/547 984/526/547
f 961/531/548 960/532/548 986/525/548 982/521/548
f 959/533/549 958/528/549 981/523/549 983/517/549
f 962/530/550 961/531/550 982/521/550 985/518/550
f 960/534/551 959/533/551 983/517/551 986/514/551
f 1010/535/516 999/538/516 1004/537/516 1007/536/516
f 999/538/517 1000/540/517 1003/539/517 1004/537/517
f 1009/541/518 997/544/518 1002/543/518 1006/542/518
f 997/544/854 998/546/854 1001/545/854 1002/543/854
f 1007/536/855 1004/537/855 996/548/855 1005/547/855
f 1004/537/521 1003/539/521 995/549/521 996/548/521
f 1006/542/522 1002/543/522 999/551/522 1010/550/522
f 1002/543/523 1001/545/523 1000/552/523 999/551/523
f 1008/553/524 993/554/524 997/544/524 1009/541/524
f 993/554/525 994/555/525 998/546/525 997/544/525
f 1005/547/526 996/548/526 993/554/526 1008/553/526
f 996/548/527 995/549/527 994/555/527 993/554/527
f 988/556/528 1005/547/528 1008/553/528 987/557/528
f 987/557/529 1008/553/529 1009/541/529 992/558/529
f 991/559/530 1006/542/530 1010/550/530 990/560/530
f 989/561/531 1007/536/531 1005/547/531 988/556/531
f 992/558/532 1009/541/532 1006/542/532 991/559/532
f 990/562/533 1010/535/533 1007/536/533 989/561/533
f 967/507/856 1001/545/856 998/546/856 968/504/856
f 968/504/857 998/546/857 994/555/857 963/502/857
f 963/502/858 994/555/858 995/549/858 964/501/858
f 964/501/859 995/549/859 1003/539/859 965/511/859
f 965/511/860 1003/539/860 1000/540/860 966/513/860
f 966/508/861 1000/552/861 1001/545/861 967/507/861
f 1025/563/862 1024/566/862 1017/565/862 1018/564/862
f 1024/566/863 1028/568/863 1022/567/863 1017/565/863
f 1031/569/864 1030/572/864 1020/571/864 1021/570/864
f 1033/573/865 1025/563/865 1018/564/865 1019/574/865
f 1028/568/866 1031/569/866 1021/570/866 1022/567/866
f 1030/575/867 1033/573/867 1019/574/867 1020/576/867
f 1040/577/868 1037/580/868 1034/579/868 1029/578/868
f 1029/578/869 1034/579/869 1033/573/869 1030/575/869
f 1039/581/870 1036/584/870 1032/583/870 1027/582/870
f 1027/582/871 1032/583/871 1031/569/871 1028/568/871
f 1037/580/872 1035/586/872 1026/585/872 1034/579/872
f 1034/579/873 1026/585/873 1025/563/873 1033/573/873
f 1036/584/874 1040/588/874 1029/587/874 1032/583/874
f 1032/583/875 1029/587/875 1030/572/875 1031/569/875
f 1038/589/876 1039/581/876 1027/582/876 1023/590/876
f 1023/590/877 1027/582/877 1028/568/877 1024/566/877
f 1035/586/878 1038/589/878 1023/590/878 1026/585/878
f 1026/585/879 1023/590/879 1024/566/879 1025/563/879
f 1012/591/880 1011/592/880 1038/589/880 1035/586/880
f 1011/592/881 1016/593/881 1039/581/881 1038/589/881
f 1015/594/882 1014/595/882 1040/588/882 1036/584/882
f 1013/596/883 1012/591/883 1035/586/883 1037/580/883
f 1016/593/884 1015/594/884 1036/584/884 1039/581/884
f 1014/597/885 1013/596/885 1037/580/885 1040/577/885
f 1064/598/886 1053/601/886 1058/600/886 1061/599/886
f 1053/601/887 1054/603/887 1057/602/887 1058/600/887
f 1063/604/888 1051/607/888 1056/606/888 1060/605/888
f 1051/607/889 1052/609/889 1055/608/889 1056/606/889
f 1061/599/890 1058/600/890 1050/611/890 1059/610/890
f 1058/600/891 1057/602/891 1049/612/891 1050/611/891
f 1060/605/892 1056/606/892 1053/614/892 1064/613/892
f 1056/606/893 1055/608/893 1054/615/893 1053/614/893
f 1062/616/894 1047/617/894 1051/607/894 1063/604/894
f 1047/617/895 1048/618/895 1052/609/895 1051/607/895
f 1059/610/896 1050/611/896 1047/617/896 1062/616/896
f 1050/611/897 1049/612/897 1048/618/897 1047/617/897
f 1042/619/898 1059/610/898 1062/616/898 1041/620/898
f 1041/620/899 1062/616/899 1063/604/899 1046/621/899
f 1045/622/900 1060/605/900 1064/613/900 1044/623/900
f 1043/624/901 1061/599/901 1059/610/901 1042/619/901
f 1046/621/902 1063/604/902 1060/605/902 1045/622/902
f 1044/625/903 1064/598/903 1061/599/903 1043/624/903
f 1021/570/904 1055/608/904 1052/609/904 1022/567/904
f 1022/567/905 1052/609/905 1048/618/905 1017/565/905
f 1017/565/906 1048/618/906 1049/612/906 1018/564/906
f 1018/564/907 1049/612/907 1057/602/907 1019/574/907
f 1019/574/908 1057/602/908 1054/603/908 1020/576/908
f 1020/571/909 1054/615/909 1055/608/909 1021/570/909
f 1079/626/910 1078/629/910 1071/628/910 1072/627/910
f 1078/629/911 1082/631/911 1076/630/911 1071/628/911
f 1085/632/912 1084/635/912 1074/634/912 1075/633/912
f 1087/636/913 1079/626/913 1072/627/913 1073/637/913
f 1082/631/914 1085/632/914 1075/633/914 1076/630/914
f 1084/638/915 1087/636/915 1073/637/915 1074/639/915
f 1094/640/916 1091/643/916 1088/642/916 1083/641/916
f 1083/641/917 1088/642/917 1087/636/917 1084/638/917
f 1093/644/918 1090/647/918 1086/646/918 1081/645/918
f 1081/645/919 1086/646/919 1085/632/919 1082/631/919
f 1091/643/920 1089/649/920 1080/648/920 1088/642/920
f 1088/642/921 1080/648/921 1079/626/921 1087/636/921
f 1090/647/922 1094/651/922 1083/650/922 1086/646/922
f 1086/646/923 1083/650/923 1084/635/923 1085/632/923
f 1092/652/924 1093/644/924 1081/645/924 1077/653/924
f 1077/653/925 1081/645/925 1082/631/925 1078/629/925
f 1089/649/926 1092/652/926 1077/653/926 1080/648/926
f 1080/648/927 1077/653/927 1078/629/927 1079/626/927
f 1066/654/928 1065/655/928 1092/652/928 1089/649/928
f 1065/655/929 1070/656/929 1093/644/929 1092/652/929
f 1069/657/930 1068/658/930 1094/651/930 1090/647/930
f 1067/659/931 1066/654/931 1089/649/931 1091/643/931
f 1070/656/932 1069/657/932 1090/647/932 1093/644/932
f 1068/660/933 1067/659/933 1091/643/933 1094/640/933
f 1118/661/934 1107/664/934 1112/663/934 1115/662/934
f 1107/664/935 1108/666/935 1111/665/935 1112/663/935
f 1117/667/936 1105/670/936 1110/669/936 1114/668/936
f 1105/670/937 1106/672/937 1109/671/937 1110/669/937
f 1115/662/938 1112/663/938 1104/674/938 1113/673/938
f 1112/663/939 1111/665/939 1103/675/939 1104/674/939
f 1114/668/940 1110/669/940 1107/677/940 1118/676/940
f 1110/669/941 1109/671/941 1108/678/941 1107/677/941
f 1116/679/942 1101/680/942 1105/670/942 1117/667/942
f 1101/680/943 1102/681/943 1106/672/943 1105/670/943
f 1113/673/944 1104/674/944 1101/680/944 1116/679/944
f 1104/674/945 1103/675/945 1102/681/945 1101/680/945
f 1096/682/946 1113/673/946 1116/679/946 1095/683/946
f 1095/683/947 1116/679/947 1117/667/947 1100/684/947
f 1099/685/948 1114/668/948 1118/676/948 1098/686/948
f 1097/687/949 1115/662/949 1113/673/949 1096/682/949
f 1100/684/950 1117/667/950 1114/668/950 1099/685/950
f 1098/688/951 1118/661/951 1115/662/951 1097/687/951
f 1075/633/952 1109/671/952 1106/672/952 1076/630/952
f 1076/630/953 1106/672/953 1102/681/953 1071/628/953
f 1071/628/954 1102/681/954 1103/675/954 1072/627/954
f 1072/627/955 1103/675/955 1111/665/955 1073/637/955
f 1073/637/956 1111/665/956 1108/666/956 1074/639/956
f 1074/634/957 1108/678/957 1109/671/957 1075/633/957
f 1133/689/958 1132/692/958 1125/691/958 1126/690/958
f 1132/692/959 1136/694/959 1130/693/959 1125/691/959
f 1139/695/960 1138/698/960 1128/697/960 1129/696/960
f 1141/699/961 1133/689/961 1126/690/961 1127/700/961
f 1136/694/962 1139/695/962 1129/696/962 1130/693/962
f 1138/701/963 1141/699/963 1127/700/963 1128/702/963
f 1148/703/964 1145/706/964 1142/705/964 1137/704/964
f 1137/704/965 1142/705/965 1141/699/965 1138/701/965
f 1147/707/966 1144/710/966 1140/709/966 1135/708/966
f 1135/708/967 1140/709/967 1139/695/967 1136/694/967
f 1145/706/968 1143/712/968 1134/711/968 1142/705/968
f 1142/705/969 1134/711/969 1133/689/969 1141/699/969
f 1144/710/970 1148/714/970 1137/713/970 1140/709/970
f 1140/709/971 1137/713/971 1138/698/971 1139/695/971
f 1146/715/972 1147/707/972 1135/708/972 1131/716/972
f 1131/716/973 1135/708/973 1136/694/973 1132/692/973
f 1143/712/974 1146/715/974 1131/716/974 1134/711/974
f 1134/711/975 1131/716/975 1132/692/975 1133/689/975
f 1120/717/976 1119/718/976 1146/715/976 1143/712/976
f 1119/718/977 1124/719/977 1147/707/977 1146/715/977
f 1123/720/978 1122/721/978 1148/714/978 1144/710/978
f 1121/722/979 1120/717/979 1143/712/979 1145/706/979
f 1124/719/980 1123/720/980 1144/710/980 1147/707/980
f 1122/723/981 1121/722/981 1145/706/981 1148/703/981
f 1172/724/982 1161/727/982 1166/726/982 1169/725/982
f 1161/727/983 1162/729/983 1165/728/983 1166/726/983
f 1171/730/984 1159/733/984 1164/732/984 1168/731/984
f 1159/733/985 1160/735/985 1163/734/985 1164/732/985
f 1169/725/986 1166/726/986 1158/737/986 1167/736/986
f 1166/726/987 1165/728/987 1157/738/987 1158/737/987
f 1168/731/988 1164/732/988 1161/740/988 1172/739/988
f 1164/732/989 1163/734/989 1162/741/989 1161/740/989
f 1170/742/990 1155/743/990 1159/733/990 1171/730/990
f 1155/743/991 1156/744/991 1160/735/991 1159/733/991
f 1167/736/992 1158/737/992 1155/743/992 1170/742/992
f 1158/737/993 1157/738/993 1156/744/993 1155/743/993
f 1150/745/994 1167/736/994 1170/742/994 1149/746/994
f 1149/746/995 1170/742/995 1171/730/995 1154/747/995
f 1153/748/996 1168/731/996 1172/739/996 1152/749/996
f 1151/750/997 1169/725/997 1167/736/997 1150/745/997
f 1154/747/998 1171/730/998 1168/731/998 1153/748/998
f 1152/751/999 1172/724/999 1169/725/999 1151/750/999
f 1129/696/1000 1163/734/1000 1160/735/1000 1130/693/1000
f 1130/693/1001 1160/735/1001 1156/744/1001 1125/691/1001
f 1125/691/1002 1156/744/1002 1157/738/1002 1126/690/1002
f 1126/690/1003 1157/738/1003 1165/728/1003 1127/700/1003
f 1127/700/1004 1165/728/1004 1162/729/1004 1128/702/1004
f 1128/697/1005 1162/741/1005 1163/734/1005 1129/696/1005
f 1187/752/1006 1186/755/1006 1179/754/1006 1180/753/1006
f 1186/755/1007 1190/757/1007 1184/756/1007 1179/754/1007
f 1193/758/1008 1192/761/1008 1182/760/1008 1183/759/1008
f 1195/762/1009 1187/752/1009 1180/753/1009 1181/763/1009
f 1190/757/1010 1193/758/1010 1183/759/1010 1184/756/1010
f 1192/764/1011 1195/762/1011 1181/763/1011 1182/765/1011
f 1202/766/1012 1199/769/1012 1196/768/1012 1191/767/1012
f 1191/767/1013 1196/768/1013 1195/762/1013 1192/764/1013
f 1201/770/1014 1198/773/1014 1194/772/1014 1189/771/1014
f 1189/771/1015 1194/772/1015 1193/758/1015 1190/757/1015
f 1199/769/1016 1197/775/1016 1188/774/1016 1196/768/1016
f 1196/768/1017 1188/774/1017 1187/752/1017 1195/762/1017
f 1198/773/1018 1202/777/1018 1191/776/1018 1194/772/1018
f 1194/772/1019 1191/776/1019 1192/761/1019 1193/758/1019
f 1200/778/1020 1201/770/1020 1189/771/1020 1185/779/1020
f 1185/779/1021 1189/771/1021 1190/757/1021 1186/755/1021
f 1197/775/1022 1200/778/1022 1185/779/1022 1188/774/1022
f 1188/774/1023 1185/779/1023 1186/755/1023 1187/752/1023
f 1174/780/1024 1173/781/1024 1200/778/1024 1197/775/1024
f 1173/781/1025 1178/782/1025 1201/770/1025 1200/778/1025
f 1177/783/1026 1176/784/1026 1202/777/1026 1198/773/1026
f 1175/785/1027 1174/780/1027 1197/775/1027 1199/769/1027
f 1178/782/1028 1177/783/1028 1198/773/1028 1201/770/1028
f 1176/786/1029 1175/785/1029 1199/769/1029 1202/766/1029
f 1226/787/1030 1215/790/1030 1220/789/1030 1223/788/1030
f 1215/790/1031 1216/792/1031 1219/791/1031 1220/789/1031
f 1225/793/1032 1213/796/1032 1218/795/1032 1222/794/1032
f 1213/796/1033 1214/798/1033 1217/797/1033 1218/795/1033
f 1223/788/1034 1220/789/1034 1212/800/1034 1221/799/1034
f 1220/789/1035 1219/791/1035 1211/801/1035 1212/800/1035
f 1222/794/1036 1218/795/1036 1215/803/1036 1226/802/1036
f 1218/795/1037 1217/797/1037 1216/804/1037 1215/803/1037
f 1224/805/1038 1209/806/1038 1213/796/1038 1225/793/1038
f 1209/806/1039 1210/807/1039 1214/798/1039 1213/796/1039
f 1221/799/1040 1212/800/1040 1209/806/1040 1224/805/1040
f 1212/800/1041 1211/801/1041 1210/807/1041 1209/806/1041
f 1204/808/1042 1221/799/1042 1224/805/1042 1203/809/1042
f 1203/809/1043 1224/805/1043 1225/793/1043 1208/810/1043
f 1207/811/1044 1222/794/1044 1226/802/1044 1206/812/1044
f 1205/813/1045 1223/788/1045 1221/799/1045 1204/808/1045
f 1208/810/1046 1225/793/1046 1222/794/1046 1207/811/1046
f 1206/814/1047 1226/787/1047 1223/788/1047 1205/813/1047
f 1183/759/1048 1217/797/1048 1214/798/1048 1184/756/1048
f 1184/756/1049 1214/798/1049 1210/807/1049 1179/754/1049
f 1179/754/1050 1210/807/1050 1211/801/1050 1180/753/1050
f 1180/753/1051 1211/801/1051 1219/791/1051 1181/763/1051
f 1181/763/1052 1219/791/1052 1216/792/1052 1182/765/1052
f 1182/760/1053 1216/804/1053 1217/797/1053 1183/759/1053
f 1237/815/1054 1249/818/1054 1243/817/1054 1231/816/1054
f 1227/819/1055 1239/822/1055 1250/821/1055 1238/820/1055
f 1234/823/1056 1246/826/1056 1240/825/1056 1228/824/1056
f 1230/827/1057 1242/830/1057 1247/829/1057 1235/828/1057
f 1238/820/1058 1250/821/1058 1244/832/1058 1232/831/1058
f 1235/828/1059 1247/829/1059 1241/834/1059 1229/833/1059
f 1231/816/1060 1243/817/1060 1248/836/1060 1236/835/1060
f 1228/824/1061 1240/825/1061 1245/838/1061 1233/837/1061
f 1236/835/1062 1248/836/1062 1242/840/1062 1230/839/1062
f 1232/831/1063 1244/832/1063 1249/818/1063 1237/815/1063
f 1233/837/1064 1245/838/1064 1239/822/1064 1227/819/1064
f 1229/833/1065 1241/834/1065 1246/826/1065 1234/823/1065
f 1247/829/1066 1259/842/1066 1253/841/1066 1241/834/1066
f 1243/817/1067 1255/844/1067 1260/843/1067 1248/836/1067
f 1240/825/1068 1252/846/1068 1257/845/1068 1245/838/1068
f 1248/836/1069 1260/843/1069 1254/847/1069 1242/840/1069
f 1244/832/1070 1256/849/1070 1261/848/1070 1249/818/1070
f 1245/838/1071 1257/845/1071 1251/850/1071 1239/822/1071
f 1241/834/1072 1253/841/1072 1258/851/1072 1246/826/1072
f 1249/818/1073 1261/848/1073 1255/844/1073 1243/817/1073
f 1239/822/1074 1251/850/1074 1262/852/1074 1250/821/1074
f 1246/826/1075 1258/851/1075 1252/846/1075 1240/825/1075
f 1242/830/1076 1254/853/1076 1259/842/1076 1247/829/1076
f 1250/821/1077 1262/852/1077 1256/849/1077 1244/832/1077
f 1231/816/1078 1267/855/1078 1273/854/1078 1237/815/1078
f 1238/820/1079 1274/857/1079 1263/856/1079 1227/819/1079
f 1228/824/1080 1264/859/1080 1270/858/1080 1234/823/1080
f 1235/828/1081 1271/861/1081 1266/860/1081 1230/827/1081
f 1232/831/1082 1268/862/1082 1274/857/1082 1238/820/1082
f 1229/833/1083 1265/863/1083 1271/861/1083 1235/828/1083
f 1236/835/1084 1272/864/1084 1267/855/1084 1231/816/1084
f 1233/837/1085 1269/865/1085 1264/859/1085 1228/824/1085
f 1230/839/1086 1266/866/1086 1272/864/1086 1236/835/1086
f 1237/815/1087 1273/854/1087 1268/862/1087 1232/831/1087
f 1227/819/1088 1263/856/1088 1269/865/1088 1233/837/1088
f 1234/823/1089 1270/858/1089 1265/863/1089 1229/833/1089
f 1262/852/1090 1274/868/1090 1268/867/1090 1256/849/1090
f 1256/849/1091 1268/867/1091 1273/869/1091 1261/848/1091
f 1261/848/1092 1273/869/1092 1267/870/1092 1255/844/1092
f 1255/844/1093 1267/870/1093 1272/871/1093 1260/843/1093
f 1260/843/1094 1272/871/1094 1266/872/1094 1254/847/1094
f 1254/853/1095 1266/874/1095 1271/873/1095 1259/842/1095
f 1259/842/1096 1271/873/1096 1265/875/1096 1253/841/1096
f 1253/841/1097 1265/875/1097 1270/876/1097 1258/851/1097
f 1258/851/1098 1270/876/1098 1264/877/1098 1252/846/1098
f 1252/846/1099 1264/877/1099 1269/878/1099 1257/845/1099
f 1257/845/1100 1269/878/1100 1263/879/1100 1251/850/1100
f 1251/850/1101 1263/879/1101 1274/868/1101 1262/852/1101
f 1285/880/1102 1279/883/1102 1291/882/1102 1297/881/1102
f 1275/884/1103 1286/887/1103 1298/886/1103 1287/885/1103
f 1282/888/1104 1276/891/1104 1288/890/1104 1294/889/1104
f 1278/892/1105 1283/895/1105 1295/894/1105 1290/893/1105
f 1286/887/1106 1280/897/1106 1292/896/1106 1298/886/1106
f 1283/895/1107 1277/899/1107 1289/898/1107 1295/894/1107
f 1279/883/1108 1284/901/1108 1296/900/1108 1291/882/1108
f 1276/891/1109 1281/903/1109 1293/902/1109 1288/890/1109
f 1284/901/1110 1278/905/1110 1290/904/1110 1296/900/1110
f 1280/897/1111 1285/880/1111 1297/881/1111 1292/896/1111
f 1281/903/1112 1275/884/1112 1287/885/1112 1293/902/1112
f 1277/899/1113 1282/888/1113 1294/889/1113 1289/898/1113
f 1295/894/1114 1289/898/1114 1301/907/1114 1307/906/1114
f 1291/882/1115 1296/900/1115 1308/909/1115 1303/908/1115
f 1288/890/1116 1293/902/1116 1305/911/1116 1300/910/1116
f 1296/900/1117 1290/904/1117 1302/912/1117 1308/909/1117
f 1292/896/1118 1297/881/1118 1309/914/1118 1304/913/1118
f 1293/902/1119 1287/885/1119 1299/915/1119 1305/911/1119
f 1289/898/1120 1294/889/1120 1306/916/1120 1301/907/1120
f 1297/881/1121 1291/882/1121 1303/908/1121 1309/914/1121
f 1287/885/1122 1298/886/1122 1310/917/1122 1299/915/1122
f 1294/889/1123 1288/890/1123 1300/910/1123 1306/916/1123
f 1290/893/1124 1295/894/1124 1307/906/1124 1302/918/1124
f 1298/886/1125 1292/896/1125 1304/913/1125 1310/917/1125
f 1279/883/1126 1285/880/1126 1321/920/1126 1315/919/1126
f 1286/887/1127 1275/884/1127 1311/922/1127 1322/921/1127
f 1276/891/1128 1282/888/1128 1318/924/1128 1312/923/1128
f 1283/895/1129 1278/892/1129 1314/926/1129 1319/925/1129
f 1280/897/1130 1286/887/1130 1322/921/1130 1316/927/1130
f 1277/899/1131 1283/895/1131 1319/925/1131 1313/928/1131
f 1284/901/1132 1279/883/1132 1315/919/1132 1320/929/1132
f 1281/903/1133 1276/891/1133 1312/923/1133 1317/930/1133
f 1278/905/1134 1284/901/1134 1320/929/1134 1314/931/1134
f 1285/880/1135 1280/897/1135 1316/927/1135 1321/920/1135
f 1275/884/1136 1281/903/1136 1317/930/1136 1311/922/1136
f 1282/888/1137 1277/899/1137 1313/928/1137 1318/924/1137
f 1310/917/1138 1304/913/1138 1316/933/1138 1322/932/1138
f 1304/913/1139 1309/914/1139 1321/934/1139 1316/933/1139
f 1309/914/1140 1303/908/1140 1315/935/1140 1321/934/1140
f 1303/908/1141 1308/909/1141 1320/936/1141 1315/935/1141
f 1308/909/1142 1302/912/1142 1314/937/1142 1320/936/1142
f 1302/918/1143 1307/906/1143 1319/939/1143 1314/938/1143
f 1307/906/1144 1301/907/1144 1313/940/1144 1319/939/1144
f 1301/907/1145 1306/916/1145 1318/941/1145 1313/940/1145
f 1306/916/1146 1300/910/1146 1312/942/1146 1318/941/1146
f 1300/910/1147 1305/911/1147 1317/943/1147 1312/942/1147
f 1305/911/1148 1299/915/1148 1311/944/1148 1317/943/1148
f 1299/915/1149 1310/917/1149 1322/932/1149 1311/944/1149
s 1
f 1332/945/1150 1331/946/1151 1349/947/1152 1350/948/1153
f 1325/949/1154 1324/950/1155 1342/951/1156 1343/952/1157
f 1340/953/1158 1339/954/1159 1357/955/1160 1358/956/1161
f 1333/957/1162 1332/945/1150 1350/948/1153 1351/958/1163
f 1326/959/1164 1325/949/1154 1343/952/1157 1344/960/1165
f 1323/961/1166 1340/962/1158 1358/963/1161 1341/964/1167
f 1334/965/1168 1333/957/1162 1351/958/1163 1352/966/1169
f 1327/967/1170 1326/959/1164 1344/960/1165 1345/968/1171
f 1335/969/1172 1334/965/1168 1352/966/1169 1353/970/1173
f 1328/971/1174 1327/967/1170 1345/968/1171 1346/972/1175
f 1336/973/1176 1335/969/1172 1353/970/1173 1354/974/1177
f 1329/975/1178 1328/971/1174 1346/972/1175 1347/976/1179
f 1337/977/1180 1336/973/1176 1354/974/1177 1355/978/1181
f 1330/979/1182 1329/975/1178 1347/976/1179 1348/980/1183
f 1338/981/1184 1337/977/1180 1355/978/1181 1356/982/1185
f 1331/946/1151 1330/979/1182 1348/980/1183 1349/947/1152
f 1324/950/1155 1323/961/1166 1341/964/1167 1342/951/1156
f 1339/954/1159 1338/981/1184 1356/982/1185 1357/955/1160
f 1414/983/1186 1413/984/1187 1371/985/1188 1372/986/1189
f 1416/987/1190 1415/988/1191 1364/989/1192 1365/990/1193
f 1417/991/1194 1414/983/1186 1372/986/1189 1373/992/1195
f 1418/993/1196 1416/987/1190 1365/990/1193 1366/994/1197
f 1419/995/1198 1417/991/1194 1373/992/1195 1374/996/1199
f 1420/997/1200 1418/993/1196 1366/994/1197 1367/998/1201
f 1422/999/1202 1421/1000/1203 1359/1001/1204 1360/1002/1205
f 1423/1003/1206 1419/995/1198 1374/996/1199 1375/1004/1207
f 1424/1005/1208 1420/997/1200 1367/998/1201 1368/1006/1209
f 1425/1007/1210 1422/999/1202 1360/1002/1205 1361/1008/1211
f 1426/1009/1212 1423/1003/1206 1375/1004/1207 1376/1010/1213
f 1427/1011/1214 1424/1005/1208 1368/1006/1209 1369/1012/1215
f 1428/1013/1216 1425/1007/1210 1361/1008/1211 1362/1014/1217
f 1421/1000/1203 1426/1015/1212 1376/1016/1213 1359/1001/1204
f 1429/1017/1218 1427/1011/1214 1369/1012/1215 1370/1018/1219
f 1430/1019/1220 1428/1013/1216 1362/1014/1217 1363/1020/1221
f 1413/984/1187 1429/1017/1218 1370/1018/1219 1371/985/1188
f 1415/988/1191 1430/1019/1220 1363/1020/1221 1364/989/1192
f 1373/992/1195 1372/986/1189 1390/1021/1222 1391/1022/1223
f 1366/994/1197 1365/990/1193 1383/1023/1224 1384/1024/1225
f 1374/996/1199 1373/992/1195 1391/1022/1223 1392/1025/1226
f 1367/998/1201 1366/994/1197 1384/1024/1225 1385/1026/1227
f 1360/1002/1205 1359/1001/1204 1377/1027/1228 1378/1028/1229
f 1375/1004/1207 1374/996/1199 1392/1025/1226 1393/1029/1230
f 1368/1006/1209 1367/998/1201 1385/1026/1227 1386/1030/1231
f 1361/1008/1211 1360/1002/1205 1378/1028/1229 1379/1031/1232
f 1376/1010/1213 1375/1004/1207 1393/1029/1230 1394/1032/1233
f 1369/1012/1215 1368/1006/1209 1386/1030/1231 1387/1033/1234
f 1362/1014/1217 1361/1008/1211 1379/1031/1232 1380/1034/1235
f 1359/1001/1204 1376/1016/1213 1394/1035/1233 1377/1027/1228
f 1370/1018/1219 1369/1012/1215 1387/1033/1234 1388/1036/1236
f 1363/1020/1221 1362/1014/1217 1380/1034/1235 1381/1037/1237
f 1371/985/1188 1370/1018/1219 1388/1036/1236 1389/1038/1238
f 1364/989/1192 1363/1020/1221 1381/1037/1237 1382/1039/1239
f 1372/986/1189 1371/985/1188 1389/1038/1238 1390/1021/1222
f 1365/990/1193 1364/989/1192 1382/1039/1239 1383/1023/1224
f 1452/1040/1240 1449/1041/1241 1409/1042/1242 1410/1043/1243
f 1453/1044/1244 1450/1045/1245 1402/1046/1246 1403/1047/1247
f 1454/1048/1248 1451/1049/1249 1395/1050/1250 1396/1051/1251
f 1455/1052/1252 1452/1040/1240 1410/1043/1243 1411/1053/1253
f 1456/1054/1254 1453/1044/1244 1403/1047/1247 1404/1055/1255
f 1457/1056/1256 1454/1048/1248 1396/1051/1251 1397/1057/1257
f 1458/1058/1258 1455/1052/1252 1411/1053/1253 1412/1059/1259
f 1459/1060/1260 1456/1054/1254 1404/1055/1255 1405/1061/1261
f 1460/1062/1262 1457/1056/1256 1397/1057/1257 1398/1063/1263
f 1451/1049/1249 1458/1064/1258 1412/1065/1259 1395/1050/1250
f 1461/1066/1264 1459/1060/1260 1405/1061/1261 1406/1067/1265
f 1462/1068/1266 1460/1062/1262 1398/1063/1263 1399/1069/1267
f 1463/1070/1268 1461/1066/1264 1406/1067/1265 1407/1071/1269
f 1464/1072/1270 1462/1068/1266 1399/1069/1267 1400/1073/1271
f 1465/1074/1272 1463/1070/1268 1407/1071/1269 1408/1075/1273
f 1466/1076/1274 1464/1072/1270 1400/1073/1271 1401/1077/1275
f 1449/1041/1241 1465/1074/1272 1408/1075/1273 1409/1042/1242
f 1450/1045/1245 1466/1076/1274 1401/1077/1275 1402/1046/1246
f 1346/972/1175 1345/968/1171 1430/1019/1220 1415/988/1191
f 1353/970/1173 1352/966/1169 1429/1017/1218 1413/984/1187
f 1345/968/1171 1344/960/1165 1428/1013/1216 1430/1019/1220
f 1352/966/1169 1351/958/1163 1427/1011/1214 1429/1017/1218
f 1341/964/1167 1358/963/1161 1426/1015/1212 1421/1000/1203
f 1344/960/1165 1343/952/1157 1425/1007/1210 1428/1013/1216
f 1351/958/1163 1350/948/1153 1424/1005/1208 1427/1011/1214
f 1358/956/1161 1357/955/1160 1423/1003/1206 1426/1009/1212
f 1343/952/1157 1342/951/1156 1422/999/1202 1425/1007/1210
f 1350/948/1153 1349/947/1152 1420/997/1200 1424/1005/1208
f 1357/955/1160 1356/982/1185 1419/995/1198 1423/1003/1206
f 1342/951/1156 1341/964/1167 1421/1000/1203 1422/999/1202
f 1349/947/1152 1348/980/1183 1418/993/1196 1420/997/1200
f 1356/982/1185 1355/978/1181 1417/991/1194 1419/995/1198
f 1348/980/1183 1347/976/1179 1416/987/1190 1418/993/1196
f 1355/978/1181 1354/974/1177 1414/983/1186 1417/991/1194
f 1347/976/1179 1346/972/1175 1415/988/1191 1416/987/1190
f 1354/974/1177 1353/970/1173 1413/984/1187 1414/983/1186
f 1392/1025/1226 1391/1022/1223 1446/1078/1276 1431/1079/1277
f 1385/1026/1227 1384/1024/1225 1447/1080/1278 1432/1081/1279
f 1378/1028/1229 1377/1027/1228 1448/1082/1280 1433/1083/1281
f 1393/1029/1230 1392/1025/1226 1431/1079/1277 1434/1084/1282
f 1386/1030/1231 1385/1026/1227 1432/1081/1279 1435/1085/1283
f 1379/1031/1232 1378/1028/1229 1433/1083/1281 1436/1086/1284
f 1394/1032/1233 1393/1029/1230 1434/1084/1282 1437/1087/1285
f 1387/1033/1234 1386/1030/1231 1435/1085/1283 1438/1088/1286
f 1380/1034/1235 1379/1031/1232 1436/1086/1284 1439/1089/1287
f 1377/1027/1228 1394/1035/1233 1437/1090/1285 1448/1082/1280
f 1388/1036/1236 1387/1033/1234 1438/1088/1286 1440/1091/1288
f 1381/1037/1237 1380/1034/1235 1439/1089/1287 1441/1092/1289
f 1389/1038/1238 1388/1036/1236 1440/1091/1288 1442/1093/1290
f 1382/1039/1239 1381/1037/1237 1441/1092/1289 1443/1094/1291
f 1390/1021/1222 1389/1038/1238 1442/1093/1290 1444/1095/1292
f 1383/1023/1224 1382/1039/1239 1443/1094/1291 1445/1096/1293
f 1391/1022/1223 1390/1021/1222 1444/1095/1292 1446/1078/1276
f 1384/1024/1225 1383/1023/1224 1445/1096/1293 1447/1080/1278
f 1502/1097/1294 1471/1098/1295 1472/1099/1296 1501/1100/1297
f 1500/1101/1298 1467/1102/1299 1468/1103/1300 1499/1104/1301
f 1498/1105/1302 1502/1097/1294 1501/1100/1297 1497/1106/1303
f 1496/1107/1304 1500/1101/1298 1499/1104/1301 1495/1108/1305
f 1494/1109/1306 1498/1105/1302 1497/1106/1303 1493/1110/1307
f 1492/1111/1308 1496/1107/1304 1495/1108/1305 1491/1112/1309
f 1490/1113/1310 1494/1109/1306 1493/1110/1307 1489/1114/1311
f 1488/1115/1312 1492/1111/1308 1491/1112/1309 1487/1116/1313
f 1486/1117/1314 1475/1118/1315 1476/1119/1316 1485/1120/1317
f 1484/1121/1318 1490/1113/1310 1489/1114/1311 1483/1122/1319
f 1482/1123/1320 1488/1115/1312 1487/1116/1313 1481/1124/1321
f 1480/1125/1322 1486/1126/1314 1485/1127/1317 1479/1128/1323
f 1478/1129/1324 1484/1121/1318 1483/1122/1319 1477/1130/1325
f 1474/1131/1326 1482/1123/1320 1481/1124/1321 1473/1132/1327
f 1470/1133/1328 1480/1125/1322 1479/1128/1323 1469/1134/1329
f 1475/1118/1315 1478/1129/1324 1477/1130/1325 1476/1119/1316
f 1471/1098/1295 1474/1131/1326 1473/1132/1327 1472/1099/1296
f 1467/1102/1299 1470/1133/1328 1469/1134/1329 1468/1103/1300
f 1431/1079/1277 1446/1078/1276 1468/1103/1300 1469/1134/1329
f 1503/1135/1330 1504/1136/1331 1449/1041/1241 1452/1040/1240
f 1446/1078/1276 1444/1095/1292 1499/1104/1301 1468/1103/1300
f 1504/1136/1331 1505/1137/1332 1465/1074/1272 1449/1041/1241
f 1506/1138/1333 1503/1135/1330 1452/1040/1240 1455/1052/1252
f 1434/1084/1282 1431/1079/1277 1469/1134/1329 1479/1128/1323
f 1432/1081/1279 1447/1080/1278 1472/1099/1296 1473/1132/1327
f 1507/1139/1334 1508/1140/1335 1450/1045/1245 1453/1044/1244
f 1447/1080/1278 1445/1096/1293 1501/1100/1297 1472/1099/1296
f 1508/1140/1335 1509/1141/1336 1466/1076/1274 1450/1045/1245
f 1510/1142/1337 1507/1139/1334 1453/1044/1244 1456/1054/1254
f 1435/1085/1283 1432/1081/1279 1473/1132/1327 1481/1124/1321
f 1433/1083/1281 1448/1082/1280 1476/1119/1316 1477/1130/1325
f 1511/1143/1338 1512/1144/1339 1451/1049/1249 1454/1048/1248
f 1448/1082/1280 1437/1090/1285 1485/1120/1317 1476/1119/1316
f 1512/1144/1339 1513/1145/1340 1458/1064/1258 1451/1049/1249
f 1514/1146/1341 1511/1143/1338 1454/1048/1248 1457/1056/1256
f 1436/1086/1284 1433/1083/1281 1477/1130/1325 1483/1122/1319
f 1513/1147/1340 1506/1138/1333 1455/1052/1252 1458/1058/1258
f 1437/1087/1285 1434/1084/1282 1479/1128/1323 1485/1127/1317
f 1515/1148/1342 1510/1142/1337 1456/1054/1254 1459/1060/1260
f 1438/1088/1286 1435/1085/1283 1481/1124/1321 1487/1116/1313
f 1516/1149/1343 1514/1146/1341 1457/1056/1256 1460/1062/1262
f 1439/1089/1287 1436/1086/1284 1483/1122/1319 1489/1114/1311
f 1517/1150/1344 1515/1148/1342 1459/1060/1260 1461/1066/1264
f 1440/1091/1288 1438/1088/1286 1487/1116/1313 1491/1112/1309
f 1518/1151/1345 1516/1149/1343 1460/1062/1262 1462/1068/1266
f 1441/1092/1289 1439/1089/1287 1489/1114/1311 1493/1110/1307
f 1519/1152/1346 1517/1150/1344 1461/1066/1264 1463/1070/1268
f 1442/1093/1290 1440/1091/1288 1491/1112/1309 1495/1108/1305
f 1520/1153/1347 1518/1151/1345 1462/1068/1266 1464/1072/1270
f 1443/1094/1291 1441/1092/1289 1493/1110/1307 1497/1106/1303
f 1505/1137/1332 1519/1152/1346 1463/1070/1268 1465/1074/1272
f 1444/1095/1292 1442/1093/1290 1495/1108/1305 1499/1104/1301
f 1509/1141/1336 1520/1153/1347 1464/1072/1270 1466/1076/1274
f 1445/1096/1293 1443/1094/1291 1497/1106/1303 1501/1100/1297
f 1502/1097/1294 1498/1105/1302 1520/1153/1347 1509/1141/1336
f 1500/1101/1298 1496/1107/1304 1519/1152/1346 1505/1137/1332
f 1498/1105/1302 1494/1109/1306 1518/1151/1345 1520/1153/1347
f 1496/1107/1304 1492/1111/1308 1517/1150/1344 1519/1152/1346
f 1494/1109/1306 1490/1113/1310 1516/1149/1343 1518/1151/1345
f 1492/1111/1308 1488/1115/1312 1515/1148/1342 1517/1150/1344
f 1490/1113/1310 1484/1121/1318 1514/1146/1341 1516/1149/1343
f 1488/1115/1312 1482/1123/1320 1510/1142/1337 1515/1148/1342
f 1486/1126/1314 1480/1125/1322 1506/1138/1333 1513/1147/1340
f 1484/1121/1318 1478/1129/1324 1511/1143/1338 1514/1146/1341
f 1475/1118/1315 1486/1117/1314 1513/1145/1340 1512/1144/1339
f 1478/1129/1324 1475/1118/1315 1512/1144/1339 1511/1143/1338
f 1482/1123/1320 1474/1131/1326 1507/1139/1334 1510/1142/1337
f 1471/1098/1295 1502/1097/1294 1509/1141/1336 1508/1140/1335
f 1474/1131/1326 1471/1098/1295 1508/1140/1335 1507/1139/1334
f 1480/1125/1322 1470/1133/1328 1503/1135/1330 1506/1138/1333
f 1467/1102/1299 1500/1101/1298 1505/1137/1332 1504/1136/1331
f 1470/1133/1328 1467/1102/1299 1504/1136/1331 1503/1135/1330
f 1337/977/1180 1338/981/1184 1536/1154/1348 1535/1155/1349
f 1330/979/1182 1331/946/1151 1529/1156/1350 1528/1157/1351
f 1323/961/1166 1324/950/1155 1522/1158/1352 1521/1159/1353
f 1338/981/1184 1339/954/1159 1537/1160/1354 1536/1154/1348
f 1331/946/1151 1332/945/1150 1530/1161/1355 1529/1156/1350
f 1324/950/1155 1325/949/1154 1523/1162/1356 1522/1158/1352
f 1339/954/1159 1340/953/1158 1538/1163/1357 1537/1160/1354
f 1332/945/1150 1333/957/1162 1531/1164/1358 1530/1161/1355
f 1325/949/1154 1326/959/1164 1524/1165/1359 1523/1162/1356
f 1340/962/1158 1323/961/1166 1521/1159/1353 1538/1166/1357
f 1333/957/1162 1334/965/1168 1532/1167/1360 1531/1164/1358
f 1326/959/1164 1327/967/1170 1525/1168/1361 1524/1165/1359
f 1334/965/1168 1335/969/1172 1533/1169/1362 1532/1167/1360
f 1327/967/1170 1328/971/1174 1526/1170/1363 1525/1168/1361
f 1335/969/1172 1336/973/1176 1534/1171/1364 1533/1169/1362
f 1328/971/1174 1329/975/1178 1527/1172/1365 1526/1170/1363
f 1336/973/1176 1337/977/1180 1535/1155/1349 1534/1171/1364
f 1329/975/1178 1330/979/1182 1528/1157/1351 1527/1172/1365
f 1548/945/1366 1566/948/1367 1565/947/1368 1547/946/1369
f 1541/949/1370 1559/952/1371 1558/951/1372 1540/950/1373
f 1556/953/1374 1574/956/1375 1573/955/1376 1555/954/1377
f 1549/957/1378 1567/958/1379 1566/948/1367 1548/945/1366
f 1542/959/1380 1560/960/1381 1559/952/1371 1541/949/1370
f 1539/961/1382 1557/964/1383 1574/963/1375 1556/962/1374
f 1550/965/1384 1568/966/1385 1567/958/1379 1549/957/1378
f 1543/967/1386 1561/968/1387 1560/960/1381 1542/959/1380
f 1551/969/1388 1569/970/1389 1568/966/1385 1550/965/1384
f 1544/971/1390 1562/972/1391 1561/968/1387 1543/967/1386
f 1552/973/1392 1570/974/1393 1569/970/1389 1551/969/1388
f 1545/975/1394 1563/976/1395 1562/972/1391 1544/971/1390
f 1553/977/1396 1571/978/1397 1570/974/1393 1552/973/1392
f 1546/979/1398 1564/980/1399 1563/976/1395 1545/975/1394
f 1554/981/1400 1572/982/1401 1571/978/1397 1553/977/1396
f 1547/946/1369 1565/947/1368 1564/980/1399 1546/979/1398
f 1540/950/1373 1558/951/1372 1557/964/1383 1539/961/1382
f 1555/954/1377 1573/955/1376 1572/982/1401 1554/981/1400
f 1630/983/1402 1588/986/1403 1587/985/1404 1629/984/1405
f 1632/987/1406 1581/990/1407 1580/989/1408 1631/988/1409
f 1633/991/1410 1589/992/1411 1588/986/1403 1630/983/1402
f 1634/993/1412 1582/994/1413 1581/990/1407 1632/987/1406
f 1635/995/1414 1590/996/1415 1589/992/1411 1633/991/1410
f 1636/997/1416 1583/998/1417 1582/994/1413 1634/993/1412
f 1638/999/1418 1576/1002/1419 1575/1001/1420 1637/1000/1421
f 1639/1003/1422 1591/1004/1423 1590/996/1415 1635/995/1414
f 1640/1005/1424 1584/1006/1425 1583/998/1417 1636/997/1416
f 1641/1007/1426 1577/1008/1427 1576/1002/1419 1638/999/1418
f 1642/1009/1428 1592/1010/1429 1591/1004/1423 1639/1003/1422
f 1643/1011/1430 1585/1012/1431 1584/1006/1425 1640/1005/1424
f 1644/1013/1432 1578/1014/1433 1577/1008/1427 1641/1007/1426
f 1637/1000/1421 1575/1001/1420 1592/1016/1429 1642/1015/1428
f 1645/1017/1434 1586/1018/1435 1585/1012/1431 1643/1011/1430
f 1646/1019/1436 1579/1020/1437 1578/1014/1433 1644/1013/1432
f 1629/984/1405 1587/985/1404 1586/1018/1435 1645/1017/1434
f 1631/988/1409 1580/989/1408 1579/1020/1437 1646/1019/1436
f 1589/992/1411 1607/1022/1237 1606/1021/1239 1588/986/1403
f 1582/994/1413 1600/1024/1236 1599/1023/1238 1581/990/1407
f 1590/996/1415 1608/1025/1235 1607/1022/1237 1589/992/1411
f 1583/998/1417 1601/1026/1234 1600/1024/1236 1582/994/1413
f 1576/1002/1419 1594/1028/1233 1593/1027/1228 1575/1001/1420
f 1591/1004/1423 1609/1029/1232 1608/1025/1235 1590/996/1415
f 1584/1006/1425 1602/1030/1231 1601/1026/1234 1583/998/1417
f 1577/1008/1427 1595/1031/1230 1594/1028/1233 1576/1002/1419
f 1592/1010/1429 1610/1032/1229 1609/1029/1232 1591/1004/1423
f 1585/1012/1431 1603/1033/1227 1602/1030/1231 1584/1006/1425
f 1578/1014/1433 1596/1034/1226 1595/1031/1230 1577/1008/1427
f 1575/1001/1420 1593/1027/1228 1610/1035/1229 1592/1016/1429
f 1586/1018/1435 1604/1036/1225 1603/1033/1227 1585/1012/1431
f 1579/1020/1437 1597/1037/1223 1596/1034/1226 1578/1014/1433
f 1587/985/1404 1605/1038/1224 1604/1036/1225 1586/1018/1435
f 1580/989/1408 1598/1039/1222 1597/1037/1223 1579/1020/1437
f 1588/986/1403 1606/1021/1239 1605/1038/1224 1587/985/1404
f 1581/990/1407 1599/1023/1238 1598/1039/1222 1580/989/1408
f 1668/1040/1438 1626/1043/1439 1625/1042/1440 1665/1041/1441
f 1669/1044/1442 1619/1047/1443 1618/1046/1444 1666/1045/1445
f 1670/1048/1446 1612/1051/1447 1611/1050/1448 1667/1049/1449
f 1671/1052/1450 1627/1053/1451 1626/1043/1439 1668/1040/1438
f 1672/1054/1452 1620/1055/1453 1619/1047/1443 1669/1044/1442
f 1673/1056/1454 1613/1057/1455 1612/1051/1447 1670/1048/1446
f 1674/1058/1456 1628/1059/1457 1627/1053/1451 1671/1052/1450
f 1675/1060/1458 1621/1061/1459 1620/1055/1453 1672/1054/1452
f 1676/1062/1460 1614/1063/1461 1613/1057/1455 1673/1056/1454
f 1667/1049/1449 1611/1050/1448 1628/1065/1457 1674/1064/1456
f 1677/1066/1462 1622/1067/1463 1621/1061/1459 1675/1060/1458
f 1678/1068/1464 1615/1069/1465 1614/1063/1461 1676/1062/1460
f 1679/1070/1466 1623/1071/1467 1622/1067/1463 1677/1066/1462
f 1680/1072/1468 1616/1073/1469 1615/1069/1465 1678/1068/1464
f 1681/1074/1470 1624/1075/1471 1623/1071/1467 1679/1070/1466
f 1682/1076/1472 1617/1077/1473 1616/1073/1469 1680/1072/1468
f 1665/1041/1441 1625/1042/1440 1624/1075/1471 1681/1074/1470
f 1666/1045/1445 1618/1046/1444 1617/1077/1473 1682/1076/1472
f 1562/972/1391 1631/988/1409 1646/1019/1436 1561/968/1387
f 1569/970/1389 1629/984/1405 1645/1017/1434 1568/966/1385
f 1561/968/1387 1646/1019/1436 1644/1013/1432 1560/960/1381
f 1568/966/1385 1645/1017/1434 1643/1011/1430 1567/958/1379
f 1557/964/1383 1637/1000/1421 1642/1015/1428 1574/963/1375
f 1560/960/1381 1644/1013/1432 1641/1007/1426 1559/952/1371
f 1567/958/1379 1643/1011/1430 1640/1005/1424 1566/948/1367
f 1574/956/1375 1642/1009/1428 1639/1003/1422 1573/955/1376
f 1559/952/1371 1641/1007/1426 1638/999/1418 1558/951/1372
f 1566/948/1367 1640/1005/1424 1636/997/1416 1565/947/1368
f 1573/955/1376 1639/1003/1422 1635/995/1414 1572/982/1401
f 1558/951/1372 1638/999/1418 1637/1000/1421 1557/964/1383
f 1565/947/1368 1636/997/1416 1634/993/1412 1564/980/1399
f 1572/982/1401 1635/995/1414 1633/991/1410 1571/978/1397
f 1564/980/1399 1634/993/1412 1632/987/1406 1563/976/1395
f 1571/978/1397 1633/991/1410 1630/983/1402 1570/974/1393
f 1563/976/1395 1632/987/1406 1631/988/1409 1562/972/1391
f 1570/974/1393 1630/983/1402 1629/984/1405 1569/970/1389
f 1608/1025/1235 1647/1079/1287 1662/1078/1289 1607/1022/1237
f 1601/1026/1234 1648/1081/1286 1663/1080/1288 1600/1024/1236
f 1594/1028/1233 1649/1083/1285 1664/1082/1280 1593/1027/1228
f 1609/1029/1232 1650/1084/1474 1647/1079/1287 1608/1025/1235
f 1602/1030/1231 1651/1085/1283 1648/1081/1286 1601/1026/1234
f 1595/1031/1230 1652/1086/1475 1649/1083/1285 1594/1028/1233
f 1610/1032/1229 1653/1087/1281 1650/1084/1474 1609/1029/1232
f 1603/1033/1227 1654/1088/1279 1651/1085/1283 1602/1030/1231
f 1596/1034/1226 1655/1089/1277 1652/1086/1475 1595/1031/1230
f 1593/1027/1228 1664/1082/1280 1653/1090/1281 1610/1035/1229
f 1604/1036/1225 1656/1091/1278 1654/1088/1279 1603/1033/1227
f 1597/1037/1223 1657/1092/1276 1655/1089/1277 1596/1034/1226
f 1605/1038/1224 1658/1093/1293 1656/1091/1278 1604/1036/1225
f 1598/1039/1222 1659/1094/1292 1657/1092/1276 1597/1037/1223
f 1606/1021/1239 1660/1095/1291 1658/1093/1293 1605/1038/1224
f 1599/1023/1238 1661/1096/1290 1659/1094/1292 1598/1039/1222
f 1607/1022/1237 1662/1078/1289 1660/1095/1291 1606/1021/1239
f 1600/1024/1236 1663/1080/1288 1661/1096/1290 1599/1023/1238
f 1718/1097/1476 1717/1100/1477 1688/1099/1478 1687/1098/1479
f 1716/1101/1480 1715/1104/1481 1684/1103/1482 1683/1102/1483
f 1714/1105/1484 1713/1106/1485 1717/1100/1477 1718/1097/1476
f 1712/1107/1486 1711/1108/1487 1715/1104/1481 1716/1101/1480
f 1710/1109/1488 1709/1110/1489 1713/1106/1485 1714/1105/1484
f 1708/1111/1490 1707/1112/1491 1711/1108/1487 1712/1107/1486
f 1706/1113/1492 1705/1114/1493 1709/1110/1489 1710/1109/1488
f 1704/1115/1494 1703/1116/1495 1707/1112/1491 1708/1111/1490
f 1702/1117/1496 1701/1120/1497 1692/1119/1498 1691/1118/1499
f 1700/1121/1500 1699/1122/1501 1705/1114/1493 1706/1113/1492
f 1698/1123/1502 1697/1124/1503 1703/1116/1495 1704/1115/1494
f 1696/1125/1504 1695/1128/1505 1701/1127/1497 1702/1126/1496
f 1694/1129/1506 1693/1130/1507 1699/1122/1501 1700/1121/1500
f 1690/1131/1508 1689/1132/1509 1697/1124/1503 1698/1123/1502
f 1686/1133/1510 1685/1134/1511 1695/1128/1505 1696/1125/1504
f 1691/1118/1499 1692/1119/1498 1693/1130/1507 1694/1129/1506
f 1687/1098/1479 1688/1099/1478 1689/1132/1509 1690/1131/1508
f 1683/1102/1483 1684/1103/1482 1685/1134/1511 1686/1133/1510
f 1647/1079/1287 1685/1134/1511 1684/1103/1482 1662/1078/1289
f 1719/1135/1512 1668/1040/1438 1665/1041/1441 1720/1136/1513
f 1662/1078/1289 1684/1103/1482 1715/1104/1481 1660/1095/1291
f 1720/1136/1513 1665/1041/1441 1681/1074/1470 1721/1137/1514
f 1722/1138/1515 1671/1052/1450 1668/1040/1438 1719/1135/1512
f 1650/1084/1474 1695/1128/1505 1685/1134/1511 1647/1079/1287
f 1648/1081/1286 1689/1132/1509 1688/1099/1478 1663/1080/1288
f 1723/1139/1516 1669/1044/1442 1666/1045/1445 1724/1140/1517
f 1663/1080/1288 1688/1099/1478 1717/1100/1477 1661/1096/1290
f 1724/1140/1517 1666/1045/1445 1682/1076/1472 1725/1141/1518
f 1726/1142/1519 1672/1054/1452 1669/1044/1442 1723/1139/1516
f 1651/1085/1283 1697/1124/1503 1689/1132/1509 1648/1081/1286
f 1649/1083/1285 1693/1130/1507 1692/1119/1498 1664/1082/1280
f 1727/1143/1520 1670/1048/1446 1667/1049/1449 1728/1144/1521
f 1664/1082/1280 1692/1119/1498 1701/1120/1497 1653/1090/1281
f 1728/1144/1521 1667/1049/1449 1674/1064/1456 1729/1145/1522
f 1730/1146/1523 1673/1056/1454 1670/1048/1446 1727/1143/1520
f 1652/1086/1475 1699/1122/1501 1693/1130/1507 1649/1083/1285
f 1729/1147/1522 1674/1058/1456 1671/1052/1450 1722/1138/1515
f 1653/1087/1281 1701/1127/1497 1695/1128/1505 1650/1084/1474
f 1731/1148/1524 1675/1060/1458 1672/1054/1452 1726/1142/1519
f 1654/1088/1279 1703/1116/1495 1697/1124/1503 1651/1085/1283
f 1732/1149/1525 1676/1062/1460 1673/1056/1454 1730/1146/1523
f 1655/1089/1277 1705/1114/1493 1699/1122/1501 1652/1086/1475
f 1733/1150/1526 1677/1066/1462 1675/1060/1458 1731/1148/1524
f 1656/1091/1278 1707/1112/1491 1703/1116/1495 1654/1088/1279
f 1734/1151/1527 1678/1068/1464 1676/1062/1460 1732/1149/1525
f 1657/1092/1276 1709/1110/1489 1705/1114/1493 1655/1089/1277
f 1735/1152/1528 1679/1070/1466 1677/1066/1462 1733/1150/1526
f 1658/1093/1293 1711/1108/1487 1707/1112/1491 1656/1091/1278
f 1736/1153/1529 1680/1072/1468 1678/1068/1464 1734/1151/1527
f 1659/1094/1292 1713/1106/1485 1709/1110/1489 1657/1092/1276
f 1721/1137/1514 1681/1074/1470 1679/1070/1466 1735/1152/1528
f 1660/1095/1291 1715/1104/1481 1711/1108/1487 1658/1093/1293
f 1725/1141/1518 1682/1076/1472 1680/1072/1468 1736/1153/1529
f 1661/1096/1290 1717/1100/1477 1713/1106/1485 1659/1094/1292
f 1718/1097/1476 1725/1141/1518 1736/1153/1529 1714/1105/1484
f 1716/1101/1480 1721/1137/1514 1735/1152/1528 1712/1107/1486
f 1714/1105/1484 1736/1153/1529 1734/1151/1527 1710/1109/1488
f 1712/1107/1486 1735/1152/1528 1733/1150/1526 1708/1111/1490
f 1710/1109/1488 1734/1151/1527 1732/1149/1525 1706/1113/1492
f 1708/1111/1490 1733/1150/1526 1731/1148/1524 1704/1115/1494
f 1706/1113/1492 1732/1149/1525 1730/1146/1523 1700/1121/1500
f 1704/1115/1494 1731/1148/1524 1726/1142/1519 1698/1123/1502
f 1702/1126/1496 1729/1147/1522 1722/1138/1515 1696/1125/1504
f 1700/1121/1500 1730/1146/1523 1727/1143/1520 1694/1129/1506
f 1691/1118/1499 1728/1144/1521 1729/1145/1522 1702/1117/1496
f 1694/1129/1506 1727/1143/1520 1728/1144/1521 1691/1118/1499
f 1698/1123/1502 1726/1142/1519 1723/1139/1516 1690/1131/1508
f 1687/1098/1479 1724/1140/1517 1725/1141/1518 1718/1097/1476
f 1690/1131/1508 1723/1139/1516 1724/1140/1517 1687/1098/1479
f 1696/1125/1504 1722/1138/1515 1719/1135/1512 1686/1133/1510
f 1683/1102/1483 1720/1136/1513 1721/1137/1514 1716/1101/1480
f 1686/1133/1510 1719/1135/1512 1720/1136/1513 1683/1102/1483
f 1553/977/1396 1751/1155/1361 1752/1154/1359 1554/981/1400
f 1546/979/1398 1744/1157/1360 1745/1156/1358 1547/946/1369
f 1539/961/1382 1737/1159/1353 1738/1158/1357 1540/950/1373
f 1554/981/1400 1752/1154/1359 1753/1160/1356 1555/954/1377
f 1547/946/1369 1745/1156/1358 1746/1161/1355 1548/945/1366
f 1540/950/1373 1738/1158/1357 1739/1162/1354 1541/949/1370
f 1555/954/1377 1753/1160/1356 1754/1163/1352 1556/953/1374
f 1548/945/1366 1746/1161/1355 1747/1164/1350 1549/957/1378
f 1541/949/1370 1739/1162/1354 1740/1165/1348 1542/959/1380
f 1556/962/1374 1754/1166/1352 1737/1159/1353 1539/961/1382
f 1549/957/1378 1747/1164/1350 1748/1167/1351 1550/965/1384
f 1542/959/1380 1740/1165/1348 1741/1168/1349 1543/967/1386
f 1550/965/1384 1748/1167/1351 1749/1169/1365 1551/969/1388
f 1543/967/1386 1741/1168/1349 1742/1170/1364 1544/971/1390
f 1551/969/1388 1749/1169/1365 1750/1171/1363 1552/973/1392
f 1544/971/1390 1742/1170/1364 1743/1172/1362 1545/975/1394
f 1552/973/1392 1750/1171/1363 1751/1155/1361 1553/977/1396
f 1545/975/1394 1743/1172/1362 1744/1157/1360 1546/979/1398
s 0
f 1862/1173/1530 1756/1174/1530 1765/1175/1530 1864/1176/1530
f 1758/1177/1531 1757/1178/1531 1766/1179/1531 1767/1180/1531
f 1759/1181/1532 1758/1177/1532 1767/1180/1532 1768/1182/1532
f 1760/1183/1533 1759/1181/1533 1768/1182/1533 1769/1184/1533
f 1761/1185/1534 1760/1183/1534 1769/1184/1534 1770/1186/1534
f 1762/1187/1535 1761/1185/1535 1770/1186/1535 1771/1188/1535
f 1755/1189/1536 1762/1187/1536 1771/1188/1536 1763/1190/1536
f 1788/1191/1537 1787/1192/1537 1776/1193/1537 1777/1194/1537
f 1790/1195/1538 1789/1196/1538 1774/1197/1538 1775/1198/1538
f 1866/1199/1539 1791/1200/1539 1772/1201/1539 1863/1202/1539
f 1793/1203/1540 1788/1191/1540 1777/1194/1540 1778/1204/1540
f 1787/1192/1541 1790/1195/1541 1775/1198/1541 1776/1193/1541
f 1789/1196/1542 1792/1205/1542 1773/1206/1542 1774/1197/1542
f 1794/1207/1543 1793/1203/1543 1778/1204/1543 1764/1208/1543
f 1863/1202/1544 1772/1201/1544 1780/1209/1544 1865/1210/1544
f 1778/1204/1545 1777/1194/1545 1785/1211/1545 1786/1212/1545
f 1776/1193/1546 1775/1198/1546 1783/1213/1546 1784/1214/1546
f 1774/1197/1547 1773/1206/1547 1781/1215/1547 1782/1216/1547
f 1764/1208/1548 1778/1204/1548 1786/1212/1548 1779/1217/1548
f 1777/1194/1549 1776/1193/1549 1784/1214/1549 1785/1211/1549
f 1775/1198/1550 1774/1197/1550 1782/1216/1550 1783/1213/1550
f 1763/1190/1551 1771/1188/1551 1793/1203/1551 1794/1207/1551
f 1767/1180/1552 1766/1179/1552 1792/1205/1552 1789/1196/1552
f 1769/1184/1553 1768/1182/1553 1790/1195/1553 1787/1192/1553
f 1771/1188/1554 1770/1186/1554 1788/1191/1554 1793/1203/1554
f 1864/1176/1555 1765/1175/1555 1791/1200/1555 1866/1199/1555
f 1768/1182/1556 1767/1180/1556 1789/1196/1556 1790/1195/1556
f 1770/1186/1557 1769/1184/1557 1787/1192/1557 1788/1191/1557
f 1797/1218/1558 1806/1219/1558 1868/1220/1558 1871/1221/1558
f 1798/1222/1559 1807/1223/1559 1806/1219/1559 1797/1218/1559
f 1799/1224/1560 1808/1225/1560 1807/1223/1560 1798/1222/1560
f 1800/1226/1561 1809/1227/1561 1808/1225/1561 1799/1224/1561
f 1801/1228/1562 1810/1229/1562 1809/1227/1562 1800/1226/1562
f 1802/1230/1563 1811/1231/1563 1810/1229/1563 1801/1228/1563
f 1795/1232/1564 1803/1233/1564 1811/1231/1564 1802/1230/1564
f 1828/1234/1565 1817/1235/1565 1816/1236/1565 1827/1237/1565
f 1830/1238/1566 1815/1239/1566 1814/1240/1566 1829/1241/1566
f 1870/1242/1567 1867/1243/1567 1812/1244/1567 1831/1245/1567
f 1833/1246/1568 1818/1247/1568 1817/1235/1568 1828/1234/1568
f 1827/1237/1569 1816/1236/1569 1815/1239/1569 1830/1238/1569
f 1829/1241/1570 1814/1240/1570 1813/1248/1570 1832/1249/1570
f 1834/1250/1571 1804/1251/1571 1818/1247/1571 1833/1246/1571
f 1867/1243/1572 1869/1252/1572 1820/1253/1572 1812/1244/1572
f 1818/1247/1573 1826/1254/1573 1825/1255/1573 1817/1235/1573
f 1816/1236/1574 1824/1256/1574 1823/1257/1574 1815/1239/1574
f 1814/1240/1575 1822/1258/1575 1821/1259/1575 1813/1248/1575
f 1804/1251/1576 1819/1260/1576 1826/1254/1576 1818/1247/1576
f 1817/1235/1577 1825/1255/1577 1824/1256/1577 1816/1236/1577
f 1815/1239/1578 1823/1257/1578 1822/1258/1578 1814/1240/1578
f 1803/1233/1579 1834/1250/1579 1833/1246/1579 1811/1231/1579
f 1807/1223/1580 1829/1241/1580 1832/1249/1580 1806/1219/1580
f 1809/1227/1581 1827/1237/1581 1830/1238/1581 1808/1225/1581
f 1811/1231/1582 1833/1246/1582 1828/1234/1582 1810/1229/1582
f 1868/1220/1583 1870/1242/1583 1831/1245/1583 1805/1261/1583
f 1808/1225/1584 1830/1238/1584 1829/1241/1584 1807/1223/1584
f 1810/1229/1585 1828/1234/1585 1827/1237/1585 1809/1227/1585
f 1756/1174/1586 1862/1173/1586 1871/1262/1586 1796/1263/1586
f 1757/1178/1587 1758/1177/1587 1798/1264/1587 1797/1265/1587
f 1758/1177/1588 1759/1181/1588 1799/1266/1588 1798/1264/1588
f 1759/1181/1589 1760/1183/1589 1800/1267/1589 1799/1266/1589
f 1760/1183/1590 1761/1185/1590 1801/1268/1590 1800/1267/1590
f 1761/1185/1591 1762/1187/1591 1802/1269/1591 1801/1268/1591
f 1762/1187/1592 1755/1189/1592 1795/1270/1592 1802/1269/1592
f 1765/1175/1593 1756/1174/1593 1796/1263/1593 1805/1261/1593
f 1755/1189/1594 1763/1271/1594 1803/1272/1594 1795/1270/1594
f 1772/1201/1595 1791/1200/1595 1831/1245/1595 1812/1244/1595
f 1763/1271/1596 1794/1273/1596 1834/1274/1596 1803/1272/1596
f 1865/1210/1597 1780/1209/1597 1820/1253/1597 1869/1252/1597
f 1782/1216/1598 1781/1215/1598 1821/1259/1598 1822/1258/1598
f 1783/1213/1599 1782/1216/1599 1822/1258/1599 1823/1257/1599
f 1784/1214/1600 1783/1213/1600 1823/1257/1600 1824/1256/1600
f 1785/1211/1601 1784/1214/1601 1824/1256/1601 1825/1255/1601
f 1786/1212/1602 1785/1211/1602 1825/1255/1602 1826/1254/1602
f 1779/1217/1603 1786/1212/1603 1826/1254/1603 1819/1260/1603
f 1780/1209/1604 1772/1201/1604 1812/1244/1604 1820/1253/1604
f 1764/1275/1605 1779/1276/1605 1819/1277/1605 1804/1278/1605
f 1791/1200/1606 1765/1175/1606 1805/1261/1606 1831/1245/1606
f 1794/1273/1607 1764/1275/1607 1804/1278/1607 1834/1274/1607
f 1859/1279/1608 1860/1280/1608 1845/1281/1608 1837/1282/1608
f 1841/1283/1609 1849/1284/1609 1850/1285/1609 1842/1286/1609
f 1839/1287/1610 1847/1288/1610 1848/1289/1610 1840/1290/1610
f 1837/1282/1611 1845/1281/1611 1846/1291/1611 1838/1292/1611
f 1842/1286/1612 1850/1285/1612 1843/1293/1612 1835/1294/1612
f 1840/1290/1613 1848/1289/1613 1849/1284/1613 1841/1283/1613
f 1838/1292/1614 1846/1291/1614 1847/1288/1614 1839/1287/1614
f 1850/1285/1615 1858/1295/1615 1851/1296/1615 1843/1293/1615
f 1848/1289/1616 1856/1297/1616 1857/1298/1616 1849/1284/1616
f 1846/1291/1617 1854/1299/1617 1855/1300/1617 1847/1288/1617
f 1860/1280/1618 1861/1301/1618 1853/1302/1618 1845/1281/1618
f 1849/1284/1619 1857/1298/1619 1858/1295/1619 1850/1285/1619
f 1847/1288/1620 1855/1300/1620 1856/1297/1620 1848/1289/1620
f 1845/1281/1621 1853/1302/1621 1854/1299/1621 1846/1291/1621
f 1796/1303/1622 1836/1304/1622 1859/1279/1622 1871/1305/1622
f 1838/1292/1623 1798/1306/1623 1797/1307/1623 1837/1282/1623
f 1839/1287/1624 1799/1308/1624 1798/1306/1624 1838/1292/1624
f 1835/1294/1625 1842/1286/1625 1802/1309/1625 1795/1310/1625
f 1840/1290/1626 1800/1311/1626 1799/1308/1626 1839/1287/1626
f 1844/1312/1627 1852/1313/1627 1861/1301/1627 1860/1280/1627
f 1836/1304/1628 1844/1312/1628 1860/1280/1628 1859/1279/1628
f 1781/1215/1629 1865/1210/1629 1869/1252/1629 1821/1259/1629
f 1806/1219/1630 1832/1249/1630 1870/1242/1630 1868/1220/1630
f 1813/1248/1631 1821/1259/1631 1869/1252/1631 1867/1243/1631
f 1832/1249/1632 1813/1248/1632 1867/1243/1632 1870/1242/1632
f 1766/1179/1633 1864/1176/1633 1866/1199/1633 1792/1205/1633
f 1773/1206/1634 1863/1202/1634 1865/1210/1634 1781/1215/1634
f 1792/1205/1635 1866/1199/1635 1863/1202/1635 1773/1206/1635
f 1757/1178/1636 1862/1173/1636 1864/1176/1636 1766/1179/1636
f 1841/1283/1637 1801/1314/1637 1800/1311/1637 1840/1290/1637
f 1871/1262/1638 1862/1173/1638 1757/1178/1638 1797/1265/1638
f 1871/1305/1639 1859/1279/1639 1837/1282/1639 1797/1307/1639
f 1871/1221/1640 1868/1220/1640 1805/1261/1640 1796/1263/1640
f 1842/1286/1641 1802/1309/1641 1801/1314/1641 1841/1283/1641
f 1964/1173/1642 1966/1176/1642 1879/1175/1642 1756/1174/1642
f 1873/1177/1643 1881/1180/1643 1880/1179/1643 1872/1178/1643
f 1874/1181/1644 1882/1182/1644 1881/1180/1644 1873/1177/1644
f 1875/1183/1645 1883/1184/1645 1882/1182/1645 1874/1181/1645
f 1876/1185/1646 1884/1186/1646 1883/1184/1646 1875/1183/1646
f 1877/1187/1647 1885/1188/1647 1884/1186/1647 1876/1185/1647
f 1755/1189/1648 1878/1190/1648 1885/1188/1648 1877/1187/1648
f 1901/1191/1649 1891/1194/1649 1890/1193/1649 1900/1192/1649
f 1903/1195/1650 1889/1198/1650 1888/1197/1650 1902/1196/1650
f 1968/1199/1651 1965/1202/1651 1886/1201/1651 1904/1200/1651
f 1906/1203/1652 1892/1204/1652 1891/1194/1652 1901/1191/1652
f 1900/1192/1653 1890/1193/1653 1889/1198/1653 1903/1195/1653
f 1902/1196/1654 1888/1197/1654 1887/1206/1654 1905/1205/1654
f 1907/1207/1655 1764/1208/1655 1892/1204/1655 1906/1203/1655
f 1965/1202/1656 1967/1210/1656 1893/1209/1656 1886/1201/1656
f 1892/1204/1657 1899/1212/1657 1898/1211/1657 1891/1194/1657
f 1890/1193/1658 1897/1214/1658 1896/1213/1658 1889/1198/1658
f 1888/1197/1659 1895/1216/1659 1894/1215/1659 1887/1206/1659
f 1764/1208/1660 1779/1217/1660 1899/1212/1660 1892/1204/1660
f 1891/1194/1661 1898/1211/1661 1897/1214/1661 1890/1193/1661
f 1889/1198/1662 1896/1213/1662 1895/1216/1662 1888/1197/1662
f 1878/1190/1663 1907/1207/1663 1906/1203/1663 1885/1188/1663
f 1881/1180/1664 1902/1196/1664 1905/1205/1664 1880/1179/1664
f 1883/1184/1665 1900/1192/1665 1903/1195/1665 1882/1182/1665
f 1885/1188/1666 1906/1203/1666 1901/1191/1666 1884/1186/1666
f 1966/1176/1667 1968/1199/1667 1904/1200/1667 1879/1175/1667
f 1882/1182/1668 1903/1195/1668 1902/1196/1668 1881/1180/1668
f 1884/1186/1669 1901/1191/1669 1900/1192/1669 1883/1184/1669
f 1908/1218/1670 1973/1221/1670 1970/1220/1670 1916/1219/1670
f 1909/1222/1671 1908/1218/1671 1916/1219/1671 1917/1223/1671
f 1910/1224/1672 1909/1222/1672 1917/1223/1672 1918/1225/1672
f 1911/1226/1673 1910/1224/1673 1918/1225/1673 1919/1227/1673
f 1912/1228/1674 1911/1226/1674 1919/1227/1674 1920/1229/1674
f 1913/1230/1675 1912/1228/1675 1920/1229/1675 1921/1231/1675
f 1795/1232/1676 1913/1230/1676 1921/1231/1676 1803/1233/1676
f 1937/1234/1677 1936/1237/1677 1926/1236/1677 1927/1235/1677
f 1939/1238/1678 1938/1241/1678 1924/1240/1678 1925/1239/1678
f 1972/1242/1679 1940/1245/1679 1922/1244/1679 1969/1243/1679
f 1942/1246/1680 1937/1234/1680 1927/1235/1680 1928/1247/1680
f 1936/1237/1681 1939/1238/1681 1925/1239/1681 1926/1236/1681
f 1938/1241/1682 1941/1249/1682 1923/1248/1682 1924/1240/1682
f 1834/1250/1683 1942/1246/1683 1928/1247/1683 1914/1251/1683
f 1969/1243/1684 1922/1244/1684 1929/1253/1684 1971/1252/1684
f 1928/1247/1685 1927/1235/1685 1934/1255/1685 1935/1254/1685
f 1926/1236/1686 1925/1239/1686 1932/1257/1686 1933/1256/1686
f 1924/1240/1687 1923/1248/1687 1930/1259/1687 1931/1258/1687
f 1914/1251/1688 1928/1247/1688 1935/1254/1688 1819/1260/1688
f 1927/1235/1689 1926/1236/1689 1933/1256/1689 1934/1255/1689
f 1925/1239/1690 1924/1240/1690 1931/1258/1690 1932/1257/1690
f 1803/1233/1691 1921/1231/1691 1942/1246/1691 1834/1250/1691
f 1917/1223/1692 1916/1219/1692 1941/1249/1692 1938/1241/1692
f 1919/1227/1693 1918/1225/1693 1939/1238/1693 1936/1237/1693
f 1921/1231/1694 1920/1229/1694 1937/1234/1694 1942/1246/1694
f 1970/1220/1695 1915/1261/1695 1940/1245/1695 1972/1242/1695
f 1918/1225/1696 1917/1223/1696 1938/1241/1696 1939/1238/1696
f 1920/1229/1697 1919/1227/1697 1936/1237/1697 1937/1234/1697
f 1756/1174/1698 1796/1263/1698 1973/1262/1698 1964/1173/1698
f 1872/1178/1699 1908/1265/1699 1909/1264/1699 1873/1177/1699
f 1873/1177/1700 1909/1264/1700 1910/1266/1700 1874/1181/1700
f 1874/1181/1701 1910/1266/1701 1911/1267/1701 1875/1183/1701
f 1875/1183/1702 1911/1267/1702 1912/1268/1702 1876/1185/1702
f 1876/1185/1703 1912/1268/1703 1913/1269/1703 1877/1187/1703
f 1877/1187/1704 1913/1269/1704 1795/1270/1704 1755/1189/1704
f 1879/1175/1705 1915/1261/1705 1796/1263/1705 1756/1174/1705
f 1755/1189/1706 1795/1270/1706 1803/1272/1706 1878/1271/1706
f 1886/1201/1707 1922/1244/1707 1940/1245/1707 1904/1200/1707
f 1878/1271/1708 1803/1272/1708 1834/1274/1708 1907/1273/1708
f 1967/1210/1709 1971/1252/1709 1929/1253/1709 1893/1209/1709
f 1895/1216/1710 1931/1258/1710 1930/1259/1710 1894/1215/1710
f 1896/1213/1711 1932/1257/1711 1931/1258/1711 1895/1216/1711
f 1897/1214/1712 1933/1256/1712 1932/1257/1712 1896/1213/1712
f 1898/1211/1713 1934/1255/1713 1933/1256/1713 1897/1214/1713
f 1899/1212/1714 1935/1254/1714 1934/1255/1714 1898/1211/1714
f 1779/1217/1715 1819/1260/1715 1935/1254/1715 1899/1212/1715
f 1893/1209/1716 1929/1253/1716 1922/1244/1716 1886/1201/1716
f 1764/1275/1717 1914/1278/1717 1819/1277/1717 1779/1276/1717
f 1904/1200/1718 1940/1245/1718 1915/1261/1718 1879/1175/1718
f 1907/1273/1719 1834/1274/1719 1914/1278/1719 1764/1275/1719
f 1961/1279/1720 1943/1282/1720 1949/1281/1720 1962/1280/1720
f 1947/1283/1721 1948/1286/1721 1954/1285/1721 1953/1284/1721
f 1945/1287/1722 1946/1290/1722 1952/1289/1722 1951/1288/1722
f 1943/1282/1723 1944/1292/1723 1950/1291/1723 1949/1281/1723
f 1948/1286/1724 1835/1294/1724 1843/1293/1724 1954/1285/1724
f 1946/1290/1725 1947/1283/1725 1953/1284/1725 1952/1289/1725
f 1944/1292/1726 1945/1287/1726 1951/1288/1726 1950/1291/1726
f 1954/1285/1727 1843/1293/1727 1851/1296/1727 1960/1295/1727
f 1952/1289/1728 1953/1284/1728 1959/1298/1728 1958/1297/1728
f 1950/1291/1729 1951/1288/1729 1957/1300/1729 1956/1299/1729
f 1962/1280/1730 1949/1281/1730 1955/1302/1730 1963/1301/1730
f 1953/1284/1731 1954/1285/1731 1960/1295/1731 1959/1298/1731
f 1951/1288/1732 1952/1289/1732 1958/1297/1732 1957/1300/1732
f 1949/1281/1733 1950/1291/1733 1956/1299/1733 1955/1302/1733
f 1796/1303/1734 1973/1305/1734 1961/1279/1734 1836/1304/1734
f 1944/1292/1735 1943/1282/1735 1908/1307/1735 1909/1306/1735
f 1945/1287/1736 1944/1292/1736 1909/1306/1736 1910/1308/1736
f 1835/1294/1737 1795/1310/1737 1913/1309/1737 1948/1286/1737
f 1946/1290/1738 1945/1287/1738 1910/1308/1738 1911/1311/1738
f 1844/1312/1739 1962/1280/1739 1963/1301/1739 1852/1313/1739
f 1836/1304/1740 1961/1279/1740 1962/1280/1740 1844/1312/1740
f 1894/1215/1741 1930/1259/1741 1971/1252/1741 1967/1210/1741
f 1916/1219/1742 1970/1220/1742 1972/1242/1742 1941/1249/1742
f 1923/1248/1743 1969/1243/1743 1971/1252/1743 1930/1259/1743
f 1941/1249/1744 1972/1242/1744 1969/1243/1744 1923/1248/1744
f 1880/1179/1745 1905/1205/1745 1968/1199/1745 1966/1176/1745
f 1887/1206/1746 1894/1215/1746 1967/1210/1746 1965/1202/1746
f 1905/1205/1747 1887/1206/1747 1965/1202/1747 1968/1199/1747
f 1872/1178/1748 1880/1179/1748 1966/1176/1748 1964/1173/1748
f 1947/1283/1749 1946/1290/1749 1911/1311/1749 1912/1314/1749
f 1973/1262/1750 1908/1265/1750 1872/1178/1750 1964/1173/1750
f 1973/1305/1751 1908/1307/1751 1943/1282/1751 1961/1279/1751
f 1973/1221/1752 1796/1263/1752 1915/1261/1752 1970/1220/1752
f 1948/1286/1753 1947/1283/1753 1912/1314/1753 1913/1309/1753
s 1
f 1977/1315/1754 1976/1316/1755 1975/1317/1756 1996/1318/1757
f 1996/1318/1757 1975/1317/1756 1974/1319/1758 2003/1320/1759
f 2003/1321/1759 1974/1322/1758 1995/1323/1760 1994/1324/1761
f 1978/1325/1762 1977/1315/1754 1996/1318/1757 1997/1326/1757
f 1997/1326/1757 1996/1318/1757 2003/1320/1759 2004/1327/1763
f 2004/1328/1763 2003/1321/1759 1994/1324/1761 1993/1329/1764
f 1979/1330/1765 1978/1325/1762 1997/1326/1757 1998/1331/1757
f 1998/1331/1757 1997/1326/1757 2004/1327/1763 2005/1332/1766
f 2005/1333/1766 2004/1328/1763 1993/1329/1764 1992/1334/1767
f 1980/1335/1768 1979/1330/1765 1998/1331/1757 1999/1336/1769
f 1999/1336/1769 1998/1331/1757 2005/1332/1766 2006/1337/1770
f 2006/1338/1770 2005/1333/1766 1992/1334/1767 1991/1339/1771
f 1981/1340/1772 1980/1335/1768 1999/1336/1769 2000/1341/1773
f 2000/1341/1773 1999/1336/1769 2006/1337/1770 2007/1342/1774
f 2007/1343/1774 2006/1338/1770 1991/1339/1771 1990/1344/1775
f 1982/1345/1776 1981/1340/1772 2000/1341/1773 2001/1346/1777
f 2001/1346/1777 2000/1341/1773 2007/1342/1774 2008/1347/1778
f 2008/1348/1778 2007/1343/1774 1990/1344/1775 1989/1349/1779
f 1983/1350/1780 1982/1345/1776 2001/1346/1777 2002/1351/1781
f 2002/1351/1781 2001/1346/1777 2008/1347/1778 2009/1352/1782
f 2009/1353/1782 2008/1348/1778 1989/1349/1779 1988/1354/1783
f 2129/1355/1784 1983/1350/1780 2002/1351/1781 2131/1356/1785
f 2131/1356/1785 2002/1351/1781 2009/1352/1782 2132/1357/1786
f 2132/1358/1786 2009/1353/1782 1988/1354/1783 2130/1359/1787
f 2129/1360/1784 2135/1361/1788 2062/1362/1789 1983/1363/1780
f 1991/1364/1771 2043/1365/1790 2061/1366/1791 1990/1367/1775
f 1976/1368/1755 2041/1369/1792 2060/1370/1793 1975/1371/1756
f 1983/1363/1780 2062/1362/1789 2059/1372/1794 1982/1373/1776
f 1990/1367/1775 2061/1366/1791 2058/1374/1795 1989/1375/1779
f 1975/1371/1756 2060/1370/1793 2057/1376/1796 1974/1377/1758
f 1982/1373/1776 2059/1372/1794 2056/1378/1797 1981/1379/1772
f 1989/1375/1779 2058/1374/1795 2055/1380/1798 1988/1381/1783
f 1974/1382/1758 2057/1383/1796 2054/1384/1799 1995/1385/1760
f 1981/1379/1772 2056/1378/1797 2053/1386/1800 1980/1387/1768
f 2130/1388/1787 2136/1389/1801 2052/1390/1802 1987/1391/1803
f 1995/1385/1760 2054/1384/1799 2051/1392/1804 1994/1393/1761
f 1980/1387/1768 2053/1386/1800 2050/1394/1805 1979/1395/1765
f 1987/1391/1803 2052/1390/1802 2049/1396/1806 1986/1397/1807
f 1994/1393/1761 2051/1392/1804 2048/1398/1808 1993/1399/1764
f 1979/1395/1765 2050/1394/1805 2047/1400/1809 1978/1401/1762
f 1986/1402/1807 2049/1403/1806 2046/1404/1810 1985/1405/1811
f 1993/1399/1764 2048/1398/1808 2044/1406/1812 1992/1407/1767
f 1978/1401/1762 2047/1400/1809 2042/1408/1813 1977/1409/1754
f 1985/1405/1811 2046/1404/1810 2045/1410/1814 1984/1411/1815
f 1992/1407/1767 2044/1406/1812 2043/1365/1790 1991/1364/1771
f 1977/1409/1754 2042/1408/1813 2041/1369/1792 1976/1368/1755
f 2135/1361/1788 2137/1412/1816 2084/1413/1817 2062/1362/1789
f 2043/1365/1790 2064/1414/1818 2083/1415/1819 2061/1366/1791
f 2041/1369/1792 2063/1416/1820 2082/1417/1821 2060/1370/1793
f 2062/1362/1789 2084/1413/1817 2081/1418/1822 2059/1372/1794
f 2061/1366/1791 2083/1415/1819 2080/1419/1823 2058/1374/1795
f 2060/1370/1793 2082/1417/1821 2079/1420/1824 2057/1376/1796
f 2059/1372/1794 2081/1418/1822 2078/1421/1825 2056/1378/1797
f 2058/1374/1795 2080/1419/1823 2077/1422/1826 2055/1380/1798
f 2057/1383/1796 2079/1423/1824 2076/1424/1827 2054/1384/1799
f 2056/1378/1797 2078/1421/1825 2075/1425/1828 2053/1386/1800
f 2136/1389/1801 2138/1426/1829 2074/1427/1830 2052/1390/1802
f 2054/1384/1799 2076/1424/1827 2073/1428/1831 2051/1392/1804
f 2053/1386/1800 2075/1425/1828 2072/1429/1832 2050/1394/1805
f 2052/1390/1802 2074/1427/1830 2071/1430/1833 2049/1396/1806
f 2051/1392/1804 2073/1428/1831 2070/1431/1834 2048/1398/1808
f 2050/1394/1805 2072/1429/1832 2069/1432/1835 2047/1400/1809
f 2049/1403/1806 2071/1433/1833 2068/1434/1836 2046/1404/1810
f 2048/1398/1808 2070/1431/1834 2067/1435/1837 2044/1406/1812
f 2047/1400/1809 2069/1432/1835 2066/1436/1838 2042/1408/1813
f 2046/1404/1810 2068/1434/1836 2065/1437/1839 2045/1410/1814
f 2044/1406/1812 2067/1435/1837 2064/1414/1818 2043/1365/1790
f 2042/1408/1813 2066/1436/1838 2063/1416/1820 2041/1369/1792
f 2088/1438/1840 2087/1439/1841 2086/1440/1842 2085/1441/1843
f 2090/1442/1844 2089/1443/1845 2087/1439/1841 2088/1438/1840
f 2092/1444/1846 2091/1445/1847 2089/1443/1845 2090/1442/1844
f 2094/1446/1848 2093/1447/1849 2091/1445/1847 2092/1444/1846
f 2096/1448/1850 2095/1449/1851 2093/1447/1849 2094/1446/1848
f 2098/1450/1852 2097/1451/1853 2095/1449/1851 2096/1448/1850
f 2100/1452/1854 2099/1453/1855 2097/1451/1853 2098/1450/1852
f 2102/1454/1856 2101/1455/1857 2099/1453/1855 2100/1452/1854
f 2104/1456/1858 2103/1457/1859 2101/1455/1857 2102/1454/1856
f 2139/1458/1860 2140/1459/1861 2103/1457/1859 2104/1456/1858
f 2108/1460/1862 2107/1461/1863 2105/1462/1864 2106/1463/1865
f 2110/1464/1866 2109/1465/1867 2107/1461/1863 2108/1460/1862
f 2112/1466/1868 2111/1467/1869 2109/1468/1867 2110/1469/1866
f 2141/1470/1870 2142/1471/1871 2111/1467/1869 2112/1466/1868
f 2116/1472/1872 2115/1473/1873 2113/1474/1874 2114/1475/1875
f 2118/1476/1876 2117/1477/1877 2115/1473/1873 2116/1472/1872
f 2120/1478/1878 2119/1479/1879 2117/1477/1877 2118/1476/1876
f 2122/1480/1880 2121/1481/1881 2119/1479/1879 2120/1478/1878
f 2124/1482/1882 2123/1483/1883 2121/1481/1881 2122/1480/1880
f 2126/1484/1884 2125/1485/1885 2123/1483/1883 2124/1482/1882
f 2128/1486/1886 2127/1487/1887 2125/1485/1885 2126/1484/1884
f 2085/1488/1843 2086/1489/1842 2127/1487/1887 2128/1486/1886
f 2087/1490/1841 2020/1491/1888 2019/1492/1889 2086/1493/1842
f 2079/1423/1824 2085/1488/1843 2128/1486/1886 2076/1424/1827
f 2082/1417/1821 2088/1438/1840 2085/1441/1843 2079/1420/1824
f 2086/1494/1842 2019/1495/1889 2040/1496/1890 2127/1497/1887
f 2063/1416/1820 2090/1442/1844 2088/1438/1840 2082/1417/1821
f 2089/1498/1845 2021/1499/1891 2020/1491/1888 2087/1490/1841
f 2066/1436/1838 2092/1444/1846 2090/1442/1844 2063/1416/1820
f 2091/1500/1847 2022/1501/1892 2021/1499/1891 2089/1498/1845
f 2069/1432/1835 2094/1446/1848 2092/1444/1846 2066/1436/1838
f 2093/1502/1849 2023/1503/1893 2022/1501/1892 2091/1500/1847
f 2072/1429/1832 2096/1448/1850 2094/1446/1848 2069/1432/1835
f 2095/1504/1851 2024/1505/1894 2023/1503/1893 2093/1502/1849
f 2075/1425/1828 2098/1450/1852 2096/1448/1850 2072/1429/1832
f 2097/1506/1853 2025/1507/1895 2024/1505/1894 2095/1504/1851
f 2078/1421/1825 2100/1452/1854 2098/1450/1852 2075/1425/1828
f 2099/1508/1855 2026/1509/1896 2025/1507/1895 2097/1506/1853
f 2081/1418/1822 2102/1454/1856 2100/1452/1854 2078/1421/1825
f 2101/1510/1857 2027/1511/1897 2026/1509/1896 2099/1508/1855
f 2084/1413/1817 2104/1456/1858 2102/1454/1856 2081/1418/1822
f 2103/1512/1859 2028/1513/1898 2027/1511/1897 2101/1510/1857
f 2137/1412/1816 2139/1458/1860 2104/1456/1858 2084/1413/1817
f 2140/1514/1861 2133/1515/1899 2028/1513/1898 2103/1512/1859
f 2068/1434/1836 2108/1460/1862 2106/1463/1865 2065/1437/1839
f 2107/1516/1863 2030/1517/1900 2029/1518/1901 2105/1519/1864
f 2071/1433/1833 2110/1464/1866 2108/1460/1862 2068/1434/1836
f 2109/1520/1867 2031/1521/1902 2030/1522/1900 2107/1523/1863
f 2074/1427/1830 2112/1466/1868 2110/1469/1866 2071/1430/1833
f 2111/1524/1869 2032/1525/1903 2031/1521/1902 2109/1526/1867
f 2138/1426/1829 2141/1470/1870 2112/1466/1868 2074/1427/1830
f 2142/1527/1871 2134/1528/1904 2032/1525/1903 2111/1524/1869
f 2080/1419/1823 2116/1472/1872 2114/1475/1875 2077/1422/1826
f 2115/1529/1873 2034/1530/1905 2033/1531/1906 2113/1532/1874
f 2083/1415/1819 2118/1476/1876 2116/1472/1872 2080/1419/1823
f 2117/1533/1877 2035/1534/1907 2034/1530/1905 2115/1529/1873
f 2064/1414/1818 2120/1478/1878 2118/1476/1876 2083/1415/1819
f 2119/1535/1879 2036/1536/1908 2035/1534/1907 2117/1533/1877
f 2067/1435/1837 2122/1480/1880 2120/1478/1878 2064/1414/1818
f 2121/1537/1881 2037/1538/1909 2036/1536/1908 2119/1535/1879
f 2070/1431/1834 2124/1482/1882 2122/1480/1880 2067/1435/1837
f 2123/1539/1883 2038/1540/1910 2037/1538/1909 2121/1537/1881
f 2073/1428/1831 2126/1484/1884 2124/1482/1882 2070/1431/1834
f 2125/1541/1885 2039/1542/1911 2038/1540/1910 2123/1539/1883
f 2076/1424/1827 2128/1486/1886 2126/1484/1884 2073/1428/1831
f 2127/1497/1887 2040/1496/1890 2039/1542/1911 2125/1541/1885
f 2113/1532/1874 2033/1531/1906 2134/1528/1904 2142/1527/1871
f 2077/1422/1826 2114/1475/1875 2141/1470/1870 2138/1426/1829
f 2105/1519/1864 2029/1518/1901 2133/1515/1899 2140/1514/1861
f 2065/1437/1839 2106/1463/1865 2139/1458/1860 2137/1412/1816
f 2114/1475/1875 2113/1474/1874 2142/1471/1871 2141/1470/1870
f 2106/1463/1865 2105/1462/1864 2140/1459/1861 2139/1458/1860
f 2055/1380/1798 2077/1422/1826 2138/1426/1829 2136/1389/1801
f 2045/1410/1814 2065/1437/1839 2137/1412/1816 2135/1361/1788
f 1988/1381/1783 2055/1380/1798 2136/1389/1801 2130/1388/1787
f 1984/1411/1815 2045/1410/1814 2135/1361/1788 2129/1360/1784
f 1986/1543/1807 2132/1358/1786 2130/1359/1787 1987/1544/1803
f 1985/1545/1811 2131/1356/1785 2132/1357/1786 1986/1546/1807
f 1984/1547/1815 2129/1355/1784 2131/1356/1785 1985/1545/1811
f 2016/1548/1912 2017/1549/1913 2150/1550/1914 2149/1551/1915
f 2015/1552/1916 2016/1553/1912 2149/1554/1915 2148/1555/1917
f 2014/1556/1918 2147/1557/1919 2143/1558/1920 2010/1559/1921
f 2011/1560/1922 2144/1561/1923 2150/1550/1914 2017/1549/1913
f 2013/1562/1924 2146/1563/1925 2151/1564/1926 2018/1565/1927
f 2018/1565/1927 2151/1564/1926 2144/1561/1923 2011/1560/1922
f 2015/1552/1916 2148/1555/1917 2145/1566/1928 2012/1567/1929
f 2012/1567/1929 2145/1566/1928 2147/1557/1919 2014/1556/1918
f 2145/1566/1928 2154/1568/1930 2156/1569/1931 2147/1557/1919
f 2149/1551/1915 2150/1550/1914 2159/1570/1932 2158/1571/1933
f 2147/1557/1919 2156/1569/1931 2152/1572/1934 2143/1558/1920
f 2151/1564/1926 2160/1573/1935 2153/1574/1936 2144/1561/1923
f 2144/1561/1923 2153/1574/1936 2159/1570/1932 2150/1550/1914
f 2146/1563/1925 2155/1575/1937 2160/1573/1935 2151/1564/1926
f 2148/1555/1917 2157/1576/1938 2154/1568/1930 2145/1566/1928
f 2148/1555/1917 2149/1554/1915 2158/1577/1933 2157/1576/1938
f 2158/1571/1933 2159/1570/1932 2168/1578/1939 2167/1579/1940
f 2156/1569/1931 2165/1580/1941 2161/1581/1942 2152/1572/1934
f 2160/1573/1935 2169/1582/1943 2162/1583/1944 2153/1574/1936
f 2153/1574/1936 2162/1583/1944 2168/1578/1939 2159/1570/1932
f 2155/1575/1937 2164/1584/1945 2169/1582/1943 2160/1573/1935
f 2157/1576/1938 2166/1585/1946 2163/1586/1947 2154/1568/1930
f 2157/1576/1938 2158/1577/1933 2167/1587/1940 2166/1585/1946
f 2154/1568/1930 2163/1586/1947 2165/1580/1941 2156/1569/1931
f 2026/1509/1896 2027/1511/1897 2146/1563/1925 2013/1562/1924
f 2028/1513/1898 2155/1575/1937 2146/1563/1925 2027/1511/1897
f 2133/1515/1899 2164/1584/1945 2155/1575/1937 2028/1513/1898
f 2033/1531/1906 2034/1530/1905 2010/1559/1921 2143/1558/1920
f 2152/1572/1934 2134/1528/1904 2033/1531/1906 2143/1558/1920
f 2161/1581/1942 2032/1525/1903 2134/1528/1904 2152/1572/1934
f 2165/1580/1941 2172/1588/1948 2170/1589/1949
f 2167/1579/1940 2168/1578/1939 2176/1590/1950 2175/1591/1951
f 2165/1580/1941 2170/1589/1949 2161/1581/1942
f 2162/1583/1944 2169/1582/1943 2171/1592/1952
f 2162/1583/1944 2171/1592/1952 2176/1590/1950 2168/1578/1939
f 2164/1584/1945 2173/1593/1953 2169/1582/1943
f 2166/1585/1946 2174/1594/1954 2172/1588/1948 2163/1586/1947
f 2166/1585/1946 2167/1587/1940 2175/1595/1951 2174/1594/1954
f 2163/1586/1947 2172/1588/1948 2165/1580/1941
f 2171/1592/1952 2169/1582/1943 2173/1593/1953
f 2164/1584/1945 2133/1515/1899 2173/1593/1953
f 2133/1515/1899 2029/1518/1901 2173/1593/1953
f 2173/1593/1953 2029/1518/1901 2171/1592/1952
f 2030/1517/1900 2176/1590/1950 2171/1592/1952 2029/1518/1901
f 2176/1590/1950 2030/1517/1900 2175/1591/1951
f 2161/1581/1942 2170/1589/1949 2032/1525/1903
f 2031/1521/1902 2032/1525/1903 2170/1589/1949
f 2170/1589/1949 2172/1588/1948 2031/1521/1902
f 2030/1522/1900 2031/1521/1902 2174/1594/1954
f 2174/1594/1954 2031/1521/1902 2172/1588/1948
f 2175/1595/1951 2030/1522/1900 2174/1594/1954
f 2189/1596/1955 2185/1597/1956 2184/1598/1957 2194/1599/1958
f 2184/1598/1957 2181/1600/1959 2178/1601/1960 2179/1602/1961
f 2016/1553/1912 2015/1552/1916 2186/1603/1962 2180/1604/1963
f 2180/1604/1963 2186/1603/1962 2187/1605/1964 2181/1606/1959
f 2024/1505/1894 2192/1607/1965 2188/1608/1966 2023/1503/1893
f 2017/1549/1913 2016/1548/1912 2180/1609/1963 2185/1597/1956
f 2185/1597/1956 2180/1609/1963 2181/1600/1959 2184/1598/1957
f 2194/1599/1958 2184/1598/1957 2179/1602/1961 2182/1610/1967
f 2181/1606/1959 2187/1605/1964 2177/1611/1968 2178/1612/1960
f 2192/1607/1965 2193/1613/1969 2183/1614/1970 2188/1608/1966
f 2193/1613/1969 2194/1599/1958 2182/1610/1967 2183/1614/1970
f 2025/1507/1895 2191/1615/1971 2192/1607/1965 2024/1505/1894
f 2191/1615/1971 2190/1616/1972 2193/1613/1969 2192/1607/1965
f 2190/1616/1972 2189/1596/1955 2194/1599/1958 2193/1613/1969
f 2025/1507/1895 2026/1509/1896 2013/1562/1924 2191/1615/1971
f 2190/1616/1972 2191/1615/1971 2013/1562/1924 2018/1565/1927
f 2189/1596/1955 2190/1616/1972 2018/1565/1927 2011/1560/1922
f 2185/1597/1956 2189/1596/1955 2011/1560/1922 2017/1549/1913
f 2200/1617/1973 2187/1605/1964 2186/1603/1962 2197/1618/1974
f 2203/1619/1975 2177/1611/1968 2187/1605/1964 2200/1617/1973
f 2037/1538/1909 2201/1620/1976 2198/1621/1977 2036/1536/1908
f 2201/1620/1976 2202/1622/1978 2199/1623/1979 2198/1621/1977
f 2202/1622/1978 2203/1619/1975 2200/1617/1973 2199/1623/1979
f 2036/1536/1908 2198/1621/1977 2195/1624/1980 2035/1534/1907
f 2198/1621/1977 2199/1623/1979 2196/1625/1981 2195/1624/1980
f 2199/1623/1979 2200/1617/1973 2197/1618/1974 2196/1625/1981
f 2010/1559/1921 2034/1530/1905 2035/1534/1907 2195/1624/1980
f 2014/1556/1918 2010/1559/1921 2195/1624/1980 2196/1625/1981
f 2012/1567/1929 2014/1556/1918 2196/1625/1981 2197/1618/1974
f 2015/1552/1916 2012/1567/1929 2197/1618/1974 2186/1603/1962
f 2214/1626/1982 2213/1627/1983 2206/1628/1984 2205/1629/1985
f 2220/1630/1986 2219/1631/1987 2204/1632/1988 2210/1633/1989
f 2226/1634/1990 2225/1635/1991 2209/1636/1992 2208/1637/1993
f 2213/1627/1983 2231/1638/1994 2207/1639/1995 2206/1628/1984
f 2219/1640/1987 2214/1626/1982 2205/1629/1985 2204/1641/1988
f 2225/1635/1991 2220/1630/1986 2210/1633/1989 2209/1636/1992
f 2039/1542/1911 2040/1496/1890 2222/1642/1996 2223/1643/1997
f 2223/1643/1997 2222/1642/1996 2221/1644/1998 2224/1645/1999
f 2224/1645/1999 2221/1644/1998 2220/1630/1986 2225/1635/1991
f 2019/1492/1889 2020/1491/1888 2216/1646/2000 2217/1647/2001
f 2217/1647/2001 2216/1646/2000 2215/1648/2002 2218/1649/2003
f 2218/1649/2003 2215/1648/2002 2214/1626/1982 2219/1640/1987
f 2021/1499/1891 2022/1501/1892 2229/1650/2004 2211/1651/2005
f 2211/1651/2005 2229/1650/2004 2230/1652/2006 2212/1653/2007
f 2212/1653/2007 2230/1652/2006 2231/1638/1994 2213/1627/1983
f 2038/1540/1910 2039/1542/1911 2223/1643/1997 2228/1654/2008
f 2228/1654/2008 2223/1643/1997 2224/1645/1999 2227/1655/2009
f 2227/1655/2009 2224/1645/1999 2225/1635/1991 2226/1634/1990
f 2040/1496/1890 2019/1495/1889 2217/1656/2001 2222/1642/1996
f 2222/1642/1996 2217/1656/2001 2218/1657/2003 2221/1644/1998
f 2221/1644/1998 2218/1657/2003 2219/1631/1987 2220/1630/1986
f 2020/1491/1888 2021/1499/1891 2211/1651/2005 2216/1646/2000
f 2216/1646/2000 2211/1651/2005 2212/1653/2007 2215/1648/2002
f 2215/1648/2002 2212/1653/2007 2213/1627/1983 2214/1626/1982
f 2201/1620/1976 2037/1538/1909 2038/1540/1910 2228/1654/2008
f 2202/1622/1978 2201/1620/1976 2228/1654/2008 2227/1655/2009
f 2203/1619/1975 2202/1622/1978 2227/1655/2009 2226/1634/1990
f 2177/1611/1968 2203/1619/1975 2226/1634/1990 2208/1637/1993
f 2229/1650/2004 2022/1501/1892 2023/1503/1893 2188/1608/1966
f 2230/1652/2006 2229/1650/2004 2188/1608/1966 2183/1614/1970
f 2231/1638/1994 2230/1652/2006 2183/1614/1970 2182/1610/1967
f 2207/1639/1995 2231/1638/1994 2182/1610/1967 2179/1602/1961
f 2208/1637/1993 2209/1636/1992 2240/1658/2010 2239/1659/2011
f 2204/1641/1988 2205/1629/1985 2236/1660/2012 2235/1661/2013
f 2177/1611/1968 2208/1637/1993 2239/1659/2011 2232/1662/2014
f 2209/1636/1992 2210/1633/1989 2241/1663/2015 2240/1658/2010
f 2178/1612/1960 2177/1611/1968 2232/1662/2014 2233/1664/2016
f 2205/1629/1985 2206/1628/1984 2237/1665/2017 2236/1660/2012
f 2207/1639/1995 2179/1602/1961 2234/1666/2018 2238/1667/2019
f 2210/1633/1989 2204/1632/1988 2235/1668/2013 2241/1663/2015
f 2179/1602/1961 2178/1601/1960 2233/1669/2016 2234/1666/2018
f 2206/1628/1984 2207/1639/1995 2238/1667/2019 2237/1665/2017
f 2245/1315/2020 2264/1318/1757 2243/1317/2021 2244/1316/2022
f 2264/1318/1757 2271/1320/2023 2242/1319/2024 2243/1317/2021
f 2271/1321/2023 2262/1324/2025 2263/1323/2026 2242/1322/2024
f 2246/1325/2027 2265/1326/1757 2264/1318/1757 2245/1315/2020
f 2265/1326/1757 2272/1327/2028 2271/1320/2023 2264/1318/1757
f 2272/1328/2028 2261/1329/2029 2262/1324/2025 2271/1321/2023
f 2247/1330/2030 2266/1331/1757 2265/1326/1757 2246/1325/2027
f 2266/1331/1757 2273/1332/2031 2272/1327/2028 2265/1326/1757
f 2273/1333/2031 2260/1334/2032 2261/1329/2029 2272/1328/2028
f 2248/1335/2033 2267/1336/2034 2266/1331/1757 2247/1330/2030
f 2267/1336/2034 2274/1337/2035 2273/1332/2031 2266/1331/1757
f 2274/1338/2035 2259/1339/2036 2260/1334/2032 2273/1333/2031
f 2249/1340/2037 2268/1341/2038 2267/1336/2034 2248/1335/2033
f 2268/1341/2038 2275/1342/2039 2274/1337/2035 2267/1336/2034
f 2275/1343/2039 2258/1344/2040 2259/1339/2036 2274/1338/2035
f 2250/1345/2041 2269/1346/2042 2268/1341/2038 2249/1340/2037
f 2269/1346/2042 2276/1347/2043 2275/1342/2039 2268/1341/2038
f 2276/1348/2043 2257/1349/2044 2258/1344/2040 2275/1343/2039
f 2251/1350/2045 2270/1351/2046 2269/1346/2042 2250/1345/2041
f 2270/1351/2046 2277/1352/2047 2276/1347/2043 2269/1346/2042
f 2277/1353/2047 2256/1354/2048 2257/1349/2044 2276/1348/2043
f 2397/1355/2049 2399/1356/2050 2270/1351/2046 2251/1350/2045
f 2399/1356/2050 2400/1357/2051 2277/1352/2047 2270/1351/2046
f 2400/1358/2051 2398/1359/2052 2256/1354/2048 2277/1353/2047
f 2397/1360/2049 2251/1363/2045 2330/1362/2053 2403/1361/2054
f 2259/1364/2036 2258/1367/2040 2329/1366/2055 2311/1365/2056
f 2244/1368/2022 2243/1371/2021 2328/1370/2057 2309/1369/2058
f 2251/1363/2045 2250/1373/2041 2327/1372/2059 2330/1362/2053
f 2258/1367/2040 2257/1375/2044 2326/1374/2060 2329/1366/2055
f 2243/1371/2021 2242/1377/2024 2325/1376/2061 2328/1370/2057
f 2250/1373/2041 2249/1379/2037 2324/1378/2062 2327/1372/2059
f 2257/1375/2044 2256/1381/2048 2323/1380/2063 2326/1374/2060
f 2242/1382/2024 2263/1385/2026 2322/1384/2064 2325/1383/2061
f 2249/1379/2037 2248/1387/2033 2321/1386/2065 2324/1378/2062
f 2398/1388/2052 2255/1391/2066 2320/1390/2067 2404/1389/2068
f 2263/1385/2026 2262/1393/2025 2319/1392/2069 2322/1384/2064
f 2248/1387/2033 2247/1395/2030 2318/1394/2070 2321/1386/2065
f 2255/1391/2066 2254/1397/2071 2317/1396/2072 2320/1390/2067
f 2262/1393/2025 2261/1399/2029 2316/1398/2073 2319/1392/2069
f 2247/1395/2030 2246/1401/2027 2315/1400/2074 2318/1394/2070
f 2254/1402/2071 2253/1405/2075 2314/1404/2076 2317/1403/2072
f 2261/1399/2029 2260/1407/2032 2312/1406/2077 2316/1398/2073
f 2246/1401/2027 2245/1409/2020 2310/1408/2078 2315/1400/2074
f 2253/1405/2075 2252/1411/2079 2313/1410/2080 2314/1404/2076
f 2260/1407/2032 2259/1364/2036 2311/1365/2056 2312/1406/2077
f 2245/1409/2020 2244/1368/2022 2309/1369/2058 2310/1408/2078
f 2403/1361/2054 2330/1362/2053 2352/1413/2081 2405/1412/2082
f 2311/1365/2056 2329/1366/2055 2351/1415/2083 2332/1414/2084
f 2309/1369/2058 2328/1370/2057 2350/1417/2085 2331/1416/2086
f 2330/1362/2053 2327/1372/2059 2349/1418/2087 2352/1413/2081
f 2329/1366/2055 2326/1374/2060 2348/1419/2088 2351/1415/2083
f 2328/1370/2057 2325/1376/2061 2347/1420/2089 2350/1417/2085
f 2327/1372/2059 2324/1378/2062 2346/1421/2090 2349/1418/2087
f 2326/1374/2060 2323/1380/2063 2345/1422/2091 2348/1419/2088
f 2325/1383/2061 2322/1384/2064 2344/1424/2092 2347/1423/2089
f 2324/1378/2062 2321/1386/2065 2343/1425/2093 2346/1421/2090
f 2404/1389/2068 2320/1390/2067 2342/1427/2094 2406/1426/2095
f 2322/1384/2064 2319/1392/2069 2341/1428/2096 2344/1424/2092
f 2321/1386/2065 2318/1394/2070 2340/1429/2097 2343/1425/2093
f 2320/1390/2067 2317/1396/2072 2339/1430/2098 2342/1427/2094
f 2319/1392/2069 2316/1398/2073 2338/1431/2099 2341/1428/2096
f 2318/1394/2070 2315/1400/2074 2337/1432/2100 2340/1429/2097
f 2317/1403/2072 2314/1404/2076 2336/1434/2101 2339/1433/2098
f 2316/1398/2073 2312/1406/2077 2335/1435/2102 2338/1431/2099
f 2315/1400/2074 2310/1408/2078 2334/1436/2103 2337/1432/2100
f 2314/1404/2076 2313/1410/2080 2333/1437/2104 2336/1434/2101
f 2312/1406/2077 2311/1365/2056 2332/1414/2084 2335/1435/2102
f 2310/1408/2078 2309/1369/2058 2331/1416/2086 2334/1436/2103
f 2356/1438/2105 2353/1441/2106 2354/1440/2107 2355/1439/2108
f 2358/1442/2109 2356/1438/2105 2355/1439/2108 2357/1443/2110
f 2360/1444/2111 2358/1442/2109 2357/1443/2110 2359/1445/2112
f 2362/1446/2113 2360/1444/2111 2359/1445/2112 2361/1447/2114
f 2364/1448/2115 2362/1446/2113 2361/1447/2114 2363/1449/2116
f 2366/1450/2117 2364/1448/2115 2363/1449/2116 2365/1451/2118
f 2368/1452/2119 2366/1450/2117 2365/1451/2118 2367/1453/2120
f 2370/1454/2121 2368/1452/2119 2367/1453/2120 2369/1455/2122
f 2372/1456/2123 2370/1454/2121 2369/1455/2122 2371/1457/2124
f 2407/1458/2125 2372/1456/2123 2371/1457/2124 2408/1459/2126
f 2376/1460/2127 2374/1463/2128 2373/1462/2129 2375/1461/2130
f 2378/1464/2131 2376/1460/2127 2375/1461/2130 2377/1465/2132
f 2380/1466/2133 2378/1469/2131 2377/1468/2132 2379/1467/2134
f 2409/1470/2135 2380/1466/2133 2379/1467/2134 2410/1471/2136
f 2384/1472/2137 2382/1475/2138 2381/1474/2139 2383/1473/2140
f 2386/1476/2141 2384/1472/2137 2383/1473/2140 2385/1477/2142
f 2388/1478/2143 2386/1476/2141 2385/1477/2142 2387/1479/2144
f 2390/1480/2145 2388/1478/2143 2387/1479/2144 2389/1481/2146
f 2392/1482/2147 2390/1480/2145 2389/1481/2146 2391/1483/2148
f 2394/1484/2149 2392/1482/2147 2391/1483/2148 2393/1485/2150
f 2396/1486/2151 2394/1484/2149 2393/1485/2150 2395/1487/2152
f 2353/1488/2106 2396/1486/2151 2395/1487/2152 2354/1489/2107
f 2355/1490/2108 2354/1493/2107 2287/1492/2153 2288/1491/2154
f 2347/1423/2089 2344/1424/2092 2396/1486/2151 2353/1488/2106
f 2350/1417/2085 2347/1420/2089 2353/1441/2106 2356/1438/2105
f 2354/1494/2107 2395/1497/2152 2308/1496/2155 2287/1495/2153
f 2331/1416/2086 2350/1417/2085 2356/1438/2105 2358/1442/2109
f 2357/1498/2110 2355/1490/2108 2288/1491/2154 2289/1499/2156
f 2334/1436/2103 2331/1416/2086 2358/1442/2109 2360/1444/2111
f 2359/1500/2112 2357/1498/2110 2289/1499/2156 2290/1501/2157
f 2337/1432/2100 2334/1436/2103 2360/1444/2111 2362/1446/2113
f 2361/1502/2114 2359/1500/2112 2290/1501/2157 2291/1503/2158
f 2340/1429/2097 2337/1432/2100 2362/1446/2113 2364/1448/2115
f 2363/1504/2116 2361/1502/2114 2291/1503/2158 2292/1505/2159
f 2343/1425/2093 2340/1429/2097 2364/1448/2115 2366/1450/2117
f 2365/1506/2118 2363/1504/2116 2292/1505/2159 2293/1507/2160
f 2346/1421/2090 2343/1425/2093 2366/1450/2117 2368/1452/2119
f 2367/1508/2120 2365/1506/2118 2293/1507/2160 2294/1509/2161
f 2349/1418/2087 2346/1421/2090 2368/1452/2119 2370/1454/2121
f 2369/1510/2122 2367/1508/2120 2294/1509/2161 2295/1511/2162
f 2352/1413/2081 2349/1418/2087 2370/1454/2121 2372/1456/2123
f 2371/1512/2124 2369/1510/2122 2295/1511/2162 2296/1513/2163
f 2405/1412/2082 2352/1413/2081 2372/1456/2123 2407/1458/2125
f 2408/1514/2126 2371/1512/2124 2296/1513/2163 2401/1515/2164
f 2336/1434/2101 2333/1437/2104 2374/1463/2128 2376/1460/2127
f 2375/1516/2130 2373/1519/2129 2297/1518/2165 2298/1517/2166
f 2339/1433/2098 2336/1434/2101 2376/1460/2127 2378/1464/2131
f 2377/1520/2132 2375/1523/2130 2298/1522/2166 2299/1521/2167
f 2342/1427/2094 2339/1430/2098 2378/1469/2131 2380/1466/2133
f 2379/1524/2134 2377/1526/2132 2299/1521/2167 2300/1525/2168
f 2406/1426/2095 2342/1427/2094 2380/1466/2133 2409/1470/2135
f 2410/1527/2136 2379/1524/2134 2300/1525/2168 2402/1528/2169
f 2348/1419/2088 2345/1422/2091 2382/1475/2138 2384/1472/2137
f 2383/1529/2140 2381/1532/2139 2301/1531/2170 2302/1530/2171
f 2351/1415/2083 2348/1419/2088 2384/1472/2137 2386/1476/2141
f 2385/1533/2142 2383/1529/2140 2302/1530/2171 2303/1534/2172
f 2332/1414/2084 2351/1415/2083 2386/1476/2141 2388/1478/2143
f 2387/1535/2144 2385/1533/2142 2303/1534/2172 2304/1536/2173
f 2335/1435/2102 2332/1414/2084 2388/1478/2143 2390/1480/2145
f 2389/1537/2146 2387/1535/2144 2304/1536/2173 2305/1538/2174
f 2338/1431/2099 2335/1435/2102 2390/1480/2145 2392/1482/2147
f 2391/1539/2148 2389/1537/2146 2305/1538/2174 2306/1540/2175
f 2341/1428/2096 2338/1431/2099 2392/1482/2147 2394/1484/2149
f 2393/1541/2150 2391/1539/2148 2306/1540/2175 2307/1542/2176
f 2344/1424/2092 2341/1428/2096 2394/1484/2149 2396/1486/2151
f 2395/1497/2152 2393/1541/2150 2307/1542/2176 2308/1496/2155
f 2381/1532/2139 2410/1527/2136 2402/1528/2169 2301/1531/2170
f 2345/1422/2091 2406/1426/2095 2409/1470/2135 2382/1475/2138
f 2373/1519/2129 2408/1514/2126 2401/1515/2164 2297/1518/2165
f 2333/1437/2104 2405/1412/2082 2407/1458/2125 2374/1463/2128
f 2382/1475/2138 2409/1470/2135 2410/1471/2136 2381/1474/2139
f 2374/1463/2128 2407/1458/2125 2408/1459/2126 2373/1462/2129
f 2323/1380/2063 2404/1389/2068 2406/1426/2095 2345/1422/2091
f 2313/1410/2080 2403/1361/2054 2405/1412/2082 2333/1437/2104
f 2256/1381/2048 2398/1388/2052 2404/1389/2068 2323/1380/2063
f 2252/1411/2079 2397/1360/2049 2403/1361/2054 2313/1410/2080
f 2254/1543/2071 2255/1544/2066 2398/1359/2052 2400/1358/2051
f 2253/1545/2075 2254/1546/2071 2400/1357/2051 2399/1356/2050
f 2252/1547/2079 2253/1545/2075 2399/1356/2050 2397/1355/2049
f 2284/1548/2177 2417/1551/2178 2418/1550/2179 2285/1549/2180
f 2283/1552/2181 2416/1555/2182 2417/1554/2178 2284/1553/2177
f 2282/1556/2183 2278/1559/2184 2411/1558/2185 2415/1557/2186
f 2279/1560/2187 2285/1549/2180 2418/1550/2179 2412/1561/2188
f 2281/1562/2189 2286/1565/2190 2419/1564/2191 2414/1563/2192
f 2286/1565/2190 2279/1560/2187 2412/1561/2188 2419/1564/2191
f 2283/1552/2181 2280/1567/2193 2413/1566/2194 2416/1555/2182
f 2280/1567/2193 2282/1556/2183 2415/1557/2186 2413/1566/2194
f 2413/1566/2194 2415/1557/2186 2424/1569/2195 2422/1568/2196
f 2417/1551/2178 2426/1571/2197 2427/1570/2198 2418/1550/2179
f 2415/1557/2186 2411/1558/2185 2420/1572/2199 2424/1569/2195
f 2419/1564/2191 2412/1561/2188 2421/1574/2200 2428/1573/2201
f 2412/1561/2188 2418/1550/2179 2427/1570/2198 2421/1574/2200
f 2414/1563/2192 2419/1564/2191 2428/1573/2201 2423/1575/2202
f 2416/1555/2182 2413/1566/2194 2422/1568/2196 2425/1576/2203
f 2416/1555/2182 2425/1576/2203 2426/1577/2197 2417/1554/2178
f 2426/1571/2197 2435/1579/2204 2436/1578/2205 2427/1570/2198
f 2424/1569/2195 2420/1572/2199 2429/1581/2206 2433/1580/2207
f 2428/1573/2201 2421/1574/2200 2430/1583/2208 2437/1582/2209
f 2421/1574/2200 2427/1570/2198 2436/1578/2205 2430/1583/2208
f 2423/1575/2202 2428/1573/2201 2437/1582/2209 2432/1584/2210
f 2425/1576/2203 2422/1568/2196 2431/1586/2211 2434/1585/2212
f 2425/1576/2203 2434/1585/2212 2435/1587/2204 2426/1577/2197
f 2422/1568/2196 2424/1569/2195 2433/1580/2207 2431/1586/2211
f 2294/1509/2161 2281/1562/2189 2414/1563/2192 2295/1511/2162
f 2296/1513/2163 2295/1511/2162 2414/1563/2192 2423/1575/2202
f 2401/1515/2164 2296/1513/2163 2423/1575/2202 2432/1584/2210
f 2301/1531/2170 2411/1558/2185 2278/1559/2184 2302/1530/2171
f 2420/1572/2199 2411/1558/2185 2301/1531/2170 2402/1528/2169
f 2429/1581/2206 2420/1572/2199 2402/1528/2169 2300/1525/2168
f 2433/1580/2207 2438/1589/2213 2440/1588/2214
f 2435/1579/2204 2443/1591/2215 2444/1590/2216 2436/1578/2205
f 2433/1580/2207 2429/1581/2206 2438/1589/2213
f 2430/1583/2208 2439/1592/2217 2437/1582/2209
f 2430/1583/2208 2436/1578/2205 2444/1590/2216 2439/1592/2217
f 2432/1584/2210 2437/1582/2209 2441/1593/2218
f 2434/1585/2212 2431/1586/2211 2440/1588/2214 2442/1594/2219
f 2434/1585/2212 2442/1594/2219 2443/1595/2215 2435/1587/2204
f 2431/1586/2211 2433/1580/2207 2440/1588/2214
f 2439/1592/2217 2441/1593/2218 2437/1582/2209
f 2432/1584/2210 2441/1593/2218 2401/1515/2164
f 2401/1515/2164 2441/1593/2218 2297/1518/2165
f 2441/1593/2218 2439/1592/2217 2297/1518/2165
f 2298/1517/2166 2297/1518/2165 2439/1592/2217 2444/1590/2216
f 2444/1590/2216 2443/1591/2215 2298/1517/2166
f 2429/1581/2206 2300/1525/2168 2438/1589/2213
f 2299/1521/2167 2438/1589/2213 2300/1525/2168
f 2438/1589/2213 2299/1521/2167 2440/1588/2214
f 2298/1522/2166 2442/1594/2219 2299/1521/2167
f 2442/1594/2219 2440/1588/2214 2299/1521/2167
f 2443/1595/2215 2442/1594/2219 2298/1522/2166
f 2457/1596/2220 2462/1599/2221 2452/1598/2222 2453/1597/2223
f 2452/1598/2222 2447/1602/2224 2446/1601/2225 2449/1600/2226
f 2284/1553/2177 2448/1604/2227 2454/1603/2228 2283/1552/2181
f 2448/1604/2227 2449/1606/2226 2455/1605/2229 2454/1603/2228
f 2292/1505/2159 2291/1503/2158 2456/1608/2230 2460/1607/2231
f 2285/1549/2180 2453/1597/2223 2448/1609/2227 2284/1548/2177
f 2453/1597/2223 2452/1598/2222 2449/1600/2226 2448/1609/2227
f 2462/1599/2221 2450/1610/2232 2447/1602/2224 2452/1598/2222
f 2449/1606/2226 2446/1612/2225 2445/1611/2233 2455/1605/2229
f 2460/1607/2231 2456/1608/2230 2451/1614/2234 2461/1613/2235
f 2461/1613/2235 2451/1614/2234 2450/1610/2232 2462/1599/2221
f 2293/1507/2160 2292/1505/2159 2460/1607/2231 2459/1615/2236
f 2459/1615/2236 2460/1607/2231 2461/1613/2235 2458/1616/2237
f 2458/1616/2237 2461/1613/2235 2462/1599/2221 2457/1596/2220
f 2293/1507/2160 2459/1615/2236 2281/1562/2189 2294/1509/2161
f 2458/1616/2237 2286/1565/2190 2281/1562/2189 2459/1615/2236
f 2457/1596/2220 2279/1560/2187 2286/1565/2190 2458/1616/2237
f 2453/1597/2223 2285/1549/2180 2279/1560/2187 2457/1596/2220
f 2468/1617/2238 2465/1618/2239 2454/1603/2228 2455/1605/2229
f 2471/1619/2240 2468/1617/2238 2455/1605/2229 2445/1611/2233
f 2305/1538/2174 2304/1536/2173 2466/1621/2241 2469/1620/2242
f 2469/1620/2242 2466/1621/2241 2467/1623/2243 2470/1622/2244
f 2470/1622/2244 2467/1623/2243 2468/1617/2238 2471/1619/2240
f 2304/1536/2173 2303/1534/2172 2463/1624/2245 2466/1621/2241
f 2466/1621/2241 2463/1624/2245 2464/1625/2246 2467/1623/2243
f 2467/1623/2243 2464/1625/2246 2465/1618/2239 2468/1617/2238
f 2278/1559/2184 2463/1624/2245 2303/1534/2172 2302/1530/2171
f 2282/1556/2183 2464/1625/2246 2463/1624/2245 2278/1559/2184
f 2280/1567/2193 2465/1618/2239 2464/1625/2246 2282/1556/2183
f 2283/1552/2181 2454/1603/2228 2465/1618/2239 2280/1567/2193
f 2482/1626/2247 2473/1629/2248 2474/1628/2249 2481/1627/2250
f 2488/1630/2251 2478/1633/2252 2472/1632/2253 2487/1631/2254
f 2494/1634/2255 2476/1637/2256 2477/1636/2257 2493/1635/2258
f 2481/1627/2250 2474/1628/2249 2475/1639/2259 2499/1638/2260
f 2487/1640/2254 2472/1641/2253 2473/1629/2248 2482/1626/2247
f 2493/1635/2258 2477/1636/2257 2478/1633/2252 2488/1630/2251
f 2307/1542/2176 2491/1643/2261 2490/1642/2262 2308/1496/2155
f 2491/1643/2261 2492/1645/2263 2489/1644/2264 2490/1642/2262
f 2492/1645/2263 2493/1635/2258 2488/1630/2251 2489/1644/2264
f 2287/1492/2153 2485/1647/2265 2484/1646/2266 2288/1491/2154
f 2485/1647/2265 2486/1649/2267 2483/1648/2268 2484/1646/2266
f 2486/1649/2267 2487/1640/2254 2482/1626/2247 2483/1648/2268
f 2289/1499/2156 2479/1651/2269 2497/1650/2270 2290/1501/2157
f 2479/1651/2269 2480/1653/2271 2498/1652/2272 2497/1650/2270
f 2480/1653/2271 2481/1627/2250 2499/1638/2260 2498/1652/2272
f 2306/1540/2175 2496/1654/2273 2491/1643/2261 2307/1542/2176
f 2496/1654/2273 2495/1655/2274 2492/1645/2263 2491/1643/2261
f 2495/1655/2274 2494/1634/2255 2493/1635/2258 2492/1645/2263
f 2308/1496/2155 2490/1642/2262 2485/1656/2265 2287/1495/2153
f 2490/1642/2262 2489/1644/2264 2486/1657/2267 2485/1656/2265
f 2489/1644/2264 2488/1630/2251 2487/1631/2254 2486/1657/2267
f 2288/1491/2154 2484/1646/2266 2479/1651/2269 2289/1499/2156
f 2484/1646/2266 2483/1648/2268 2480/1653/2271 2479/1651/2269
f 2483/1648/2268 2482/1626/2247 2481/1627/2250 2480/1653/2271
f 2469/1620/2242 2496/1654/2273 2306/1540/2175 2305/1538/2174
f 2470/1622/2244 2495/1655/2274 2496/1654/2273 2469/1620/2242
f 2471/1619/2240 2494/1634/2255 2495/1655/2274 2470/1622/2244
f 2445/1611/2233 2476/1637/2256 2494/1634/2255 2471/1619/2240
f 2497/1650/2270 2456/1608/2230 2291/1503/2158 2290/1501/2157
f 2498/1652/2272 2451/1614/2234 2456/1608/2230 2497/1650/2270
f 2499/1638/2260 2450/1610/2232 2451/1614/2234 2498/1652/2272
f 2475/1639/2259 2447/1602/2224 2450/1610/2232 2499/1638/2260
f 2476/1637/2256 2507/1659/2275 2508/1658/2276 2477/1636/2257
f 2472/1641/2253 2503/1661/2277 2504/1660/2278 2473/1629/2248
f 2445/1611/2233 2500/1662/2279 2507/1659/2275 2476/1637/2256
f 2477/1636/2257 2508/1658/2276 2509/1663/2280 2478/1633/2252
f 2446/1612/2225 2501/1664/2281 2500/1662/2279 2445/1611/2233
f 2473/1629/2248 2504/1660/2278 2505/1665/2282 2474/1628/2249
f 2475/1639/2259 2506/1667/2283 2502/1666/2284 2447/1602/2224
f 2478/1633/2252 2509/1663/2280 2503/1668/2277 2472/1632/2253
f 2447/1602/2224 2502/1666/2284 2501/1669/2281 2446/1601/2225
f 2474/1628/2249 2505/1665/2282 2506/1667/2283 2475/1639/2259
f 2520/1670/2285 2532/1671/2286 2527/1672/2287 2515/1673/2288
f 2642/1674/2289 2643/1675/2290 2524/1676/2291 2512/1677/2292
f 2516/1678/2293 2528/1679/2294 2531/1680/2295 2519/1681/2296
f 2517/1682/2297 2529/1683/2298 2533/1684/2299 2521/1685/2300
f 2638/1686/2301 2639/1687/2302 2528/1688/2294 2516/1689/2293
f 2530/1690/2303 2542/1691/2304 2537/1692/2305 2525/1693/2306
f 2521/1685/2300 2533/1684/2299 2522/1694/2307 2510/1695/2308
f 2602/1696/2309 2603/1697/2310 2529/1683/2298 2517/1682/2297
f 2634/1698/2311 2635/1699/2312 2526/1700/2313 2514/1701/2314
f 2519/1681/2296 2531/1680/2295 2523/1702/2315 2511/1703/2316
f 2596/1704/2317 2585/1705/2318 2530/1690/2303 2518/1706/2319
f 2542/1691/2304 2554/1707/2320 2549/1708/2321 2537/1692/2305
f 2533/1684/2299 2545/1709/2322 2534/1710/2323 2522/1694/2307
f 2603/1697/2310 2604/1711/2324 2541/1712/2325 2529/1683/2298
f 2635/1699/2312 2636/1713/2326 2538/1714/2327 2526/1700/2313
f 2531/1680/2295 2543/1715/2328 2535/1716/2329 2523/1702/2315
f 2585/1705/2318 2574/1717/2330 2542/1691/2304 2530/1690/2303
f 2532/1671/2286 2544/1718/2331 2539/1719/2332 2527/1672/2287
f 2643/1675/2290 2644/1720/2333 2536/1721/2334 2524/1676/2291
f 2528/1679/2294 2540/1722/2335 2543/1715/2328 2531/1680/2295
f 2529/1683/2298 2541/1712/2325 2545/1709/2322 2533/1684/2299
f 2639/1687/2302 2640/1723/2336 2540/1724/2335 2528/1688/2294
f 2644/1720/2333 2645/1725/2337 2548/1726/2338 2536/1721/2334
f 2540/1722/2335 2552/1727/2339 2555/1728/2340 2543/1715/2328
f 2541/1712/2325 2553/1729/2341 2557/1730/2342 2545/1709/2322
f 2640/1723/2336 2641/1731/2343 2552/1732/2339 2540/1724/2335
f 2611/1733/2344 2610/1734/2345 2566/1735/2346 2577/1736/2347
f 2545/1709/2322 2557/1730/2342 2546/1737/2348 2534/1710/2323
f 2604/1711/2324 2605/1738/2349 2553/1729/2341 2541/1712/2325
f 2636/1713/2326 2637/1739/2350 2550/1740/2351 2538/1714/2327
f 2543/1715/2328 2555/1728/2340 2547/1741/2352 2535/1716/2329
f 2574/1717/2330 2563/1742/2353 2554/1707/2320 2542/1691/2304
f 2544/1718/2331 2556/1743/2354 2551/1744/2355 2539/1719/2332
f 2611/1733/2344 2577/1736/2347 2588/1745/2356 2612/1746/2357
f 2558/1747/2358 2561/1748/2359 2572/1749/2360 2569/1750/2361
f 2564/1751/2362 2567/1752/2363 2578/1753/2364 2575/1754/2365
f 2618/1755/2366 2568/1756/2367 2579/1757/2368 2619/1758/2369
f 2626/1759/2370 2564/1751/2362 2575/1754/2365 2627/1760/2371
f 2559/1761/2372 2562/1762/2373 2573/1763/2374 2570/1764/2375
f 2622/1765/2376 2558/1747/2358 2569/1750/2361 2623/1766/2377
f 2566/1735/2346 2559/1761/2372 2570/1764/2375 2577/1736/2347
f 2614/1767/2378 2565/1768/2379 2576/1769/2380 2615/1770/2381
f 2560/1771/2382 2514/1701/2314 2526/1700/2313 2571/1772/2383
f 2630/1773/2384 2560/1771/2382 2571/1772/2383 2631/1774/2385
f 2570/1764/2375 2573/1763/2374 2584/1775/2386 2581/1776/2387
f 2623/1766/2377 2569/1750/2361 2580/1777/2388 2624/1778/2389
f 2577/1736/2347 2570/1764/2375 2581/1776/2387 2588/1745/2356
f 2615/1770/2381 2576/1769/2380 2587/1779/2390 2616/1780/2391
f 2571/1772/2383 2526/1700/2313 2538/1714/2327 2582/1781/2392
f 2631/1774/2385 2571/1772/2383 2582/1781/2392 2632/1782/2393
f 2612/1746/2357 2588/1745/2356 2599/1783/2394 2613/1784/2395
f 2609/1785/2396 2608/1786/2397 2585/1705/2318 2596/1704/2317
f 2569/1750/2361 2572/1749/2360 2583/1787/2398 2580/1777/2388
f 2575/1754/2365 2578/1753/2364 2589/1788/2399 2586/1789/2400
f 2619/1758/2369 2579/1757/2368 2590/1790/2401 2620/1791/2402
f 2627/1760/2371 2575/1754/2365 2586/1789/2400 2628/1792/2403
f 2580/1777/2388 2583/1787/2398 2594/1793/2404 2591/1794/2405
f 2586/1789/2400 2589/1788/2399 2600/1795/2406 2597/1796/2407
f 2620/1791/2402 2590/1790/2401 2601/1797/2408 2621/1798/2409
f 2628/1792/2403 2586/1789/2400 2597/1796/2407 2629/1799/2410
f 2581/1776/2387 2584/1775/2386 2595/1800/2411 2592/1801/2412
f 2624/1778/2389 2580/1777/2388 2591/1794/2405 2625/1802/2413
f 2588/1745/2356 2581/1776/2387 2592/1801/2412 2599/1783/2394
f 2616/1780/2391 2587/1779/2390 2598/1803/2414 2617/1804/2415
f 2582/1781/2392 2538/1714/2327 2550/1740/2351 2593/1805/2416
f 2632/1782/2393 2582/1781/2392 2593/1805/2416 2633/1806/2417
f 2607/1807/2418 2606/1808/2419 2563/1742/2353 2574/1717/2330
f 2608/1786/2397 2607/1807/2418 2574/1717/2330 2585/1705/2318
f 2537/1692/2305 2549/1708/2321 2605/1738/2349 2604/1711/2324
f 2525/1693/2306 2537/1692/2305 2604/1711/2324 2603/1697/2310
f 2513/1809/2420 2525/1693/2306 2603/1697/2310 2602/1696/2309
f 2518/1706/2319 2530/1690/2303 2525/1693/2306 2513/1809/2420
f 2527/1672/2287 2539/1719/2332 2607/1807/2418 2608/1786/2397
f 2539/1719/2332 2551/1744/2355 2606/1808/2419 2607/1807/2418
f 2515/1673/2288 2527/1672/2287 2608/1786/2397 2609/1785/2396
f 2544/1718/2331 2612/1746/2357 2613/1784/2395 2556/1743/2354
f 2532/1671/2286 2611/1733/2344 2612/1746/2357 2544/1718/2331
f 2532/1671/2286 2520/1670/2285 2610/1734/2345 2611/1733/2344
f 2584/1775/2386 2616/1780/2391 2617/1804/2415 2595/1800/2411
f 2573/1763/2374 2615/1770/2381 2616/1780/2391 2584/1775/2386
f 2562/1762/2373 2614/1767/2378 2615/1770/2381 2573/1763/2374
f 2587/1779/2390 2620/1791/2402 2621/1798/2409 2598/1803/2414
f 2576/1769/2380 2619/1758/2369 2620/1791/2402 2587/1779/2390
f 2565/1768/2379 2618/1755/2366 2619/1758/2369 2576/1769/2380
f 2590/1790/2401 2624/1778/2389 2625/1802/2413 2601/1797/2408
f 2579/1757/2368 2623/1766/2377 2624/1778/2389 2590/1790/2401
f 2568/1756/2367 2622/1765/2376 2623/1766/2377 2579/1757/2368
f 2583/1787/2398 2628/1792/2403 2629/1799/2410 2594/1793/2404
f 2572/1749/2360 2627/1760/2371 2628/1792/2403 2583/1787/2398
f 2561/1748/2359 2626/1759/2370 2627/1760/2371 2572/1749/2360
f 2589/1788/2399 2632/1782/2393 2633/1806/2417 2600/1795/2406
f 2578/1753/2364 2631/1774/2385 2632/1782/2393 2589/1788/2399
f 2567/1752/2363 2630/1773/2384 2631/1774/2385 2578/1753/2364
f 2535/1716/2329 2547/1741/2352 2637/1739/2350 2636/1713/2326
f 2523/1702/2315 2535/1716/2329 2636/1713/2326 2635/1699/2312
f 2511/1703/2316 2523/1702/2315 2635/1699/2312 2634/1698/2311
f 2536/1721/2334 2548/1726/2338 2641/1731/2343 2640/1723/2336
f 2524/1676/2291 2536/1721/2334 2640/1723/2336 2639/1687/2302
f 2512/1677/2292 2524/1676/2291 2639/1687/2302 2638/1686/2301
f 2534/1710/2323 2546/1737/2348 2645/1725/2337 2644/1720/2333
f 2522/1694/2307 2534/1710/2323 2644/1720/2333 2643/1675/2290
f 2510/1695/2308 2522/1694/2307 2643/1675/2290 2642/1674/2289
f 2653/1810/2421 2652/1811/2422 2670/1812/2423 2671/1813/2424
f 2650/1814/2425 2667/1815/2426 2685/1816/2427 2668/1817/2428
f 2661/1818/2429 2660/1819/2430 2678/1820/2431 2679/1821/2432
f 2654/1822/2433 2653/1810/2421 2671/1813/2424 2672/1823/2434
f 2662/1824/2435 2661/1818/2429 2679/1821/2432 2680/1825/2436
f 2655/1826/2437 2654/1822/2433 2672/1823/2434 2673/1827/2438
f 2663/1828/2439 2662/1824/2435 2680/1825/2436 2681/1829/2440
f 2656/1830/2441 2655/1826/2437 2673/1827/2438 2674/1831/2442
f 2664/1832/2443 2663/1828/2439 2681/1829/2440 2682/1833/2444
f 2657/1834/2445 2656/1830/2441 2674/1831/2442 2675/1835/2446
f 2665/1836/2447 2664/1832/2443 2682/1833/2444 2683/1837/2448
f 2658/1838/2449 2657/1834/2445 2675/1835/2446 2676/1839/2450
f 2651/1840/2451 2650/1841/2425 2668/1842/2428 2669/1843/2452
f 2666/1844/2453 2665/1836/2447 2683/1837/2448 2684/1845/2454
f 2659/1846/2455 2658/1838/2449 2676/1839/2450 2677/1847/2456
f 2652/1811/2422 2651/1840/2451 2669/1843/2452 2670/1812/2423
f 2667/1815/2426 2666/1844/2453 2684/1845/2454 2685/1816/2427
f 2660/1819/2430 2659/1846/2455 2677/1847/2456 2678/1820/2431
f 2683/1837/2448 2682/1833/2444 2700/1848/2457 2701/1849/2458
f 2676/1839/2450 2675/1835/2446 2693/1850/2459 2694/1851/2460
f 2669/1843/2452 2668/1842/2428 2686/1852/2461 2687/1853/2462
f 2684/1845/2454 2683/1837/2448 2701/1849/2458 2702/1854/2463
f 2677/1847/2456 2676/1839/2450 2694/1851/2460 2695/1855/2464
f 2670/1812/2423 2669/1843/2452 2687/1853/2462 2688/1856/2465
f 2685/1816/2427 2684/1845/2454 2702/1854/2463 2703/1857/2466
f 2678/1820/2431 2677/1847/2456 2695/1855/2464 2696/1858/2467
f 2671/1813/2424 2670/1812/2423 2688/1856/2465 2689/1859/2468
f 2668/1817/2428 2685/1816/2427 2703/1857/2466 2686/1860/2461
f 2679/1821/2432 2678/1820/2431 2696/1858/2467 2697/1861/2469
f 2672/1823/2434 2671/1813/2424 2689/1859/2468 2690/1862/2470
f 2680/1825/2436 2679/1821/2432 2697/1861/2469 2698/1863/2471
f 2673/1827/2438 2672/1823/2434 2690/1862/2470 2691/1864/2472
f 2681/1829/2440 2680/1825/2436 2698/1863/2471 2699/1865/2473
f 2674/1831/2442 2673/1827/2438 2691/1864/2472 2692/1866/2474
f 2682/1833/2444 2681/1829/2440 2699/1865/2473 2700/1848/2457
f 2675/1835/2446 2674/1831/2442 2692/1866/2474 2693/1850/2459
f 2687/1853/2462 2686/1852/2461 2704/1867/2475 2705/1868/2476
f 2702/1854/2463 2701/1849/2458 2719/1869/2477 2720/1870/2478
f 2695/1855/2464 2694/1851/2460 2712/1871/2479 2713/1872/2480
f 2688/1856/2465 2687/1853/2462 2705/1868/2476 2706/1873/2481
f 2703/1857/2466 2702/1854/2463 2720/1870/2478 2721/1874/2482
f 2696/1858/2467 2695/1855/2464 2713/1872/2480 2714/1875/2483
f 2689/1859/2468 2688/1856/2465 2706/1873/2481 2707/1876/2484
f 2686/1860/2461 2703/1857/2466 2721/1874/2482 2704/1877/2475
f 2697/1861/2469 2696/1858/2467 2714/1875/2483 2715/1878/2485
f 2690/1862/2470 2689/1859/2468 2707/1876/2484 2708/1879/2486
f 2698/1863/2471 2697/1861/2469 2715/1878/2485 2716/1880/2487
f 2691/1864/2472 2690/1862/2470 2708/1879/2486 2709/1881/2488
f 2699/1865/2473 2698/1863/2471 2716/1880/2487 2717/1882/2489
f 2692/1866/2474 2691/1864/2472 2709/1881/2488 2710/1883/2490
f 2700/1848/2457 2699/1865/2473 2717/1882/2489 2718/1884/2491
f 2693/1850/2459 2692/1866/2474 2710/1883/2490 2711/1885/2492
f 2701/1849/2458 2700/1848/2457 2718/1884/2491 2719/1869/2477
f 2694/1851/2460 2693/1850/2459 2711/1885/2492 2712/1871/2479
f 2706/1873/2481 2705/1868/2476 2723/1886/2493 2724/1887/2494
f 2721/1874/2482 2720/1870/2478 2738/1888/2495 2739/1889/2496
f 2714/1875/2483 2713/1872/2480 2731/1890/2497 2732/1891/2498
f 2707/1876/2484 2706/1873/2481 2724/1887/2494 2725/1892/2499
f 2704/1877/2475 2721/1874/2482 2739/1889/2496 2722/1893/2500
f 2715/1878/2485 2714/1875/2483 2732/1891/2498 2733/1894/2501
f 2708/1879/2486 2707/1876/2484 2725/1892/2499 2726/1895/2502
f 2716/1880/2487 2715/1878/2485 2733/1894/2501 2734/1896/2503
f 2709/1881/2488 2708/1879/2486 2726/1895/2502 2727/1897/2504
f 2717/1882/2489 2716/1880/2487 2734/1896/2503 2735/1898/2505
f 2710/1883/2490 2709/1881/2488 2727/1897/2504 2728/1899/2506
f 2718/1884/2491 2717/1882/2489 2735/1898/2505 2736/1900/2507
f 2711/1885/2492 2710/1883/2490 2728/1899/2506 2729/1901/2508
f 2719/1869/2477 2718/1884/2491 2736/1900/2507 2737/1902/2509
f 2712/1871/2479 2711/1885/2492 2729/1901/2508 2730/1903/2510
f 2705/1868/2476 2704/1867/2475 2722/1904/2500 2723/1886/2493
f 2720/1870/2478 2719/1869/2477 2737/1902/2509 2738/1888/2495
f 2713/1872/2480 2712/1871/2479 2730/1903/2510 2731/1890/2497
f 2725/1892/2499 2724/1887/2494 2742/1905/2511 2743/1906/2512
f 2722/1893/2500 2739/1889/2496 2757/1907/2513 2740/1908/2514
f 2733/1894/2501 2732/1891/2498 2750/1909/2515 2751/1910/2516
f 2726/1895/2502 2725/1892/2499 2743/1906/2512 2744/1911/2517
f 2734/1896/2503 2733/1894/2501 2751/1910/2516 2752/1912/2518
f 2727/1897/2504 2726/1895/2502 2744/1911/2517 2745/1913/2519
f 2735/1898/2505 2734/1896/2503 2752/1912/2518 2753/1914/2520
f 2728/1899/2506 2727/1897/2504 2745/1913/2519 2746/1915/2521
f 2736/1900/2507 2735/1898/2505 2753/1914/2520 2754/1916/2522
f 2729/1901/2508 2728/1899/2506 2746/1915/2521 2747/1917/2523
f 2737/1902/2509 2736/1900/2507 2754/1916/2522 2755/1918/2524
f 2730/1903/2510 2729/1901/2508 2747/1917/2523 2748/1919/2525
f 2723/1886/2493 2722/1904/2500 2740/1920/2514 2741/1921/2526
f 2738/1888/2495 2737/1902/2509 2755/1918/2524 2756/1922/2527
f 2731/1890/2497 2730/1903/2510 2748/1919/2525 2749/1923/2528
f 2724/1887/2494 2723/1886/2493 2741/1921/2526 2742/1905/2511
f 2739/1889/2496 2738/1888/2495 2756/1922/2527 2757/1907/2513
f 2732/1891/2498 2731/1890/2497 2749/1923/2528 2750/1909/2515
f 2744/1911/2517 2743/1906/2512 2761/1924/2529 2762/1925/2530
f 2752/1912/2518 2751/1910/2516 2769/1926/2531 2770/1927/2532
f 2745/1913/2519 2744/1911/2517 2762/1925/2530 2763/1928/2533
f 2753/1914/2520 2752/1912/2518 2770/1927/2532 2771/1929/2534
f 2746/1915/2521 2745/1913/2519 2763/1928/2533 2764/1930/2535
f 2754/1916/2522 2753/1914/2520 2771/1929/2534 2772/1931/2536
f 2747/1917/2523 2746/1915/2521 2764/1930/2535 2765/1932/2537
f 2755/1918/2524 2754/1916/2522 2772/1931/2536 2773/1933/2538
f 2748/1919/2525 2747/1917/2523 2765/1932/2537 2766/1934/2539
f 2741/1921/2526 2740/1920/2514 2758/1935/2540 2759/1936/2541
f 2756/1922/2527 2755/1918/2524 2773/1933/2538 2774/1937/2542
f 2749/1923/2528 2748/1919/2525 2766/1934/2539 2767/1938/2543
f 2742/1905/2511 2741/1921/2526 2759/1936/2541 2760/1939/2544
f 2757/1907/2513 2756/1922/2527 2774/1937/2542 2775/1940/2545
f 2750/1909/2515 2749/1923/2528 2767/1938/2543 2768/1941/2546
f 2743/1906/2512 2742/1905/2511 2760/1939/2544 2761/1924/2529
f 2740/1908/2514 2757/1907/2513 2775/1940/2545 2758/1942/2540
f 2751/1910/2516 2750/1909/2515 2768/1941/2546 2769/1926/2531
f 2787/1943/2547 2786/1944/2548 2804/1945/2549 2805/1946/2550
f 2780/1947/2551 2779/1948/2552 2797/1949/2553 2798/1950/2554
f 2788/1951/2555 2787/1943/2547 2805/1946/2550 2806/1952/2556
f 2781/1953/2557 2780/1947/2551 2798/1950/2554 2799/1954/2558
f 2789/1955/2559 2788/1951/2555 2806/1952/2556 2807/1956/2560
f 2782/1957/2561 2781/1953/2557 2799/1954/2558 2800/1958/2562
f 2790/1959/2563 2789/1955/2559 2807/1956/2560 2808/1960/2564
f 2783/1961/2565 2782/1957/2561 2800/1958/2562 2801/1962/2566
f 2791/1963/2567 2790/1959/2563 2808/1960/2564 2809/1964/2568
f 2784/1965/2569 2783/1961/2565 2801/1962/2566 2802/1966/2570
f 2777/1967/2571 2776/1968/2572 2794/1969/2573 2795/1970/2574
f 2792/1971/2575 2791/1963/2567 2809/1964/2568 2810/1972/2576
f 2785/1973/2577 2784/1965/2569 2802/1966/2570 2803/1974/2578
f 2778/1975/2579 2777/1967/2571 2795/1970/2574 2796/1976/2580
f 2793/1977/2581 2792/1971/2575 2810/1972/2576 2811/1978/2582
f 2786/1944/2548 2785/1973/2577 2803/1974/2578 2804/1945/2549
f 2779/1948/2552 2778/1975/2579 2796/1976/2580 2797/1949/2553
f 2776/1979/2572 2793/1977/2581 2811/1978/2582 2794/1980/2573
f 2806/1952/2556 2805/1946/2550 2823/1981/2583 2824/1982/2584
f 2799/1954/2558 2798/1950/2554 2816/1983/2585 2817/1984/2586
f 2807/1956/2560 2806/1952/2556 2824/1982/2584 2825/1985/2587
f 2800/1958/2562 2799/1954/2558 2817/1984/2586 2818/1986/2588
f 2808/1960/2564 2807/1956/2560 2825/1985/2587 2826/1987/2589
f 2801/1962/2566 2800/1958/2562 2818/1986/2588 2819/1988/2590
f 2809/1964/2568 2808/1960/2564 2826/1987/2589 2827/1989/2591
f 2802/1966/2570 2801/1962/2566 2819/1988/2590 2820/1990/2592
f 2795/1970/2574 2794/1969/2573 2812/1991/2593 2813/1992/2594
f 2810/1972/2576 2809/1964/2568 2827/1989/2591 2828/1993/2595
f 2803/1974/2578 2802/1966/2570 2820/1990/2592 2821/1994/2596
f 2796/1976/2580 2795/1970/2574 2813/1992/2594 2814/1995/2597
f 2811/1978/2582 2810/1972/2576 2828/1993/2595 2829/1996/2598
f 2804/1945/2549 2803/1974/2578 2821/1994/2596 2822/1997/2599
f 2797/1949/2553 2796/1976/2580 2814/1995/2597 2815/1998/2600
f 2794/1980/2573 2811/1978/2582 2829/1996/2598 2812/1999/2593
f 2805/1946/2550 2804/1945/2549 2822/1997/2599 2823/1981/2583
f 2798/1950/2554 2797/1949/2553 2815/1998/2600 2816/1983/2585
f 2825/1985/2587 2824/1982/2584 2842/2000/2601 2843/2001/2602
f 2818/1986/2588 2817/1984/2586 2835/2002/2603 2836/2003/2604
f 2826/1987/2589 2825/1985/2587 2843/2001/2602 2844/2004/2605
f 2819/1988/2590 2818/1986/2588 2836/2003/2604 2837/2005/2606
f 2827/1989/2591 2826/1987/2589 2844/2004/2605 2845/2006/2607
f 2820/1990/2592 2819/1988/2590 2837/2005/2606 2838/2007/2608
f 2813/1992/2594 2812/1991/2593 2830/2008/2609 2831/2009/2610
f 2828/1993/2595 2827/1989/2591 2845/2006/2607 2846/2010/2611
f 2821/1994/2596 2820/1990/2592 2838/2007/2608 2839/2011/2612
f 2814/1995/2597 2813/1992/2594 2831/2009/2610 2832/2012/2613
f 2829/1996/2598 2828/1993/2595 2846/2010/2611 2847/2013/2614
f 2822/1997/2599 2821/1994/2596 2839/2011/2612 2840/2014/2615
f 2815/1998/2600 2814/1995/2597 2832/2012/2613 2833/2015/2616
f 2812/1999/2593 2829/1996/2598 2847/2013/2614 2830/2016/2609
f 2823/1981/2583 2822/1997/2599 2840/2014/2615 2841/2017/2617
f 2816/1983/2585 2815/1998/2600 2833/2015/2616 2834/2018/2618
f 2824/1982/2584 2823/1981/2583 2841/2017/2617 2842/2000/2601
f 2817/1984/2586 2816/1983/2585 2834/2018/2618 2835/2002/2603
f 2869/2019/2619 2866/2020/2620 2867/2021/2621 2868/2022/2622
f 2871/2023/2623 2869/2019/2619 2868/2022/2622 2870/2024/2624
f 2873/2025/2625 2871/2023/2623 2870/2024/2624 2872/2026/2626
f 2875/2027/2627 2873/2025/2625 2872/2026/2626 2874/2028/2628
f 2877/2029/2629 2875/2027/2627 2874/2028/2628 2876/2030/2630
f 2879/2031/2631 2877/2029/2629 2876/2030/2630 2878/2032/2632
f 2881/2033/2633 2879/2031/2631 2878/2032/2632 2880/2034/2634
f 2883/2035/2635 2881/2033/2633 2880/2034/2634 2882/2036/2636
f 2885/2037/2637 2883/2035/2635 2882/2036/2636 2884/2038/2638
f 2887/2039/2639 2885/2037/2637 2884/2038/2638 2886/2040/2640
f 2889/2041/2641 2887/2039/2639 2886/2040/2640 2888/2042/2642
f 2891/2043/2643 2889/2041/2641 2888/2042/2642 2890/2044/2644
f 2893/2045/2645 2891/2043/2643 2890/2044/2644 2892/2046/2646
f 2895/2047/2647 2893/2045/2645 2892/2046/2646 2894/2048/2648
f 2897/2049/2649 2895/2047/2647 2894/2048/2648 2896/2050/2650
f 2899/2051/2651 2897/2049/2649 2896/2050/2650 2898/2052/2652
f 2901/2053/2653 2899/2051/2651 2898/2052/2652 2900/2054/2654
f 2866/2055/2620 2901/2053/2653 2900/2054/2654 2867/2056/2621
f 2868/2022/2622 2867/2021/2621 2848/2057/2655 2849/2058/2656
f 2831/2009/2610 2830/2008/2609 2866/2020/2620 2869/2019/2619
f 2867/2056/2621 2900/2054/2654 2865/2059/2657 2848/2060/2655
f 2830/2016/2609 2847/2013/2614 2901/2053/2653 2866/2055/2620
f 2832/2012/2613 2831/2009/2610 2869/2019/2619 2871/2023/2623
f 2870/2024/2624 2868/2022/2622 2849/2058/2656 2850/2061/2658
f 2833/2015/2616 2832/2012/2613 2871/2023/2623 2873/2025/2625
f 2872/2026/2626 2870/2024/2624 2850/2061/2658 2851/2062/2659
f 2834/2018/2618 2833/2015/2616 2873/2025/2625 2875/2027/2627
f 2874/2028/2628 2872/2026/2626 2851/2062/2659 2852/2063/2660
f 2835/2002/2603 2834/2018/2618 2875/2027/2627 2877/2029/2629
f 2876/2030/2630 2874/2028/2628 2852/2063/2660 2853/2064/2661
f 2836/2003/2604 2835/2002/2603 2877/2029/2629 2879/2031/2631
f 2878/2032/2632 2876/2030/2630 2853/2064/2661 2854/2065/2662
f 2837/2005/2606 2836/2003/2604 2879/2031/2631 2881/2033/2633
f 2880/2034/2634 2878/2032/2632 2854/2065/2662 2855/2066/2663
f 2838/2007/2608 2837/2005/2606 2881/2033/2633 2883/2035/2635
f 2882/2036/2636 2880/2034/2634 2855/2066/2663 2856/2067/2664
f 2839/2011/2612 2838/2007/2608 2883/2035/2635 2885/2037/2637
f 2884/2038/2638 2882/2036/2636 2856/2067/2664 2857/2068/2665
f 2840/2014/2615 2839/2011/2612 2885/2037/2637 2887/2039/2639
f 2886/2040/2640 2884/2038/2638 2857/2068/2665 2858/2069/2666
f 2841/2017/2617 2840/2014/2615 2887/2039/2639 2889/2041/2641
f 2888/2042/2642 2886/2040/2640 2858/2069/2666 2859/2070/2667
f 2842/2000/2601 2841/2017/2617 2889/2041/2641 2891/2043/2643
f 2890/2044/2644 2888/2042/2642 2859/2070/2667 2860/2071/2668
f 2843/2001/2602 2842/2000/2601 2891/2043/2643 2893/2045/2645
f 2892/2046/2646 2890/2044/2644 2860/2071/2668 2861/2072/2669
f 2844/2004/2605 2843/2001/2602 2893/2045/2645 2895/2047/2647
f 2894/2048/2648 2892/2046/2646 2861/2072/2669 2862/2073/2670
f 2845/2006/2607 2844/2004/2605 2895/2047/2647 2897/2049/2649
f 2896/2050/2650 2894/2048/2648 2862/2073/2670 2863/2074/2671
f 2846/2010/2611 2845/2006/2607 2897/2049/2649 2899/2051/2651
f 2898/2052/2652 2896/2050/2650 2863/2074/2671 2864/2075/2672
f 2847/2013/2614 2846/2010/2611 2899/2051/2651 2901/2053/2653
f 2900/2054/2654 2898/2052/2652 2864/2075/2672 2865/2059/2657
f 2862/2073/2670 2861/2072/2669 2915/2076/2673 2916/2077/2674
f 2855/2066/2663 2854/2065/2662 2908/2078/2675 2909/2079/2676
f 2863/2074/2671 2862/2073/2670 2916/2077/2674 2917/2080/2677
f 2856/2067/2664 2855/2066/2663 2909/2079/2676 2910/2081/2678
f 2849/2058/2656 2848/2057/2655 2902/2082/2679 2903/2083/2680
f 2864/2075/2672 2863/2074/2671 2917/2080/2677 2918/2084/2681
f 2857/2068/2665 2856/2067/2664 2910/2081/2678 2911/2085/2682
f 2850/2061/2658 2849/2058/2656 2903/2083/2680 2904/2086/2683
f 2865/2059/2657 2864/2075/2672 2918/2084/2681 2919/2087/2684
f 2858/2069/2666 2857/2068/2665 2911/2085/2682 2912/2088/2685
f 2851/2062/2659 2850/2061/2658 2904/2086/2683 2905/2089/2686
f 2848/2060/2655 2865/2059/2657 2919/2087/2684 2902/2090/2679
f 2859/2070/2667 2858/2069/2666 2912/2088/2685 2913/2091/2687
f 2852/2063/2660 2851/2062/2659 2905/2089/2686 2906/2092/2688
f 2860/2071/2668 2859/2070/2667 2913/2091/2687 2914/2093/2689
f 2853/2064/2661 2852/2063/2660 2906/2092/2688 2907/2094/2690
f 2861/2072/2669 2860/2071/2668 2914/2093/2689 2915/2076/2673
f 2854/2065/2662 2853/2064/2661 2907/2094/2690 2908/2078/2675
f 2904/2086/2683 2961/2095/2691 2963/2096/2692 2905/2089/2686
f 2919/2087/2684 2991/2097/2693 2956/2098/2694 2902/2090/2679
f 2912/2088/2685 2977/2099/2695 2979/2100/2696 2913/2091/2687
f 2905/2089/2686 2963/2096/2692 2965/2101/2697 2906/2092/2688
f 2913/2091/2687 2979/2100/2696 2981/2102/2698 2914/2093/2689
f 2906/2092/2688 2965/2101/2697 2967/2103/2699 2907/2094/2690
f 2914/2093/2689 2981/2102/2698 2983/2104/2700 2915/2076/2673
f 2907/2094/2690 2967/2103/2699 2969/2105/2701 2908/2078/2675
f 2915/2076/2673 2983/2104/2700 2985/2106/2702 2916/2077/2674
f 2908/2078/2675 2969/2105/2701 2971/2107/2703 2909/2079/2676
f 2916/2077/2674 2985/2106/2702 2987/2108/2704 2917/2080/2677
f 2909/2079/2676 2971/2107/2703 2973/2109/2705 2910/2081/2678
f 2917/2080/2677 2987/2108/2704 2989/2110/2706 2918/2084/2681
f 2910/2081/2678 2973/2109/2705 2975/2111/2707 2911/2085/2682
f 2903/2083/2680 2959/2112/2708 2961/2095/2691 2904/2086/2683
f 2918/2084/2681 2989/2110/2706 2991/2097/2693 2919/2087/2684
f 2911/2085/2682 2975/2111/2707 2977/2099/2695 2912/2088/2685
f 2944/2113/2709 2943/2114/2710 2932/2115/2711 2931/2116/2712
f 2951/2117/2713 2950/2118/2714 2925/2119/2715 2924/2120/2716
f 2943/2114/2710 2942/2121/2717 2933/2122/2718 2932/2115/2711
f 2950/2118/2714 2949/2123/2719 2926/2124/2720 2925/2119/2715
f 2942/2121/2717 2941/2125/2721 2934/2126/2722 2933/2122/2718
f 2949/2123/2719 2948/2127/2723 2927/2128/2724 2926/2124/2720
f 2938/2129/2725 2955/2130/2726 2920/2131/2727 2937/2132/2728
f 2941/2125/2721 2940/2133/2729 2935/2134/2730 2934/2126/2722
f 2948/2127/2723 2947/2135/2731 2928/2136/2732 2927/2128/2724
f 2955/2130/2726 2954/2137/2733 2921/2138/2734 2920/2131/2727
f 2940/2133/2729 2939/2139/2735 2936/2140/2736 2935/2134/2730
f 2947/2135/2731 2946/2141/2737 2929/2142/2738 2928/2136/2732
f 2954/2137/2733 2953/2143/2739 2922/2144/2740 2921/2138/2734
f 2939/2139/2735 2938/2145/2725 2937/2146/2728 2936/2140/2736
f 2946/2141/2737 2945/2147/2741 2930/2148/2742 2929/2142/2738
f 2953/2143/2739 2952/2149/2743 2923/2150/2744 2922/2144/2740
f 2945/2147/2741 2944/2113/2709 2931/2116/2712 2930/2148/2742
f 2952/2149/2743 2951/2117/2713 2924/2120/2716 2923/2150/2744
f 2959/2112/2708 2956/2151/2694 2957/2152/2745 2958/2153/2746
f 2961/2095/2691 2959/2112/2708 2958/2153/2746 2960/2154/2747
f 2963/2096/2692 2961/2095/2691 2960/2154/2747 2962/2155/2748
f 2965/2101/2697 2963/2096/2692 2962/2155/2748 2964/2156/2749
f 2967/2103/2699 2965/2101/2697 2964/2156/2749 2966/2157/2750
f 2969/2105/2701 2967/2103/2699 2966/2157/2750 2968/2158/2751
f 2971/2107/2703 2969/2105/2701 2968/2158/2751 2970/2159/2752
f 2973/2109/2705 2971/2107/2703 2970/2159/2752 2972/2160/2753
f 2975/2111/2707 2973/2109/2705 2972/2160/2753 2974/2161/2754
f 2977/2099/2695 2975/2111/2707 2974/2161/2754 2976/2162/2755
f 2979/2100/2696 2977/2099/2695 2976/2162/2755 2978/2163/2756
f 2981/2102/2698 2979/2100/2696 2978/2163/2756 2980/2164/2757
f 2983/2104/2700 2981/2102/2698 2980/2164/2757 2982/2165/2758
f 2985/2106/2702 2983/2104/2700 2982/2165/2758 2984/2166/2759
f 2987/2108/2704 2985/2106/2702 2984/2166/2759 2986/2167/2760
f 2989/2110/2706 2987/2108/2704 2986/2167/2760 2988/2168/2761
f 2991/2097/2693 2989/2110/2706 2988/2168/2761 2990/2169/2762
f 2956/2098/2694 2991/2097/2693 2990/2169/2762 2957/2170/2745
f 2957/2170/2745 2990/2169/2762 2955/2130/2726 2938/2129/2725
f 2958/2153/2746 2957/2152/2745 2938/2145/2725 2939/2139/2735
f 2960/2154/2747 2958/2153/2746 2939/2139/2735 2940/2133/2729
f 2962/2155/2748 2960/2154/2747 2940/2133/2729 2941/2125/2721
f 2964/2156/2749 2962/2155/2748 2941/2125/2721 2942/2121/2717
f 2966/2157/2750 2964/2156/2749 2942/2121/2717 2943/2114/2710
f 2968/2158/2751 2966/2157/2750 2943/2114/2710 2944/2113/2709
f 2970/2159/2752 2968/2158/2751 2944/2113/2709 2945/2147/2741
f 2972/2160/2753 2970/2159/2752 2945/2147/2741 2946/2141/2737
f 2974/2161/2754 2972/2160/2753 2946/2141/2737 2947/2135/2731
f 2976/2162/2755 2974/2161/2754 2947/2135/2731 2948/2127/2723
f 2978/2163/2756 2976/2162/2755 2948/2127/2723 2949/2123/2719
f 2980/2164/2757 2978/2163/2756 2949/2123/2719 2950/2118/2714
f 2982/2165/2758 2980/2164/2757 2950/2118/2714 2951/2117/2713
f 2984/2166/2759 2982/2165/2758 2951/2117/2713 2952/2149/2743
f 2986/2167/2760 2984/2166/2759 2952/2149/2743 2953/2143/2739
f 2988/2168/2761 2986/2167/2760 2953/2143/2739 2954/2137/2733
f 2990/2169/2762 2988/2168/2761 2954/2137/2733 2955/2130/2726
f 3027/2171/2763 2996/2172/2764 2997/2173/2765 3026/2174/2766
f 3025/2175/2767 2992/2176/2768 2993/2177/2769 3024/2178/2770
f 3023/2179/2771 3027/2171/2763 3026/2174/2766 3022/2180/2772
f 3021/2181/2773 3010/2182/2774 3011/2183/2775 3020/2184/2776
f 3019/2185/2777 3025/2175/2767 3024/2178/2770 3018/2186/2778
f 3017/2187/2779 3023/2179/2771 3022/2180/2772 3016/2188/2780
f 3015/2189/2781 3021/2181/2773 3020/2184/2776 3014/2190/2782
f 3013/2191/2783 3019/2185/2777 3018/2186/2778 3012/2192/2784
f 3009/2193/2785 3017/2187/2779 3016/2188/2780 3008/2194/2786
f 3007/2195/2787 3015/2189/2781 3014/2190/2782 3006/2196/2788
f 3010/2197/2774 3013/2191/2783 3012/2192/2784 3011/2198/2775
f 3005/2199/2789 3009/2193/2785 3008/2194/2786 3004/2200/2790
f 3003/2201/2791 3007/2195/2787 3006/2196/2788 3002/2202/2792
f 3001/2203/2793 3005/2199/2789 3004/2200/2790 3000/2204/2794
f 2999/2205/2795 3003/2201/2791 3002/2202/2792 2998/2206/2796
f 2995/2207/2797 3001/2203/2793 3000/2204/2794 2994/2208/2798
f 2996/2172/2764 2999/2205/2795 2998/2206/2796 2997/2173/2765
f 2992/2176/2768 2995/2207/2797 2994/2208/2798 2993/2177/2769
f 2992/2176/2768 3025/2175/2767 2779/1948/2552 2780/1947/2551
f 2763/1928/2533 2762/1925/2530 2993/2177/2769 2994/2208/2798
f 2995/2207/2797 2992/2176/2768 2780/1947/2551 2781/1953/2557
f 2762/1925/2530 2761/1924/2529 3024/2178/2770 2993/2177/2769
f 3001/2203/2793 2995/2207/2797 2781/1953/2557 2782/1957/2561
f 2764/1930/2535 2763/1928/2533 2994/2208/2798 3000/2204/2794
f 2996/2172/2764 3027/2171/2763 2787/1943/2547 2788/1951/2555
f 2771/1929/2534 2770/1927/2532 2997/2173/2765 2998/2206/2796
f 2999/2205/2795 2996/2172/2764 2788/1951/2555 2789/1955/2559
f 2770/1927/2532 2769/1926/2531 3026/2174/2766 2997/2173/2765
f 3003/2201/2791 2999/2205/2795 2789/1955/2559 2790/1959/2563
f 2772/1931/2536 2771/1929/2534 2998/2206/2796 3002/2202/2792
f 3005/2199/2789 3001/2203/2793 2782/1957/2561 2783/1961/2565
f 2765/1932/2537 2764/1930/2535 3000/2204/2794 3004/2200/2790
f 3007/2195/2787 3003/2201/2791 2790/1959/2563 2791/1963/2567
f 2773/1933/2538 2772/1931/2536 3002/2202/2792 3006/2196/2788
f 3009/2193/2785 3005/2199/2789 2783/1961/2565 2784/1965/2569
f 2766/1934/2539 2765/1932/2537 3004/2200/2790 3008/2194/2786
f 3015/2189/2781 3007/2195/2787 2791/1963/2567 2792/1971/2575
f 2774/1937/2542 2773/1933/2538 3006/2196/2788 3014/2190/2782
f 3017/2187/2779 3009/2193/2785 2784/1965/2569 2785/1973/2577
f 2767/1938/2543 2766/1934/2539 3008/2194/2786 3016/2188/2780
f 3010/2182/2774 3021/2181/2773 2793/1977/2581 2776/1979/2572
f 2759/1936/2541 2758/1935/2540 3011/2198/2775 3012/2192/2784
f 3013/2191/2783 3010/2197/2774 2776/1968/2572 2777/1967/2571
f 2758/1942/2540 2775/1940/2545 3020/2184/2776 3011/2183/2775
f 3019/2185/2777 3013/2191/2783 2777/1967/2571 2778/1975/2579
f 2760/1939/2544 2759/1936/2541 3012/2192/2784 3018/2186/2778
f 3021/2181/2773 3015/2189/2781 2792/1971/2575 2793/1977/2581
f 2775/1940/2545 2774/1937/2542 3014/2190/2782 3020/2184/2776
f 3023/2179/2771 3017/2187/2779 2785/1973/2577 2786/1944/2548
f 2768/1941/2546 2767/1938/2543 3016/2188/2780 3022/2180/2772
f 3025/2175/2767 3019/2185/2777 2778/1975/2579 2779/1948/2552
f 2761/1924/2529 2760/1939/2544 3018/2186/2778 3024/2178/2770
f 3027/2171/2763 3023/2179/2771 2786/1944/2548 2787/1943/2547
f 2769/1926/2531 2768/1941/2546 3022/2180/2772 3026/2174/2766
f 2928/2136/2732 2929/2142/2738 3037/2209/2799 3036/2210/2800
f 2926/2124/2720 2927/2128/2724 3035/2211/2801 3034/2212/2802
f 2937/2132/2728 2920/2131/2727 3028/2213/2803 3045/2214/2804
f 2929/2142/2738 2930/2148/2742 3038/2215/2805 3037/2209/2799
f 2930/2148/2742 2931/2116/2712 3039/2216/2806 3038/2215/2805
f 2931/2116/2712 2932/2115/2711 3040/2217/2807 3039/2216/2806
f 2932/2115/2711 2933/2122/2718 3041/2218/2808 3040/2217/2807
f 2933/2122/2718 2934/2126/2722 3042/2219/2809 3041/2218/2808
f 2934/2126/2722 2935/2134/2730 3043/2220/2810 3042/2219/2809
f 2921/2138/2734 2922/2144/2740 3030/2221/2811 3029/2222/2812
f 2922/2144/2740 2923/2150/2744 3031/2223/2813 3030/2221/2811
f 2924/2120/2716 2925/2119/2715 3033/2224/2814 3032/2225/2815
f 2920/2131/2727 2921/2138/2734 3029/2222/2812 3028/2213/2803
f 2925/2119/2715 2926/2124/2720 3034/2212/2802 3033/2224/2814
f 2935/2134/2730 2936/2140/2736 3044/2226/2816 3043/2220/2810
f 2936/2140/2736 2937/2146/2728 3045/2227/2804 3044/2226/2816
f 2923/2150/2744 2924/2120/2716 3032/2225/2815 3031/2223/2813
f 2927/2128/2724 2928/2136/2732 3036/2210/2800 3035/2211/2801
f 3065/2228/2817 3066/2229/2818 3067/2230/2819 3064/2231/2820
f 3071/2232/2821 3072/2233/2822 3073/2234/2823 3070/2235/2824
f 3077/2236/2825 3078/2237/2826 3079/2238/2827 3076/2239/2828
f 3083/2240/2829 3084/2241/2830 3085/2242/2831 3082/2243/2832
f 3089/2244/2833 3090/2245/2834 3091/2246/2835 3088/2247/2836
f 3066/2229/2818 3068/2248/2837 3069/2249/2838 3067/2230/2819
f 3072/2233/2822 3074/2250/2839 3075/2251/2840 3073/2234/2823
f 3078/2237/2826 3080/2252/2841 3081/2253/2842 3079/2238/2827
f 3084/2241/2830 3086/2254/2843 3087/2255/2844 3085/2242/2831
f 3090/2245/2834 3092/2256/2845 3093/2257/2846 3091/2246/2835
f 3095/2258/2847 3096/2259/2848 3097/2260/2849 3094/2261/2850
f 3068/2248/2837 3071/2232/2821 3070/2235/2824 3069/2249/2838
f 3074/2250/2839 3077/2236/2825 3076/2239/2828 3075/2251/2840
f 3080/2252/2841 3083/2240/2829 3082/2243/2832 3081/2253/2842
f 3086/2254/2843 3089/2244/2833 3088/2247/2836 3087/2255/2844
f 3092/2256/2845 3095/2258/2847 3094/2261/2850 3093/2257/2846
f 3096/2259/2848 3098/2262/2851 3099/2263/2852 3097/2260/2849
f 3098/2264/2851 3065/2228/2817 3064/2231/2820 3099/2265/2852
f 3064/2231/2820 3067/2230/2819 3047/2266/2853 3046/2267/2854
f 3045/2214/2804 3028/2213/2803 3065/2228/2817 3098/2264/2851
f 3028/2213/2803 3029/2222/2812 3066/2229/2818 3065/2228/2817
f 3099/2265/2852 3064/2231/2820 3046/2267/2854 3063/2268/2855
f 3067/2230/2819 3069/2249/2838 3048/2269/2856 3047/2266/2853
f 3029/2222/2812 3030/2221/2811 3068/2248/2837 3066/2229/2818
f 3069/2249/2838 3070/2235/2824 3049/2270/2857 3048/2269/2856
f 3030/2221/2811 3031/2223/2813 3071/2232/2821 3068/2248/2837
f 3070/2235/2824 3073/2234/2823 3050/2271/2858 3049/2270/2857
f 3031/2223/2813 3032/2225/2815 3072/2233/2822 3071/2232/2821
f 3073/2234/2823 3075/2251/2840 3051/2272/2859 3050/2271/2858
f 3032/2225/2815 3033/2224/2814 3074/2250/2839 3072/2233/2822
f 3075/2251/2840 3076/2239/2828 3052/2273/2860 3051/2272/2859
f 3033/2224/2814 3034/2212/2802 3077/2236/2825 3074/2250/2839
f 3076/2239/2828 3079/2238/2827 3053/2274/2861 3052/2273/2860
f 3034/2212/2802 3035/2211/2801 3078/2237/2826 3077/2236/2825
f 3079/2238/2827 3081/2253/2842 3054/2275/2862 3053/2274/2861
f 3035/2211/2801 3036/2210/2800 3080/2252/2841 3078/2237/2826
f 3081/2253/2842 3082/2243/2832 3055/2276/2863 3054/2275/2862
f 3036/2210/2800 3037/2209/2799 3083/2240/2829 3080/2252/2841
f 3082/2243/2832 3085/2242/2831 3056/2277/2864 3055/2276/2863
f 3037/2209/2799 3038/2215/2805 3084/2241/2830 3083/2240/2829
f 3085/2242/2831 3087/2255/2844 3057/2278/2865 3056/2277/2864
f 3038/2215/2805 3039/2216/2806 3086/2254/2843 3084/2241/2830
f 3087/2255/2844 3088/2247/2836 3058/2279/2866 3057/2278/2865
f 3039/2216/2806 3040/2217/2807 3089/2244/2833 3086/2254/2843
f 3088/2247/2836 3091/2246/2835 3059/2280/2867 3058/2279/2866
f 3040/2217/2807 3041/2218/2808 3090/2245/2834 3089/2244/2833
f 3091/2246/2835 3093/2257/2846 3060/2281/2868 3059/2280/2867
f 3041/2218/2808 3042/2219/2809 3092/2256/2845 3090/2245/2834
f 3093/2257/2846 3094/2261/2850 3061/2282/2869 3060/2281/2868
f 3042/2219/2809 3043/2220/2810 3095/2258/2847 3092/2256/2845
f 3094/2261/2850 3097/2260/2849 3062/2283/2870 3061/2282/2869
f 3043/2220/2810 3044/2226/2816 3096/2259/2848 3095/2258/2847
f 3097/2260/2849 3099/2263/2852 3063/2284/2855 3062/2283/2870
f 3044/2226/2816 3045/2227/2804 3098/2262/2851 3096/2259/2848
f 3048/2269/2856 3049/2270/2857 3102/2285/2871 3101/2286/2872
f 3050/2271/2858 3051/2272/2859 3104/2287/2873 3103/2288/2874
f 3049/2270/2857 3050/2271/2858 3103/2288/2874 3102/2285/2871
f 3048/2269/2856 3101/2286/2872 3047/2266/2853
f 3052/2273/2860 3104/2287/2873 3051/2272/2859
f 3123/2289/2875 3122/2290/2876 3118/2291/2877 3105/2292/2878
f 3125/2293/2879 3124/2294/2880 3109/2295/2881 3108/2296/2882
f 3127/2297/2883 3126/2298/2884 3120/2299/2885 3119/2300/2886
f 3129/2301/2887 3128/2302/2888 3112/2303/2889 3111/2304/2890
f 3126/2298/2884 3130/2305/2891 3121/2306/2892 3120/2299/2885
f 3131/2307/2893 3125/2293/2879 3108/2296/2882 3107/2308/2894
f 3132/2309/2895 3123/2289/2875 3105/2292/2878 3100/2310/2896
f 3134/2311/2897 3133/2312/2898 3115/2313/2899 3114/2314/2900
f 3122/2290/2876 3127/2297/2883 3119/2300/2886 3118/2291/2877
f 3135/2315/2901 3129/2301/2887 3111/2304/2890 3110/2316/2902
f 3137/2317/2903 3136/2318/2904 3117/2319/2905 3116/2320/2906
f 3138/2321/2907 3134/2311/2897 3114/2314/2900 3113/2322/2908
f 3139/2323/2909 3131/2307/2893 3107/2308/2894 3106/2324/2910
f 3136/2325/2904 3132/2309/2895 3100/2310/2896 3117/2326/2905
f 3133/2312/2898 3137/2317/2903 3116/2320/2906 3115/2313/2899
f 3124/2294/2880 3135/2315/2901 3110/2316/2902 3109/2295/2881
f 3128/2302/2888 3138/2321/2907 3113/2322/2908 3112/2303/2889
f 3130/2305/2891 3139/2323/2909 3106/2324/2910 3121/2306/2892
f 3104/2287/2873 3052/2273/2860 3139/2323/2909 3130/2305/2891
f 3058/2279/2866 3059/2280/2867 3138/2321/2907 3128/2302/2888
f 3055/2276/2863 3056/2277/2864 3135/2315/2901 3124/2294/2880
f 3061/2282/2869 3062/2283/2870 3137/2317/2903 3133/2312/2898
f 3063/2268/2855 3046/2267/2854 3132/2309/2895 3136/2325/2904
f 3052/2273/2860 3053/2274/2861 3131/2307/2893 3139/2323/2909
f 3059/2280/2867 3060/2281/2868 3134/2311/2897 3138/2321/2907
f 3062/2283/2870 3063/2284/2855 3136/2318/2904 3137/2317/2903
f 3056/2277/2864 3057/2278/2865 3129/2301/2887 3135/2315/2901
f 3101/2286/2872 3102/2285/2871 3127/2297/2883 3122/2290/2876
f 3060/2281/2868 3061/2282/2869 3133/2312/2898 3134/2311/2897
f 3046/2267/2854 3047/2266/2853 3123/2289/2875 3132/2309/2895
f 3053/2274/2861 3054/2275/2862 3125/2293/2879 3131/2307/2893
f 3103/2288/2874 3104/2287/2873 3130/2305/2891 3126/2298/2884
f 3057/2278/2865 3058/2279/2866 3128/2302/2888 3129/2301/2887
f 3102/2285/2871 3103/2288/2874 3126/2298/2884 3127/2297/2883
f 3054/2275/2862 3055/2276/2863 3124/2294/2880 3125/2293/2879
f 3047/2266/2853 3101/2286/2872 3122/2290/2876 3123/2289/2875
f 2902/2082/2679 2956/2151/2694 2959/2112/2708 2903/2083/2680
f 3143/2327/2911 3142/2328/2912 3160/2329/2913 3161/2330/2914
f 3140/2331/2915 3157/2332/2916 3175/2333/2917 3158/2334/2918
f 3151/2335/2919 3150/2336/2920 3168/2337/2921 3169/2338/2922
f 3144/2339/2923 3143/2340/2911 3161/2341/2914 3162/2342/2924
f 3152/2343/2925 3151/2335/2919 3169/2338/2922 3170/2344/2926
f 3145/2345/2927 3144/2339/2923 3162/2342/2924 3163/2346/2928
f 3153/2347/2929 3152/2343/2925 3170/2344/2926 3171/2348/2930
f 3146/2349/2931 3145/2345/2927 3163/2346/2928 3164/2350/2932
f 3154/2351/2933 3153/2347/2929 3171/2348/2930 3172/2352/2934
f 3147/2353/2935 3146/2349/2931 3164/2350/2932 3165/2354/2936
f 3155/2355/2937 3154/2351/2933 3172/2352/2934 3173/2356/2938
f 3148/2357/2939 3147/2353/2935 3165/2354/2936 3166/2358/2940
f 3141/2359/2941 3140/2331/2915 3158/2334/2918 3159/2360/2942
f 3156/2361/2943 3155/2355/2937 3173/2356/2938 3174/2362/2944
f 3149/2363/2945 3148/2357/2939 3166/2358/2940 3167/2364/2946
f 3142/2328/2912 3141/2359/2941 3159/2360/2942 3160/2329/2913
f 3157/2332/2916 3156/2361/2943 3174/2362/2944 3175/2333/2917
f 3150/2336/2920 3149/2363/2945 3167/2364/2946 3168/2337/2921
f 3173/2356/2938 3172/2352/2934 3190/2365/2947 3191/2366/2948
f 3166/2358/2940 3165/2354/2936 3183/2367/2949 3184/2368/2950
f 3159/2360/2942 3158/2334/2918 3176/2369/2951 3177/2370/2952
f 3174/2362/2944 3173/2356/2938 3191/2366/2948 3192/2371/2953
f 3167/2364/2946 3166/2358/2940 3184/2368/2950 3185/2372/2954
f 3160/2329/2913 3159/2360/2942 3177/2370/2952 3178/2373/2955
f 3175/2333/2917 3174/2362/2944 3192/2371/2953 3193/2374/2956
f 3168/2337/2921 3167/2364/2946 3185/2372/2954 3186/2375/2957
f 3161/2330/2914 3160/2329/2913 3178/2373/2955 3179/2376/2958
f 3158/2334/2918 3175/2333/2917 3193/2374/2956 3176/2369/2951
f 3169/2338/2922 3168/2337/2921 3186/2375/2957 3187/2377/2959
f 3162/2342/2924 3161/2341/2914 3179/2378/2958 3180/2379/2960
f 3170/2344/2926 3169/2338/2922 3187/2377/2959 3188/2380/2961
f 3163/2346/2928 3162/2342/2924 3180/2379/2960 3181/2381/2962
f 3171/2348/2930 3170/2344/2926 3188/2380/2961 3189/2382/2963
f 3164/2350/2932 3163/2346/2928 3181/2381/2962 3182/2383/2964
f 3172/2352/2934 3171/2348/2930 3189/2382/2963 3190/2365/2947
f 3165/2354/2936 3164/2350/2932 3182/2383/2964 3183/2367/2949
f 3177/2370/2952 3176/2369/2951 3194/2384/2965 3195/2385/2966
f 3192/2371/2953 3191/2366/2948 3209/2386/2967 3210/2387/2968
f 3185/2372/2954 3184/2368/2950 3202/2388/2969 3203/2389/2970
f 3178/2373/2955 3177/2370/2952 3195/2385/2966 3196/2390/2971
f 3193/2374/2956 3192/2371/2953 3210/2387/2968 3211/2391/2972
f 3186/2375/2957 3185/2372/2954 3203/2389/2970 3204/2392/2973
f 3179/2376/2958 3178/2373/2955 3196/2390/2971 3197/2393/2974
f 3176/2369/2951 3193/2374/2956 3211/2391/2972 3194/2384/2965
f 3187/2377/2959 3186/2375/2957 3204/2392/2973 3205/2394/2975
f 3180/2379/2960 3179/2378/2958 3197/2395/2974 3198/2396/2976
f 3188/2380/2961 3187/2377/2959 3205/2394/2975 3206/2397/2977
f 3181/2381/2962 3180/2379/2960 3198/2396/2976 3199/2398/2978
f 3189/2382/2963 3188/2380/2961 3206/2397/2977 3207/2399/2979
f 3182/2383/2964 3181/2381/2962 3199/2398/2978 3200/2400/2980
f 3190/2365/2947 3189/2382/2963 3207/2399/2979 3208/2401/2981
f 3183/2367/2949 3182/2383/2964 3200/2400/2980 3201/2402/2982
f 3191/2366/2948 3190/2365/2947 3208/2401/2981 3209/2386/2967
f 3184/2368/2950 3183/2367/2949 3201/2402/2982 3202/2388/2969
f 3196/2390/2971 3195/2385/2966 3213/2403/2983 3214/2404/2984
f 3211/2391/2972 3210/2387/2968 3228/2405/2985 3229/2406/2986
f 3204/2392/2973 3203/2389/2970 3221/2407/2987 3222/2408/2988
f 3197/2393/2974 3196/2390/2971 3214/2404/2984 3215/2409/2989
f 3194/2384/2965 3211/2391/2972 3229/2406/2986 3212/2410/2990
f 3205/2394/2975 3204/2392/2973 3222/2408/2988 3223/2411/2991
f 3198/2396/2976 3197/2395/2974 3215/2412/2989 3216/2413/2992
f 3206/2397/2977 3205/2394/2975 3223/2411/2991 3224/2414/2993
f 3199/2398/2978 3198/2396/2976 3216/2413/2992 3217/2415/2994
f 3207/2399/2979 3206/2397/2977 3224/2414/2993 3225/2416/2995
f 3200/2400/2980 3199/2398/2978 3217/2415/2994 3218/2417/2996
f 3208/2401/2981 3207/2399/2979 3225/2416/2995 3226/2418/2997
f 3201/2402/2982 3200/2400/2980 3218/2417/2996 3219/2419/2998
f 3209/2386/2967 3208/2401/2981 3226/2418/2997 3227/2420/2999
f 3202/2388/2969 3201/2402/2982 3219/2419/2998 3220/2421/3000
f 3195/2385/2966 3194/2384/2965 3212/2410/2990 3213/2403/2983
f 3210/2387/2968 3209/2386/2967 3227/2420/2999 3228/2405/2985
f 3203/2389/2970 3202/2388/2969 3220/2421/3000 3221/2407/2987
f 3215/2409/2989 3214/2404/2984 3232/2422/3001 3233/2423/3002
f 3212/2410/2990 3229/2406/2986 3247/2424/3003 3230/2425/3004
f 3223/2411/2991 3222/2408/2988 3240/2426/3005 3241/2427/3006
f 3216/2413/2992 3215/2412/2989 3233/2428/3002 3234/2429/3007
f 3224/2414/2993 3223/2411/2991 3241/2427/3006 3242/2430/3008
f 3217/2415/2994 3216/2413/2992 3234/2429/3007 3235/2431/3009
f 3225/2416/2995 3224/2414/2993 3242/2430/3008 3243/2432/3010
f 3218/2417/2996 3217/2415/2994 3235/2431/3009 3236/2433/3011
f 3226/2418/2997 3225/2416/2995 3243/2432/3010 3244/2434/3012
f 3219/2419/2998 3218/2417/2996 3236/2433/3011 3237/2435/3013
f 3227/2420/2999 3226/2418/2997 3244/2434/3012 3245/2436/3014
f 3220/2421/3000 3219/2419/2998 3237/2435/3013 3238/2437/3015
f 3213/2403/2983 3212/2410/2990 3230/2425/3004 3231/2438/3016
f 3228/2405/2985 3227/2420/2999 3245/2436/3014 3246/2439/3017
f 3221/2407/2987 3220/2421/3000 3238/2437/3015 3239/2440/3018
f 3214/2404/2984 3213/2403/2983 3231/2438/3016 3232/2422/3001
f 3229/2406/2986 3228/2405/2985 3246/2439/3017 3247/2424/3003
f 3222/2408/2988 3221/2407/2987 3239/2440/3018 3240/2426/3005
f 3234/2429/3007 3233/2428/3002 3251/2441/3019 3252/2442/3020
f 3242/2430/3008 3241/2427/3006 3259/2443/3021 3260/2444/3022
f 3235/2431/3009 3234/2429/3007 3252/2442/3020 3253/2445/3023
f 3243/2432/3010 3242/2430/3008 3260/2444/3022 3261/2446/3024
f 3236/2433/3011 3235/2431/3009 3253/2445/3023 3254/2447/3025
f 3244/2434/3012 3243/2432/3010 3261/2446/3024 3262/2448/3026
f 3237/2435/3013 3236/2433/3011 3254/2447/3025 3255/2449/3027
f 3245/2436/3014 3244/2434/3012 3262/2448/3026 3263/2450/3028
f 3238/2437/3015 3237/2435/3013 3255/2449/3027 3256/2451/3029
f 3231/2438/3016 3230/2425/3004 3248/2452/3030 3249/2453/3031
f 3246/2439/3017 3245/2436/3014 3263/2450/3028 3264/2454/3032
f 3239/2440/3018 3238/2437/3015 3256/2451/3029 3257/2455/3033
f 3232/2422/3001 3231/2438/3016 3249/2453/3031 3250/2456/3034
f 3247/2424/3003 3246/2439/3017 3264/2454/3032 3265/2457/3035
f 3240/2426/3005 3239/2440/3018 3257/2455/3033 3258/2458/3036
f 3233/2423/3002 3232/2422/3001 3250/2456/3034 3251/2459/3019
f 3230/2425/3004 3247/2424/3003 3265/2457/3035 3248/2452/3030
f 3241/2427/3006 3240/2426/3005 3258/2458/3036 3259/2443/3021
f 3277/2460/3037 3276/2461/3038 3294/2462/3039 3295/2463/3040
f 3270/2464/3041 3269/2465/3042 3287/2466/3043 3288/2467/3044
f 3278/2468/3045 3277/2460/3037 3295/2463/3040 3296/2469/3046
f 3271/2470/3047 3270/2464/3041 3288/2467/3044 3289/2471/3048
f 3279/2472/3049 3278/2468/3045 3296/2469/3046 3297/2473/3050
f 3272/2474/3051 3271/2470/3047 3289/2471/3048 3290/2475/3052
f 3280/2476/3053 3279/2472/3049 3297/2473/3050 3298/2477/3054
f 3273/2478/3055 3272/2474/3051 3290/2475/3052 3291/2479/3056
f 3281/2480/3057 3280/2476/3053 3298/2477/3054 3299/2481/3058
f 3274/2482/3059 3273/2478/3055 3291/2479/3056 3292/2483/3060
f 3267/2484/3061 3266/2485/3062 3284/2486/3063 3285/2487/3064
f 3282/2488/3065 3281/2480/3057 3299/2481/3058 3300/2489/3066
f 3275/2490/3067 3274/2482/3059 3292/2483/3060 3293/2491/3068
f 3268/2492/3069 3267/2484/3061 3285/2487/3064 3286/2493/3070
f 3283/2494/3071 3282/2488/3065 3300/2489/3066 3301/2495/3072
f 3276/2461/3038 3275/2490/3067 3293/2491/3068 3294/2462/3039
f 3269/2496/3042 3268/2492/3069 3286/2493/3070 3287/2497/3043
f 3266/2485/3062 3283/2494/3071 3301/2495/3072 3284/2486/3063
f 3296/2469/3046 3295/2463/3040 3313/2498/3073 3314/2499/3074
f 3289/2471/3048 3288/2467/3044 3306/2500/3075 3307/2501/3076
f 3297/2473/3050 3296/2469/3046 3314/2499/3074 3315/2502/3077
f 3290/2475/3052 3289/2471/3048 3307/2501/3076 3308/2503/3078
f 3298/2477/3054 3297/2473/3050 3315/2502/3077 3316/2504/3079
f 3291/2479/3056 3290/2475/3052 3308/2503/3078 3309/2505/3080
f 3299/2481/3058 3298/2477/3054 3316/2504/3079 3317/2506/3081
f 3292/2483/3060 3291/2479/3056 3309/2505/3080 3310/2507/3082
f 3285/2487/3064 3284/2486/3063 3302/2508/3083 3303/2509/3084
f 3300/2489/3066 3299/2481/3058 3317/2506/3081 3318/2510/3085
f 3293/2491/3068 3292/2483/3060 3310/2507/3082 3311/2511/3086
f 3286/2493/3070 3285/2487/3064 3303/2509/3084 3304/2512/3087
f 3301/2495/3072 3300/2489/3066 3318/2510/3085 3319/2513/3088
f 3294/2462/3039 3293/2491/3068 3311/2511/3086 3312/2514/3089
f 3287/2497/3043 3286/2493/3070 3304/2512/3087 3305/2515/3090
f 3284/2486/3063 3301/2495/3072 3319/2513/3088 3302/2508/3083
f 3295/2463/3040 3294/2462/3039 3312/2514/3089 3313/2498/3073
f 3288/2467/3044 3287/2466/3043 3305/2516/3090 3306/2500/3075
f 3315/2502/3077 3314/2499/3074 3332/2517/3091 3333/2518/3092
f 3308/2503/3078 3307/2501/3076 3325/2519/3093 3326/2520/3094
f 3316/2504/3079 3315/2502/3077 3333/2518/3092 3334/2521/3095
f 3309/2505/3080 3308/2503/3078 3326/2520/3094 3327/2522/3096
f 3317/2506/3081 3316/2504/3079 3334/2521/3095 3335/2523/3097
f 3310/2507/3082 3309/2505/3080 3327/2522/3096 3328/2524/3098
f 3303/2509/3084 3302/2508/3083 3320/2525/3099 3321/2526/3100
f 3318/2510/3085 3317/2506/3081 3335/2523/3097 3336/2527/3101
f 3311/2511/3086 3310/2507/3082 3328/2524/3098 3329/2528/3102
f 3304/2512/3087 3303/2509/3084 3321/2526/3100 3322/2529/3103
f 3319/2513/3088 3318/2510/3085 3336/2527/3101 3337/2530/3104
f 3312/2514/3089 3311/2511/3086 3329/2528/3102 3330/2531/3105
f 3305/2515/3090 3304/2512/3087 3322/2529/3103 3323/2532/3106
f 3302/2508/3083 3319/2513/3088 3337/2530/3104 3320/2525/3099
f 3313/2498/3073 3312/2514/3089 3330/2531/3105 3331/2533/3107
f 3306/2500/3075 3305/2516/3090 3323/2534/3106 3324/2535/3108
f 3314/2499/3074 3313/2498/3073 3331/2533/3107 3332/2517/3091
f 3307/2501/3076 3306/2500/3075 3324/2535/3108 3325/2519/3093
f 3359/2536/3109 3356/2537/3110 3357/2538/3111 3358/2539/3112
f 3361/2540/3113 3359/2536/3109 3358/2539/3112 3360/2541/3114
f 3363/2542/3115 3361/2540/3113 3360/2541/3114 3362/2543/3116
f 3365/2544/3117 3363/2545/3115 3362/2546/3116 3364/2547/3118
f 3367/2548/3119 3365/2544/3117 3364/2547/3118 3366/2549/3120
f 3369/2550/3121 3367/2548/3119 3366/2549/3120 3368/2551/3122
f 3371/2552/3123 3369/2550/3121 3368/2551/3122 3370/2553/3124
f 3373/2554/3125 3371/2552/3123 3370/2553/3124 3372/2555/3126
f 3375/2556/3127 3373/2554/3125 3372/2555/3126 3374/2557/3128
f 3377/2558/3129 3375/2556/3127 3374/2557/3128 3376/2559/3130
f 3379/2560/3131 3377/2558/3129 3376/2559/3130 3378/2561/3132
f 3381/2562/3133 3379/2560/3131 3378/2561/3132 3380/2563/3134
f 3383/2564/3135 3381/2562/3133 3380/2563/3134 3382/2565/3136
f 3385/2566/3137 3383/2564/3135 3382/2565/3136 3384/2567/3138
f 3387/2568/3139 3385/2566/3137 3384/2567/3138 3386/2569/3140
f 3389/2570/3141 3387/2568/3139 3386/2569/3140 3388/2571/3142
f 3391/2572/3143 3389/2570/3141 3388/2571/3142 3390/2573/3144
f 3356/2537/3110 3391/2572/3143 3390/2573/3144 3357/2538/3111
f 3358/2539/3112 3357/2538/3111 3338/2574/3145 3339/2575/3146
f 3321/2526/3100 3320/2525/3099 3356/2537/3110 3359/2536/3109
f 3357/2538/3111 3390/2573/3144 3355/2576/3147 3338/2574/3145
f 3320/2525/3099 3337/2530/3104 3391/2572/3143 3356/2537/3110
f 3322/2529/3103 3321/2526/3100 3359/2536/3109 3361/2540/3113
f 3360/2541/3114 3358/2539/3112 3339/2575/3146 3340/2577/3148
f 3323/2532/3106 3322/2529/3103 3361/2540/3113 3363/2542/3115
f 3362/2543/3116 3360/2541/3114 3340/2577/3148 3341/2578/3149
f 3324/2535/3108 3323/2534/3106 3363/2545/3115 3365/2544/3117
f 3364/2547/3118 3362/2546/3116 3341/2579/3149 3342/2580/3150
f 3325/2519/3093 3324/2535/3108 3365/2544/3117 3367/2548/3119
f 3366/2549/3120 3364/2547/3118 3342/2580/3150 3343/2581/3151
f 3326/2520/3094 3325/2519/3093 3367/2548/3119 3369/2550/3121
f 3368/2551/3122 3366/2549/3120 3343/2581/3151 3344/2582/3152
f 3327/2522/3096 3326/2520/3094 3369/2550/3121 3371/2552/3123
f 3370/2553/3124 3368/2551/3122 3344/2582/3152 3345/2583/3153
f 3328/2524/3098 3327/2522/3096 3371/2552/3123 3373/2554/3125
f 3372/2555/3126 3370/2553/3124 3345/2583/3153 3346/2584/3154
f 3329/2528/3102 3328/2524/3098 3373/2554/3125 3375/2556/3127
f 3374/2557/3128 3372/2555/3126 3346/2584/3154 3347/2585/3155
f 3330/2531/3105 3329/2528/3102 3375/2556/3127 3377/2558/3129
f 3376/2559/3130 3374/2557/3128 3347/2585/3155 3348/2586/3156
f 3331/2533/3107 3330/2531/3105 3377/2558/3129 3379/2560/3131
f 3378/2561/3132 3376/2559/3130 3348/2586/3156 3349/2587/3157
f 3332/2517/3091 3331/2533/3107 3379/2560/3131 3381/2562/3133
f 3380/2563/3134 3378/2561/3132 3349/2587/3157 3350/2588/3158
f 3333/2518/3092 3332/2517/3091 3381/2562/3133 3383/2564/3135
f 3382/2565/3136 3380/2563/3134 3350/2588/3158 3351/2589/3159
f 3334/2521/3095 3333/2518/3092 3383/2564/3135 3385/2566/3137
f 3384/2567/3138 3382/2565/3136 3351/2589/3159 3352/2590/3160
f 3335/2523/3097 3334/2521/3095 3385/2566/3137 3387/2568/3139
f 3386/2569/3140 3384/2567/3138 3352/2590/3160 3353/2591/3161
f 3336/2527/3101 3335/2523/3097 3387/2568/3139 3389/2570/3141
f 3388/2571/3142 3386/2569/3140 3353/2591/3161 3354/2592/3162
f 3337/2530/3104 3336/2527/3101 3389/2570/3141 3391/2572/3143
f 3390/2573/3144 3388/2571/3142 3354/2592/3162 3355/2576/3147
f 3352/2590/3160 3351/2589/3159 3405/2593/3163 3406/2594/3164
f 3345/2583/3153 3344/2582/3152 3398/2595/3165 3399/2596/3166
f 3353/2591/3161 3352/2590/3160 3406/2594/3164 3407/2597/3167
f 3346/2584/3154 3345/2583/3153 3399/2596/3166 3400/2598/3168
f 3339/2575/3146 3338/2574/3145 3392/2599/3169 3393/2600/3170
f 3354/2592/3162 3353/2591/3161 3407/2597/3167 3408/2601/3171
f 3347/2585/3155 3346/2584/3154 3400/2598/3168 3401/2602/3172
f 3340/2577/3148 3339/2575/3146 3393/2600/3170 3394/2603/3173
f 3355/2576/3147 3354/2592/3162 3408/2601/3171 3409/2604/3174
f 3348/2586/3156 3347/2585/3155 3401/2602/3172 3402/2605/3175
f 3341/2578/3149 3340/2577/3148 3394/2603/3173 3395/2606/3176
f 3338/2574/3145 3355/2576/3147 3409/2604/3174 3392/2599/3169
f 3349/2587/3157 3348/2586/3156 3402/2605/3175 3403/2607/3177
f 3342/2580/3150 3341/2579/3149 3395/2608/3176 3396/2609/3178
f 3350/2588/3158 3349/2587/3157 3403/2607/3177 3404/2610/3179
f 3343/2581/3151 3342/2580/3150 3396/2609/3178 3397/2611/3180
f 3351/2589/3159 3350/2588/3158 3404/2610/3179 3405/2593/3163
f 3344/2582/3152 3343/2581/3151 3397/2611/3180 3398/2595/3165
f 3394/2603/3173 3451/2612/3181 3453/2613/3182 3395/2606/3176
f 3409/2604/3174 3481/2614/3183 3446/2615/3184 3392/2599/3169
f 3402/2605/3175 3467/2616/3185 3469/2617/3186 3403/2607/3177
f 3395/2608/3176 3453/2618/3182 3455/2619/3187 3396/2609/3178
f 3403/2607/3177 3469/2617/3186 3471/2620/3188 3404/2610/3179
f 3396/2609/3178 3455/2619/3187 3457/2621/3189 3397/2611/3180
f 3404/2610/3179 3471/2620/3188 3473/2622/3190 3405/2593/3163
f 3397/2611/3180 3457/2621/3189 3459/2623/3191 3398/2595/3165
f 3405/2593/3163 3473/2622/3190 3475/2624/3192 3406/2594/3164
f 3398/2595/3165 3459/2623/3191 3461/2625/3193 3399/2596/3166
f 3406/2594/3164 3475/2624/3192 3477/2626/3194 3407/2597/3167
f 3399/2596/3166 3461/2625/3193 3463/2627/3195 3400/2598/3168
f 3407/2597/3167 3477/2626/3194 3479/2628/3196 3408/2601/3171
f 3400/2598/3168 3463/2627/3195 3465/2629/3197 3401/2602/3172
f 3393/2600/3170 3449/2630/3198 3451/2612/3181 3394/2603/3173
f 3408/2601/3171 3479/2628/3196 3481/2614/3183 3409/2604/3174
f 3401/2602/3172 3465/2629/3197 3467/2616/3185 3402/2605/3175
f 3434/2631/3199 3433/2632/3200 3422/2633/3201 3421/2634/3202
f 3441/2635/3203 3440/2636/3204 3415/2637/3205 3414/2638/3206
f 3433/2632/3200 3432/2639/3207 3423/2640/3208 3422/2633/3201
f 3440/2636/3204 3439/2641/3209 3416/2642/3210 3415/2637/3205
f 3432/2639/3207 3431/2643/3211 3424/2644/3212 3423/2640/3208
f 3439/2641/3209 3438/2645/3213 3417/2646/3214 3416/2642/3210
f 3428/2647/3215 3445/2648/3216 3410/2649/3217 3427/2650/3218
f 3431/2651/3211 3430/2652/3219 3425/2653/3220 3424/2654/3212
f 3438/2645/3213 3437/2655/3221 3418/2656/3222 3417/2646/3214
f 3445/2648/3216 3444/2657/3223 3411/2658/3224 3410/2649/3217
f 3430/2652/3219 3429/2659/3225 3426/2660/3226 3425/2653/3220
f 3437/2655/3221 3436/2661/3227 3419/2662/3228 3418/2656/3222
f 3444/2657/3223 3443/2663/3229 3412/2664/3230 3411/2658/3224
f 3429/2659/3225 3428/2647/3215 3427/2650/3218 3426/2660/3226
f 3436/2661/3227 3435/2665/3231 3420/2666/3232 3419/2662/3228
f 3443/2663/3229 3442/2667/3233 3413/2668/3234 3412/2664/3230
f 3435/2665/3231 3434/2631/3199 3421/2634/3202 3420/2666/3232
f 3442/2667/3233 3441/2635/3203 3414/2638/3206 3413/2668/3234
f 3449/2630/3198 3446/2615/3184 3447/2669/3235 3448/2670/3236
f 3451/2612/3181 3449/2630/3198 3448/2670/3236 3450/2671/3237
f 3453/2613/3182 3451/2612/3181 3450/2671/3237 3452/2672/3238
f 3455/2619/3187 3453/2618/3182 3452/2673/3238 3454/2674/3239
f 3457/2621/3189 3455/2619/3187 3454/2674/3239 3456/2675/3240
f 3459/2623/3191 3457/2621/3189 3456/2675/3240 3458/2676/3241
f 3461/2625/3193 3459/2623/3191 3458/2676/3241 3460/2677/3242
f 3463/2627/3195 3461/2625/3193 3460/2677/3242 3462/2678/3243
f 3465/2629/3197 3463/2627/3195 3462/2678/3243 3464/2679/3244
f 3467/2616/3185 3465/2629/3197 3464/2679/3244 3466/2680/3245
f 3469/2617/3186 3467/2616/3185 3466/2680/3245 3468/2681/3246
f 3471/2620/3188 3469/2617/3186 3468/2681/3246 3470/2682/3247
f 3473/2622/3190 3471/2620/3188 3470/2682/3247 3472/2683/3248
f 3475/2624/3192 3473/2622/3190 3472/2683/3248 3474/2684/3249
f 3477/2626/3194 3475/2624/3192 3474/2684/3249 3476/2685/3250
f 3479/2628/3196 3477/2626/3194 3476/2685/3250 3478/2686/3251
f 3481/2614/3183 3479/2628/3196 3478/2686/3251 3480/2687/3252
f 3446/2615/3184 3481/2614/3183 3480/2687/3252 3447/2669/3235
f 3447/2669/3235 3480/2687/3252 3445/2648/3216 3428/2647/3215
f 3448/2670/3236 3447/2669/3235 3428/2647/3215 3429/2659/3225
f 3450/2671/3237 3448/2670/3236 3429/2659/3225 3430/2652/3219
f 3452/2672/3238 3450/2671/3237 3430/2652/3219 3431/2651/3211
f 3454/2674/3239 3452/2673/3238 3431/2643/3211 3432/2639/3207
f 3456/2675/3240 3454/2674/3239 3432/2639/3207 3433/2632/3200
f 3458/2676/3241 3456/2675/3240 3433/2632/3200 3434/2631/3199
f 3460/2677/3242 3458/2676/3241 3434/2631/3199 3435/2665/3231
f 3462/2678/3243 3460/2677/3242 3435/2665/3231 3436/2661/3227
f 3464/2679/3244 3462/2678/3243 3436/2661/3227 3437/2655/3221
f 3466/2680/3245 3464/2679/3244 3437/2655/3221 3438/2645/3213
f 3468/2681/3246 3466/2680/3245 3438/2645/3213 3439/2641/3209
f 3470/2682/3247 3468/2681/3246 3439/2641/3209 3440/2636/3204
f 3472/2683/3248 3470/2682/3247 3440/2636/3204 3441/2635/3203
f 3474/2684/3249 3472/2683/3248 3441/2635/3203 3442/2667/3233
f 3476/2685/3250 3474/2684/3249 3442/2667/3233 3443/2663/3229
f 3478/2686/3251 3476/2685/3250 3443/2663/3229 3444/2657/3223
f 3480/2687/3252 3478/2686/3251 3444/2657/3223 3445/2648/3216
f 3517/2688/3253 3486/2689/3254 3487/2690/3255 3516/2691/3256
f 3515/2692/3257 3482/2693/3258 3483/2694/3259 3514/2695/3260
f 3513/2696/3261 3517/2688/3253 3516/2691/3256 3512/2697/3262
f 3511/2698/3263 3500/2699/3264 3501/2700/3265 3510/2701/3266
f 3509/2702/3267 3515/2703/3257 3514/2704/3260 3508/2705/3268
f 3507/2706/3269 3513/2696/3261 3512/2697/3262 3506/2707/3270
f 3505/2708/3271 3511/2698/3263 3510/2701/3266 3504/2709/3272
f 3503/2710/3273 3509/2702/3267 3508/2705/3268 3502/2711/3274
f 3499/2712/3275 3507/2706/3269 3506/2707/3270 3498/2713/3276
f 3497/2714/3277 3505/2708/3271 3504/2709/3272 3496/2715/3278
f 3500/2699/3264 3503/2710/3273 3502/2711/3274 3501/2700/3265
f 3495/2716/3279 3499/2712/3275 3498/2713/3276 3494/2717/3280
f 3493/2718/3281 3497/2714/3277 3496/2715/3278 3492/2719/3282
f 3491/2720/3283 3495/2716/3279 3494/2717/3280 3490/2721/3284
f 3489/2722/3285 3493/2718/3281 3492/2719/3282 3488/2723/3286
f 3485/2724/3287 3491/2720/3283 3490/2721/3284 3484/2725/3288
f 3486/2689/3254 3489/2722/3285 3488/2723/3286 3487/2690/3255
f 3482/2693/3258 3485/2724/3287 3484/2725/3288 3483/2694/3259
f 3482/2693/3258 3515/2692/3257 3269/2465/3042 3270/2464/3041
f 3253/2445/3023 3252/2442/3020 3483/2694/3259 3484/2725/3288
f 3485/2724/3287 3482/2693/3258 3270/2464/3041 3271/2470/3047
f 3252/2442/3020 3251/2441/3019 3514/2695/3260 3483/2694/3259
f 3491/2720/3283 3485/2724/3287 3271/2470/3047 3272/2474/3051
f 3254/2447/3025 3253/2445/3023 3484/2725/3288 3490/2721/3284
f 3486/2689/3254 3517/2688/3253 3277/2460/3037 3278/2468/3045
f 3261/2446/3024 3260/2444/3022 3487/2690/3255 3488/2723/3286
f 3489/2722/3285 3486/2689/3254 3278/2468/3045 3279/2472/3049
f 3260/2444/3022 3259/2443/3021 3516/2691/3256 3487/2690/3255
f 3493/2718/3281 3489/2722/3285 3279/2472/3049 3280/2476/3053
f 3262/2448/3026 3261/2446/3024 3488/2723/3286 3492/2719/3282
f 3495/2716/3279 3491/2720/3283 3272/2474/3051 3273/2478/3055
f 3255/2449/3027 3254/2447/3025 3490/2721/3284 3494/2717/3280
f 3497/2714/3277 3493/2718/3281 3280/2476/3053 3281/2480/3057
f 3263/2450/3028 3262/2448/3026 3492/2719/3282 3496/2715/3278
f 3499/2712/3275 3495/2716/3279 3273/2478/3055 3274/2482/3059
f 3256/2451/3029 3255/2449/3027 3494/2717/3280 3498/2713/3276
f 3505/2708/3271 3497/2714/3277 3281/2480/3057 3282/2488/3065
f 3264/2454/3032 3263/2450/3028 3496/2715/3278 3504/2709/3272
f 3507/2706/3269 3499/2712/3275 3274/2482/3059 3275/2490/3067
f 3257/2455/3033 3256/2451/3029 3498/2713/3276 3506/2707/3270
f 3500/2699/3264 3511/2698/3263 3283/2494/3071 3266/2485/3062
f 3249/2453/3031 3248/2452/3030 3501/2700/3265 3502/2711/3274
f 3503/2710/3273 3500/2699/3264 3266/2485/3062 3267/2484/3061
f 3248/2452/3030 3265/2457/3035 3510/2701/3266 3501/2700/3265
f 3509/2702/3267 3503/2710/3273 3267/2484/3061 3268/2492/3069
f 3250/2456/3034 3249/2453/3031 3502/2711/3274 3508/2705/3268
f 3511/2698/3263 3505/2708/3271 3282/2488/3065 3283/2494/3071
f 3265/2457/3035 3264/2454/3032 3504/2709/3272 3510/2701/3266
f 3513/2696/3261 3507/2706/3269 3275/2490/3067 3276/2461/3038
f 3258/2458/3036 3257/2455/3033 3506/2707/3270 3512/2697/3262
f 3515/2703/3257 3509/2702/3267 3268/2492/3069 3269/2496/3042
f 3251/2459/3019 3250/2456/3034 3508/2705/3268 3514/2704/3260
f 3517/2688/3253 3513/2696/3261 3276/2461/3038 3277/2460/3037
f 3259/2443/3021 3258/2458/3036 3512/2697/3262 3516/2691/3256
f 3418/2656/3222 3419/2662/3228 3527/2726/3289 3526/2727/3290
f 3416/2642/3210 3417/2646/3214 3525/2728/3291 3524/2729/3292
f 3427/2650/3218 3410/2649/3217 3518/2730/3293 3535/2731/3294
f 3419/2662/3228 3420/2666/3232 3528/2732/3295 3527/2726/3289
f 3420/2666/3232 3421/2634/3202 3529/2733/3296 3528/2732/3295
f 3421/2634/3202 3422/2633/3201 3530/2734/3297 3529/2733/3296
f 3422/2633/3201 3423/2640/3208 3531/2735/3298 3530/2734/3297
f 3423/2640/3208 3424/2644/3212 3532/2736/3299 3531/2735/3298
f 3424/2654/3212 3425/2653/3220 3533/2737/3300 3532/2738/3299
f 3411/2658/3224 3412/2664/3230 3520/2739/3301 3519/2740/3302
f 3412/2664/3230 3413/2668/3234 3521/2741/3303 3520/2739/3301
f 3414/2638/3206 3415/2637/3205 3523/2742/3304 3522/2743/3305
f 3410/2649/3217 3411/2658/3224 3519/2740/3302 3518/2730/3293
f 3415/2637/3205 3416/2642/3210 3524/2729/3292 3523/2742/3304
f 3425/2653/3220 3426/2660/3226 3534/2744/3306 3533/2737/3300
f 3426/2660/3226 3427/2650/3218 3535/2731/3294 3534/2744/3306
f 3413/2668/3234 3414/2638/3206 3522/2743/3305 3521/2741/3303
f 3417/2646/3214 3418/2656/3222 3526/2727/3290 3525/2728/3291
f 3555/2745/3307 3556/2746/3308 3557/2747/3309 3554/2748/3310
f 3561/2749/3311 3562/2750/3312 3563/2751/3313 3560/2752/3314
f 3567/2753/3315 3568/2754/3316 3569/2755/3317 3566/2756/3318
f 3573/2757/3319 3574/2758/3320 3575/2759/3321 3572/2760/3322
f 3579/2761/3323 3580/2762/3324 3581/2763/3325 3578/2764/3326
f 3556/2746/3308 3558/2765/3327 3559/2766/3328 3557/2747/3309
f 3562/2750/3312 3564/2767/3329 3565/2768/3330 3563/2751/3313
f 3568/2754/3316 3570/2769/3331 3571/2770/3332 3569/2755/3317
f 3574/2758/3320 3576/2771/3333 3577/2772/3334 3575/2759/3321
f 3580/2762/3324 3582/2773/3335 3583/2774/3336 3581/2763/3325
f 3585/2775/3337 3586/2776/3338 3587/2777/3339 3584/2778/3340
f 3558/2765/3327 3561/2749/3311 3560/2752/3314 3559/2766/3328
f 3564/2767/3329 3567/2753/3315 3566/2756/3318 3565/2768/3330
f 3570/2769/3331 3573/2757/3319 3572/2760/3322 3571/2770/3332
f 3576/2771/3333 3579/2761/3323 3578/2764/3326 3577/2772/3334
f 3582/2779/3335 3585/2775/3337 3584/2778/3340 3583/2780/3336
f 3586/2776/3338 3588/2781/3341 3589/2782/3342 3587/2777/3339
f 3588/2781/3341 3555/2745/3307 3554/2748/3310 3589/2782/3342
f 3554/2748/3310 3557/2747/3309 3537/2783/3343 3536/2784/3344
f 3535/2731/3294 3518/2730/3293 3555/2745/3307 3588/2781/3341
f 3518/2730/3293 3519/2740/3302 3556/2746/3308 3555/2745/3307
f 3589/2782/3342 3554/2748/3310 3536/2784/3344 3553/2785/3345
f 3557/2747/3309 3559/2766/3328 3538/2786/3346 3537/2783/3343
f 3519/2740/3302 3520/2739/3301 3558/2765/3327 3556/2746/3308
f 3559/2766/3328 3560/2752/3314 3539/2787/3347 3538/2786/3346
f 3520/2739/3301 3521/2741/3303 3561/2749/3311 3558/2765/3327
f 3560/2752/3314 3563/2751/3313 3540/2788/3348 3539/2787/3347
f 3521/2741/3303 3522/2743/3305 3562/2750/3312 3561/2749/3311
f 3563/2751/3313 3565/2768/3330 3541/2789/3349 3540/2788/3348
f 3522/2743/3305 3523/2742/3304 3564/2767/3329 3562/2750/3312
f 3565/2768/3330 3566/2756/3318 3542/2790/3350 3541/2789/3349
f 3523/2742/3304 3524/2729/3292 3567/2753/3315 3564/2767/3329
f 3566/2756/3318 3569/2755/3317 3543/2791/3351 3542/2790/3350
f 3524/2729/3292 3525/2728/3291 3568/2754/3316 3567/2753/3315
f 3569/2755/3317 3571/2770/3332 3544/2792/3352 3543/2791/3351
f 3525/2728/3291 3526/2727/3290 3570/2769/3331 3568/2754/3316
f 3571/2770/3332 3572/2760/3322 3545/2793/3353 3544/2792/3352
f 3526/2727/3290 3527/2726/3289 3573/2757/3319 3570/2769/3331
f 3572/2760/3322 3575/2759/3321 3546/2794/3354 3545/2793/3353
f 3527/2726/3289 3528/2732/3295 3574/2758/3320 3573/2757/3319
f 3575/2759/3321 3577/2772/3334 3547/2795/3355 3546/2794/3354
f 3528/2732/3295 3529/2733/3296 3576/2771/3333 3574/2758/3320
f 3577/2772/3334 3578/2764/3326 3548/2796/3356 3547/2795/3355
f 3529/2733/3296 3530/2734/3297 3579/2761/3323 3576/2771/3333
f 3578/2764/3326 3581/2763/3325 3549/2797/3357 3548/2796/3356
f 3530/2734/3297 3531/2735/3298 3580/2762/3324 3579/2761/3323
f 3581/2763/3325 3583/2774/3336 3550/2798/3358 3549/2797/3357
f 3531/2735/3298 3532/2736/3299 3582/2773/3335 3580/2762/3324
f 3583/2780/3336 3584/2778/3340 3551/2799/3359 3550/2800/3358
f 3532/2738/3299 3533/2737/3300 3585/2775/3337 3582/2779/3335
f 3584/2778/3340 3587/2777/3339 3552/2801/3360 3551/2799/3359
f 3533/2737/3300 3534/2744/3306 3586/2776/3338 3585/2775/3337
f 3587/2777/3339 3589/2782/3342 3553/2785/3345 3552/2801/3360
f 3534/2744/3306 3535/2731/3294 3588/2781/3341 3586/2776/3338
f 3538/2786/3346 3539/2787/3347 3592/2802/3361 3591/2803/3362
f 3540/2788/3348 3541/2789/3349 3594/2804/3363 3593/2805/3364
f 3539/2787/3347 3540/2788/3348 3593/2805/3364 3592/2802/3361
f 3538/2786/3346 3591/2803/3362 3537/2783/3343
f 3542/2790/3350 3594/2804/3363 3541/2789/3349
f 3613/2806/3365 3612/2807/3366 3608/2808/3367 3595/2809/3368
f 3615/2810/3369 3614/2811/3370 3599/2812/3371 3598/2813/3372
f 3617/2814/3373 3616/2815/3374 3610/2816/3375 3609/2817/3376
f 3619/2818/3377 3618/2819/3378 3602/2820/3379 3601/2821/3380
f 3616/2815/3374 3620/2822/3381 3611/2823/3382 3610/2816/3375
f 3621/2824/3383 3615/2810/3369 3598/2813/3372 3597/2825/3384
f 3622/2826/3385 3613/2806/3365 3595/2809/3368 3590/2827/3386
f 3624/2828/3387 3623/2829/3388 3605/2830/3389 3604/2831/3390
f 3612/2807/3366 3617/2814/3373 3609/2817/3376 3608/2808/3367
f 3625/2832/3391 3619/2818/3377 3601/2821/3380 3600/2833/3392
f 3627/2834/3393 3626/2835/3394 3607/2836/3395 3606/2837/3396
f 3628/2838/3397 3624/2839/3387 3604/2840/3390 3603/2841/3398
f 3629/2842/3399 3621/2824/3383 3597/2825/3384 3596/2843/3400
f 3626/2835/3394 3622/2826/3385 3590/2827/3386 3607/2836/3395
f 3623/2829/3388 3627/2834/3393 3606/2837/3396 3605/2830/3389
f 3614/2811/3370 3625/2832/3391 3600/2833/3392 3599/2812/3371
f 3618/2819/3378 3628/2838/3397 3603/2841/3398 3602/2820/3379
f 3620/2822/3381 3629/2842/3399 3596/2843/3400 3611/2823/3382
f 3594/2804/3363 3542/2790/3350 3629/2842/3399 3620/2822/3381
f 3548/2796/3356 3549/2797/3357 3628/2838/3397 3618/2819/3378
f 3545/2793/3353 3546/2794/3354 3625/2832/3391 3614/2811/3370
f 3551/2799/3359 3552/2801/3360 3627/2834/3393 3623/2829/3388
f 3553/2785/3345 3536/2784/3344 3622/2826/3385 3626/2835/3394
f 3542/2790/3350 3543/2791/3351 3621/2824/3383 3629/2842/3399
f 3549/2797/3357 3550/2798/3358 3624/2839/3387 3628/2838/3397
f 3552/2801/3360 3553/2785/3345 3626/2835/3394 3627/2834/3393
f 3546/2794/3354 3547/2795/3355 3619/2818/3377 3625/2832/3391
f 3591/2803/3362 3592/2802/3361 3617/2814/3373 3612/2807/3366
f 3550/2800/3358 3551/2799/3359 3623/2829/3388 3624/2828/3387
f 3536/2784/3344 3537/2783/3343 3613/2806/3365 3622/2826/3385
f 3543/2791/3351 3544/2792/3352 3615/2810/3369 3621/2824/3383
f 3593/2805/3364 3594/2804/3363 3620/2822/3381 3616/2815/3374
f 3547/2795/3355 3548/2796/3356 3618/2819/3378 3619/2818/3377
f 3592/2802/3361 3593/2805/3364 3616/2815/3374 3617/2814/3373
f 3544/2792/3352 3545/2793/3353 3614/2811/3370 3615/2810/3369
f 3537/2783/3343 3591/2803/3362 3612/2807/3366 3613/2806/3365
f 3392/2599/3169 3446/2615/3184 3449/2630/3198 3393/2600/3170
f 3849/2844/3401 3724/2845/3402 3634/2846/3403 3845/2847/3404
f 3851/2848/3405 3636/2849/3406 3637/2850/3407 3846/2851/3408
f 3852/2852/3409 3653/2853/3410 3652/2854/3411 3847/2855/3412
f 3853/2856/3413 3632/2857/3414 3633/2858/3415 3850/2859/3416
f 3854/2860/3417 3635/2861/3418 3636/2849/3406 3851/2848/3405
f 3855/2862/3419 3640/2863/3420 3653/2853/3410 3852/2852/3409
f 3856/2864/3421 3638/2865/3422 3639/2866/3423 3848/2867/3424
f 3857/2868/3425 3631/2869/3426 3632/2857/3414 3853/2856/3413
f 3845/2847/3404 3634/2846/3403 3635/2861/3418 3854/2860/3417
f 3846/2851/3408 3637/2850/3407 3638/2865/3422 3856/2864/3421
f 3847/2855/3412 3652/2854/3411 3631/2869/3426 3857/2868/3425
f 3696/2870/3427 3655/2871/3428 3665/2872/3429 3688/2873/3430
f 3697/2874/3431 3659/2875/3432 3658/2876/3433 3689/2877/3434
f 3698/2878/3435 3662/2879/3436 3661/2880/3437 3690/2881/3438
f 3688/2873/3430 3665/2872/3429 3664/2882/3439 3691/2883/3440
f 3689/2877/3434 3658/2876/3433 3657/2884/3441 3692/2885/3442
f 3699/2886/3443 3656/2887/3444 3654/2888/3445 3693/2889/3446
f 3690/2881/3438 3661/2880/3437 3660/2890/3447 3694/2891/3448
f 3691/2883/3440 3664/2882/3439 3663/2892/3449 3695/2893/3450
f 3693/2889/3446 3654/2888/3445 3655/2871/3428 3696/2870/3427
f 3694/2891/3448 3660/2890/3447 3659/2875/3432 3697/2874/3431
f 3729/2894/3451 3726/2895/3452 3662/2879/3436 3698/2878/3435
f 3660/2890/3447 3670/2896/3453 3669/2897/3454 3659/2875/3432
f 3654/2888/3445 3666/2898/3455 3667/2899/3456 3655/2871/3428
f 3664/2882/3439 3674/2900/3457 3673/2901/3458 3663/2892/3449
f 3661/2880/3437 3671/2902/3459 3670/2896/3453 3660/2890/3447
f 3656/2887/3444 3668/2903/3460 3666/2898/3455 3654/2888/3445
f 3665/2872/3429 3675/2904/3461 3674/2900/3457 3664/2882/3439
f 3662/2879/3436 3672/2905/3462 3671/2902/3459 3661/2880/3437
f 3658/2876/3433 3659/2875/3432 3669/2897/3454
f 3655/2871/3428 3667/2899/3456 3675/2904/3461 3665/2872/3429
f 3726/2895/3452 3727/2906/3463 3672/2905/3462 3662/2879/3436
f 3730/2907/3464 3728/2908/3465 3681/2909/3466 3702/2910/3467
f 3710/2911/3468 3686/2912/3469 3679/2913/3470 3701/2914/3471
f 3709/2915/3472 3684/2916/3473 3677/2917/3474 3700/2918/3475
f 3707/2919/3476 3682/2920/3477 3687/2921/3478 3711/2922/3479
f 3706/2923/3480 3680/2924/3481 3686/2912/3469 3710/2911/3468
f 3703/2925/3482 3685/2926/3483 3684/2916/3473 3709/2915/3472
f 3705/2927/3484 3678/2928/3485 3683/2929/3486 3708/2930/3487
f 3704/2931/3488 3676/2932/3489 3682/2920/3477 3707/2919/3476
f 3702/2910/3467 3681/2909/3466 3680/2924/3481 3706/2923/3480
f 3701/2914/3471 3679/2913/3470 3678/2928/3485 3705/2927/3484
f 3700/2918/3475 3677/2917/3474 3676/2932/3489 3704/2931/3488
f 3912/2933/3490 3731/2934/3491 3737/2935/3492 3916/2936/3493
f 3722/2937/3494 3694/2891/3448 3697/2874/3431 3713/2938/3495
f 3721/2939/3496 3693/2889/3446 3696/2870/3427 3712/2940/3497
f 3905/2941/3498 3733/2942/3499 3736/2943/3500 3899/2944/3501
f 3718/2945/3502 3690/2881/3438 3694/2891/3448 3722/2937/3494
f 3715/2946/3503 3699/2886/3443 3693/2889/3446 3721/2939/3496
f 3717/2947/3504 3689/2877/3434 3692/2885/3442 3720/2948/3505
f 3716/2949/3506 3688/2873/3430 3691/2883/3440 3719/2950/3507
f 3913/2951/3508 3723/2952/3509 3731/2934/3491 3912/2933/3490
f 3713/2938/3495 3697/2874/3431 3689/2877/3434 3717/2947/3504
f 3712/2940/3497 3696/2870/3427 3688/2873/3430 3716/2949/3506
f 3652/2854/3411 3700/2918/3475 3704/2931/3488 3631/2869/3426
f 3637/2850/3407 3701/2914/3471 3705/2927/3484 3638/2865/3422
f 3634/2846/3403 3702/2910/3467 3706/2923/3480 3635/2861/3418
f 3631/2869/3426 3704/2931/3488 3707/2919/3476 3632/2857/3414
f 3638/2865/3422 3705/2927/3484 3708/2930/3487 3639/2866/3423
f 3640/2863/3420 3703/2925/3482 3709/2915/3472 3653/2853/3410
f 3635/2861/3418 3706/2923/3480 3710/2911/3468 3636/2849/3406
f 3632/2857/3414 3707/2919/3476 3711/2922/3479 3633/2858/3415
f 3653/2853/3410 3709/2915/3472 3700/2918/3475 3652/2854/3411
f 3636/2849/3406 3710/2911/3468 3701/2914/3471 3637/2850/3407
f 3724/2845/3402 3730/2907/3464 3702/2910/3467 3634/2846/3403
f 3677/2917/3474 3712/2940/3497 3716/2949/3506 3676/2932/3489
f 3679/2913/3470 3713/2938/3495 3717/2947/3504 3678/2928/3485
f 3917/2953/3510 3735/2954/3511 3734/2955/3512 3909/2956/3513
f 3676/2932/3489 3716/2949/3506 3719/2950/3507 3682/2920/3477
f 3678/2928/3485 3717/2947/3504 3720/2948/3505 3683/2929/3486
f 3685/2926/3483 3715/2946/3503 3721/2939/3496 3684/2916/3473
f 3680/2924/3481 3718/2945/3502 3722/2937/3494 3686/2912/3469
f 3899/2944/3501 3736/2943/3500 3740/2957/3514 3898/2958/3515
f 3684/2916/3473 3721/2939/3496 3712/2940/3497 3677/2917/3474
f 3686/2912/3469 3722/2937/3494 3713/2938/3495 3679/2913/3470
f 3902/2959/3516 3739/2960/3517 3723/2952/3509 3913/2951/3508
f 3903/2961/3518 3732/2962/3519 3739/2960/3517 3902/2959/3516
f 3633/2858/3415 3711/2922/3479 3730/2963/3464 3724/2964/3402
f 3909/2956/3513 3734/2955/3512 3738/2965/3520 3908/2966/3521
f 3711/2922/3479 3687/2921/3478 3728/2967/3465 3730/2963/3464
f 3663/2892/3449 3673/2901/3458 3727/2968/3463 3726/2969/3452
f 3695/2893/3450 3663/2892/3449 3726/2969/3452 3729/2970/3451
f 3850/2859/3416 3633/2858/3415 3724/2964/3402 3849/2971/3401
f 3898/2958/3515 3740/2957/3514 3735/2954/3511 3917/2953/3510
f 3908/2972/3521 3738/2973/3520 3714/2974/3522 3920/2975/3523
f 3916/2936/3493 3737/2935/3492 3733/2942/3499 3905/2941/3498
f 3920/2975/3523 3714/2974/3522 3732/2962/3519 3903/2961/3518
f 3766/2976/3524 3753/2977/3525 3749/2978/3526 3762/2979/3527
f 3755/2980/3528 3742/2981/3529 3750/2982/3530 3763/2983/3531
f 3756/2984/3532 3743/2985/3533 3751/2986/3534 3764/2987/3535
f 3757/2988/3536 3744/2989/3537 3741/2990/3538 3754/2991/3539
f 3758/2992/3540 3745/2993/3541 3742/2981/3529 3755/2980/3528
f 3759/2994/3542 3746/2995/3543 3743/2985/3533 3756/2984/3532
f 3760/2996/3544 3747/2997/3545 3752/2998/3546 3765/2999/3547
f 3761/3000/3548 3748/3001/3549 3744/2989/3537 3757/2988/3536
f 3762/2979/3527 3749/2978/3526 3745/2993/3541 3758/2992/3540
f 3763/2983/3531 3750/2982/3530 3747/2997/3545 3760/2996/3544
f 3764/2987/3535 3751/2986/3534 3748/3001/3549 3761/3000/3548
f 3754/2991/3539 3741/2990/3538 3753/3002/3525 3766/3003/3524
f 3647/3004/3550 3754/2991/3539 3766/3003/3524 3725/3005/3551
f 3650/3006/3552 3764/2987/3535 3761/3000/3548 3649/3007/3553
f 3643/3008/3554 3763/2983/3531 3760/2996/3544 3642/3009/3555
f 3646/3010/3556 3762/2979/3527 3758/2992/3540 3645/3011/3557
f 3649/3007/3553 3761/3000/3548 3757/2988/3536 3648/3012/3558
f 3642/3009/3555 3760/2996/3544 3765/2999/3547 3641/3013/3559
f 3630/3014/3560 3759/2994/3542 3756/2984/3532 3651/3015/3561
f 3645/3011/3557 3758/2992/3540 3755/2980/3528 3644/3016/3562
f 3648/3012/3558 3757/2988/3536 3754/2991/3539 3647/3004/3550
f 3651/3015/3561 3756/2984/3532 3764/2987/3535 3650/3006/3552
f 3644/3016/3562 3755/2980/3528 3763/2983/3531 3643/3008/3554
f 3725/3017/3551 3766/2976/3524 3762/2979/3527 3646/3010/3556
f 3644/3016/3562 3771/3018/3563 3772/3019/3564 3645/3011/3557
f 3651/3015/3561 3778/3020/3565 3767/3021/3566 3630/3014/3560
f 3641/3013/3559 3768/3022/3567 3769/3023/3568 3642/3009/3555
f 3648/3012/3558 3775/3024/3569 3776/3025/3570 3649/3007/3553
f 3645/3011/3557 3772/3019/3564 3773/3026/3571 3646/3010/3556
f 3642/3009/3555 3769/3023/3568 3770/3027/3572 3643/3008/3554
f 3649/3007/3553 3776/3025/3570 3777/3028/3573 3650/3006/3552
f 3646/3010/3556 3773/3026/3571 3779/3029/3574 3725/3017/3551
f 3643/3008/3554 3770/3027/3572 3771/3018/3563 3644/3016/3562
f 3650/3006/3552 3777/3028/3573 3778/3020/3565 3651/3015/3561
f 3725/3005/3551 3779/3030/3574 3774/3031/3575 3647/3004/3550
f 3647/3004/3550 3774/3031/3575 3775/3024/3569 3648/3012/3558
f 3862/3032/3576 3784/3033/3577 3780/3034/3578 3858/3035/3579
f 3864/3036/3580 3786/3037/3581 3781/3038/3582 3859/3039/3583
f 3865/3040/3584 3787/3041/3585 3782/3042/3586 3860/3043/3587
f 3866/3044/3588 3788/3045/3589 3785/3046/3590 3863/3047/3591
f 3867/3048/3592 3789/3049/3593 3786/3037/3581 3864/3036/3580
f 3868/3050/3594 3790/3051/3595 3787/3041/3585 3865/3040/3584
f 3869/3052/3596 3791/3053/3597 3783/3054/3598 3861/3055/3599
f 3870/3056/3600 3792/3057/3601 3788/3045/3589 3866/3044/3588
f 3858/3035/3579 3780/3034/3578 3789/3049/3593 3867/3048/3592
f 3859/3039/3583 3781/3038/3582 3791/3053/3597 3869/3052/3596
f 3860/3043/3587 3782/3042/3586 3792/3057/3601 3870/3056/3600
f 3863/3047/3591 3785/3046/3590 3784/3058/3577 3862/3059/3576
f 3807/3060/3602 3800/3061/3603 3799/3062/3604 3806/3063/3605
f 3809/3064/3606 3797/3065/3607 3795/3066/3608 3808/3067/3609
f 3811/3068/3610 3794/3069/3611 3793/3070/3612 3810/3071/3613
f 3813/3072/3614 3804/3073/3615 3803/3074/3616 3812/3075/3617
f 3814/3076/3618 3798/3077/3619 3794/3069/3611 3811/3068/3610
f 3815/3078/3620 3801/3079/3621 3800/3061/3603 3807/3060/3602
f 3816/3080/3622 3796/3081/3623 3804/3073/3615 3813/3072/3614
f 3818/3082/3624 3802/3083/3625 3805/3084/3626 3817/3085/3627
f 3817/3086/3627 3805/3087/3626 3801/3079/3621 3815/3078/3620
f 3806/3063/3605 3799/3062/3604 3798/3077/3619 3814/3076/3618
f 3808/3067/3609 3795/3066/3608 3796/3081/3623 3816/3080/3622
f 3812/3075/3617 3803/3074/3616 3802/3083/3625 3818/3082/3624
f 3674/2900/3457 3812/3075/3617 3818/3082/3624 3673/2901/3458
f 3666/2898/3455 3808/3067/3609 3816/3080/3622 3667/2899/3456
f 3670/2896/3453 3806/3063/3605 3814/3076/3618 3669/2897/3454
f 3727/2906/3463 3817/3086/3627 3815/3078/3620 3672/2905/3462
f 3673/2901/3458 3818/3082/3624 3817/3085/3627 3727/2968/3463
f 3667/2899/3456 3816/3080/3622 3813/3072/3614 3675/2904/3461
f 3672/2905/3462 3815/3078/3620 3807/3060/3602 3671/2902/3459
f 3669/2897/3454 3814/3076/3618 3811/3068/3610 3658/2876/3433
f 3675/2904/3461 3813/3072/3614 3812/3075/3617 3674/2900/3457
f 3658/2876/3433 3811/3068/3610 3810/3071/3613 3657/2884/3441
f 3668/2903/3460 3809/3064/3606 3808/3067/3609 3666/2898/3455
f 3671/2902/3459 3807/3060/3602 3806/3063/3605 3670/2896/3453
f 3871/3088/3628 3819/3089/3629 3831/3090/3630 3883/3091/3631
f 3881/3092/3632 3829/3093/3633 3826/3094/3634 3878/3095/3635
f 3880/3096/3636 3828/3097/3637 3825/3098/3638 3877/3099/3639
f 3879/3100/3640 3827/3101/3641 3823/3102/3642 3875/3103/3643
f 3878/3095/3635 3826/3094/3634 3822/3104/3644 3874/3105/3645
f 3877/3099/3639 3825/3098/3638 3830/3106/3646 3882/3107/3647
f 3876/3108/3648 3824/3109/3649 3821/3110/3650 3873/3111/3651
f 3875/3103/3643 3823/3102/3642 3820/3112/3652 3872/3113/3653
f 3874/3105/3645 3822/3104/3644 3819/3089/3629 3871/3088/3628
f 3873/3111/3651 3821/3110/3650 3829/3093/3633 3881/3092/3632
f 3872/3113/3653 3820/3112/3652 3828/3097/3637 3880/3096/3636
f 3883/3114/3631 3831/3115/3630 3827/3101/3641 3879/3100/3640
f 3896/3116/3654 3836/3117/3655 3832/3118/3656 3892/3119/3657
f 3885/3120/3658 3838/3121/3659 3833/3122/3660 3893/3123/3661
f 3886/3124/3662 3839/3125/3663 3834/3126/3664 3894/3127/3665
f 3887/3128/3666 3840/3129/3667 3837/3130/3668 3884/3131/3669
f 3888/3132/3670 3841/3133/3671 3838/3121/3659 3885/3120/3658
f 3889/3134/3672 3842/3135/3673 3839/3125/3663 3886/3124/3662
f 3890/3136/3674 3843/3137/3675 3835/3138/3676 3895/3139/3677
f 3891/3140/3678 3844/3141/3679 3840/3129/3667 3887/3128/3666
f 3892/3119/3657 3832/3118/3656 3841/3133/3671 3888/3132/3670
f 3893/3123/3661 3833/3122/3660 3843/3137/3675 3890/3136/3674
f 3894/3127/3665 3834/3126/3664 3844/3141/3679 3891/3140/3678
f 3884/3131/3669 3837/3130/3668 3836/3142/3655 3896/3143/3654
f 3819/3089/3629 3863/3047/3591 3862/3059/3576 3831/3090/3630
f 3829/3093/3633 3860/3043/3587 3870/3056/3600 3826/3094/3634
f 3828/3097/3637 3859/3039/3583 3869/3052/3596 3825/3098/3638
f 3827/3101/3641 3858/3035/3579 3867/3048/3592 3823/3102/3642
f 3826/3094/3634 3870/3056/3600 3866/3044/3588 3822/3104/3644
f 3825/3098/3638 3869/3052/3596 3861/3055/3599 3830/3106/3646
f 3824/3109/3649 3868/3050/3594 3865/3040/3584 3821/3110/3650
f 3823/3102/3642 3867/3048/3592 3864/3036/3580 3820/3112/3652
f 3822/3104/3644 3866/3044/3588 3863/3047/3591 3819/3089/3629
f 3821/3110/3650 3865/3040/3584 3860/3043/3587 3829/3093/3633
f 3820/3112/3652 3864/3036/3580 3859/3039/3583 3828/3097/3637
f 3831/3115/3630 3862/3032/3576 3858/3035/3579 3827/3101/3641
f 3753/2977/3525 3883/3114/3631 3879/3100/3640 3749/2978/3526
f 3742/2981/3529 3872/3113/3653 3880/3096/3636 3750/2982/3530
f 3743/2985/3533 3873/3111/3651 3881/3092/3632 3751/2986/3534
f 3744/2989/3537 3874/3105/3645 3871/3088/3628 3741/2990/3538
f 3745/2993/3541 3875/3103/3643 3872/3113/3653 3742/2981/3529
f 3746/2995/3543 3876/3108/3648 3873/3111/3651 3743/2985/3533
f 3747/2997/3545 3877/3099/3639 3882/3107/3647 3752/2998/3546
f 3748/3001/3549 3878/3095/3635 3874/3105/3645 3744/2989/3537
f 3749/2978/3526 3879/3100/3640 3875/3103/3643 3745/2993/3541
f 3750/2982/3530 3880/3096/3636 3877/3099/3639 3747/2997/3545
f 3751/2986/3534 3881/3092/3632 3878/3095/3635 3748/3001/3549
f 3741/2990/3538 3871/3088/3628 3883/3091/3631 3753/3002/3525
f 3785/3046/3590 3884/3131/3669 3896/3143/3654 3784/3058/3577
f 3782/3042/3586 3894/3127/3665 3891/3140/3678 3792/3057/3601
f 3781/3038/3582 3893/3123/3661 3890/3136/3674 3791/3053/3597
f 3780/3034/3578 3892/3119/3657 3888/3132/3670 3789/3049/3593
f 3792/3057/3601 3891/3140/3678 3887/3128/3666 3788/3045/3589
f 3791/3053/3597 3890/3136/3674 3895/3139/3677 3783/3054/3598
f 3790/3051/3595 3889/3134/3672 3886/3124/3662 3787/3041/3585
f 3789/3049/3593 3888/3132/3670 3885/3120/3658 3786/3037/3581
f 3788/3045/3589 3887/3128/3666 3884/3131/3669 3785/3046/3590
f 3787/3041/3585 3886/3124/3662 3894/3127/3665 3782/3042/3586
f 3786/3037/3581 3885/3120/3658 3893/3123/3661 3781/3038/3582
f 3784/3033/3577 3896/3116/3654 3892/3119/3657 3780/3034/3578
f 3842/3135/3673 3855/2862/3419 3852/2852/3409 3839/3125/3663
f 3839/3125/3663 3852/2852/3409 3847/2855/3412 3834/3126/3664
f 3834/3126/3664 3847/2855/3412 3857/2868/3425 3844/3141/3679
f 3844/3141/3679 3857/2868/3425 3853/2856/3413 3840/3129/3667
f 3840/3129/3667 3853/2856/3413 3850/2859/3416 3837/3130/3668
f 3837/3130/3668 3850/2859/3416 3849/2971/3401 3836/3142/3655
f 3836/3117/3655 3849/2844/3401 3845/2847/3404 3832/3118/3656
f 3832/3118/3656 3845/2847/3404 3854/2860/3417 3841/3133/3671
f 3841/3133/3671 3854/2860/3417 3851/2848/3405 3838/3121/3659
f 3838/3121/3659 3851/2848/3405 3846/2851/3408 3833/3122/3660
f 3833/3122/3660 3846/2851/3408 3856/2864/3421 3843/3137/3675
f 3843/3137/3675 3856/2864/3421 3848/2867/3424 3835/3138/3676
f 3682/3144/3477 3919/3145/3680 3904/3146/3681 3687/3147/3478
f 3919/3145/3680 3920/2975/3523 3903/2961/3518 3904/3146/3681
f 3718/3148/3502 3915/3149/3682 3906/3150/3683 3690/3151/3438
f 3915/3149/3682 3916/2936/3493 3905/2941/3498 3906/3150/3683
f 3719/3152/3507 3907/3153/3684 3919/3145/3680 3682/3144/3477
f 3907/3153/3684 3908/2972/3521 3920/2975/3523 3919/3145/3680
f 3729/3154/3451 3897/3155/3685 3918/3156/3686 3695/3157/3450
f 3897/3155/3685 3898/2958/3515 3917/2953/3510 3918/3156/3686
f 3691/3158/3440 3910/3159/3687 3907/3160/3684 3719/3161/3507
f 3910/3159/3687 3909/2956/3513 3908/2966/3521 3907/3160/3684
f 3687/3147/3478 3904/3146/3681 3901/3162/3688 3728/3163/3465
f 3904/3146/3681 3903/2961/3518 3902/2959/3516 3901/3162/3688
f 3728/3163/3465 3901/3162/3688 3914/3164/3689 3681/3165/3466
f 3901/3162/3688 3902/2959/3516 3913/2951/3508 3914/3164/3689
f 3698/3166/3435 3900/3167/3690 3897/3155/3685 3729/3154/3451
f 3900/3167/3690 3899/2944/3501 3898/2958/3515 3897/3155/3685
f 3695/3157/3450 3918/3156/3686 3910/3159/3687 3691/3158/3440
f 3918/3156/3686 3917/2953/3510 3909/2956/3513 3910/3159/3687
f 3681/3165/3466 3914/3164/3689 3911/3168/3691 3680/3169/3481
f 3914/3164/3689 3913/2951/3508 3912/2933/3490 3911/3168/3691
f 3690/3151/3438 3906/3150/3683 3900/3167/3690 3698/3166/3435
f 3906/3150/3683 3905/2941/3498 3899/2944/3501 3900/3167/3690
f 3680/3169/3481 3911/3168/3691 3915/3149/3682 3718/3148/3502
f 3911/3168/3691 3912/2933/3490 3916/2936/3493 3915/3149/3682
f 3974/3170/3692 3980/3171/3693 3930/3172/3694 3924/3173/3695
f 3970/3174/3696 3977/3175/3697 3926/3176/3698 3927/3177/3699
f 3976/3178/3700 3971/3179/3701 3928/3180/3702 3925/3181/3703
f 3973/3182/3704 3969/3183/3705 3923/3184/3706 3932/3185/3707
f 3975/3186/3708 3976/3178/3700 3925/3181/3703 3921/3187/3709
f 3971/3179/3701 3974/3170/3692 3924/3173/3695 3928/3180/3702
f 3977/3175/3697 3975/3186/3708 3921/3187/3709 3926/3176/3698
f 3972/3188/3710 3979/3189/3711 3929/3190/3712 3922/3191/3713
f 3979/3189/3711 3973/3182/3704 3932/3185/3707 3929/3190/3712
f 3978/3192/3714 3972/3188/3710 3922/3191/3713 3931/3193/3715
f 3969/3194/3705 3970/3174/3696 3927/3177/3699 3923/3195/3706
f 3980/3171/3693 3978/3192/3714 3931/3193/3715 3930/3172/3694
f 3731/2934/3491 3723/2952/3509 3939/3196/3716 3943/3197/3717
f 3738/2965/3520 3734/2955/3512 3938/3198/3718 3935/3199/3719
f 3723/2952/3509 3739/2960/3517 3942/3200/3720 3939/3196/3716
f 3732/2962/3519 3714/2974/3522 3944/3201/3721 3941/3202/3722
f 3739/2960/3517 3732/2962/3519 3941/3202/3722 3942/3200/3720
f 3735/2954/3511 3740/2957/3514 3934/3203/3723 3937/3204/3724
f 3733/2942/3499 3737/2935/3492 3933/3205/3725 3940/3206/3726
f 3740/2957/3514 3736/2943/3500 3936/3207/3727 3934/3203/3723
f 3714/2974/3522 3738/2973/3520 3935/3208/3719 3944/3201/3721
f 3736/2943/3500 3733/2942/3499 3940/3206/3726 3936/3207/3727
f 3734/2955/3512 3735/2954/3511 3937/3204/3724 3938/3198/3718
f 3737/2935/3492 3731/2934/3491 3943/3197/3717 3933/3205/3725
f 3943/3197/3717 3939/3196/3716 3954/3209/3728 3956/3210/3729
f 3935/3199/3719 3938/3198/3718 3946/3211/3730 3945/3212/3731
f 3939/3196/3716 3942/3200/3720 3948/3213/3732 3954/3209/3728
f 3941/3202/3722 3944/3201/3721 3949/3214/3733 3955/3215/3734
f 3942/3200/3720 3941/3202/3722 3955/3215/3734 3948/3213/3732
f 3937/3204/3724 3934/3203/3723 3951/3216/3735 3953/3217/3736
f 3940/3206/3726 3933/3205/3725 3950/3218/3737 3947/3219/3738
f 3934/3203/3723 3936/3207/3727 3952/3220/3739 3951/3216/3735
f 3944/3201/3721 3935/3208/3719 3945/3221/3731 3949/3214/3733
f 3936/3207/3727 3940/3206/3726 3947/3219/3738 3952/3220/3739
f 3938/3198/3718 3937/3204/3724 3953/3217/3736 3946/3211/3730
f 3933/3205/3725 3943/3197/3717 3956/3210/3729 3950/3218/3737
f 3956/3210/3729 3954/3209/3728 3966/3222/3740 3968/3223/3741
f 3945/3212/3731 3946/3211/3730 3958/3224/3742 3957/3225/3743
f 3954/3209/3728 3948/3213/3732 3960/3226/3744 3966/3222/3740
f 3955/3215/3734 3949/3214/3733 3961/3227/3745 3967/3228/3746
f 3948/3213/3732 3955/3215/3734 3967/3228/3746 3960/3226/3744
f 3953/3217/3736 3951/3216/3735 3963/3229/3747 3965/3230/3748
f 3947/3219/3738 3950/3218/3737 3962/3231/3749 3959/3232/3750
f 3951/3216/3735 3952/3220/3739 3964/3233/3751 3963/3229/3747
f 3949/3214/3733 3945/3221/3731 3957/3234/3743 3961/3227/3745
f 3952/3220/3739 3947/3219/3738 3959/3232/3750 3964/3233/3751
f 3946/3211/3730 3953/3217/3736 3965/3230/3748 3958/3224/3742
f 3950/3218/3737 3956/3210/3729 3968/3223/3741 3962/3231/3749
f 3968/3223/3741 3966/3222/3740 3978/3192/3714 3980/3171/3693
f 3957/3225/3743 3958/3224/3742 3970/3174/3696 3969/3194/3705
f 3966/3222/3740 3960/3226/3744 3972/3188/3710 3978/3192/3714
f 3967/3228/3746 3961/3227/3745 3973/3182/3704 3979/3189/3711
f 3960/3226/3744 3967/3228/3746 3979/3189/3711 3972/3188/3710
f 3965/3230/3748 3963/3229/3747 3975/3186/3708 3977/3175/3697
f 3959/3232/3750 3962/3231/3749 3974/3170/3692 3971/3179/3701
f 3963/3229/3747 3964/3233/3751 3976/3178/3700 3975/3186/3708
f 3961/3227/3745 3957/3234/3743 3969/3183/3705 3973/3182/3704
f 3964/3233/3751 3959/3232/3750 3971/3179/3701 3976/3178/3700
f 3958/3224/3742 3965/3230/3748 3977/3175/3697 3970/3174/3696
f 3962/3231/3749 3968/3223/3741 3980/3171/3693 3974/3170/3692
f 3922/3235/3713 3929/3236/3712 3989/3237/3752 3982/3238/3753
f 3924/3239/3695 3930/3240/3694 3990/3241/3754 3984/3242/3755
f 3921/3243/3709 3925/3244/3703 3985/3245/3756 3981/3246/3757
f 3929/3236/3712 3932/3247/3707 3992/3248/3758 3989/3237/3752
f 3930/3240/3694 3931/3249/3715 3991/3250/3759 3990/3241/3754
f 3923/3251/3706 3927/3252/3699 3987/3253/3760 3983/3254/3761
f 3932/3247/3707 3923/3255/3706 3983/3256/3761 3992/3248/3758
f 3931/3249/3715 3922/3235/3713 3982/3238/3753 3991/3250/3759
f 3925/3244/3703 3928/3257/3702 3988/3258/3762 3985/3245/3756
f 3928/3257/3702 3924/3239/3695 3984/3242/3755 3988/3258/3762
f 3926/3259/3698 3921/3243/3709 3981/3246/3757 3986/3260/3763
f 3927/3252/3699 3926/3259/3698 3986/3260/3763 3987/3253/3760
f 3987/3261/3760 3986/3262/3763 3998/3263/3764 3999/3264/3765
f 3982/3265/3753 3989/3266/3752 4001/3267/3766 3994/3268/3767
f 3984/3269/3755 3990/3270/3754 4002/3271/3768 3996/3272/3769
f 3981/3273/3757 3985/3274/3756 3997/3275/3770 3993/3276/3771
f 3989/3266/3752 3992/3277/3758 4004/3278/3772 4001/3267/3766
f 3990/3270/3754 3991/3279/3759 4003/3280/3773 4002/3271/3768
f 3983/3281/3761 3987/3261/3760 3999/3264/3765 3995/3282/3774
f 3992/3277/3758 3983/3283/3761 3995/3284/3774 4004/3278/3772
f 3991/3279/3759 3982/3265/3753 3994/3268/3767 4003/3280/3773
f 3985/3274/3756 3988/3285/3762 4000/3286/3775 3997/3275/3770
f 3988/3285/3762 3984/3269/3755 3996/3272/3769 4000/3286/3775
f 3986/3262/3763 3981/3273/3757 3993/3276/3771 3998/3263/3764
f 3996/3272/3769 4002/3271/3768 4014/3287/3776 4008/3288/3777
f 3993/3276/3771 3997/3275/3770 4009/3289/3778 4005/3290/3779
f 4001/3267/3766 4004/3278/3772 4016/3291/3780 4013/3292/3781
f 4002/3271/3768 4003/3280/3773 4015/3293/3782 4014/3287/3776
f 3995/3282/3774 3999/3264/3765 4011/3294/3783 4007/3295/3784
f 4004/3278/3772 3995/3284/3774 4007/3296/3784 4016/3291/3780
f 4003/3280/3773 3994/3268/3767 4006/3297/3785 4015/3293/3782
f 3997/3275/3770 4000/3286/3775 4012/3298/3786 4009/3289/3778
f 4000/3286/3775 3996/3272/3769 4008/3288/3777 4012/3298/3786
f 3998/3263/3764 3993/3276/3771 4005/3290/3779 4010/3299/3787
f 3999/3264/3765 3998/3263/3764 4010/3299/3787 4011/3294/3783
f 3994/3268/3767 4001/3267/3766 4013/3292/3781 4006/3297/3785
f 4204/2844/3788 4201/2847/3789 4020/2846/3790 4096/2845/3791
f 4206/2848/3792 4202/2851/3793 4023/2850/3794 4022/2849/3795
f 4207/2852/3796 4203/2855/3797 4035/2854/3798 4036/2853/3799
f 4208/2856/3800 4205/2859/3801 4019/2858/3802 4018/2857/3803
f 4209/2860/3804 4206/2848/3792 4022/2849/3795 4021/2861/3805
f 3855/2862/3419 4207/2852/3796 4036/2853/3799 3640/2863/3420
f 4210/2864/3806 3848/2867/3424 3639/2866/3423 4024/2865/3807
f 4211/2868/3808 4208/2856/3800 4018/2857/3803 4017/2869/3809
f 4201/2847/3789 4209/2860/3804 4021/2861/3805 4020/2846/3790
f 4202/2851/3793 4210/2864/3806 4024/2865/3807 4023/2850/3794
f 4203/2855/3797 4211/2868/3808 4017/2869/3809 4035/2854/3798
f 4073/2870/3810 4066/2873/3811 4046/2872/3812 4038/2871/3813
f 4074/2874/3814 4067/2877/3815 4039/2876/3816 4040/2875/3817
f 4075/2878/3818 4068/2881/3819 4042/2880/3820 4043/2879/3821
f 4066/2873/3811 4069/2883/3822 4045/2882/3823 4046/2872/3812
f 4067/2877/3815 3692/2885/3442 3657/2884/3441 4039/2876/3816
f 3699/2886/3443 4070/2889/3824 4037/2888/3825 3656/2887/3444
f 4068/2881/3819 4071/2891/3826 4041/2890/3827 4042/2880/3820
f 4069/2883/3822 4072/2893/3828 4044/2892/3829 4045/2882/3823
f 4070/2889/3824 4073/2870/3810 4038/2871/3813 4037/2888/3825
f 4071/2891/3826 4074/2874/3814 4040/2875/3817 4041/2890/3827
f 4101/2894/3830 4075/2878/3818 4043/2879/3821 4098/2895/3831
f 4041/2890/3827 4040/2875/3817 4049/2897/3832 4050/2896/3833
f 4037/2888/3825 4038/2871/3813 4048/2899/3834 4047/2898/3835
f 4045/2882/3823 4044/2892/3829 4053/2901/3836 4054/2900/3837
f 4042/2880/3820 4041/2890/3827 4050/2896/3833 4051/2902/3838
f 3656/2887/3444 4037/2888/3825 4047/2898/3835 3668/2903/3460
f 4046/2872/3812 4045/2882/3823 4054/2900/3837 4055/2904/3839
f 4043/2879/3821 4042/2880/3820 4051/2902/3838 4052/2905/3840
f 4039/2876/3816 4049/2897/3832 4040/2875/3817
f 4038/2871/3813 4046/2872/3812 4055/2904/3839 4048/2899/3834
f 4098/2895/3831 4043/2879/3821 4052/2905/3840 4099/2906/3841
f 4102/2907/3842 4078/2910/3843 4061/2909/3844 4100/2908/3845
f 4084/2911/3846 4077/2914/3847 4059/2913/3848 4064/2912/3849
f 4083/2915/3850 4076/2918/3851 4057/2917/3852 4063/2916/3853
f 4082/2919/3854 4085/2922/3855 4065/2921/3856 4062/2920/3857
f 4081/2923/3858 4084/2911/3846 4064/2912/3849 4060/2924/3859
f 3703/2925/3482 4083/2915/3850 4063/2916/3853 3685/2926/3483
f 4080/2927/3860 3708/2930/3487 3683/2929/3486 4058/2928/3861
f 4079/2931/3862 4082/2919/3854 4062/2920/3857 4056/2932/3863
f 4078/2910/3843 4081/2923/3858 4060/2924/3859 4061/2909/3844
f 4077/2914/3847 4080/2927/3860 4058/2928/3861 4059/2913/3848
f 4076/2918/3851 4079/2931/3862 4056/2932/3863 4057/2917/3852
f 4260/2933/3864 4264/2936/3865 4109/2935/3866 4103/2934/3867
f 4094/2937/3868 4087/2938/3869 4074/2874/3814 4071/2891/3826
f 4093/2939/3870 4086/2940/3871 4073/2870/3810 4070/2889/3824
f 4253/2941/3872 4247/2944/3873 4108/2943/3874 4105/2942/3875
f 4091/2945/3876 4094/2937/3868 4071/2891/3826 4068/2881/3819
f 3715/2946/3503 4093/2939/3870 4070/2889/3824 3699/2886/3443
f 4090/2947/3877 3720/2948/3505 3692/2885/3442 4067/2877/3815
f 4089/2949/3878 4092/2950/3879 4069/2883/3822 4066/2873/3811
f 4261/2951/3880 4260/2933/3864 4103/2934/3867 4095/2952/3881
f 4087/2938/3869 4090/2947/3877 4067/2877/3815 4074/2874/3814
f 4086/2940/3871 4089/2949/3878 4066/2873/3811 4073/2870/3810
f 4035/2854/3798 4017/2869/3809 4079/2931/3862 4076/2918/3851
f 4023/2850/3794 4024/2865/3807 4080/2927/3860 4077/2914/3847
f 4020/2846/3790 4021/2861/3805 4081/2923/3858 4078/2910/3843
f 4017/2869/3809 4018/2857/3803 4082/2919/3854 4079/2931/3862
f 4024/2865/3807 3639/2866/3423 3708/2930/3487 4080/2927/3860
f 3640/2863/3420 4036/2853/3799 4083/2915/3850 3703/2925/3482
f 4021/2861/3805 4022/2849/3795 4084/2911/3846 4081/2923/3858
f 4018/2857/3803 4019/2858/3802 4085/2922/3855 4082/2919/3854
f 4036/2853/3799 4035/2854/3798 4076/2918/3851 4083/2915/3850
f 4022/2849/3795 4023/2850/3794 4077/2914/3847 4084/2911/3846
f 4096/2845/3791 4020/2846/3790 4078/2910/3843 4102/2907/3842
f 4057/2917/3852 4056/2932/3863 4089/2949/3878 4086/2940/3871
f 4059/2913/3848 4058/2928/3861 4090/2947/3877 4087/2938/3869
f 4265/2953/3882 4257/2956/3883 4106/2955/3884 4107/2954/3885
f 4056/2932/3863 4062/2920/3857 4092/2950/3879 4089/2949/3878
f 4058/2928/3861 3683/2929/3486 3720/2948/3505 4090/2947/3877
f 3685/2926/3483 4063/2916/3853 4093/2939/3870 3715/2946/3503
f 4060/2924/3859 4064/2912/3849 4094/2937/3868 4091/2945/3876
f 4247/2944/3873 4246/2958/3886 4112/2957/3887 4108/2943/3874
f 4063/2916/3853 4057/2917/3852 4086/2940/3871 4093/2939/3870
f 4064/2912/3849 4059/2913/3848 4087/2938/3869 4094/2937/3868
f 4250/2959/3888 4261/2951/3880 4095/2952/3881 4111/2960/3889
f 4251/2961/3518 4250/2959/3888 4111/2960/3889 4104/2962/3890
f 4019/2858/3802 4096/2964/3791 4102/2963/3842 4085/2922/3855
f 4257/2956/3883 4256/2966/3891 4110/2965/3892 4106/2955/3884
f 4085/2922/3855 4102/2963/3842 4100/2967/3845 4065/2921/3856
f 4044/2892/3829 4098/2969/3831 4099/2968/3841 4053/2901/3836
f 4072/2893/3828 4101/2970/3830 4098/2969/3831 4044/2892/3829
f 4205/2859/3801 4204/2971/3788 4096/2964/3791 4019/2858/3802
f 4246/2958/3886 4265/2953/3882 4107/2954/3885 4112/2957/3887
f 4256/2972/3891 4268/2975/3893 4088/2974/3894 4110/2973/3892
f 4264/2936/3865 4253/2941/3872 4105/2942/3875 4109/2935/3866
f 4268/2975/3893 4251/2961/3518 4104/2962/3890 4088/2974/3894
f 4134/2976/3895 4131/2979/3896 4120/2978/3897 4123/2977/3898
f 4125/2980/3899 4132/2983/3900 4121/2982/3901 4114/2981/3902
f 4126/2984/3903 4133/2987/3904 4122/2986/3905 4115/2985/3906
f 4127/2988/3907 4124/2991/3908 4113/2990/3909 4116/2989/3910
f 4128/2992/3911 4125/2980/3899 4114/2981/3902 4117/2993/3912
f 3759/2994/3542 4126/2984/3903 4115/2985/3906 3746/2995/3543
f 4129/2996/3913 3765/2999/3547 3752/2998/3546 4118/2997/3914
f 4130/3000/3915 4127/2988/3907 4116/2989/3910 4119/3001/3916
f 4131/2979/3896 4128/2992/3911 4117/2993/3912 4120/2978/3897
f 4132/2983/3900 4129/2996/3913 4118/2997/3914 4121/2982/3901
f 4133/2987/3904 4130/3000/3915 4119/3001/3916 4122/2986/3905
f 4124/2991/3908 4134/3003/3895 4123/3002/3898 4113/2990/3909
f 4030/3004/3917 4097/3005/3918 4134/3003/3895 4124/2991/3908
f 4033/3006/3919 4032/3007/3920 4130/3000/3915 4133/2987/3904
f 4026/3008/3921 4025/3009/3922 4129/2996/3913 4132/2983/3900
f 4029/3010/3923 4028/3011/3924 4128/2992/3911 4131/2979/3896
f 4032/3007/3920 4031/3012/3925 4127/2988/3907 4130/3000/3915
f 4025/3009/3922 3641/3013/3559 3765/2999/3547 4129/2996/3913
f 3630/3014/3560 4034/3015/3926 4126/2984/3903 3759/2994/3542
f 4028/3011/3924 4027/3016/3927 4125/2980/3899 4128/2992/3911
f 4031/3012/3925 4030/3004/3917 4124/2991/3908 4127/2988/3907
f 4034/3015/3926 4033/3006/3919 4133/2987/3904 4126/2984/3903
f 4027/3016/3927 4026/3008/3921 4132/2983/3900 4125/2980/3899
f 4097/3017/3918 4029/3010/3923 4131/2979/3896 4134/2976/3895
f 4027/3016/3927 4028/3011/3924 4138/3019/3928 4137/3018/3929
f 4034/3015/3926 3630/3014/3560 3767/3021/3566 4144/3020/3930
f 3641/3013/3559 4025/3009/3922 4135/3023/3931 3768/3022/3567
f 4031/3012/3925 4032/3007/3920 4142/3025/3932 4141/3024/3933
f 4028/3011/3924 4029/3010/3923 4139/3026/3934 4138/3019/3928
f 4025/3009/3922 4026/3008/3921 4136/3027/3935 4135/3023/3931
f 4032/3007/3920 4033/3006/3919 4143/3028/3936 4142/3025/3932
f 4029/3010/3923 4097/3017/3918 4145/3029/3937 4139/3026/3934
f 4026/3008/3921 4027/3016/3927 4137/3018/3929 4136/3027/3935
f 4033/3006/3919 4034/3015/3926 4144/3020/3930 4143/3028/3936
f 4097/3005/3918 4030/3004/3917 4140/3031/3938 4145/3030/3937
f 4030/3004/3917 4031/3012/3925 4141/3024/3933 4140/3031/3938
f 4215/3032/3939 4212/3035/3940 4146/3034/3941 4149/3033/3942
f 4217/3036/3943 4213/3039/3944 4147/3038/3945 4151/3037/3946
f 4218/3040/3947 4214/3043/3948 4148/3042/3949 4152/3041/3950
f 4219/3044/3951 4216/3047/3952 4150/3046/3326 4153/3045/3953
f 4220/3048/3954 4217/3036/3943 4151/3037/3946 4154/3049/3955
f 3868/3050/3594 4218/3040/3947 4152/3041/3950 3790/3051/3595
f 4221/3052/3956 3861/3055/3599 3783/3054/3598 4155/3053/3957
f 4222/3056/3958 4219/3044/3951 4153/3045/3953 4156/3057/3959
f 4212/3035/3940 4220/3048/3954 4154/3049/3955 4146/3034/3941
f 4213/3039/3944 4221/3052/3956 4155/3053/3957 4147/3038/3945
f 4214/3043/3948 4222/3056/3958 4156/3057/3959 4148/3042/3949
f 4216/3047/3952 4215/3059/3939 4149/3058/3942 4150/3046/3326
f 4169/3060/3960 4168/3063/3961 4161/3062/3962 4162/3061/3963
f 3809/3064/3606 4170/3067/3964 4158/3066/3965 3797/3065/3607
f 4171/3068/3966 3810/3071/3613 3793/3070/3612 4157/3069/3967
f 4173/3072/3968 4172/3075/3969 4165/3074/3970 4166/3073/3971
f 4174/3076/3972 4171/3068/3966 4157/3069/3967 4160/3077/3973
f 4175/3078/3974 4169/3060/3960 4162/3061/3963 4163/3079/3975
f 4176/3080/3976 4173/3072/3968 4166/3073/3971 4159/3081/3977
f 4178/3082/3978 4177/3085/3979 4167/3084/3980 4164/3083/3981
f 4177/3086/3979 4175/3078/3974 4163/3079/3975 4167/3087/3980
f 4168/3063/3961 4174/3076/3972 4160/3077/3973 4161/3062/3962
f 4170/3067/3964 4176/3080/3976 4159/3081/3977 4158/3066/3965
f 4172/3075/3969 4178/3082/3978 4164/3083/3981 4165/3074/3970
f 4054/2900/3837 4053/2901/3836 4178/3082/3978 4172/3075/3969
f 4047/2898/3835 4048/2899/3834 4176/3080/3976 4170/3067/3964
f 4050/2896/3833 4049/2897/3832 4174/3076/3972 4168/3063/3961
f 4099/2906/3841 4052/2905/3840 4175/3078/3974 4177/3086/3979
f 4053/2901/3836 4099/2968/3841 4177/3085/3979 4178/3082/3978
f 4048/2899/3834 4055/2904/3839 4173/3072/3968 4176/3080/3976
f 4052/2905/3840 4051/2902/3838 4169/3060/3960 4175/3078/3974
f 4049/2897/3832 4039/2876/3816 4171/3068/3966 4174/3076/3972
f 4055/2904/3839 4054/2900/3837 4172/3075/3969 4173/3072/3968
f 4039/2876/3816 3657/2884/3441 3810/3071/3613 4171/3068/3966
f 3668/2903/3460 4047/2898/3835 4170/3067/3964 3809/3064/3606
f 4051/2902/3838 4050/2896/3833 4168/3063/3961 4169/3060/3960
f 4223/3088/3982 4233/3091/3983 4189/3090/3984 4179/3089/3985
f 4232/3092/3986 4229/3095/3987 4185/3094/3988 4188/3093/3989
f 4231/3096/3990 4228/3099/3991 4184/3098/3992 4187/3097/3993
f 4230/3100/3994 4227/3103/3995 4183/3102/3996 4186/3101/3997
f 4229/3095/3987 4226/3105/3998 4182/3104/3999 4185/3094/3988
f 4228/3099/3991 3882/3107/3647 3830/3106/3646 4184/3098/3992
f 3876/3108/3648 4225/3111/4000 4181/3110/4001 3824/3109/3649
f 4227/3103/3995 4224/3113/4002 4180/3112/4003 4183/3102/3996
f 4226/3105/3998 4223/3088/3982 4179/3089/3985 4182/3104/3999
f 4225/3111/4000 4232/3092/3986 4188/3093/3989 4181/3110/4001
f 4224/3113/4002 4231/3096/3990 4187/3097/3993 4180/3112/4003
f 4233/3114/3983 4230/3100/3994 4186/3101/3997 4189/3115/3984
f 4244/3116/4004 4241/3119/4005 4190/3118/4006 4193/3117/4007
f 4235/3120/4008 4242/3123/4009 4191/3122/4010 4195/3121/4011
f 4236/3124/4012 4243/3127/4013 4192/3126/4014 4196/3125/4015
f 4237/3128/4016 4234/3131/4017 4194/3130/4018 4197/3129/4019
f 4238/3132/4020 4235/3120/4008 4195/3121/4011 4198/3133/4021
f 3889/3134/3672 4236/3124/4012 4196/3125/4015 3842/3135/3673
f 4239/3136/4022 3895/3139/3677 3835/3138/3676 4199/3137/4023
f 4240/3140/4024 4237/3128/4016 4197/3129/4019 4200/3141/4025
f 4241/3119/4005 4238/3132/4020 4198/3133/4021 4190/3118/4006
f 4242/3123/4009 4239/3136/4022 4199/3137/4023 4191/3122/4010
f 4243/3127/4013 4240/3140/4024 4200/3141/4025 4192/3126/4014
f 4234/3131/4017 4244/3143/4004 4193/3142/4007 4194/3130/4018
f 4179/3089/3985 4189/3090/3984 4215/3059/3939 4216/3047/3952
f 4188/3093/3989 4185/3094/3988 4222/3056/3958 4214/3043/3948
f 4187/3097/3993 4184/3098/3992 4221/3052/3956 4213/3039/3944
f 4186/3101/3997 4183/3102/3996 4220/3048/3954 4212/3035/3940
f 4185/3094/3988 4182/3104/3999 4219/3044/3951 4222/3056/3958
f 4184/3098/3992 3830/3106/3646 3861/3055/3599 4221/3052/3956
f 3824/3109/3649 4181/3110/4001 4218/3040/3947 3868/3050/3594
f 4183/3102/3996 4180/3112/4003 4217/3036/3943 4220/3048/3954
f 4182/3104/3999 4179/3089/3985 4216/3047/3952 4219/3044/3951
f 4181/3110/4001 4188/3093/3989 4214/3043/3948 4218/3040/3947
f 4180/3112/4003 4187/3097/3993 4213/3039/3944 4217/3036/3943
f 4189/3115/3984 4186/3101/3997 4212/3035/3940 4215/3032/3939
f 4123/2977/3898 4120/2978/3897 4230/3100/3994 4233/3114/3983
f 4114/2981/3902 4121/2982/3901 4231/3096/3990 4224/3113/4002
f 4115/2985/3906 4122/2986/3905 4232/3092/3986 4225/3111/4000
f 4116/2989/3910 4113/2990/3909 4223/3088/3982 4226/3105/3998
f 4117/2993/3912 4114/2981/3902 4224/3113/4002 4227/3103/3995
f 3746/2995/3543 4115/2985/3906 4225/3111/4000 3876/3108/3648
f 4118/2997/3914 3752/2998/3546 3882/3107/3647 4228/3099/3991
f 4119/3001/3916 4116/2989/3910 4226/3105/3998 4229/3095/3987
f 4120/2978/3897 4117/2993/3912 4227/3103/3995 4230/3100/3994
f 4121/2982/3901 4118/2997/3914 4228/3099/3991 4231/3096/3990
f 4122/2986/3905 4119/3001/3916 4229/3095/3987 4232/3092/3986
f 4113/2990/3909 4123/3002/3898 4233/3091/3983 4223/3088/3982
f 4150/3046/3326 4149/3058/3942 4244/3143/4004 4234/3131/4017
f 4148/3042/3949 4156/3057/3959 4240/3140/4024 4243/3127/4013
f 4147/3038/3945 4155/3053/3957 4239/3136/4022 4242/3123/4009
f 4146/3034/3941 4154/3049/3955 4238/3132/4020 4241/3119/4005
f 4156/3057/3959 4153/3045/3953 4237/3128/4016 4240/3140/4024
f 4155/3053/3957 3783/3054/3598 3895/3139/3677 4239/3136/4022
f 3790/3051/3595 4152/3041/3950 4236/3124/4012 3889/3134/3672
f 4154/3049/3955 4151/3037/3946 4235/3120/4008 4238/3132/4020
f 4153/3045/3953 4150/3046/3326 4234/3131/4017 4237/3128/4016
f 4152/3041/3950 4148/3042/3949 4243/3127/4013 4236/3124/4012
f 4151/3037/3946 4147/3038/3945 4242/3123/4009 4235/3120/4008
f 4149/3033/3942 4146/3034/3941 4241/3119/4005 4244/3116/4004
f 3842/3135/3673 4196/3125/4015 4207/2852/3796 3855/2862/3419
f 4196/3125/4015 4192/3126/4014 4203/2855/3797 4207/2852/3796
f 4192/3126/4014 4200/3141/4025 4211/2868/3808 4203/2855/3797
f 4200/3141/4025 4197/3129/4019 4208/2856/3800 4211/2868/3808
f 4197/3129/4019 4194/3130/4018 4205/2859/3801 4208/2856/3800
f 4194/3130/4018 4193/3142/4007 4204/2971/3788 4205/2859/3801
f 4193/3117/4007 4190/3118/4006 4201/2847/3789 4204/2844/3788
f 4190/3118/4006 4198/3133/4021 4209/2860/3804 4201/2847/3789
f 4198/3133/4021 4195/3121/4011 4206/2848/3792 4209/2860/3804
f 4195/3121/4011 4191/3122/4010 4202/2851/3793 4206/2848/3792
f 4191/3122/4010 4199/3137/4023 4210/2864/3806 4202/2851/3793
f 4199/3137/4023 3835/3138/3676 3848/2867/3424 4210/2864/3806
f 4062/3144/3857 4065/3147/3856 4252/3146/4026 4267/3145/4027
f 4267/3145/4027 4252/3146/4026 4251/2961/3518 4268/2975/3893
f 4091/3148/3876 4068/3151/3819 4254/3150/4028 4263/3149/4029
f 4263/3149/4029 4254/3150/4028 4253/2941/3872 4264/2936/3865
f 4092/3152/3879 4062/3144/3857 4267/3145/4027 4255/3153/4030
f 4255/3153/4030 4267/3145/4027 4268/2975/3893 4256/2972/3891
f 4101/3154/3830 4072/3157/3828 4266/3156/4031 4245/3155/4032
f 4245/3155/4032 4266/3156/4031 4265/2953/3882 4246/2958/3886
f 4069/3158/3822 4092/3161/3879 4255/3160/4030 4258/3159/4033
f 4258/3159/4033 4255/3160/4030 4256/2966/3891 4257/2956/3883
f 4065/3147/3856 4100/3163/3845 4249/3162/4034 4252/3146/4026
f 4252/3146/4026 4249/3162/4034 4250/2959/3888 4251/2961/3518
f 4100/3163/3845 4061/3165/3844 4262/3164/4035 4249/3162/4034
f 4249/3162/4034 4262/3164/4035 4261/2951/3880 4250/2959/3888
f 4075/3166/3818 4101/3154/3830 4245/3155/4032 4248/3167/4036
f 4248/3167/4036 4245/3155/4032 4246/2958/3886 4247/2944/3873
f 4072/3157/3828 4069/3158/3822 4258/3159/4033 4266/3156/4031
f 4266/3156/4031 4258/3159/4033 4257/2956/3883 4265/2953/3882
f 4061/3165/3844 4060/3169/3859 4259/3168/4037 4262/3164/4035
f 4262/3164/4035 4259/3168/4037 4260/2933/3864 4261/2951/3880
f 4068/3151/3819 4075/3166/3818 4248/3167/4036 4254/3150/4028
f 4254/3150/4028 4248/3167/4036 4247/2944/3873 4253/2941/3872
f 4060/3169/3859 4091/3148/3876 4263/3149/4029 4259/3168/4037
f 4259/3168/4037 4263/3149/4029 4264/2936/3865 4260/2933/3864
f 4322/3170/4038 4272/3173/4039 4278/3172/4040 4328/3171/4041
f 4318/3174/4042 4275/3177/4043 4274/3176/4044 4325/3175/4045
f 4324/3178/4046 4273/3181/4047 4276/3180/4048 4319/3179/4049
f 4321/3182/4050 4280/3185/4051 4271/3184/4052 4317/3183/4053
f 4323/3186/4054 4269/3187/4055 4273/3181/4047 4324/3178/4046
f 4319/3179/4049 4276/3180/4048 4272/3173/4039 4322/3170/4038
f 4325/3175/4045 4274/3176/4044 4269/3187/4055 4323/3186/4054
f 4320/3188/4056 4270/3191/4057 4277/3190/4058 4327/3189/4059
f 4327/3189/4059 4277/3190/4058 4280/3185/4051 4321/3182/4050
f 4326/3192/4060 4279/3193/4061 4270/3191/4057 4320/3188/4056
f 4317/3194/4053 4271/3195/4052 4275/3177/4043 4318/3174/4042
f 4328/3171/4041 4278/3172/4040 4279/3193/4061 4326/3192/4060
f 4103/2934/3867 4291/3197/4062 4287/3196/4063 4095/2952/3881
f 4110/2965/3892 4283/3199/4064 4286/3198/4065 4106/2955/3884
f 4095/2952/3881 4287/3196/4063 4290/3200/4066 4111/2960/3889
f 4104/2962/3890 4289/3202/4067 4292/3201/4068 4088/2974/3894
f 4111/2960/3889 4290/3200/4066 4289/3202/4067 4104/2962/3890
f 4107/2954/3885 4285/3204/4069 4282/3203/4070 4112/2957/3887
f 4105/2942/3875 4288/3206/4071 4281/3205/4072 4109/2935/3866
f 4112/2957/3887 4282/3203/4070 4284/3207/4073 4108/2943/3874
f 4088/2974/3894 4292/3201/4068 4283/3208/4064 4110/2973/3892
f 4108/2943/3874 4284/3207/4073 4288/3206/4071 4105/2942/3875
f 4106/2955/3884 4286/3198/4065 4285/3204/4069 4107/2954/3885
f 4109/2935/3866 4281/3205/4072 4291/3197/4062 4103/2934/3867
f 4291/3197/4062 4304/3210/4074 4302/3209/4075 4287/3196/4063
f 4283/3199/4064 4293/3212/4076 4294/3211/4077 4286/3198/4065
f 4287/3196/4063 4302/3209/4075 4296/3213/4078 4290/3200/4066
f 4289/3202/4067 4303/3215/4079 4297/3214/4080 4292/3201/4068
f 4290/3200/4066 4296/3213/4078 4303/3215/4079 4289/3202/4067
f 4285/3204/4069 4301/3217/4081 4299/3216/4082 4282/3203/4070
f 4288/3206/4071 4295/3219/4083 4298/3218/4084 4281/3205/4072
f 4282/3203/4070 4299/3216/4082 4300/3220/4085 4284/3207/4073
f 4292/3201/4068 4297/3214/4080 4293/3221/4076 4283/3208/4064
f 4284/3207/4073 4300/3220/4085 4295/3219/4083 4288/3206/4071
f 4286/3198/4065 4294/3211/4077 4301/3217/4081 4285/3204/4069
f 4281/3205/4072 4298/3218/4084 4304/3210/4074 4291/3197/4062
f 4304/3210/4074 4316/3223/4086 4314/3222/4087 4302/3209/4075
f 4293/3212/4076 4305/3225/4088 4306/3224/4089 4294/3211/4077
f 4302/3209/4075 4314/3222/4087 4308/3226/4090 4296/3213/4078
f 4303/3215/4079 4315/3228/4091 4309/3227/4092 4297/3214/4080
f 4296/3213/4078 4308/3226/4090 4315/3228/4091 4303/3215/4079
f 4301/3217/4081 4313/3230/4093 4311/3229/4094 4299/3216/4082
f 4295/3219/4083 4307/3232/4095 4310/3231/4096 4298/3218/4084
f 4299/3216/4082 4311/3229/4094 4312/3233/4097 4300/3220/4085
f 4297/3214/4080 4309/3227/4092 4305/3234/4088 4293/3221/4076
f 4300/3220/4085 4312/3233/4097 4307/3232/4095 4295/3219/4083
f 4294/3211/4077 4306/3224/4089 4313/3230/4093 4301/3217/4081
f 4298/3218/4084 4310/3231/4096 4316/3223/4086 4304/3210/4074
f 4316/3223/4086 4328/3171/4041 4326/3192/4060 4314/3222/4087
f 4305/3225/4088 4317/3194/4053 4318/3174/4042 4306/3224/4089
f 4314/3222/4087 4326/3192/4060 4320/3188/4056 4308/3226/4090
f 4315/3228/4091 4327/3189/4059 4321/3182/4050 4309/3227/4092
f 4308/3226/4090 4320/3188/4056 4327/3189/4059 4315/3228/4091
f 4313/3230/4093 4325/3175/4045 4323/3186/4054 4311/3229/4094
f 4307/3232/4095 4319/3179/4049 4322/3170/4038 4310/3231/4096
f 4311/3229/4094 4323/3186/4054 4324/3178/4046 4312/3233/4097
f 4309/3227/4092 4321/3182/4050 4317/3183/4053 4305/3234/4088
f 4312/3233/4097 4324/3178/4046 4319/3179/4049 4307/3232/4095
f 4306/3224/4089 4318/3174/4042 4325/3175/4045 4313/3230/4093
f 4310/3231/4096 4322/3170/4038 4328/3171/4041 4316/3223/4086
f 4270/3235/4057 4330/3238/4098 4337/3237/4099 4277/3236/4058
f 4272/3239/4039 4332/3242/4100 4338/3241/4101 4278/3240/4040
f 4269/3243/4055 4329/3246/4102 4333/3245/4103 4273/3244/4047
f 4277/3236/4058 4337/3237/4099 4340/3248/4104 4280/3247/4051
f 4278/3240/4040 4338/3241/4101 4339/3250/4105 4279/3249/4061
f 4271/3251/4052 4331/3254/4106 4335/3253/4107 4275/3252/4043
f 4280/3247/4051 4340/3248/4104 4331/3256/4106 4271/3255/4052
f 4279/3249/4061 4339/3250/4105 4330/3238/4098 4270/3235/4057
f 4273/3244/4047 4333/3245/4103 4336/3258/4108 4276/3257/4048
f 4276/3257/4048 4336/3258/4108 4332/3242/4100 4272/3239/4039
f 4274/3259/4044 4334/3260/4109 4329/3246/4102 4269/3243/4055
f 4275/3252/4043 4335/3253/4107 4334/3260/4109 4274/3259/4044
f 4335/3261/4107 4347/3264/4110 4346/3263/4111 4334/3262/4109
f 4330/3265/4098 4342/3268/4112 4349/3267/4113 4337/3266/4099
f 4332/3269/4100 4344/3272/4114 4350/3271/4115 4338/3270/4101
f 4329/3273/4102 4341/3276/4116 4345/3275/4117 4333/3274/4103
f 4337/3266/4099 4349/3267/4113 4352/3278/4118 4340/3277/4104
f 4338/3270/4101 4350/3271/4115 4351/3280/4119 4339/3279/4105
f 4331/3281/4106 4343/3282/4120 4347/3264/4110 4335/3261/4107
f 4340/3277/4104 4352/3278/4118 4343/3284/4120 4331/3283/4106
f 4339/3279/4105 4351/3280/4119 4342/3268/4112 4330/3265/4098
f 4333/3274/4103 4345/3275/4117 4348/3286/4121 4336/3285/4108
f 4336/3285/4108 4348/3286/4121 4344/3272/4114 4332/3269/4100
f 4334/3262/4109 4346/3263/4111 4341/3276/4116 4329/3273/4102
f 4344/3272/4114 4356/3288/4122 4362/3287/4123 4350/3271/4115
f 4341/3276/4116 4353/3290/4124 4357/3289/4125 4345/3275/4117
f 4349/3267/4113 4361/3292/4126 4364/3291/4127 4352/3278/4118
f 4350/3271/4115 4362/3287/4123 4363/3293/4128 4351/3280/4119
f 4343/3282/4120 4355/3295/4129 4359/3294/4130 4347/3264/4110
f 4352/3278/4118 4364/3291/4127 4355/3296/4129 4343/3284/4120
f 4351/3280/4119 4363/3293/4128 4354/3297/4131 4342/3268/4112
f 4345/3275/4117 4357/3289/4125 4360/3298/4132 4348/3286/4121
f 4348/3286/4121 4360/3298/4132 4356/3288/4122 4344/3272/4114
f 4346/3263/4111 4358/3299/4133 4353/3290/4124 4341/3276/4116
f 4347/3264/4110 4359/3294/4130 4358/3299/4133 4346/3263/4111
f 4342/3268/4112 4354/3297/4131 4361/3292/4126 4349/3267/4113
f 4493/3300/4134 4494/3301/4135 4497/3302/4136 4496/3303/4137
f 4494/3301/4135 4495/3304/4138 4498/3305/4139 4497/3302/4136
f 4496/3303/4137 4497/3302/4136 4500/3306/4140 4499/3307/4141
f 4497/3302/4136 4498/3305/4139 4501/3308/4142 4500/3306/4140
f 4365/3309/4143 4388/3310/4144 4493/3300/4134 4387/3311/4145
f 4388/3310/4144 4389/3312/4146 4494/3301/4135 4493/3300/4134
f 4389/3312/4146 4390/3313/4147 4495/3304/4138 4494/3301/4135
f 4390/3313/4147 4366/3314/4148 4391/3315/4149 4495/3304/4138
f 4495/3304/4138 4391/3315/4149 4392/3316/4150 4498/3305/4139
f 4498/3305/4139 4392/3316/4150 4393/3317/4151 4501/3308/4142
f 4501/3308/4142 4393/3317/4151 4368/3318/4152 4394/3319/4153
f 4500/3306/4140 4501/3308/4142 4394/3319/4153 4395/3320/4154
f 4499/3307/4141 4500/3306/4140 4395/3320/4154 4396/3321/4155
f 4385/3322/4156 4499/3307/4141 4396/3321/4155 4367/3323/4157
f 4386/3324/4158 4496/3303/4137 4499/3307/4141 4385/3322/4156
f 4387/3311/4145 4493/3300/4134 4496/3303/4137 4386/3324/4158
f 4502/3325/4159 4503/3326/4160 4506/3327/4161 4505/3328/4162
f 4503/3326/4160 4504/3329/4163 4507/3330/4164 4506/3327/4161
f 4505/3328/4162 4506/3327/4161 4509/3331/4165 4508/3332/4166
f 4506/3327/4161 4507/3330/4164 4510/3333/4167 4509/3331/4165
f 4367/3323/4157 4396/3321/4155 4502/3325/4159 4399/3334/4168
f 4396/3321/4155 4395/3320/4154 4503/3326/4160 4502/3325/4159
f 4395/3320/4154 4394/3319/4153 4504/3329/4163 4503/3326/4160
f 4394/3319/4153 4368/3318/4152 4400/3335/4169 4504/3329/4163
f 4504/3329/4163 4400/3335/4169 4401/3336/4170 4507/3330/4164
f 4507/3330/4164 4401/3336/4170 4402/3337/4171 4510/3333/4167
f 4510/3333/4167 4402/3337/4171 4372/3338/4172 4403/3339/4173
f 4509/3331/4165 4510/3333/4167 4403/3339/4173 4404/3340/4174
f 4508/3332/4166 4509/3331/4165 4404/3340/4174 4405/3341/4175
f 4397/3342/4176 4508/3332/4166 4405/3341/4175 4371/3343/4177
f 4398/3344/4178 4505/3328/4162 4508/3332/4166 4397/3342/4176
f 4399/3334/4168 4502/3325/4159 4505/3328/4162 4398/3344/4178
f 4511/3345/4179 4512/3346/4180 4515/3347/4181 4514/3348/4182
f 4512/3346/4180 4513/3349/4183 4516/3350/4184 4515/3347/4181
f 4514/3348/4182 4515/3347/4181 4518/3351/4185 4517/3352/4186
f 4515/3347/4181 4516/3350/4184 4519/3353/4187 4518/3351/4185
f 4371/3343/4177 4405/3341/4175 4511/3345/4179 4408/3354/4188
f 4405/3341/4175 4404/3340/4174 4512/3346/4180 4511/3345/4179
f 4404/3340/4174 4403/3339/4173 4513/3349/4183 4512/3346/4180
f 4403/3339/4173 4372/3338/4172 4409/3355/4189 4513/3349/4183
f 4513/3349/4183 4409/3355/4189 4410/3356/4190 4516/3350/4184
f 4516/3350/4184 4410/3356/4190 4411/3357/4191 4519/3353/4187
f 4519/3353/4187 4411/3357/4191 4370/3358/4192 4412/3359/4193
f 4518/3351/4185 4519/3353/4187 4412/3359/4193 4413/3360/4194
f 4517/3352/4186 4518/3351/4185 4413/3360/4194 4414/3361/4195
f 4406/3362/4196 4517/3352/4186 4414/3361/4195 4369/3363/4197
f 4407/3364/4198 4514/3348/4182 4517/3352/4186 4406/3362/4196
f 4408/3354/4188 4511/3345/4179 4514/3348/4182 4407/3364/4198
f 4520/3365/4199 4521/3366/4200 4524/3367/4201 4523/3368/4202
f 4521/3366/4200 4522/3369/4203 4525/3370/4204 4524/3367/4201
f 4523/3368/4202 4524/3367/4201 4527/3371/4205 4526/3372/4206
f 4524/3367/4201 4525/3370/4204 4528/3373/4207 4527/3371/4205
f 4369/3363/4197 4414/3361/4195 4520/3365/4199 4417/3374/4208
f 4414/3361/4195 4413/3360/4194 4521/3366/4200 4520/3365/4199
f 4413/3360/4194 4412/3359/4193 4522/3369/4203 4521/3366/4200
f 4412/3359/4193 4370/3358/4192 4418/3375/4209 4522/3369/4203
f 4522/3369/4203 4418/3375/4209 4419/3376/4210 4525/3370/4204
f 4525/3370/4204 4419/3376/4210 4420/3377/4211 4528/3373/4207
f 4528/3373/4207 4420/3377/4211 4366/3378/4148 4390/3379/4147
f 4527/3371/4205 4528/3373/4207 4390/3379/4147 4389/3380/4146
f 4526/3372/4206 4527/3371/4205 4389/3380/4146 4388/3381/4144
f 4415/3382/4212 4526/3372/4206 4388/3381/4144 4365/3383/4143
f 4416/3384/4213 4523/3368/4202 4526/3372/4206 4415/3382/4212
f 4417/3374/4208 4520/3365/4199 4523/3368/4202 4416/3384/4213
f 4529/3385/4214 4530/3386/4215 4533/3387/4216 4532/3388/4217
f 4530/3386/4215 4531/3389/4218 4534/3390/4219 4533/3387/4216
f 4532/3388/4217 4533/3387/4216 4536/3391/4220 4535/3392/4221
f 4533/3387/4216 4534/3390/4219 4537/3393/4222 4536/3391/4220
f 4367/3323/4157 4399/3334/4168 4529/3385/4214 4486/3394/4223
f 4399/3334/4168 4398/3344/4178 4530/3386/4215 4529/3385/4214
f 4398/3344/4178 4397/3342/4176 4531/3389/4218 4530/3386/4215
f 4397/3342/4176 4371/3343/4177 4481/3395/4224 4531/3389/4218
f 4531/3389/4218 4481/3395/4224 4482/3396/4225 4534/3390/4219
f 4534/3390/4219 4482/3396/4225 4483/3397/4226 4537/3393/4222
f 4537/3393/4222 4483/3397/4226 4384/3398/4227 4472/3399/4228
f 4536/3391/4220 4537/3393/4222 4472/3399/4228 4473/3400/4229
f 4535/3392/4221 4536/3391/4220 4473/3400/4229 4474/3401/4230
f 4484/3402/4231 4535/3392/4221 4474/3401/4230 4382/3403/4232
f 4485/3404/4233 4532/3388/4217 4535/3392/4221 4484/3402/4231
f 4486/3394/4223 4529/3385/4214 4532/3388/4217 4485/3404/4233
f 4538/3405/4234 4539/3406/4235 4542/3407/4236 4541/3408/4237
f 4539/3406/4235 4540/3409/4238 4543/3410/4239 4542/3407/4236
f 4541/3408/4237 4542/3407/4236 4545/3411/4240 4544/3412/4241
f 4542/3407/4236 4543/3410/4239 4546/3413/4242 4545/3411/4240
f 4370/3358/4192 4411/3357/4191 4538/3405/4234 4438/3414/4243
f 4411/3357/4191 4410/3356/4190 4539/3406/4235 4538/3405/4234
f 4410/3356/4190 4409/3355/4189 4540/3409/4238 4539/3406/4235
f 4409/3355/4189 4372/3338/4172 4433/3415/4244 4540/3409/4238
f 4540/3409/4238 4433/3415/4244 4434/3416/4245 4543/3410/4239
f 4543/3410/4239 4434/3416/4245 4435/3417/4246 4546/3413/4242
f 4546/3413/4242 4435/3417/4246 4376/3418/4247 4427/3419/4248
f 4545/3411/4240 4546/3413/4242 4427/3419/4248 4428/3420/4249
f 4544/3412/4241 4545/3411/4240 4428/3420/4249 4429/3421/4250
f 4436/3422/4251 4544/3412/4241 4429/3421/4250 4375/3423/4252
f 4437/3424/4253 4541/3408/4237 4544/3412/4241 4436/3422/4251
f 4438/3414/4243 4538/3405/4234 4541/3408/4237 4437/3424/4253
f 4547/3425/4254 4548/3426/4255 4551/3427/4256 4550/3428/4257
f 4548/3426/4255 4549/3429/4258 4552/3429/4259 4551/3427/4256
f 4550/3428/4257 4551/3427/4256 4554/3426/4260 4553/3428/4261
f 4551/3427/4256 4552/3429/4259 4555/3430/4262 4554/3426/4260
f 4374/3431/4263 4423/3425/4264 4547/3425/4254 4462/3432/4265
f 4423/3425/4264 4422/3426/4266 4548/3426/4255 4547/3425/4254
f 4422/3426/4266 4421/3433/4267 4549/3429/4258 4548/3426/4255
f 4421/3433/4267 4373/3314/4268 4457/3434/4269 4549/3429/4258
f 4549/3429/4258 4457/3434/4269 4458/3434/4270 4552/3429/4259
f 4552/3429/4259 4458/3434/4270 4459/3434/4271 4555/3430/4262
f 4555/3430/4262 4459/3434/4271 4377/3435/4272 4445/3436/4273
f 4554/3426/4260 4555/3430/4262 4445/3436/4273 4446/3427/4274
f 4553/3428/4261 4554/3426/4260 4446/3427/4274 4447/3425/4275
f 4460/3437/4276 4553/3428/4261 4447/3425/4275 4378/3438/4277
f 4461/3439/4278 4550/3428/4257 4553/3428/4261 4460/3437/4276
f 4462/3432/4265 4547/3425/4254 4550/3428/4257 4461/3439/4278
f 4556/3440/4279 4557/3441/4280 4560/3442/4281 4559/3443/4282
f 4557/3441/4280 4558/3444/4283 4561/3445/4284 4560/3442/4281
f 4559/3443/4282 4560/3442/4281 4563/3446/4285 4562/3447/4286
f 4560/3442/4281 4561/3445/4284 4564/3448/4287 4563/3446/4285
f 4368/3318/4152 4393/3317/4151 4556/3440/4279 4444/3449/4288
f 4393/3317/4151 4392/3316/4150 4557/3441/4280 4556/3440/4279
f 4392/3316/4150 4391/3315/4149 4558/3444/4283 4557/3441/4280
f 4391/3315/4149 4366/3314/4148 4439/3434/4289 4558/3444/4283
f 4558/3444/4283 4439/3434/4289 4440/3434/4290 4561/3445/4284
f 4561/3445/4284 4440/3434/4290 4441/3434/4291 4564/3448/4287
f 4564/3448/4287 4441/3434/4291 4373/3314/4268 4421/3433/4267
f 4563/3446/4285 4564/3448/4287 4421/3433/4267 4422/3426/4266
f 4562/3447/4286 4563/3446/4285 4422/3426/4266 4423/3425/4264
f 4442/3450/4292 4562/3447/4286 4423/3425/4264 4374/3431/4263
f 4443/3451/4293 4559/3443/4282 4562/3447/4286 4442/3450/4292
f 4444/3449/4288 4556/3440/4279 4559/3443/4282 4443/3451/4293
f 4565/3452/4294 4566/3453/4295 4569/3454/4296 4568/3455/4297
f 4566/3453/4295 4567/3456/4298 4570/3457/4299 4569/3454/4296
f 4568/3455/4297 4569/3454/4296 4572/3458/4300 4571/3459/4301
f 4569/3454/4296 4570/3457/4299 4573/3460/4302 4572/3458/4300
f 4366/3378/4148 4420/3377/4211 4565/3452/4294 4439/3461/4289
f 4420/3377/4211 4419/3376/4210 4566/3453/4295 4565/3452/4294
f 4419/3376/4210 4418/3375/4209 4567/3456/4298 4566/3453/4295
f 4418/3375/4209 4370/3358/4192 4438/3414/4243 4567/3456/4298
f 4567/3456/4298 4438/3414/4243 4437/3424/4253 4570/3457/4299
f 4570/3457/4299 4437/3424/4253 4436/3422/4251 4573/3460/4302
f 4573/3460/4302 4436/3422/4251 4375/3423/4252 4430/3462/4303
f 4572/3458/4300 4573/3460/4302 4430/3462/4303 4431/3463/4304
f 4571/3459/4301 4572/3458/4300 4431/3463/4304 4432/3464/4305
f 4441/3461/4291 4571/3459/4301 4432/3464/4305 4373/3378/4268
f 4440/3461/4290 4568/3455/4297 4571/3459/4301 4441/3461/4291
f 4439/3461/4289 4565/3452/4294 4568/3455/4297 4440/3461/4290
f 4574/3465/4306 4575/3466/4307 4578/3467/4308 4577/3468/4309
f 4575/3466/4307 4576/3469/4310 4579/3470/4311 4578/3467/4308
f 4577/3468/4309 4578/3467/4308 4581/3471/4312 4580/3472/4313
f 4578/3467/4308 4579/3470/4311 4582/3473/4314 4581/3471/4312
f 4372/3338/4172 4402/3337/4171 4574/3465/4306 4433/3415/4244
f 4402/3337/4171 4401/3336/4170 4575/3466/4307 4574/3465/4306
f 4401/3336/4170 4400/3335/4169 4576/3469/4310 4575/3466/4307
f 4400/3335/4169 4368/3318/4152 4444/3449/4288 4576/3469/4310
f 4576/3469/4310 4444/3449/4288 4443/3451/4293 4579/3470/4311
f 4579/3470/4311 4443/3451/4293 4442/3450/4292 4582/3473/4314
f 4582/3473/4314 4442/3450/4292 4374/3431/4263 4424/3474/4315
f 4581/3471/4312 4582/3473/4314 4424/3474/4315 4425/3475/4316
f 4580/3472/4313 4581/3471/4312 4425/3475/4316 4426/3476/4317
f 4435/3417/4246 4580/3472/4313 4426/3476/4317 4376/3418/4247
f 4434/3416/4245 4577/3468/4309 4580/3472/4313 4435/3417/4246
f 4433/3415/4244 4574/3465/4306 4577/3468/4309 4434/3416/4245
f 4583/3477/4318 4584/3478/4319 4587/3479/4320 4586/3480/4321
f 4584/3478/4319 4585/3481/4322 4588/3482/4323 4587/3479/4320
f 4586/3480/4321 4587/3479/4320 4590/3483/4324 4589/3484/4325
f 4587/3479/4320 4588/3482/4323 4591/3485/4326 4590/3483/4324
f 4379/3486/4327 4450/3487/4328 4583/3477/4318 4451/3488/4329
f 4450/3487/4328 4449/3489/4330 4584/3478/4319 4583/3477/4318
f 4449/3489/4330 4448/3490/4331 4585/3481/4322 4584/3478/4319
f 4448/3490/4331 4378/3491/4277 4447/3492/4275 4585/3481/4322
f 4585/3481/4322 4447/3492/4275 4446/3493/4274 4588/3482/4323
f 4588/3482/4323 4446/3493/4274 4445/3494/4273 4591/3485/4326
f 4591/3485/4326 4445/3494/4273 4377/3495/4272 4456/3496/4332
f 4590/3483/4324 4591/3485/4326 4456/3496/4332 4455/3497/4333
f 4589/3484/4325 4590/3483/4324 4455/3497/4333 4454/3498/4334
f 4453/3499/4335 4589/3484/4325 4454/3498/4334 4380/3500/4336
f 4452/3501/4337 4586/3480/4321 4589/3484/4325 4453/3499/4335
f 4451/3488/4329 4583/3477/4318 4586/3480/4321 4452/3501/4337
f 4592/3502/4338 4593/3503/4339 4596/3504/4340 4595/3464/4341
f 4593/3503/4339 4594/3505/4342 4597/3506/4343 4596/3504/4340
f 4595/3464/4341 4596/3504/4340 4599/3504/4344 4598/3464/4345
f 4596/3504/4340 4597/3506/4343 4600/3507/4346 4599/3504/4344
f 4373/3378/4268 4432/3464/4305 4592/3502/4338 4457/3461/4269
f 4432/3464/4305 4431/3463/4304 4593/3503/4339 4592/3502/4338
f 4431/3463/4304 4430/3462/4303 4594/3505/4342 4593/3503/4339
f 4430/3462/4303 4375/3423/4252 4463/3508/4347 4594/3505/4342
f 4594/3505/4342 4463/3508/4347 4464/3509/4348 4597/3506/4343
f 4597/3506/4343 4464/3509/4348 4465/3510/4349 4600/3507/4346
f 4600/3507/4346 4465/3510/4349 4380/3500/4336 4454/3511/4334
f 4599/3504/4344 4600/3507/4346 4454/3511/4334 4455/3463/4333
f 4598/3464/4345 4599/3504/4344 4455/3463/4333 4456/3502/4332
f 4459/3461/4271 4598/3464/4345 4456/3502/4332 4377/3461/4272
f 4458/3461/4270 4595/3464/4341 4598/3464/4345 4459/3461/4271
f 4457/3461/4269 4592/3502/4338 4595/3464/4341 4458/3461/4270
f 4601/3512/4350 4602/3513/4351 4605/3514/4352 4604/3515/4353
f 4602/3513/4351 4603/3516/4354 4606/3474/4355 4605/3514/4352
f 4604/3515/4353 4605/3514/4352 4608/3514/4356 4607/3517/4357
f 4605/3514/4352 4606/3474/4355 4609/3518/4358 4608/3514/4356
f 4376/3418/4247 4426/3476/4317 4601/3512/4350 4468/3519/4359
f 4426/3476/4317 4425/3475/4316 4602/3513/4351 4601/3512/4350
f 4425/3475/4316 4424/3474/4315 4603/3516/4354 4602/3513/4351
f 4424/3474/4315 4374/3431/4263 4462/3432/4265 4603/3516/4354
f 4603/3516/4354 4462/3432/4265 4461/3439/4278 4606/3474/4355
f 4606/3474/4355 4461/3439/4278 4460/3437/4276 4609/3518/4358
f 4609/3518/4358 4460/3437/4276 4378/3438/4277 4448/3518/4331
f 4608/3514/4356 4609/3518/4358 4448/3518/4331 4449/3520/4330
f 4607/3517/4357 4608/3514/4356 4449/3520/4330 4450/3521/4328
f 4466/3522/4360 4607/3517/4357 4450/3521/4328 4379/3486/4327
f 4467/3523/4361 4604/3515/4353 4607/3517/4357 4466/3522/4360
f 4468/3519/4359 4601/3512/4350 4604/3515/4353 4467/3523/4361
f 4610/3524/4362 4611/3525/4363 4614/3526/4364 4613/3527/4365
f 4611/3525/4363 4612/3528/4366 4615/3529/4367 4614/3526/4364
f 4613/3527/4365 4614/3526/4364 4617/3530/4368 4616/3531/4369
f 4614/3526/4364 4615/3529/4367 4618/3532/4370 4617/3530/4368
f 4375/3423/4252 4429/3421/4250 4610/3524/4362 4463/3508/4347
f 4429/3421/4250 4428/3420/4249 4611/3525/4363 4610/3524/4362
f 4428/3420/4249 4427/3419/4248 4612/3528/4366 4611/3525/4363
f 4427/3419/4248 4376/3418/4247 4468/3519/4359 4612/3528/4366
f 4612/3528/4366 4468/3519/4359 4467/3523/4361 4615/3529/4367
f 4615/3529/4367 4467/3523/4361 4466/3522/4360 4618/3532/4370
f 4618/3532/4370 4466/3522/4360 4379/3486/4327 4451/3488/4329
f 4617/3530/4368 4618/3532/4370 4451/3488/4329 4452/3501/4337
f 4616/3531/4369 4617/3530/4368 4452/3501/4337 4453/3499/4335
f 4465/3510/4349 4616/3531/4369 4453/3499/4335 4380/3500/4336
f 4464/3509/4348 4613/3527/4365 4616/3531/4369 4465/3510/4349
f 4463/3508/4347 4610/3524/4362 4613/3527/4365 4464/3509/4348
f 4619/3533/4371 4620/3534/4372 4623/3535/4373 4622/3536/4374
f 4620/3534/4372 4621/3537/4375 4624/3538/4376 4623/3535/4373
f 4622/3536/4374 4623/3535/4373 4626/3539/4377 4625/3540/4378
f 4623/3535/4373 4624/3538/4376 4627/3541/4379 4626/3539/4377
f 4382/3542/4232 4474/3543/4230 4619/3533/4371 4469/3544/4380
f 4474/3543/4230 4473/3545/4229 4620/3534/4372 4619/3533/4371
f 4473/3545/4229 4472/3546/4228 4621/3537/4375 4620/3534/4372
f 4472/3546/4228 4384/3398/4227 4477/3547/4381 4621/3537/4375
f 4621/3537/4375 4477/3547/4381 4476/3548/4382 4624/3538/4376
f 4624/3538/4376 4476/3548/4382 4475/3549/4383 4627/3541/4379
f 4627/3541/4379 4475/3549/4383 4383/3550/4384 4480/3551/4385
f 4626/3539/4377 4627/3541/4379 4480/3551/4385 4479/3552/4386
f 4625/3540/4378 4626/3539/4377 4479/3552/4386 4478/3553/4387
f 4471/3554/4388 4625/3540/4378 4478/3553/4387 4381/3555/4389
f 4470/3556/4390 4622/3536/4374 4625/3540/4378 4471/3554/4388
f 4469/3544/4380 4619/3533/4371 4622/3536/4374 4470/3556/4390
f 4628/3557/4391 4629/3558/4392 4632/3559/4393 4631/3560/4394
f 4629/3558/4392 4630/3561/4395 4633/3562/4396 4632/3559/4393
f 4631/3560/4394 4632/3559/4393 4635/3563/4397 4634/3564/4398
f 4632/3559/4393 4633/3562/4396 4636/3565/4399 4635/3563/4397
f 4365/3309/4143 4387/3311/4145 4628/3557/4391 4489/3566/4400
f 4387/3311/4145 4386/3324/4158 4629/3558/4392 4628/3557/4391
f 4386/3324/4158 4385/3322/4156 4630/3561/4395 4629/3558/4392
f 4385/3322/4156 4367/3323/4157 4486/3394/4223 4630/3561/4395
f 4630/3561/4395 4486/3394/4223 4485/3404/4233 4633/3562/4396
f 4633/3562/4396 4485/3404/4233 4484/3402/4231 4636/3565/4399
f 4636/3565/4399 4484/3402/4231 4382/3403/4232 4469/3567/4380
f 4635/3563/4397 4636/3565/4399 4469/3567/4380 4470/3568/4390
f 4634/3564/4398 4635/3563/4397 4470/3568/4390 4471/3569/4388
f 4487/3566/4401 4634/3564/4398 4471/3569/4388 4381/3570/4389
f 4488/3566/4402 4631/3560/4394 4634/3564/4398 4487/3566/4401
f 4489/3566/4400 4628/3557/4391 4631/3560/4394 4488/3566/4402
f 4637/3571/4403 4638/3572/4404 4641/3573/4405 4640/3574/4406
f 4638/3572/4404 4639/3575/4407 4642/3576/4408 4641/3573/4405
f 4640/3574/4406 4641/3573/4405 4644/3577/4409 4643/3578/4410
f 4641/3573/4405 4642/3576/4408 4645/3579/4411 4644/3577/4409
f 4371/3343/4177 4408/3354/4188 4637/3571/4403 4481/3395/4224
f 4408/3354/4188 4407/3364/4198 4638/3572/4404 4637/3571/4403
f 4407/3364/4198 4406/3362/4196 4639/3575/4407 4638/3572/4404
f 4406/3362/4196 4369/3363/4197 4490/3580/4412 4639/3575/4407
f 4639/3575/4407 4490/3580/4412 4491/3581/4413 4642/3576/4408
f 4642/3576/4408 4491/3581/4413 4492/3582/4414 4645/3579/4411
f 4645/3579/4411 4492/3582/4414 4383/3550/4384 4475/3549/4383
f 4644/3577/4409 4645/3579/4411 4475/3549/4383 4476/3548/4382
f 4643/3578/4410 4644/3577/4409 4476/3548/4382 4477/3547/4381
f 4483/3397/4226 4643/3578/4410 4477/3547/4381 4384/3398/4227
f 4482/3396/4225 4640/3574/4406 4643/3578/4410 4483/3397/4226
f 4481/3395/4224 4637/3571/4403 4640/3574/4406 4482/3396/4225
f 4646/3583/4415 4647/3584/4416 4650/3585/4417 4649/3586/4418
f 4647/3584/4416 4648/3587/4419 4651/3588/4420 4650/3585/4417
f 4649/3586/4418 4650/3585/4417 4653/3589/4421 4652/3590/4422
f 4650/3585/4417 4651/3588/4420 4654/3591/4423 4653/3589/4421
f 4369/3363/4197 4417/3374/4208 4646/3583/4415 4490/3580/4412
f 4417/3374/4208 4416/3384/4213 4647/3584/4416 4646/3583/4415
f 4416/3384/4213 4415/3382/4212 4648/3587/4419 4647/3584/4416
f 4415/3382/4212 4365/3383/4143 4489/3592/4400 4648/3587/4419
f 4648/3587/4419 4489/3592/4400 4488/3592/4402 4651/3588/4420
f 4651/3588/4420 4488/3592/4402 4487/3592/4401 4654/3591/4423
f 4654/3591/4423 4487/3592/4401 4381/3592/4389 4478/3593/4387
f 4653/3589/4421 4654/3591/4423 4478/3593/4387 4479/3594/4386
f 4652/3590/4422 4653/3589/4421 4479/3594/4386 4480/3595/4385
f 4492/3582/4414 4652/3590/4422 4480/3595/4385 4383/3550/4384
f 4491/3581/4413 4649/3586/4418 4652/3590/4422 4492/3582/4414
f 4490/3580/4412 4646/3583/4415 4649/3586/4418 4491/3581/4413
f 4678/3596/4424 4918/3597/4425 5306/3598/4426 4915/3599/4427
f 4918/3597/4425 4665/3600/4428 4885/3601/4429 5306/3598/4426
f 5306/3598/4426 4885/3601/4429 4658/3602/4430 4900/3603/4431
f 4915/3599/4427 5306/3598/4426 4900/3603/4431 4670/3604/4432
f 4792/3605/4433 5126/3606/4434 5307/3607/4435 5155/3608/4436
f 5126/3606/4434 4671/3609/4437 4891/3610/4438 5307/3607/4435
f 5307/3607/4435 4891/3610/4438 4662/3611/4439 5125/3612/4440
f 5155/3608/4436 5307/3607/4435 5125/3612/4440 4791/3613/4441
f 4675/3614/4442 4906/3615/4443 5308/3616/4444 4903/3617/4445
f 4906/3615/4443 4669/3618/4446 4889/3619/4447 5308/3616/4444
f 5308/3616/4444 4889/3619/4447 4661/3620/4448 4902/3621/4449
f 4903/3617/4445 5308/3616/4444 4902/3621/4449 4674/3622/4450
f 4660/3623/4451 4894/3624/4452 5309/3625/4453 4901/3626/4454
f 4894/3624/4452 4664/3627/4455 4904/3628/4456 5309/3625/4453
f 5309/3625/4453 4904/3628/4456 4675/3614/4442 4905/3629/4457
f 4901/3626/4454 5309/3625/4453 4905/3629/4457 4672/3630/4458
f 4664/3627/4455 4884/3631/4459 5310/3632/4460 4904/3628/4456
f 4884/3631/4459 4656/3633/4461 4899/3634/4462 5310/3632/4460
f 5310/3632/4460 4899/3634/4462 4669/3618/4446 4906/3615/4443
f 4904/3628/4456 5310/3632/4460 4906/3615/4443 4675/3614/4442
f 4698/3635/4463 4940/3636/4464 5311/3637/4465 4945/3638/4466
f 4940/3636/4464 4676/3639/4467 4907/3640/4468 5311/3637/4465
f 5311/3637/4465 4907/3640/4468 4673/3641/4469 4938/3642/4470
f 4945/3638/4466 5311/3637/4465 4938/3642/4470 4696/3643/4471
f 4697/3644/4472 4898/3645/4473 5312/3646/4474 4944/3647/4475
f 4898/3645/4473 4668/3648/4476 4908/3649/4477 5312/3646/4474
f 5312/3646/4474 4908/3649/4477 4676/3639/4467 4940/3636/4464
f 4944/3647/4475 5312/3646/4474 4940/3636/4464 4698/3635/4463
f 4702/3650/4478 4888/3651/4479 5313/3652/4480 4954/3653/4481
f 4888/3651/4479 4660/3623/4451 4901/3626/4454 5313/3652/4480
f 5313/3652/4480 4901/3626/4454 4672/3630/4458 4952/3654/4482
f 4954/3653/4481 5313/3652/4480 4952/3654/4482 4703/3655/4483
f 4696/3643/4471 4938/3642/4470 5314/3656/4484 4942/3657/4485
f 4938/3642/4470 4673/3641/4469 4912/3658/4486 5314/3656/4484
f 5314/3656/4484 4912/3658/4486 4677/3659/4487 4941/3660/4488
f 4942/3657/4485 5314/3656/4484 4941/3660/4488 4699/3661/4489
f 4671/3609/4437 4917/3662/4490 5315/3663/4491 4891/3610/4438
f 4917/3662/4490 4678/3596/4424 4915/3599/4427 5315/3663/4491
f 5315/3663/4491 4915/3599/4427 4670/3604/4432 4890/3664/4492
f 4891/3610/4438 5315/3663/4491 4890/3664/4492 4662/3611/4439
f 4674/3622/4450 4902/3621/4449 5316/3665/4493 4916/3666/4494
f 4902/3621/4449 4661/3620/4448 4895/3667/4495 5316/3665/4493
f 5316/3665/4493 4895/3667/4495 4665/3600/4428 4918/3597/4425
f 4916/3666/4494 5316/3665/4493 4918/3597/4425 4678/3596/4424
f 4676/3639/4467 4684/3668/4496 4921/3669/4497 4907/3640/4468
f 4917/3662/4490 4926/3670/4498 4686/3671/4499 4678/3596/4424
f 4686/3671/4499 4925/3672/4500 4916/3666/4494 4678/3596/4424
f 4907/3640/4468 4921/3669/4497 4681/3673/4501 4673/3641/4469
f 4675/3614/4442 4683/3674/4502 4920/3675/4503 4905/3629/4457
f 4916/3666/4494 4925/3672/4500 4682/3676/4504 4674/3622/4450
f 4677/3659/4487 4685/3677/4505 4924/3678/4506 4914/3679/4507
f 4905/3629/4457 4920/3675/4503 4680/3680/4508 4672/3630/4458
f 4682/3676/4504 4919/3681/4509 4903/3617/4445 4674/3622/4450
f 4914/3679/4507 4924/3678/4506 4793/3682/4510 4792/3605/4433
f 4681/3673/4501 4923/3683/4511 4912/3658/4486 4673/3641/4469
f 4903/3617/4445 4919/3681/4509 4683/3674/4502 4675/3614/4442
f 4680/3680/4508 4953/3684/4512 4952/3654/4482 4672/3630/4458
f 4912/3658/4486 4923/3683/4511 4685/3677/4505 4677/3659/4487
f 4703/3655/4483 4704/3685/4513 4922/3686/4514 4910/3687/4515
f 4952/3654/4482 4953/3684/4512 4704/3685/4513 4703/3655/4483
f 4700/3688/4516 4933/3689/4517 5317/3690/4518 4949/3691/4519
f 4933/3689/4517 4690/3692/4520 4929/3693/4521 5317/3690/4518
f 5317/3690/4518 4929/3693/4521 4689/3694/4522 4934/3695/4523
f 4949/3691/4519 5317/3690/4518 4934/3695/4523 4701/3696/4524
f 4659/3697/4525 4892/3698/4526 5318/3699/4527 4887/3700/4528
f 4892/3698/4526 4696/3643/4471 4942/3657/4485 5318/3699/4527
f 5318/3699/4527 4942/3657/4485 4699/3661/4489 4913/3701/4529
f 4887/3700/4528 5318/3699/4527 4913/3701/4529 4667/3702/4530
f 4655/3703/4531 4939/3704/4532 5319/3705/4533 4883/3706/4534
f 4939/3704/4532 4697/3644/4472 4944/3647/4475 5319/3705/4533
f 5319/3705/4533 4944/3647/4475 4698/3635/4463 4909/3707/4535
f 4883/3706/4534 5319/3705/4533 4909/3707/4535 4663/3708/4536
f 4663/3708/4536 4909/3707/4535 5320/3709/4537 4893/3710/4538
f 4909/3707/4535 4698/3635/4463 4945/3638/4466 5320/3709/4537
f 5320/3709/4537 4945/3638/4466 4696/3643/4471 4892/3698/4526
f 4893/3710/4538 5320/3709/4537 4892/3698/4526 4659/3697/4525
f 4668/3648/4476 4898/3645/4473 5321/3711/4539 4946/3712/4540
f 4898/3645/4473 4697/3644/4472 4939/3704/4532 5321/3711/4539
f 5321/3711/4539 4939/3704/4532 4655/3703/4531 4931/3713/4541
f 4946/3712/4540 5321/3711/4539 4931/3713/4541 4691/3714/4542
f 4693/3715/4543 4947/3716/4544 5322/3717/4545 4936/3718/4546
f 4947/3716/4544 4700/3688/4516 4949/3691/4519 5322/3717/4545
f 5322/3717/4545 4949/3691/4519 4701/3696/4524 4948/3719/4547
f 4936/3718/4546 5322/3717/4545 4948/3719/4547 4694/3720/4548
f 4858/3721/4549 4950/3722/4550 5323/3723/4551 5282/3724/4552
f 4950/3722/4550 4660/3623/4451 4959/3725/4553 5323/3723/4551
f 5323/3723/4551 4959/3725/4553 4707/3726/4554 5258/3727/4555
f 5282/3724/4552 5323/3723/4551 5258/3727/4555 4859/3728/4556
f 4792/3605/4433 4793/3682/4510 5127/3729/4557 5126/3606/4434
f 4910/3687/4515 4922/3686/4514 4684/3668/4496 4676/3639/4467
f 4668/3648/4476 4951/3730/4558 5324/3731/4559 4908/3649/4477
f 4951/3730/4558 4702/3650/4478 4954/3653/4481 5324/3731/4559
f 5324/3731/4559 4954/3653/4481 4703/3655/4483 4910/3687/4515
f 4908/3649/4477 5324/3731/4559 4910/3687/4515 4676/3639/4467
f 4692/3732/4560 4932/3733/4561 5325/3734/4562 4956/3735/4563
f 4932/3733/4561 4687/3736/4564 4955/3737/4565 5325/3734/4562
f 5325/3734/4562 4955/3737/4565 4694/3720/4548 4948/3719/4547
f 4956/3735/4563 5325/3734/4562 4948/3719/4547 4701/3696/4524
f 4688/3738/4566 4927/3739/4567 5326/3740/4568 4928/3741/4569
f 4927/3739/4567 4692/3732/4560 4956/3735/4563 5326/3740/4568
f 5326/3740/4568 4956/3735/4563 4701/3696/4524 4934/3695/4523
f 4928/3741/4569 5326/3740/4568 4934/3695/4523 4689/3694/4522
f 4660/3623/4451 4888/3651/4479 5327/3742/4570 4959/3725/4553
f 4702/3650/4478 4965/3743/4571 5327/3742/4570 4888/3651/4479
f 4707/3726/4554 4959/3725/4553 5327/3742/4570 4965/3743/4571
f 4705/3744/4572 4961/3745/4573 5328/3746/4574 4930/3747/4575
f 4961/3745/4573 4709/3748/4576 4964/3749/4577 5328/3746/4574
f 5328/3746/4574 4964/3749/4577 4668/3648/4476 4946/3712/4540
f 4930/3747/4575 5328/3746/4574 4946/3712/4540 4691/3714/4542
f 4702/3650/4478 4951/3730/4558 5329/3750/4578 4965/3743/4571
f 4951/3730/4558 4668/3648/4476 4964/3749/4577 5329/3750/4578
f 5329/3750/4578 4964/3749/4577 4709/3748/4576 4960/3751/4579
f 4965/3743/4571 5329/3750/4578 4960/3751/4579 4707/3726/4554
f 4857/3752/4580 5281/3753/4581 5330/3754/4582 5256/3755/4583
f 5281/3753/4581 4858/3721/4549 5257/3756/4584 5330/3754/4582
f 5330/3754/4582 5257/3756/4584 4693/3715/4543 4936/3718/4546
f 5256/3755/4583 5330/3754/4582 4936/3718/4546 4694/3720/4548
f 4706/3757/4585 4958/3758/4586 5331/3759/4587 4963/3760/4588
f 4958/3758/4586 4690/3692/4520 4933/3689/4517 5331/3759/4587
f 5331/3759/4587 4933/3689/4517 4700/3688/4516 4967/3761/4589
f 4963/3760/4588 5331/3759/4587 4967/3761/4589 4710/3762/4590
f 4860/3763/4591 5280/3764/4592 5332/3765/4593 5259/3766/4594
f 5280/3764/4592 4857/3752/4580 5256/3755/4583 5332/3765/4593
f 5332/3765/4593 5256/3755/4583 4694/3720/4548 4955/3737/4565
f 5259/3766/4594 5332/3765/4593 4955/3737/4565 4687/3736/4564
f 4700/3688/4516 4947/3716/4544 5333/3767/4595 4967/3761/4589
f 4947/3716/4544 4693/3715/4543 4957/3768/4596 5333/3767/4595
f 5333/3767/4595 4957/3768/4596 4708/3769/4597 4962/3770/4598
f 4967/3761/4589 5333/3767/4595 4962/3770/4598 4710/3762/4590
f 4706/3757/4585 4963/3760/4588 5334/3771/4599 4975/3772/4600
f 4963/3760/4588 4710/3762/4590 4974/3773/4601 5334/3771/4599
f 5334/3771/4599 4974/3773/4601 4716/3774/4602 4972/3775/4603
f 4975/3772/4600 5334/3771/4599 4972/3775/4603 4712/3776/4604
f 4709/3748/4576 4961/3745/4573 5335/3777/4605 4977/3778/4606
f 4961/3745/4573 4705/3744/4572 4976/3779/4607 5335/3777/4605
f 5335/3777/4605 4976/3779/4607 4711/3780/4608 4970/3781/4609
f 4977/3778/4606 5335/3777/4605 4970/3781/4609 4715/3782/4610
f 4859/3728/4556 5258/3727/4555 5336/3783/4611 5279/3784/4612
f 5258/3727/4555 4707/3726/4554 4978/3785/4613 5336/3783/4611
f 5336/3783/4611 4978/3785/4613 4713/3786/4614 5260/3787/4615
f 5279/3784/4612 5336/3783/4611 5260/3787/4615 4861/3788/4616
f 4710/3762/4590 4962/3770/4598 5337/3789/4617 4974/3773/4601
f 4962/3770/4598 4708/3769/4597 4979/3790/4618 5337/3789/4617
f 5337/3789/4617 4979/3790/4618 4714/3791/4619 4971/3792/4620
f 4974/3773/4601 5337/3789/4617 4971/3792/4620 4716/3774/4602
f 4707/3726/4554 4960/3751/4579 5338/3793/4621 4978/3785/4613
f 4960/3751/4579 4709/3748/4576 4977/3778/4606 5338/3793/4621
f 5338/3793/4621 4977/3778/4606 4715/3782/4610 4969/3794/4622
f 4978/3785/4613 5338/3793/4621 4969/3794/4622 4713/3786/4614
f 4712/3776/4604 4972/3775/4603 5339/3795/4623 4986/3796/4624
f 4972/3775/4603 4716/3774/4602 4985/3797/4625 5339/3795/4623
f 5339/3795/4623 4985/3797/4625 4722/3798/4626 4983/3799/4627
f 4986/3796/4624 5339/3795/4623 4983/3799/4627 4718/3800/4628
f 4715/3782/4610 4970/3781/4609 5340/3801/4629 4988/3802/4630
f 4970/3781/4609 4711/3780/4608 4987/3803/4631 5340/3801/4629
f 5340/3801/4629 4987/3803/4631 4717/3804/4632 4981/3805/4633
f 4988/3802/4630 5340/3801/4629 4981/3805/4633 4721/3806/4634
f 4861/3788/4616 5260/3787/4615 5341/3807/4635 5278/3808/4636
f 5260/3787/4615 4713/3786/4614 4989/3809/4637 5341/3807/4635
f 5341/3807/4635 4989/3809/4637 4719/3810/4638 5261/3811/4639
f 5278/3808/4636 5341/3807/4635 5261/3811/4639 4862/3812/4640
f 4716/3774/4602 4971/3792/4620 5342/3813/4641 4985/3797/4625
f 4971/3792/4620 4714/3791/4619 4990/3814/4642 5342/3813/4641
f 5342/3813/4641 4990/3814/4642 4720/3815/4643 4982/3816/4644
f 4985/3797/4625 5342/3813/4641 4982/3816/4644 4722/3798/4626
f 4713/3786/4614 4969/3794/4622 5343/3817/4645 4989/3809/4637
f 4969/3794/4622 4715/3782/4610 4988/3802/4630 5343/3817/4645
f 5343/3817/4645 4988/3802/4630 4721/3806/4634 4980/3818/4646
f 4989/3809/4637 5343/3817/4645 4980/3818/4646 4719/3810/4638
f 4863/3819/4647 5277/3820/4648 5344/3821/4649 5262/3822/4650
f 5277/3820/4648 4862/3812/4640 5261/3811/4639 5344/3821/4649
f 5344/3821/4649 5261/3811/4639 4719/3810/4638 4980/3818/4646
f 5262/3822/4650 5344/3821/4649 4980/3818/4646 4721/3806/4634
f 4864/3823/4651 5276/3824/4652 5345/3825/4653 5263/3826/4654
f 5276/3824/4652 4863/3819/4647 5262/3822/4650 5345/3825/4653
f 5345/3825/4653 5262/3822/4650 4721/3806/4634 4981/3805/4633
f 5263/3826/4654 5345/3825/4653 4981/3805/4633 4717/3804/4632
f 4752/3827/4655 5078/3828/4656 5346/3829/4657 5052/3830/4658
f 5078/3828/4656 4770/3831/4659 5180/3832/4660 5346/3829/4657
f 5346/3829/4657 5180/3832/4660 4823/3833/4661 5181/3834/4662
f 5052/3830/4658 5346/3829/4657 5181/3834/4662 4819/3835/4663
f 4816/3836/4664 5192/3837/4665 5347/3838/4666 5173/3839/4667
f 5192/3837/4665 4817/3840/4668 5174/3841/4669 5347/3838/4666
f 5347/3838/4666 5174/3841/4669 4727/3842/4670 4997/3843/4671
f 5173/3839/4667 5347/3838/4666 4997/3843/4671 4729/3844/4672
f 4813/3845/4673 5191/3846/4674 5348/3847/4675 4995/3848/4676
f 5191/3846/4674 4815/3849/4677 5003/3850/4678 5348/3847/4675
f 5348/3847/4675 5003/3850/4678 4726/3851/4679 5001/3852/4680
f 4995/3848/4676 5348/3847/4675 5001/3852/4680 4728/3853/4681
f 4817/3840/4668 5190/3854/4682 5349/3855/4683 5174/3841/4669
f 5190/3854/4682 4813/3845/4673 4995/3848/4676 5349/3855/4683
f 5349/3855/4683 4995/3848/4676 4728/3853/4681 4996/3856/4684
f 5174/3841/4669 5349/3855/4683 4996/3856/4684 4727/3842/4670
f 4815/3849/4677 5189/3857/4685 5350/3858/4686 5003/3850/4678
f 5189/3857/4685 4814/3859/4687 4999/3860/4688 5350/3858/4686
f 5350/3858/4686 4999/3860/4688 4730/3861/4689 5002/3862/4690
f 5003/3850/4678 5350/3858/4686 5002/3862/4690 4726/3851/4679
f 4796/3863/4691 5154/3864/4692 5351/3865/4693 5008/3866/4694
f 5154/3864/4692 4795/3867/4695 5007/3868/4696 5351/3865/4693
f 5351/3865/4693 5007/3868/4696 4733/3869/4697 5010/3870/4698
f 5008/3866/4694 5351/3865/4693 5010/3870/4698 4734/3871/4699
f 4798/3872/4700 5153/3873/4701 5352/3874/4702 5132/3875/4703
f 5153/3873/4701 4794/3876/4704 5005/3877/4705 5352/3874/4702
f 5352/3874/4702 5005/3877/4705 4731/3878/4706 5011/3879/4707
f 5132/3875/4703 5352/3874/4702 5011/3879/4707 4735/3880/4708
f 4794/3876/4704 5152/3881/4709 5353/3882/4710 5005/3877/4705
f 5152/3881/4709 4796/3863/4691 5008/3866/4694 5353/3882/4710
f 5353/3882/4710 5008/3866/4694 4734/3871/4699 5012/3883/4711
f 5005/3877/4705 5353/3882/4710 5012/3883/4711 4731/3878/4706
f 4797/3884/4712 5151/3885/4713 5354/3886/4714 5131/3887/4715
f 5151/3885/4713 4798/3872/4700 5132/3875/4703 5354/3886/4714
f 5354/3886/4714 5132/3875/4703 4735/3880/4708 5013/3888/4716
f 5131/3887/4715 5354/3886/4714 5013/3888/4716 4732/3889/4717
f 4741/3890/4718 5031/3891/4719 5355/3892/4720 5023/3893/4721
f 5031/3891/4719 4742/3894/4722 5024/3895/4723 5355/3892/4720
f 5355/3892/4720 5024/3895/4723 4737/3896/4724 5019/3897/4725
f 5023/3893/4721 5355/3892/4720 5019/3897/4725 4736/3898/4726
f 4743/3899/4727 5030/3900/4728 5356/3901/4729 5016/3902/4730
f 5030/3900/4728 4745/3903/4731 5018/3904/4732 5356/3901/4729
f 5356/3901/4729 5018/3904/4732 4740/3905/4733 5020/3906/4734
f 5016/3902/4730 5356/3901/4729 5020/3906/4734 4738/3907/4735
f 4742/3894/4722 5029/3908/4736 5357/3909/4737 5024/3895/4723
f 5029/3908/4736 4743/3899/4727 5016/3902/4730 5357/3909/4737
f 5357/3909/4737 5016/3902/4730 4738/3907/4735 5021/3910/4738
f 5024/3895/4723 5357/3909/4737 5021/3910/4738 4737/3896/4724
f 4745/3903/4731 5028/3911/4739 5358/3912/4740 5018/3904/4732
f 5028/3911/4739 4744/3913/4741 5017/3914/4742 5358/3912/4740
f 5358/3912/4740 5017/3914/4742 4739/3915/4743 5022/3916/4744
f 5018/3904/4732 5358/3912/4740 5022/3916/4744 4740/3905/4733
f 4669/3618/4446 4899/3634/4462 5359/3917/4745 5027/3918/4746
f 4899/3634/4462 4656/3633/4461 5026/3919/4747 5359/3917/4745
f 5359/3917/4745 5026/3919/4747 4744/3913/4741 5028/3911/4739
f 5027/3918/4746 5359/3917/4745 5028/3911/4739 4745/3903/4731
f 4665/3600/4428 4895/3667/4495 5360/3920/4748 5004/3921/4749
f 4895/3667/4495 4661/3620/4448 5025/3922/4750 5360/3920/4748
f 5360/3920/4748 5025/3922/4750 4743/3899/4727 5029/3908/4736
f 5004/3921/4749 5360/3920/4748 5029/3908/4736 4742/3894/4722
f 4661/3620/4448 4889/3619/4447 5361/3923/4751 5025/3922/4750
f 4889/3619/4447 4669/3618/4446 5027/3918/4746 5361/3923/4751
f 5361/3923/4751 5027/3918/4746 4745/3903/4731 5030/3900/4728
f 5025/3922/4750 5361/3923/4751 5030/3900/4728 4743/3899/4727
f 4658/3602/4430 4885/3601/4429 5362/3924/4752 4998/3925/4753
f 4885/3601/4429 4665/3600/4428 5004/3921/4749 5362/3924/4752
f 5362/3924/4752 5004/3921/4749 4742/3894/4722 5031/3891/4719
f 4998/3925/4753 5362/3924/4752 5031/3891/4719 4741/3890/4718
f 4725/3926/4754 4937/3927/4755 5363/3928/4756 5032/3929/4757
f 4937/3927/4755 4723/3930/4758 5033/3931/4759 5363/3928/4756
f 5363/3928/4756 5033/3931/4759 4747/3932/4760 5034/3933/4761
f 5032/3929/4757 5363/3928/4756 5034/3933/4761 4746/3934/4762
f 4755/3935/4763 5070/3936/4764 5364/3937/4765 5055/3938/4766
f 5070/3936/4764 4756/3939/4767 5036/3940/4768 5364/3937/4765
f 5364/3937/4765 5036/3940/4768 4662/3611/4439 4890/3664/4492
f 5055/3938/4766 5364/3937/4765 4890/3664/4492 4670/3604/4432
f 4790/3941/4769 4886/3942/4770 5365/3943/4771 5150/3944/4772
f 4886/3942/4770 4724/3945/4773 5037/3946/4774 5365/3943/4771
f 5365/3943/4771 5037/3946/4774 4748/3947/4775 5133/3948/4776
f 5150/3944/4772 5365/3943/4771 5133/3948/4776 4799/3949/4777
f 4802/3950/4778 5136/3951/4779 5366/3952/4780 5149/3953/4781
f 5136/3951/4779 4757/3954/4782 5039/3955/4783 5366/3952/4780
f 5366/3952/4780 5039/3955/4783 4666/3956/4784 4896/3957/4785
f 5149/3953/4781 5366/3952/4780 4896/3957/4785 4791/3613/4441
f 4811/3958/4786 4943/3959/4787 5367/3960/4788 5188/3961/4789
f 4943/3959/4787 4695/3962/4790 5040/3963/4791 5367/3960/4788
f 5367/3960/4788 5040/3963/4791 4749/3964/4792 5175/3965/4793
f 5188/3961/4789 5367/3960/4788 5175/3965/4793 4818/3966/4794
f 4821/3967/4795 5178/3968/4796 5368/3969/4797 5187/3970/4798
f 5178/3968/4796 4758/3971/4799 5042/3972/4800 5368/3969/4797
f 5368/3969/4797 5042/3972/4800 4657/3973/4801 4994/3974/4802
f 5187/3970/4798 5368/3969/4797 4994/3974/4802 4812/3975/4803
f 4763/3976/4804 5000/3977/4805 5369/3978/4806 5087/3979/4807
f 5000/3977/4805 4725/3926/4754 5032/3929/4757 5369/3978/4806
f 5369/3978/4806 5032/3929/4757 4746/3934/4762 5035/3980/4808
f 5087/3979/4807 5369/3978/4806 5035/3980/4808 4764/3981/4809
f 4725/3926/4754 5043/3982/4810 5370/3983/4811 4937/3927/4755
f 5043/3982/4810 4750/3984/4812 5045/3985/4813 5370/3983/4811
f 5370/3983/4811 5045/3985/4813 4751/3986/4814 5044/3987/4815
f 4937/3927/4755 5370/3983/4811 5044/3987/4815 4723/3930/4758
f 4759/3988/4816 5059/3989/4817 5371/3990/4818 5066/3991/4819
f 5059/3989/4817 4741/3890/4718 5023/3893/4721 5371/3990/4818
f 5371/3990/4818 5023/3893/4721 4736/3898/4726 5047/3992/4820
f 5066/3991/4819 5371/3990/4818 5047/3992/4820 4760/3993/4821
f 4790/3941/4769 5148/3994/4822 5372/3995/4823 4886/3942/4770
f 5148/3994/4822 4800/3996/4824 5134/3997/4825 5372/3995/4823
f 5372/3995/4823 5134/3997/4825 4752/3827/4655 5048/3998/4826
f 4886/3942/4770 5372/3995/4823 5048/3998/4826 4724/3945/4773
f 4801/3999/4827 5147/4000/4828 5373/4001/4829 5065/4002/4830
f 5147/4000/4828 4797/3884/4712 5131/3887/4715 5373/4001/4829
f 5373/4001/4829 5131/3887/4715 4732/3889/4717 5050/4003/4831
f 5065/4002/4830 5373/4001/4829 5050/4003/4831 4761/4004/4832
f 4811/3958/4786 5186/4005/4833 5374/4006/4834 4943/3959/4787
f 5186/4005/4833 4819/3835/4663 5176/4007/4835 5374/4006/4834
f 5374/4006/4834 5176/4007/4835 4753/4008/4836 5051/4009/4837
f 4943/3959/4787 5374/4006/4834 5051/4009/4837 4695/3962/4790
f 4820/4010/4838 5185/4011/4839 5375/4012/4840 5064/4013/4841
f 5185/4011/4839 4816/3836/4664 5173/3839/4667 5375/4012/4840
f 5375/4012/4840 5173/3839/4667 4729/3844/4672 5053/4014/4842
f 5064/4013/4841 5375/4012/4840 5053/4014/4842 4762/4015/4843
f 4763/3976/4804 5086/4016/4844 5376/4017/4845 5000/3977/4805
f 5086/4016/4844 4765/4018/4846 5046/4019/4847 5376/4017/4845
f 5376/4017/4845 5046/4019/4847 4750/3984/4812 5043/3982/4810
f 5000/3977/4805 5376/4017/4845 5043/3982/4810 4725/3926/4754
f 4658/3602/4430 4998/3925/4753 5377/4020/4848 5054/4021/4849
f 4998/3925/4753 4741/3890/4718 5059/3989/4817 5377/4020/4848
f 5377/4020/4848 5059/3989/4817 4759/3988/4816 5063/4022/4850
f 5054/4021/4849 5377/4020/4848 5063/4022/4850 4754/4023/4851
f 4823/3833/4661 5184/4024/4852 5378/4025/4853 5085/4026/4854
f 5184/4024/4852 4820/4010/4838 5064/4013/4841 5378/4025/4853
f 5378/4025/4853 5064/4013/4841 4762/4015/4843 5062/4027/4855
f 5085/4026/4854 5378/4025/4853 5062/4027/4855 4771/4028/4856
f 4804/4029/4857 5146/4030/4858 5379/4031/4859 5084/4032/4860
f 5146/4030/4858 4801/3999/4827 5065/4002/4830 5379/4031/4859
f 5379/4031/4859 5065/4002/4830 4761/4004/4832 5061/4033/4861
f 5084/4032/4860 5379/4031/4859 5061/4033/4861 4770/3831/4659
f 4765/4018/4846 5073/4034/4862 5380/4035/4863 5083/4036/4864
f 5073/4034/4862 4759/3988/4816 5066/3991/4819 5380/4035/4863
f 5380/4035/4863 5066/3991/4819 4760/3993/4821 5060/4037/4865
f 5083/4036/4864 5380/4035/4863 5060/4037/4865 4769/4038/4866
f 4658/3602/4430 5054/4021/4849 5381/4039/4867 4900/3603/4431
f 5054/4021/4849 4754/4023/4851 5067/4040/4868 5381/4039/4867
f 5381/4039/4867 5067/4040/4868 4755/3935/4763 5055/3938/4766
f 4900/3603/4431 5381/4039/4867 5055/3938/4766 4670/3604/4432
f 4822/4041/4869 5179/4042/4870 5382/4043/4871 5183/4044/4872
f 5179/4042/4870 4768/4045/4873 5058/4046/4874 5382/4043/4871
f 5382/4043/4871 5058/4046/4874 4758/3971/4799 5178/3968/4796
f 5183/4044/4872 5382/4043/4871 5178/3968/4796 4821/3967/4795
f 4803/4047/4875 5137/4048/4876 5383/4049/4877 5145/4050/4878
f 5137/4048/4876 4767/4051/4879 5057/4052/4880 5383/4049/4877
f 5383/4049/4877 5057/4052/4880 4757/3954/4782 5136/3951/4779
f 5145/4050/4878 5383/4049/4877 5136/3951/4779 4802/3950/4778
f 4764/3981/4809 5080/4053/4881 5384/4054/4882 5072/4055/4883
f 5080/4053/4881 4766/4056/4884 5056/4057/4885 5384/4054/4882
f 5384/4054/4882 5056/4057/4885 4756/3939/4767 5070/3936/4764
f 5072/4055/4883 5384/4054/4882 5070/3936/4764 4755/3935/4763
f 4746/3934/4762 5034/3933/4761 5385/4058/4886 5035/3980/4808
f 5034/3933/4761 4747/3932/4760 5074/4059/4887 5385/4058/4886
f 5385/4058/4886 5074/4059/4887 4766/4056/4884 5080/4053/4881
f 5035/3980/4808 5385/4058/4886 5080/4053/4881 4764/3981/4809
f 4799/3949/4777 5133/3948/4776 5386/4060/4888 5144/4061/4889
f 5133/3948/4776 4748/3947/4775 5075/4062/4890 5386/4060/4888
f 5386/4060/4888 5075/4062/4890 4767/4051/4879 5137/4048/4876
f 5144/4061/4889 5386/4060/4888 5137/4048/4876 4803/4047/4875
f 4818/3966/4794 5175/3965/4793 5387/4063/4891 5182/4064/4892
f 5175/3965/4793 4749/3964/4792 5076/4065/4893 5387/4063/4891
f 5387/4063/4891 5076/4065/4893 4768/4045/4873 5179/4042/4870
f 5182/4064/4892 5387/4063/4891 5179/4042/4870 4822/4041/4869
f 4750/3984/4812 5046/4019/4847 5388/4066/4894 5045/3985/4813
f 5046/4019/4847 4765/4018/4846 5083/4036/4864 5388/4066/4894
f 5388/4066/4894 5083/4036/4864 4769/4038/4866 5077/4067/4895
f 5045/3985/4813 5388/4066/4894 5077/4067/4895 4751/3986/4814
f 4800/3996/4824 5143/4068/4896 5389/4069/4897 5134/3997/4825
f 5143/4068/4896 4804/4029/4857 5084/4032/4860 5389/4069/4897
f 5389/4069/4897 5084/4032/4860 4770/3831/4659 5078/3828/4656
f 5134/3997/4825 5389/4069/4897 5078/3828/4656 4752/3827/4655
f 4819/3835/4663 5181/3834/4662 5390/4070/4898 5176/4007/4835
f 5181/3834/4662 4823/3833/4661 5085/4026/4854 5390/4070/4898
f 5390/4070/4898 5085/4026/4854 4771/4028/4856 5079/4071/4899
f 5176/4007/4835 5390/4070/4898 5079/4071/4899 4753/4008/4836
f 4754/4023/4851 5063/4022/4850 5391/4072/4900 5071/4073/4901
f 5063/4022/4850 4759/3988/4816 5073/4034/4862 5391/4072/4900
f 5391/4072/4900 5073/4034/4862 4765/4018/4846 5086/4016/4844
f 5071/4073/4901 5391/4072/4900 5086/4016/4844 4763/3976/4804
f 4754/4023/4851 5071/4073/4901 5392/4074/4902 5067/4040/4868
f 5071/4073/4901 4763/3976/4804 5087/3979/4807 5392/4074/4902
f 5392/4074/4902 5087/3979/4807 4764/3981/4809 5072/4055/4883
f 5067/4040/4868 5392/4074/4902 5072/4055/4883 4755/3935/4763
f 4684/3668/4496 4922/3686/4514 5393/4075/4903 5098/4076/4904
f 4922/3686/4514 4704/3685/4513 5097/4077/4905 5393/4075/4903
f 5393/4075/4903 5097/4077/4905 4780/4078/4906 5091/4079/4907
f 5098/4076/4904 5393/4075/4903 5091/4079/4907 4777/4080/4908
f 4683/3674/4502 4919/3681/4509 5394/4081/4909 5100/4082/4910
f 4919/3681/4509 4682/3676/4504 5099/4083/4911 5394/4081/4909
f 5394/4081/4909 5099/4083/4911 4775/4084/4912 5088/4085/4913
f 5100/4082/4910 5394/4081/4909 5088/4085/4913 4776/4086/4914
f 4686/3671/4499 4926/3670/4498 5395/4087/4915 5102/4088/4916
f 4926/3670/4498 4679/4089/4917 5101/4090/4918 5395/4087/4915
f 5395/4087/4915 5101/4090/4918 4772/4091/4919 5095/4092/4920
f 5102/4088/4916 5395/4087/4915 5095/4092/4920 4779/4093/4921
f 4685/3677/4505 4923/3683/4511 5396/4094/4922 5104/4095/4923
f 4923/3683/4511 4681/3673/4501 5103/4096/4924 5396/4094/4922
f 5396/4094/4922 5103/4096/4924 4774/4097/4925 5092/4098/4926
f 5104/4095/4923 5396/4094/4922 5092/4098/4926 4778/4099/4927
f 4680/3680/4508 4920/3675/4503 5397/4100/4928 5105/4101/4929
f 4920/3675/4503 4683/3674/4502 5100/4082/4910 5397/4100/4928
f 5397/4100/4928 5100/4082/4910 4776/4086/4914 5089/4102/4930
f 5105/4101/4929 5397/4100/4928 5089/4102/4930 4773/4103/4931
f 4704/3685/4513 4953/3684/4512 5398/4104/4932 5097/4077/4905
f 4953/3684/4512 4680/3680/4508 5105/4101/4929 5398/4104/4932
f 5398/4104/4932 5105/4101/4929 4773/4103/4931 5096/4105/4933
f 5097/4077/4905 5398/4104/4932 5096/4105/4933 4780/4078/4906
f 4793/3682/4510 4924/3678/4506 5399/4106/4934 5142/4107/4935
f 4924/3678/4506 4685/3677/4505 5104/4095/4923 5399/4106/4934
f 5399/4106/4934 5104/4095/4923 4778/4099/4927 5093/4108/4936
f 5142/4107/4935 5399/4106/4934 5093/4108/4936 4805/4109/4937
f 4681/3673/4501 4921/3669/4497 5400/4110/4938 5103/4096/4924
f 4921/3669/4497 4684/3668/4496 5098/4076/4904 5400/4110/4938
f 5400/4110/4938 5098/4076/4904 4777/4080/4908 5090/4111/4939
f 5103/4096/4924 5400/4110/4938 5090/4111/4939 4774/4097/4925
f 4682/3676/4504 4925/3672/4500 5401/4112/4940 5099/4083/4911
f 4925/3672/4500 4686/3671/4499 5102/4088/4916 5401/4112/4940
f 5401/4112/4940 5102/4088/4916 4779/4093/4921 5094/4113/4941
f 5099/4083/4911 5401/4112/4940 5094/4113/4941 4775/4084/4912
f 4774/4097/4925 5090/4111/4939 5402/4114/4942 5116/4115/4943
f 5090/4111/4939 4777/4080/4908 5115/4116/4944 5402/4114/4942
f 5402/4114/4942 5115/4116/4944 4786/4117/4945 5108/4118/4946
f 5116/4115/4943 5402/4114/4942 5108/4118/4946 4783/4119/4947
f 4775/4084/4912 5094/4113/4941 5403/4120/4948 5118/4121/4949
f 5094/4113/4941 4779/4093/4921 5117/4122/4950 5403/4120/4948
f 5403/4120/4948 5117/4122/4950 4788/4123/4951 5112/4124/4952
f 5118/4121/4949 5403/4120/4948 5112/4124/4952 4784/4125/4953
f 4777/4080/4908 5091/4079/4907 5404/4126/4954 5115/4116/4944
f 5091/4079/4907 4780/4078/4906 5119/4127/4955 5404/4126/4954
f 5404/4126/4954 5119/4127/4955 4789/4128/4956 5109/4129/4957
f 5115/4116/4944 5404/4126/4954 5109/4129/4957 4786/4117/4945
f 4776/4086/4914 5088/4085/4913 5405/4130/4958 5120/4131/4959
f 5088/4085/4913 4775/4084/4912 5118/4121/4949 5405/4130/4958
f 5405/4130/4958 5118/4121/4949 4784/4125/4953 5106/4132/4960
f 5120/4131/4959 5405/4130/4958 5106/4132/4960 4785/4133/4961
f 4779/4093/4921 5095/4092/4920 5406/4134/4962 5117/4122/4950
f 5095/4092/4920 4772/4091/4919 5121/4135/4963 5406/4134/4962
f 5406/4134/4962 5121/4135/4963 4781/4136/4964 5113/4137/4965
f 5117/4122/4950 5406/4134/4962 5113/4137/4965 4788/4123/4951
f 4778/4099/4927 5092/4098/4926 5407/4138/4966 5122/4139/4967
f 5092/4098/4926 4774/4097/4925 5116/4115/4943 5407/4138/4966
f 5407/4138/4966 5116/4115/4943 4783/4119/4947 5110/4140/4968
f 5122/4139/4967 5407/4138/4966 5110/4140/4968 4787/4141/4969
f 4773/4103/4931 5089/4102/4930 5408/4142/4970 5123/4143/4971
f 5089/4102/4930 4776/4086/4914 5120/4131/4959 5408/4142/4970
f 5408/4142/4970 5120/4131/4959 4785/4133/4961 5107/4144/4972
f 5123/4143/4971 5408/4142/4970 5107/4144/4972 4782/4145/4973
f 4780/4078/4906 5096/4105/4933 5409/4146/4974 5119/4127/4955
f 5096/4105/4933 4773/4103/4931 5123/4143/4971 5409/4146/4974
f 5409/4146/4974 5123/4143/4971 4782/4145/4973 5114/4147/4975
f 5119/4127/4955 5409/4146/4974 5114/4147/4975 4789/4128/4956
f 4805/4109/4937 5093/4108/4936 5410/4148/4976 5141/4149/4977
f 5093/4108/4936 4778/4099/4927 5122/4139/4967 5410/4148/4976
f 5410/4148/4976 5122/4139/4967 4787/4141/4969 5111/4150/4978
f 5141/4149/4977 5410/4148/4976 5111/4150/4978 4806/4151/4979
f 4772/4091/4919 5139/4152/4980 5411/4153/4981 5121/4135/4963
f 5139/4152/4980 4805/4109/4937 5141/4149/4977 5411/4153/4981
f 5411/4153/4981 5141/4149/4977 4806/4151/4979 5140/4154/4982
f 5121/4135/4963 5411/4153/4981 5140/4154/4982 4781/4136/4964
f 4679/4089/4917 5127/3729/4557 5412/4155/4983 5101/4090/4918
f 5127/3729/4557 4793/3682/4510 5142/4107/4935 5412/4155/4983
f 5412/4155/4983 5142/4107/4935 4805/4109/4937 5139/4152/4980
f 5101/4090/4918 5412/4155/4983 5139/4152/4980 4772/4091/4919
f 4751/3986/4814 5077/4067/4895 5413/4156/4984 5049/4157/4985
f 5077/4067/4895 4769/4038/4866 5138/4158/4986 5413/4156/4984
f 5413/4156/4984 5138/4158/4986 4804/4029/4857 5143/4068/4896
f 5049/4157/4985 5413/4156/4984 5143/4068/4896 4800/3996/4824
f 4747/3932/4760 5038/4159/4987 5414/4160/4988 5074/4059/4887
f 5038/4159/4987 4799/3949/4777 5144/4061/4889 5414/4160/4988
f 5414/4160/4988 5144/4061/4889 4803/4047/4875 5081/4161/4989
f 5074/4059/4887 5414/4160/4988 5081/4161/4989 4766/4056/4884
f 4766/4056/4884 5081/4161/4989 5415/4162/4990 5056/4057/4885
f 5081/4161/4989 4803/4047/4875 5145/4050/4878 5415/4162/4990
f 5415/4162/4990 5145/4050/4878 4802/3950/4778 5069/4163/4991
f 5056/4057/4885 5415/4162/4990 5069/4163/4991 4756/3939/4767
f 4769/4038/4866 5060/4037/4865 5416/4164/4992 5138/4158/4986
f 5060/4037/4865 4760/3993/4821 5135/4165/4993 5416/4164/4992
f 5416/4164/4992 5135/4165/4993 4801/3999/4827 5146/4030/4858
f 5138/4158/4986 5416/4164/4992 5146/4030/4858 4804/4029/4857
f 4760/3993/4821 5047/3992/4820 5417/4166/4994 5135/4165/4993
f 5047/3992/4820 4736/3898/4726 5014/4167/4995 5417/4166/4994
f 5417/4166/4994 5014/4167/4995 4797/3884/4712 5147/4000/4828
f 5135/4165/4993 5417/4166/4994 5147/4000/4828 4801/3999/4827
f 4723/3930/4758 5044/3987/4815 5418/4168/4996 5124/4169/4997
f 5044/3987/4815 4751/3986/4814 5049/4157/4985 5418/4168/4996
f 5418/4168/4996 5049/4157/4985 4800/3996/4824 5148/3994/4822
f 5124/4169/4997 5418/4168/4996 5148/3994/4822 4790/3941/4769
f 4756/3939/4767 5069/4163/4991 5419/4170/4998 5036/3940/4768
f 5069/4163/4991 4802/3950/4778 5149/3953/4781 5419/4170/4998
f 5419/4170/4998 5149/3953/4781 4791/3613/4441 5125/3612/4440
f 5036/3940/4768 5419/4170/4998 5125/3612/4440 4662/3611/4439
f 4723/3930/4758 5124/4169/4997 5420/4171/4999 5033/3931/4759
f 5124/4169/4997 4790/3941/4769 5150/3944/4772 5420/4171/4999
f 5420/4171/4999 5150/3944/4772 4799/3949/4777 5038/4159/4987
f 5033/3931/4759 5420/4171/4999 5038/4159/4987 4747/3932/4760
f 4736/3898/4726 5019/3897/4725 5421/4172/5000 5014/4167/4995
f 5019/3897/4725 4737/3896/4724 5015/4173/5001 5421/4172/5000
f 5421/4172/5000 5015/4173/5001 4798/3872/4700 5151/3885/4713
f 5014/4167/4995 5421/4172/5000 5151/3885/4713 4797/3884/4712
f 4738/3907/4735 5020/3906/4734 5422/4174/5002 5128/4175/5003
f 5020/3906/4734 4740/3905/4733 5130/4176/5004 5422/4174/5002
f 5422/4174/5002 5130/4176/5004 4796/3863/4691 5152/3881/4709
f 5128/4175/5003 5422/4174/5002 5152/3881/4709 4794/3876/4704
f 4737/3896/4724 5021/3910/4738 5423/4177/5005 5015/4173/5001
f 5021/3910/4738 4738/3907/4735 5128/4175/5003 5423/4177/5005
f 5423/4177/5005 5128/4175/5003 4794/3876/4704 5153/3873/4701
f 5015/4173/5001 5423/4177/5005 5153/3873/4701 4798/3872/4700
f 4740/3905/4733 5022/3916/4744 5424/4178/5006 5130/4176/5004
f 5022/3916/4744 4739/3915/4743 5129/4179/5007 5424/4178/5006
f 5424/4178/5006 5129/4179/5007 4795/3867/4695 5154/3864/4692
f 5130/4176/5004 5424/4178/5006 5154/3864/4692 4796/3863/4691
f 5126/3606/4434 5127/3729/4557 4679/4089/4917 4671/3609/4437
f 4677/3659/4487 4914/3679/4507 5425/4180/5008 4911/4181/5009
f 4914/3679/4507 4792/3605/4433 5155/3608/4436 5425/4180/5008
f 5425/4180/5008 5155/3608/4436 4791/3613/4441 4896/3957/4785
f 4911/4181/5009 5425/4180/5008 4896/3957/4785 4666/3956/4784
f 4783/4119/4947 5167/4182/5010 5426/4183/5011 5110/4140/4968
f 4807/4184/5012 5156/4185/5013 5426/4183/5011 5167/4182/5010
f 4787/4141/4969 5110/4140/4968 5426/4183/5011 5156/4185/5013
f 4808/4186/5014 5166/4187/5015 5427/4188/5016 5161/4189/5017
f 5166/4187/5015 4807/4184/5012 5160/4190/5018 5427/4188/5016
f 5427/4188/5016 5160/4190/5018 4786/4117/4945 5109/4129/4957
f 5161/4189/5017 5427/4188/5016 5109/4129/4957 4789/4128/4956
f 4809/4191/5019 5165/4192/5020 5428/4193/5021 5162/4194/5022
f 5165/4192/5020 4808/4186/5014 5161/4189/5017 5428/4193/5021
f 5428/4193/5021 5161/4189/5017 4789/4128/4956 5114/4147/4975
f 5162/4194/5022 5428/4193/5021 5114/4147/4975 4782/4145/4973
f 4810/4195/5023 5164/4196/5024 5429/4197/5025 5163/4198/5026
f 5164/4196/5024 4809/4191/5019 5162/4194/5022 5429/4197/5025
f 5429/4197/5025 5162/4194/5022 4782/4145/4973 5107/4144/4972
f 5163/4198/5026 5429/4197/5025 5107/4144/4972 4785/4133/4961
f 4788/4123/4951 5159/4199/5027 5430/4200/5028 5112/4124/4952
f 4810/4195/5023 5168/4201/5029 5430/4200/5028 5159/4199/5027
f 4784/4125/4953 5112/4124/4952 5430/4200/5028 5168/4201/5029
f 4788/4123/4951 5113/4137/4965 5431/4202/5030 5159/4199/5027
f 5113/4137/4965 4781/4136/4964 5158/4203/5031 5431/4202/5030
f 5431/4202/5030 5158/4203/5031 4809/4191/5019 5164/4196/5024
f 5159/4199/5027 5431/4202/5030 5164/4196/5024 4810/4195/5023
f 4781/4136/4964 5140/4154/4982 5432/4204/5032 5158/4203/5031
f 5140/4154/4982 4806/4151/4979 5157/4205/5033 5432/4204/5032
f 5432/4204/5032 5157/4205/5033 4808/4186/5014 5165/4192/5020
f 5158/4203/5031 5432/4204/5032 5165/4192/5020 4809/4191/5019
f 4806/4151/4979 5111/4150/4978 5433/4206/5034 5157/4205/5033
f 5111/4150/4978 4787/4141/4969 5156/4185/5013 5433/4206/5034
f 5433/4206/5034 5156/4185/5013 4807/4184/5012 5166/4187/5015
f 5157/4205/5033 5433/4206/5034 5166/4187/5015 4808/4186/5014
f 4807/4184/5012 5167/4182/5010 5434/4207/5035 5160/4190/5018
f 4783/4119/4947 5108/4118/4946 5434/4207/5035 5167/4182/5010
f 4786/4117/4945 5160/4190/5018 5434/4207/5035 5108/4118/4946
f 4784/4125/4953 5168/4201/5029 5435/4208/5036 5106/4132/4960
f 4810/4195/5023 5163/4198/5026 5435/4208/5036 5168/4201/5029
f 4785/4133/4961 5106/4132/4960 5435/4208/5036 5163/4198/5026
f 4748/3947/4775 5041/4209/5037 5436/4210/5038 5075/4062/4890
f 5041/4209/5037 4818/3966/4794 5182/4064/4892 5436/4210/5038
f 5436/4210/5038 5182/4064/4892 4822/4041/4869 5082/4211/5039
f 5075/4062/4890 5436/4210/5038 5082/4211/5039 4767/4051/4879
f 4767/4051/4879 5082/4211/5039 5437/4212/5040 5057/4052/4880
f 5082/4211/5039 4822/4041/4869 5183/4044/4872 5437/4212/5040
f 5437/4212/5040 5183/4044/4872 4821/3967/4795 5068/4213/5041
f 5057/4052/4880 5437/4212/5040 5068/4213/5041 4757/3954/4782
f 4770/3831/4659 5061/4033/4861 5438/4214/5042 5180/3832/4660
f 5061/4033/4861 4761/4004/4832 5177/4215/5043 5438/4214/5042
f 5438/4214/5042 5177/4215/5043 4820/4010/4838 5184/4024/4852
f 5180/3832/4660 5438/4214/5042 5184/4024/4852 4823/3833/4661
f 4761/4004/4832 5050/4003/4831 5439/4216/5044 5177/4215/5043
f 5050/4003/4831 4732/3889/4717 5006/4217/5045 5439/4216/5044
f 5439/4216/5044 5006/4217/5045 4816/3836/4664 5185/4011/4839
f 5177/4215/5043 5439/4216/5044 5185/4011/4839 4820/4010/4838
f 4724/3945/4773 5048/3998/4826 5440/4218/5046 4993/4219/5047
f 5048/3998/4826 4752/3827/4655 5052/3830/4658 5440/4218/5046
f 5440/4218/5046 5052/3830/4658 4819/3835/4663 5186/4005/4833
f 4993/4219/5047 5440/4218/5046 5186/4005/4833 4811/3958/4786
f 4757/3954/4782 5068/4213/5041 5441/4220/5048 5039/3955/4783
f 5068/4213/5041 4821/3967/4795 5187/3970/4798 5441/4220/5048
f 5441/4220/5048 5187/3970/4798 4812/3975/4803 5169/4221/5049
f 5039/3955/4783 5441/4220/5048 5169/4221/5049 4666/3956/4784
f 4724/3945/4773 4993/4219/5047 5442/4222/5050 5037/3946/4774
f 4993/4219/5047 4811/3958/4786 5188/3961/4789 5442/4222/5050
f 5442/4222/5050 5188/3961/4789 4818/3966/4794 5041/4209/5037
f 5037/3946/4774 5442/4222/5050 5041/4209/5037 4748/3947/4775
f 4734/3871/4699 5010/3870/4698 5443/4223/5051 5172/4224/5052
f 5010/3870/4698 4733/3869/4697 5171/4225/5053 5443/4223/5051
f 5443/4223/5051 5171/4225/5053 4814/3859/4687 5189/3857/4685
f 5172/4224/5052 5443/4223/5051 5189/3857/4685 4815/3849/4677
f 4735/3880/4708 5011/3879/4707 5444/4226/5054 5009/4227/5055
f 5011/3879/4707 4731/3878/4706 5170/4228/5056 5444/4226/5054
f 5444/4226/5054 5170/4228/5056 4813/3845/4673 5190/3854/4682
f 5009/4227/5055 5444/4226/5054 5190/3854/4682 4817/3840/4668
f 4731/3878/4706 5012/3883/4711 5445/4229/5057 5170/4228/5056
f 5012/3883/4711 4734/3871/4699 5172/4224/5052 5445/4229/5057
f 5445/4229/5057 5172/4224/5052 4815/3849/4677 5191/3846/4674
f 5170/4228/5056 5445/4229/5057 5191/3846/4674 4813/3845/4673
f 4732/3889/4717 5013/3888/4716 5446/4230/5058 5006/4217/5045
f 5013/3888/4716 4735/3880/4708 5009/4227/5055 5446/4230/5058
f 5446/4230/5058 5009/4227/5055 4817/3840/4668 5192/3837/4665
f 5006/4217/5045 5446/4230/5058 5192/3837/4665 4816/3836/4664
f 4812/3975/4803 4994/3974/4802 5447/4231/5059 4897/4232/5060
f 4994/3974/4802 4657/3973/4801 5193/4233/5061 5447/4231/5059
f 5447/4231/5059 5193/4233/5061 4667/3702/4530 4913/3701/4529
f 4897/4232/5060 5447/4231/5059 4913/3701/4529 4699/3661/4489
f 4666/3956/4784 5169/4221/5049 5448/4234/5062 4911/4181/5009
f 5169/4221/5049 4812/3975/4803 4897/4232/5060 5448/4234/5062
f 5448/4234/5062 4897/4232/5060 4699/3661/4489 4941/3660/4488
f 4911/4181/5009 5448/4234/5062 4941/3660/4488 4677/3659/4487
f 4875/4235/5063 5290/4236/5064 5449/4237/5065 5305/4238/5066
f 5290/4236/5064 4836/4239/5067 5203/4240/5068 5449/4237/5065
f 5449/4237/5065 5203/4240/5068 4835/4241/5069 5210/4242/5070
f 5305/4238/5066 5449/4237/5065 5210/4242/5070 4874/4243/5071
f 4876/4244/5072 5291/4245/5073 5450/4246/5074 5304/4247/5075
f 5291/4245/5073 4837/4248/5076 5204/4249/5077 5450/4246/5074
f 5450/4246/5074 5204/4249/5077 4836/4239/5067 5290/4236/5064
f 5304/4247/5075 5450/4246/5074 5290/4236/5064 4875/4235/5063
f 4877/4250/5078 5292/4251/5079 5451/4252/5080 5303/4253/5081
f 5292/4251/5079 4838/4254/5082 5205/4255/5083 5451/4252/5080
f 5451/4252/5080 5205/4255/5083 4837/4248/5076 5291/4245/5073
f 5303/4253/5081 5451/4252/5080 5291/4245/5073 4876/4244/5072
f 4878/4256/5084 5293/4257/5085 5452/4258/5086 5302/4259/5087
f 5293/4257/5085 4839/4260/5088 5206/4261/5089 5452/4258/5086
f 5452/4258/5086 5206/4261/5089 4838/4254/5082 5292/4251/5079
f 5302/4259/5087 5452/4258/5086 5292/4251/5079 4877/4250/5078
f 4879/4262/5090 5294/4263/5091 5453/4264/5092 5301/4265/5093
f 5294/4263/5091 4840/4266/5094 5207/4267/5095 5453/4264/5092
f 5453/4264/5092 5207/4267/5095 4839/4260/5088 5293/4257/5085
f 5301/4265/5093 5453/4264/5092 5293/4257/5085 4878/4256/5084
f 4880/4268/5096 5295/4269/5097 5454/4270/5098 5300/4271/5099
f 5295/4269/5097 4841/4272/5100 5208/4273/5101 5454/4270/5098
f 5454/4270/5098 5208/4273/5101 4840/4266/5094 5294/4263/5091
f 5300/4271/5099 5454/4270/5098 5294/4263/5091 4879/4262/5090
f 4882/4274/5102 5218/4275/5103 5455/4276/5104 5299/4277/5105
f 5218/4275/5103 4833/4278/5106 5209/4279/5107 5455/4276/5104
f 5455/4276/5104 5209/4279/5107 4841/4272/5100 5295/4269/5097
f 5299/4277/5105 5455/4276/5104 5295/4269/5097 4880/4268/5096
f 4874/4243/5071 5210/4242/5070 5456/4280/5108 5298/4281/5109
f 5210/4242/5070 4835/4241/5069 5202/4282/5110 5456/4280/5108
f 5456/4280/5108 5202/4282/5110 4834/4283/5111 5296/4284/5112
f 5298/4281/5109 5456/4280/5108 5296/4284/5112 4881/4285/5113
f 4835/4241/5069 5228/4286/5114 5457/4287/5115 5202/4282/5110
f 5228/4286/5114 4844/4288/5116 5219/4289/5117 5457/4287/5115
f 5457/4287/5115 5219/4289/5117 4843/4290/5118 5227/4291/5119
f 5202/4282/5110 5457/4287/5115 5227/4291/5119 4834/4283/5111
f 4836/4239/5067 5229/4292/5120 5458/4293/5121 5203/4240/5068
f 5229/4292/5120 4845/4294/5122 5220/4295/5123 5458/4293/5121
f 5458/4293/5121 5220/4295/5123 4844/4288/5116 5228/4286/5114
f 5203/4240/5068 5458/4293/5121 5228/4286/5114 4835/4241/5069
f 4837/4248/5076 5230/4296/5124 5459/4297/5125 5204/4249/5077
f 5230/4296/5124 4846/4298/5126 5221/4299/5127 5459/4297/5125
f 5459/4297/5125 5221/4299/5127 4845/4294/5122 5229/4292/5120
f 5204/4249/5077 5459/4297/5125 5229/4292/5120 4836/4239/5067
f 4838/4254/5082 5231/4300/5128 5460/4301/5129 5205/4255/5083
f 5231/4300/5128 4847/4302/5130 5222/4303/5131 5460/4301/5129
f 5460/4301/5129 5222/4303/5131 4846/4298/5126 5230/4296/5124
f 5205/4255/5083 5460/4301/5129 5230/4296/5124 4837/4248/5076
f 4839/4260/5088 5232/4304/5132 5461/4305/5133 5206/4261/5089
f 5232/4304/5132 4848/4306/5134 5223/4307/5135 5461/4305/5133
f 5461/4305/5133 5223/4307/5135 4847/4302/5130 5231/4300/5128
f 5206/4261/5089 5461/4305/5133 5231/4300/5128 4838/4254/5082
f 4840/4266/5094 5233/4308/5136 5462/4309/5137 5207/4267/5095
f 5233/4308/5136 4849/4310/5138 5224/4311/5139 5462/4309/5137
f 5462/4309/5137 5224/4311/5139 4848/4306/5134 5232/4304/5132
f 5207/4267/5095 5462/4309/5137 5232/4304/5132 4839/4260/5088
f 4841/4272/5100 5234/4312/5140 5463/4313/5141 5208/4273/5101
f 5234/4312/5140 4850/4314/5142 5225/4315/5143 5463/4313/5141
f 5463/4313/5141 5225/4315/5143 4849/4310/5138 5233/4308/5136
f 5208/4273/5101 5463/4313/5141 5233/4308/5136 4840/4266/5094
f 4833/4278/5106 5235/4316/5144 5464/4317/5145 5209/4279/5107
f 5235/4316/5144 4842/4318/5146 5226/4319/5147 5464/4317/5145
f 5464/4317/5145 5226/4319/5147 4850/4314/5142 5234/4312/5140
f 5209/4279/5107 5464/4317/5145 5234/4312/5140 4841/4272/5100
f 4851/4320/5148 5236/4321/5149 5465/4322/5150 5251/4323/5151
f 5236/4321/5149 4850/4314/5142 5226/4319/5147 5465/4322/5150
f 5465/4322/5150 5226/4319/5147 4842/4318/5146 5237/4324/5152
f 5251/4323/5151 5465/4322/5150 5237/4324/5152 4852/4325/5153
f 4867/4326/5154 5275/4327/5155 5466/4328/5156 5266/4329/5157
f 5275/4327/5155 4865/4330/5158 5264/4331/5159 5466/4328/5156
f 5466/4328/5156 5264/4331/5159 4814/3859/4687 5171/4225/5053
f 5266/4329/5157 5466/4328/5156 5171/4225/5053 4733/3869/4697
f 4868/4332/5160 5274/4333/5161 5467/4334/5162 5267/4335/5163
f 5274/4333/5161 4867/4326/5154 5266/4329/5157 5467/4334/5162
f 5467/4334/5162 5266/4329/5157 4733/3869/4697 5007/3868/4696
f 5267/4335/5163 5467/4334/5162 5007/3868/4696 4795/3867/4695
f 4869/4336/5164 5273/4337/5165 5468/4338/5166 5268/4339/5167
f 5273/4337/5165 4868/4332/5160 5267/4335/5163 5468/4338/5166
f 5468/4338/5166 5267/4335/5163 4795/3867/4695 5129/4179/5007
f 5268/4339/5167 5468/4338/5166 5129/4179/5007 4739/3915/4743
f 4688/3738/4566 5242/4340/5168 5469/4341/5169 4927/3739/4567
f 5242/4340/5168 4843/4290/5118 5219/4289/5117 5469/4341/5169
f 5469/4341/5169 5219/4289/5117 4844/4288/5116 5241/4342/5170
f 4927/3739/4567 5469/4341/5169 5241/4342/5170 4692/3732/4560
f 4847/4302/5130 5223/4307/5135 5470/4343/5171 5240/4344/5172
f 5223/4307/5135 4848/4306/5134 5239/4345/5173 5470/4343/5171
f 5470/4343/5171 5239/4345/5173 4854/4346/5174 5248/4347/5175
f 5240/4344/5172 5470/4343/5171 5248/4347/5175 4855/4348/5176
f 4848/4306/5134 5224/4311/5139 5471/4349/5177 5239/4345/5173
f 5224/4311/5139 4849/4310/5138 5238/4350/5178 5471/4349/5177
f 5471/4349/5177 5238/4350/5178 4853/4351/5179 5249/4352/5180
f 5239/4345/5173 5471/4349/5177 5249/4352/5180 4854/4346/5174
f 4849/4310/5138 5225/4315/5143 5472/4353/5181 5238/4350/5178
f 5225/4315/5143 4850/4314/5142 5236/4321/5149 5472/4353/5181
f 5472/4353/5181 5236/4321/5149 4851/4320/5148 5250/4354/5182
f 5238/4350/5178 5472/4353/5181 5250/4354/5182 4853/4351/5179
f 4865/4330/5158 5243/4355/5183 5473/4356/5184 5272/4357/5185
f 5243/4355/5183 4851/4320/5148 5251/4323/5151 5473/4356/5184
f 5473/4356/5184 5251/4323/5151 4852/4325/5153 5244/4358/5186
f 5272/4357/5185 5473/4356/5184 5244/4358/5186 4866/4359/5187
f 4860/3763/4591 5271/4360/5188 5474/4361/5189 4968/4362/5190
f 5271/4360/5188 4870/4363/5191 5269/4364/5192 5474/4361/5189
f 5474/4361/5189 5269/4364/5192 4744/3913/4741 5026/3919/4747
f 4968/4362/5190 5474/4361/5189 5026/3919/4747 4656/3633/4461
f 4847/4302/5130 5240/4344/5172 5475/4365/5193 5222/4303/5131
f 5240/4344/5172 4855/4348/5176 5252/4366/5194 5475/4365/5193
f 5475/4365/5193 5252/4366/5194 4856/4367/5195 5255/4368/5196
f 5222/4303/5131 5475/4365/5193 5255/4368/5196 4846/4298/5126
f 4870/4363/5191 5254/4369/5197 5476/4370/5198 5270/4371/5199
f 5254/4369/5197 4856/4367/5195 5252/4366/5194 5476/4370/5198
f 5476/4370/5198 5252/4366/5194 4855/4348/5176 5247/4372/5200
f 5270/4371/5199 5476/4370/5198 5247/4372/5200 4869/4336/5164
f 4744/3913/4741 5269/4364/5192 5477/4373/5201 5017/3914/4742
f 5269/4364/5192 4870/4363/5191 5270/4371/5199 5477/4373/5201
f 5477/4373/5201 5270/4371/5199 4869/4336/5164 5268/4339/5167
f 5017/3914/4742 5477/4373/5201 5268/4339/5167 4739/3915/4743
f 4687/3736/4564 5253/4374/5202 5478/4375/5203 5259/3766/4594
f 5253/4374/5202 4856/4367/5195 5254/4369/5197 5478/4375/5203
f 5478/4375/5203 5254/4369/5197 4870/4363/5191 5271/4360/5188
f 5259/3766/4594 5478/4375/5203 5271/4360/5188 4860/3763/4591
f 4814/3859/4687 5264/4331/5159 5479/4376/5204 4999/3860/4688
f 5264/4331/5159 4865/4330/5158 5272/4357/5185 5479/4376/5204
f 5479/4376/5204 5272/4357/5185 4866/4359/5187 5265/4377/5205
f 4999/3860/4688 5479/4376/5204 5265/4377/5205 4730/3861/4689
f 4855/4348/5176 5248/4347/5175 5480/4378/5206 5247/4372/5200
f 5248/4347/5175 4854/4346/5174 5246/4379/5207 5480/4378/5206
f 5480/4378/5206 5246/4379/5207 4868/4332/5160 5273/4337/5165
f 5247/4372/5200 5480/4378/5206 5273/4337/5165 4869/4336/5164
f 4854/4346/5174 5249/4352/5180 5481/4380/5208 5246/4379/5207
f 5249/4352/5180 4853/4351/5179 5245/4381/5209 5481/4380/5208
f 5481/4380/5208 5245/4381/5209 4867/4326/5154 5274/4333/5161
f 5246/4379/5207 5481/4380/5208 5274/4333/5161 4868/4332/5160
f 4853/4351/5179 5250/4354/5182 5482/4382/5210 5245/4381/5209
f 5250/4354/5182 4851/4320/5148 5243/4355/5183 5482/4382/5210
f 5482/4382/5210 5243/4355/5183 4865/4330/5158 5275/4327/5155
f 5245/4381/5209 5482/4382/5210 5275/4327/5155 4867/4326/5154
f 4718/3800/4628 4983/3799/4627 5483/4383/5211 4992/4384/5212
f 4983/3799/4627 4722/3798/4626 4991/4385/5213 5483/4383/5211
f 5483/4383/5211 4991/4385/5213 4863/3819/4647 5276/3824/4652
f 4992/4384/5212 5483/4383/5211 5276/3824/4652 4864/3823/4651
f 4722/3798/4626 4982/3816/4644 5484/4386/5214 4991/4385/5213
f 4982/3816/4644 4720/3815/4643 4984/4387/5215 5484/4386/5214
f 5484/4386/5214 4984/4387/5215 4862/3812/4640 5277/3820/4648
f 4991/4385/5213 5484/4386/5214 5277/3820/4648 4863/3819/4647
f 4714/3791/4619 4973/4388/5216 5485/4389/5217 4990/3814/4642
f 4973/4388/5216 4861/3788/4616 5278/3808/4636 5485/4389/5217
f 5485/4389/5217 5278/3808/4636 4862/3812/4640 4984/4387/5215
f 4990/3814/4642 5485/4389/5217 4984/4387/5215 4720/3815/4643
f 4708/3769/4597 4966/4390/5218 5486/4391/5219 4979/3790/4618
f 4966/4390/5218 4859/3728/4556 5279/3784/4612 5486/4391/5219
f 5486/4391/5219 5279/3784/4612 4861/3788/4616 4973/4388/5216
f 4979/3790/4618 5486/4391/5219 4973/4388/5216 4714/3791/4619
f 4656/3633/4461 4884/3631/4459 5487/4392/5220 4968/4362/5190
f 4884/3631/4459 4664/3627/4455 4935/4393/5221 5487/4392/5220
f 5487/4392/5220 4935/4393/5221 4857/3752/4580 5280/3764/4592
f 4968/4362/5190 5487/4392/5220 5280/3764/4592 4860/3763/4591
f 4664/3627/4455 4894/3624/4452 5488/4394/5222 4935/4393/5221
f 4894/3624/4452 4660/3623/4451 4950/3722/4550 5488/4394/5222
f 5488/4394/5222 4950/3722/4550 4858/3721/4549 5281/3753/4581
f 4935/4393/5221 5488/4394/5222 5281/3753/4581 4857/3752/4580
f 4693/3715/4543 5257/3756/4584 5489/4395/5223 4957/3768/4596
f 5257/3756/4584 4858/3721/4549 5282/3724/4552 5489/4395/5223
f 5489/4395/5223 5282/3724/4552 4859/3728/4556 4966/4390/5218
f 4957/3768/4596 5489/4395/5223 4966/4390/5218 4708/3769/4597
f 4845/4294/5122 5221/4299/5127 5490/4396/5224 5284/4397/5225
f 5221/4299/5127 4846/4298/5126 5255/4368/5196 5490/4396/5224
f 5490/4396/5224 5255/4368/5196 4856/4367/5195 5283/4398/5226
f 5284/4397/5225 5490/4396/5224 5283/4398/5226 4871/4399/5227
f 4692/3732/4560 5285/4400/5228 5491/4401/5229 4932/3733/4561
f 5285/4400/5228 4871/4399/5227 5283/4398/5226 5491/4401/5229
f 5491/4401/5229 5283/4398/5226 4856/4367/5195 5253/4374/5202
f 4932/3733/4561 5491/4401/5229 5253/4374/5202 4687/3736/4564
f 4845/4294/5122 5284/4397/5225 5492/4402/5230 5220/4295/5123
f 5284/4397/5225 4871/4399/5227 5285/4400/5228 5492/4402/5230
f 5492/4402/5230 5285/4400/5228 4692/3732/4560 5241/4342/5170
f 5220/4295/5123 5492/4402/5230 5241/4342/5170 4844/4288/5116
f 4825/4403/5231 5288/4404/5232 5493/4405/5233 5194/4406/5234
f 5288/4404/5232 4872/4407/5235 5286/4408/5236 5493/4405/5233
f 5493/4405/5233 5286/4408/5236 4873/4409/5237 5287/4410/5238
f 5194/4406/5234 5493/4405/5233 5287/4410/5238 4826/4411/5239
f 4826/4411/5239 5289/4412/5240 5494/4413/5241 5194/4406/5234
f 5289/4412/5240 4874/4243/5071 5298/4281/5109 5494/4413/5241
f 5494/4413/5241 5298/4281/5109 4881/4285/5113 5217/4414/5242
f 5194/4406/5234 5494/4413/5241 5217/4414/5242 4825/4403/5231
f 4824/4415/5243 5297/4416/5244 5495/4417/5245 5201/4418/5246
f 5297/4416/5244 4882/4274/5102 5299/4277/5105 5495/4417/5245
f 5495/4417/5245 5299/4277/5105 4880/4268/5096 5216/4419/5247
f 5201/4418/5246 5495/4417/5245 5216/4419/5247 4832/4420/5248
f 4832/4420/5248 5216/4419/5247 5496/4421/5249 5200/4422/5250
f 5216/4419/5247 4880/4268/5096 5300/4271/5099 5496/4421/5249
f 5496/4421/5249 5300/4271/5099 4879/4262/5090 5215/4423/5251
f 5200/4422/5250 5496/4421/5249 5215/4423/5251 4831/4424/5252
f 4831/4424/5252 5215/4423/5251 5497/4425/5253 5199/4426/5254
f 5215/4423/5251 4879/4262/5090 5301/4265/5093 5497/4425/5253
f 5497/4425/5253 5301/4265/5093 4878/4256/5084 5214/4427/5255
f 5199/4426/5254 5497/4425/5253 5214/4427/5255 4830/4428/5256
f 4830/4428/5256 5214/4427/5255 5498/4429/5257 5198/4430/5258
f 5214/4427/5255 4878/4256/5084 5302/4259/5087 5498/4429/5257
f 5498/4429/5257 5302/4259/5087 4877/4250/5078 5213/4431/5259
f 5198/4430/5258 5498/4429/5257 5213/4431/5259 4829/4432/5260
f 4829/4432/5260 5213/4431/5259 5499/4433/5261 5197/4434/5262
f 5213/4431/5259 4877/4250/5078 5303/4253/5081 5499/4433/5261
f 5499/4433/5261 5303/4253/5081 4876/4244/5072 5212/4435/5263
f 5197/4434/5262 5499/4433/5261 5212/4435/5263 4828/4436/5264
f 4828/4436/5264 5212/4435/5263 5500/4437/5265 5196/4438/5266
f 5212/4435/5263 4876/4244/5072 5304/4247/5075 5500/4437/5265
f 5500/4437/5265 5304/4247/5075 4875/4235/5063 5211/4439/5267
f 5196/4438/5266 5500/4437/5265 5211/4439/5267 4827/4440/5268
f 4827/4440/5268 5211/4439/5267 5501/4441/5269 5195/4442/5270
f 5211/4439/5267 4875/4235/5063 5305/4238/5066 5501/4441/5269
f 5501/4441/5269 5305/4238/5066 4874/4243/5071 5289/4412/5240
f 5195/4442/5270 5501/4441/5269 5289/4412/5240 4826/4411/5239
f 4671/3609/4437 4679/4089/4917 4926/3670/4498 4917/3662/4490
f 5520/3596/5271 5722/3599/5272 6080/3598/5273 5725/3597/5274
f 5725/3597/5274 6080/3598/5273 5694/3601/5275 5508/3600/5276
f 6080/3598/5273 5707/3603/5277 5503/3602/5278 5694/3601/5275
f 5722/3599/5272 5512/3604/5279 5707/3603/5277 6080/3598/5273
f 5612/3605/5280 5940/3608/5281 6081/3607/5282 5911/3606/5283
f 5911/3606/5283 6081/3607/5282 5699/3610/5284 5513/3609/5285
f 6081/3607/5282 5910/3612/5286 5506/3611/5287 5699/3610/5284
f 5940/3608/5281 5611/3613/5288 5910/3612/5286 6081/3607/5282
f 5517/3614/5289 5710/3617/5290 6082/3616/5291 5713/3615/5292
f 5713/3615/5292 6082/3616/5291 5697/3619/5293 5511/3618/5294
f 6082/3616/5291 5709/3621/5295 5505/3620/5296 5697/3619/5293
f 5710/3617/5290 5516/3622/5297 5709/3621/5295 6082/3616/5291
f 5504/3623/5298 5708/3626/5299 6083/3625/5300 5701/3624/5301
f 5701/3624/5301 6083/3625/5300 5711/3628/5302 5507/3627/5303
f 6083/3625/5300 5712/3629/5304 5517/3614/5289 5711/3628/5302
f 5708/3626/5299 5514/3630/5305 5712/3629/5304 6083/3625/5300
f 5507/3627/5303 5711/3628/5302 6084/3632/5306 5693/3631/5307
f 5693/3631/5307 6084/3632/5306 5706/3634/5308 5502/3633/5309
f 6084/3632/5306 5713/3615/5292 5511/3618/5294 5706/3634/5308
f 5711/3628/5302 5517/3614/5289 5713/3615/5292 6084/3632/5306
f 5535/3635/5310 5748/3638/5311 6085/3637/5312 5743/3636/5313
f 5743/3636/5313 6085/3637/5312 5714/3640/5314 5518/3639/5315
f 6085/3637/5312 5741/3642/5316 5515/3641/5317 5714/3640/5314
f 5748/3638/5311 5533/3643/5318 5741/3642/5316 6085/3637/5312
f 5534/3644/5319 5747/3647/5320 6086/3646/5321 5705/3645/5322
f 5705/3645/5322 6086/3646/5321 5715/3649/5323 5510/3648/5324
f 6086/3646/5321 5743/3636/5313 5518/3639/5315 5715/3649/5323
f 5747/3647/5320 5535/3635/5310 5743/3636/5313 6086/3646/5321
f 5539/3650/5325 5757/3653/5326 6087/3652/5327 5696/3651/5328
f 5696/3651/5328 6087/3652/5327 5708/3626/5299 5504/3623/5298
f 6087/3652/5327 5755/3654/5329 5514/3630/5305 5708/3626/5299
f 5757/3653/5326 5540/3655/5330 5755/3654/5329 6087/3652/5327
f 5533/3643/5318 5745/3657/5331 6088/3656/5332 5741/3642/5316
f 5741/3642/5316 6088/3656/5332 5719/3658/5333 5515/3641/5317
f 6088/3656/5332 5744/3660/5334 5519/3659/5335 5719/3658/5333
f 5745/3657/5331 5536/3661/5336 5744/3660/5334 6088/3656/5332
f 5513/3609/5285 5699/3610/5284 6089/3663/5337 5724/3662/5338
f 5724/3662/5338 6089/3663/5337 5722/3599/5272 5520/3596/5271
f 6089/3663/5337 5698/3664/5339 5512/3604/5279 5722/3599/5272
f 5699/3610/5284 5506/3611/5287 5698/3664/5339 6089/3663/5337
f 5516/3622/5297 5723/3666/5340 6090/3665/5341 5709/3621/5295
f 5709/3621/5295 6090/3665/5341 5702/3667/5342 5505/3620/5296
f 6090/3665/5341 5725/3597/5274 5508/3600/5276 5702/3667/5342
f 5723/3666/5340 5520/3596/5271 5725/3597/5274 6090/3665/5341
f 5518/3639/5315 5714/3640/5314 5728/3669/5343 5526/3668/5344
f 5724/3662/5338 5520/3596/5271 5528/3671/5345 5733/3670/5346
f 5528/3671/5345 5520/3596/5271 5723/3666/5340 5732/3672/5347
f 5714/3640/5314 5515/3641/5317 5523/3673/5348 5728/3669/5343
f 5517/3614/5289 5712/3629/5304 5727/3675/5349 5525/3674/5350
f 5723/3666/5340 5516/3622/5297 5524/3676/5351 5732/3672/5347
f 5519/3659/5335 5721/3679/5352 5731/3678/5353 5527/3677/5354
f 5712/3629/5304 5514/3630/5305 5522/3680/5355 5727/3675/5349
f 5524/3676/5351 5516/3622/5297 5710/3617/5290 5726/3681/5356
f 5721/3679/5352 5612/3605/5280 5613/3682/5357 5731/3678/5353
f 5523/3673/5348 5515/3641/5317 5719/3658/5333 5730/3683/5358
f 5710/3617/5290 5517/3614/5289 5525/3674/5350 5726/3681/5356
f 5522/3680/5355 5514/3630/5305 5755/3654/5329 5756/3684/5359
f 5719/3658/5333 5519/3659/5335 5527/3677/5354 5730/3683/5358
f 5540/3655/5330 5717/3687/5360 5729/3686/5361 5541/3685/5362
f 5755/3654/5329 5540/3655/5330 5541/3685/5362 5756/3684/5359
f 5537/3688/5363 5752/3691/5364 6091/3690/5365 5736/3689/5366
f 5736/3689/5366 6091/3690/5365 4929/3693/4521 4690/3692/4520
f 6091/3690/5365 5737/3695/5367 4689/3694/4522 4929/3693/4521
f 5752/3691/5364 5538/3696/5368 5737/3695/5367 6091/3690/5365
f 4659/3697/4525 4887/3700/4528 6092/3699/5369 5700/3698/5370
f 5700/3698/5370 6092/3699/5369 5745/3657/5331 5533/3643/5318
f 6092/3699/5369 5720/3701/5371 5536/3661/5336 5745/3657/5331
f 4887/3700/4528 4667/3702/4530 5720/3701/5371 6092/3699/5369
f 4655/3703/4531 4883/3706/4534 6093/3705/5372 5742/3704/5373
f 5742/3704/5373 6093/3705/5372 5747/3647/5320 5534/3644/5319
f 6093/3705/5372 5716/3707/5374 5535/3635/5310 5747/3647/5320
f 4883/3706/4534 4663/3708/4536 5716/3707/5374 6093/3705/5372
f 4663/3708/4536 4893/3710/4538 6094/3709/5375 5716/3707/5374
f 5716/3707/5374 6094/3709/5375 5748/3638/5311 5535/3635/5310
f 6094/3709/5375 5700/3698/5370 5533/3643/5318 5748/3638/5311
f 4893/3710/4538 4659/3697/4525 5700/3698/5370 6094/3709/5375
f 5510/3648/5324 5749/3712/5376 6095/3711/5377 5705/3645/5322
f 5705/3645/5322 6095/3711/5377 5742/3704/5373 5534/3644/5319
f 6095/3711/5377 4931/3713/4541 4655/3703/4531 5742/3704/5373
f 5749/3712/5376 4691/3714/4542 4931/3713/4541 6095/3711/5377
f 5531/3715/5378 5739/3718/5379 6096/3717/5380 5750/3716/5381
f 5750/3716/5381 6096/3717/5380 5752/3691/5364 5537/3688/5363
f 6096/3717/5380 5751/3719/5382 5538/3696/5368 5752/3691/5364
f 5739/3718/5379 5532/3720/5383 5751/3719/5382 6096/3717/5380
f 5672/3721/5384 6057/3724/5385 6097/3723/5386 5753/3722/5387
f 5753/3722/5387 6097/3723/5386 5761/3725/5388 5504/3623/5298
f 6097/3723/5386 6035/3727/5389 5542/3726/5390 5761/3725/5388
f 6057/3724/5385 5673/3728/5391 6035/3727/5389 6097/3723/5386
f 5612/3605/5280 5911/3606/5283 5912/3729/5392 5613/3682/5357
f 5717/3687/5360 5518/3639/5315 5526/3668/5344 5729/3686/5361
f 5510/3648/5324 5715/3649/5323 6098/3731/5393 5754/3730/5394
f 5754/3730/5394 6098/3731/5393 5757/3653/5326 5539/3650/5325
f 6098/3731/5393 5717/3687/5360 5540/3655/5330 5757/3653/5326
f 5715/3649/5323 5518/3639/5315 5717/3687/5360 6098/3731/5393
f 5530/3732/5395 5759/3735/5396 6099/3734/5397 5735/3733/5398
f 5735/3733/5398 6099/3734/5397 5758/3737/5399 5529/3736/5400
f 6099/3734/5397 5751/3719/5382 5532/3720/5383 5758/3737/5399
f 5759/3735/5396 5538/3696/5368 5751/3719/5382 6099/3734/5397
f 4688/3738/4566 4928/3741/4569 6100/3740/5401 5734/3739/5402
f 5734/3739/5402 6100/3740/5401 5759/3735/5396 5530/3732/5395
f 6100/3740/5401 5737/3695/5367 5538/3696/5368 5759/3735/5396
f 4928/3741/4569 4689/3694/4522 5737/3695/5367 6100/3740/5401
f 5504/3623/5298 5761/3725/5388 6101/3742/5403 5696/3651/5328
f 5539/3650/5325 5696/3651/5328 6101/3742/5403 5767/3743/5404
f 5542/3726/5390 5767/3743/5404 6101/3742/5403 5761/3725/5388
f 4705/3744/4572 4930/3747/4575 6102/3746/5405 5763/3745/5406
f 5763/3745/5406 6102/3746/5405 5766/3749/5407 5544/3748/5408
f 6102/3746/5405 5749/3712/5376 5510/3648/5324 5766/3749/5407
f 4930/3747/4575 4691/3714/4542 5749/3712/5376 6102/3746/5405
f 5539/3650/5325 5767/3743/5404 6103/3750/5409 5754/3730/5394
f 5754/3730/5394 6103/3750/5409 5766/3749/5407 5510/3648/5324
f 6103/3750/5409 5762/3751/5410 5544/3748/5408 5766/3749/5407
f 5767/3743/5404 5542/3726/5390 5762/3751/5410 6103/3750/5409
f 5671/3752/5411 6033/3755/5412 6104/3754/5413 6056/3753/5414
f 6056/3753/5414 6104/3754/5413 6034/3756/5415 5672/3721/5384
f 6104/3754/5413 5739/3718/5379 5531/3715/5378 6034/3756/5415
f 6033/3755/5412 5532/3720/5383 5739/3718/5379 6104/3754/5413
f 4706/3757/4585 5765/3760/5416 6105/3759/5417 4958/3758/4586
f 4958/3758/4586 6105/3759/5417 5736/3689/5366 4690/3692/4520
f 6105/3759/5417 5769/3761/5418 5537/3688/5363 5736/3689/5366
f 5765/3760/5416 5545/3762/5419 5769/3761/5418 6105/3759/5417
f 5674/3763/5420 6036/3766/5421 6106/3765/5422 6055/3764/5423
f 6055/3764/5423 6106/3765/5422 6033/3755/5412 5671/3752/5411
f 6106/3765/5422 5758/3737/5399 5532/3720/5383 6033/3755/5412
f 6036/3766/5421 5529/3736/5400 5758/3737/5399 6106/3765/5422
f 5537/3688/5363 5769/3761/5418 6107/3767/5424 5750/3716/5381
f 5750/3716/5381 6107/3767/5424 5760/3768/5425 5531/3715/5378
f 6107/3767/5424 5764/3770/5426 5543/3769/5427 5760/3768/5425
f 5769/3761/5418 5545/3762/5419 5764/3770/5426 6107/3767/5424
f 4706/3757/4585 4975/3772/4600 6108/3771/5428 5765/3760/5416
f 5765/3760/5416 6108/3771/5428 5776/3773/5429 5545/3762/5419
f 6108/3771/5428 5774/3775/5430 5549/3774/5431 5776/3773/5429
f 4975/3772/4600 4712/3776/4604 5774/3775/5430 6108/3771/5428
f 5544/3748/5408 5777/3778/5432 6109/3777/5433 5763/3745/5406
f 5763/3745/5406 6109/3777/5433 4976/3779/4607 4705/3744/4572
f 6109/3777/5433 5772/3781/5434 4711/3780/4608 4976/3779/4607
f 5777/3778/5432 5548/3782/5435 5772/3781/5434 6109/3777/5433
f 5673/3728/5391 6054/3784/5436 6110/3783/5437 6035/3727/5389
f 6035/3727/5389 6110/3783/5437 5778/3785/5438 5542/3726/5390
f 6110/3783/5437 6037/3787/5439 5546/3786/5440 5778/3785/5438
f 6054/3784/5436 5675/3788/5441 6037/3787/5439 6110/3783/5437
f 5545/3762/5419 5776/3773/5429 6111/3789/5442 5764/3770/5426
f 5764/3770/5426 6111/3789/5442 5779/3790/5443 5543/3769/5427
f 6111/3789/5442 5773/3792/5444 5547/3791/5445 5779/3790/5443
f 5776/3773/5429 5549/3774/5431 5773/3792/5444 6111/3789/5442
f 5542/3726/5390 5778/3785/5438 6112/3793/5446 5762/3751/5410
f 5762/3751/5410 6112/3793/5446 5777/3778/5432 5544/3748/5408
f 6112/3793/5446 5771/3794/5447 5548/3782/5435 5777/3778/5432
f 5778/3785/5438 5546/3786/5440 5771/3794/5447 6112/3793/5446
f 4712/3776/4604 4986/3796/4624 6113/3795/5448 5774/3775/5430
f 5774/3775/5430 6113/3795/5448 5785/3797/5449 5549/3774/5431
f 6113/3795/5448 5783/3799/5450 5553/3798/5451 5785/3797/5449
f 4986/3796/4624 4718/3800/4628 5783/3799/5450 6113/3795/5448
f 5548/3782/5435 5786/3802/5452 6114/3801/5453 5772/3781/5434
f 5772/3781/5434 6114/3801/5453 4987/3803/4631 4711/3780/4608
f 6114/3801/5453 5781/3805/5454 4717/3804/4632 4987/3803/4631
f 5786/3802/5452 5552/3806/5455 5781/3805/5454 6114/3801/5453
f 5675/3788/5441 6053/3808/5456 6115/3807/5457 6037/3787/5439
f 6037/3787/5439 6115/3807/5457 5787/3809/5458 5546/3786/5440
f 6115/3807/5457 6038/3811/5459 5550/3810/5460 5787/3809/5458
f 6053/3808/5456 5676/3812/5461 6038/3811/5459 6115/3807/5457
f 5549/3774/5431 5785/3797/5449 6116/3813/5462 5773/3792/5444
f 5773/3792/5444 6116/3813/5462 5788/3814/5463 5547/3791/5445
f 6116/3813/5462 5782/3816/5464 5551/3815/5465 5788/3814/5463
f 5785/3797/5449 5553/3798/5451 5782/3816/5464 6116/3813/5462
f 5546/3786/5440 5787/3809/5458 6117/3817/5466 5771/3794/5447
f 5771/3794/5447 6117/3817/5466 5786/3802/5452 5548/3782/5435
f 6117/3817/5466 5780/3818/5467 5552/3806/5455 5786/3802/5452
f 5787/3809/5458 5550/3810/5460 5780/3818/5467 6117/3817/5466
f 5677/3819/5468 6039/3822/5469 6118/3821/5470 6052/3820/5471
f 6052/3820/5471 6118/3821/5470 6038/3811/5459 5676/3812/5461
f 6118/3821/5470 5780/3818/5467 5550/3810/5460 6038/3811/5459
f 6039/3822/5469 5552/3806/5455 5780/3818/5467 6118/3821/5470
f 4864/3823/4651 5263/3826/4654 6119/3825/5472 6051/3824/5473
f 6051/3824/5473 6119/3825/5472 6039/3822/5469 5677/3819/5468
f 6119/3825/5472 5781/3805/5454 5552/3806/5455 6039/3822/5469
f 5263/3826/4654 4717/3804/4632 5781/3805/5454 6119/3825/5472
f 5577/3827/5474 5842/3830/5475 6120/3829/5476 5864/3828/5477
f 5864/3828/5477 6120/3829/5476 5965/3832/5478 5591/3831/5479
f 6120/3829/5476 5966/3834/5480 5643/3833/5481 5965/3832/5478
f 5842/3830/5475 5639/3835/5482 5966/3834/5480 6120/3829/5476
f 5636/3836/5483 5958/3839/5484 6121/3838/5485 5977/3837/5486
f 5977/3837/5486 6121/3838/5485 5959/3841/5487 5637/3840/5488
f 6121/3838/5485 4997/3843/4671 4727/3842/4670 5959/3841/5487
f 5958/3839/5484 4729/3844/4672 4997/3843/4671 6121/3838/5485
f 5633/3845/5489 5792/3848/5490 6122/3847/5491 5976/3846/5492
f 5976/3846/5492 6122/3847/5491 5796/3850/5493 5635/3849/5494
f 6122/3847/5491 5001/3852/4680 4726/3851/4679 5796/3850/5493
f 5792/3848/5490 4728/3853/4681 5001/3852/4680 6122/3847/5491
f 5637/3840/5488 5959/3841/5487 6123/3855/5495 5975/3854/5496
f 5975/3854/5496 6123/3855/5495 5792/3848/5490 5633/3845/5489
f 6123/3855/5495 4996/3856/4684 4728/3853/4681 5792/3848/5490
f 5959/3841/5487 4727/3842/4670 4996/3856/4684 6123/3855/5495
f 5635/3849/5494 5796/3850/5493 6124/3858/5497 5974/3857/5498
f 5974/3857/5498 6124/3858/5497 5794/3860/5499 5634/3859/5500
f 6124/3858/5497 5002/3862/4690 4730/3861/4689 5794/3860/5499
f 5796/3850/5493 4726/3851/4679 5002/3862/4690 6124/3858/5497
f 5616/3863/5501 5801/3866/5502 6125/3865/5503 5939/3864/5504
f 5939/3864/5504 6125/3865/5503 5800/3868/5505 5615/3867/5506
f 6125/3865/5503 5803/3870/5507 5559/3869/5508 5800/3868/5505
f 5801/3866/5502 5560/3871/5509 5803/3870/5507 6125/3865/5503
f 5618/3872/5510 5917/3875/5511 6126/3874/5512 5938/3873/5513
f 5938/3873/5513 6126/3874/5512 5798/3877/5514 5614/3876/5515
f 6126/3874/5512 5804/3879/5516 5557/3878/5517 5798/3877/5514
f 5917/3875/5511 5561/3880/5518 5804/3879/5516 6126/3874/5512
f 5614/3876/5515 5798/3877/5514 6127/3882/5519 5937/3881/5520
f 5937/3881/5520 6127/3882/5519 5801/3866/5502 5616/3863/5501
f 6127/3882/5519 5805/3883/5521 5560/3871/5509 5801/3866/5502
f 5798/3877/5514 5557/3878/5517 5805/3883/5521 6127/3882/5519
f 5617/3884/5522 5916/3887/5523 6128/3886/5524 5936/3885/5525
f 5936/3885/5525 6128/3886/5524 5917/3875/5511 5618/3872/5510
f 6128/3886/5524 5806/3888/5526 5561/3880/5518 5917/3875/5511
f 5916/3887/5523 5558/3889/5527 5806/3888/5526 6128/3886/5524
f 5567/3890/5528 5816/3893/5529 6129/3892/5530 5824/3891/5531
f 5824/3891/5531 6129/3892/5530 5817/3895/5532 5568/3894/5533
f 6129/3892/5530 5812/3897/5534 5563/3896/5535 5817/3895/5532
f 5816/3893/5529 5562/3898/5536 5812/3897/5534 6129/3892/5530
f 5569/3899/5537 5809/3902/5538 6130/3901/5539 5823/3900/5540
f 5823/3900/5540 6130/3901/5539 5811/3904/5541 5571/3903/5542
f 6130/3901/5539 5813/3906/5543 5566/3905/5544 5811/3904/5541
f 5809/3902/5538 5564/3907/5545 5813/3906/5543 6130/3901/5539
f 5568/3894/5533 5817/3895/5532 6131/3909/5546 5822/3908/5547
f 5822/3908/5547 6131/3909/5546 5809/3902/5538 5569/3899/5537
f 6131/3909/5546 5814/3910/5548 5564/3907/5545 5809/3902/5538
f 5817/3895/5532 5563/3896/5535 5814/3910/5548 6131/3909/5546
f 5571/3903/5542 5811/3904/5541 6132/3912/5549 5821/3911/5550
f 5821/3911/5550 6132/3912/5549 5810/3914/5551 5570/3913/5552
f 6132/3912/5549 5815/3916/5553 5565/3915/5554 5810/3914/5551
f 5811/3904/5541 5566/3905/5544 5815/3916/5553 6132/3912/5549
f 5511/3618/5294 5820/3918/5555 6133/3917/5556 5706/3634/5308
f 5706/3634/5308 6133/3917/5556 5819/3919/5557 5502/3633/5309
f 6133/3917/5556 5821/3911/5550 5570/3913/5552 5819/3919/5557
f 5820/3918/5555 5571/3903/5542 5821/3911/5550 6133/3917/5556
f 5508/3600/5276 5797/3921/5558 6134/3920/5559 5702/3667/5342
f 5702/3667/5342 6134/3920/5559 5818/3922/5560 5505/3620/5296
f 6134/3920/5559 5822/3908/5547 5569/3899/5537 5818/3922/5560
f 5797/3921/5558 5568/3894/5533 5822/3908/5547 6134/3920/5559
f 5505/3620/5296 5818/3922/5560 6135/3923/5561 5697/3619/5293
f 5697/3619/5293 6135/3923/5561 5820/3918/5555 5511/3618/5294
f 6135/3923/5561 5823/3900/5540 5571/3903/5542 5820/3918/5555
f 5818/3922/5560 5569/3899/5537 5823/3900/5540 6135/3923/5561
f 5503/3602/5278 5793/3925/5562 6136/3924/5563 5694/3601/5275
f 5694/3601/5275 6136/3924/5563 5797/3921/5558 5508/3600/5276
f 6136/3924/5563 5824/3891/5531 5568/3894/5533 5797/3921/5558
f 5793/3925/5562 5567/3890/5528 5824/3891/5531 6136/3924/5563
f 5556/3926/5564 5825/3929/5565 6137/3928/5566 5740/3927/5567
f 5740/3927/5567 6137/3928/5566 5826/3931/5568 5554/3930/5569
f 6137/3928/5566 5827/3933/5570 5573/3932/5571 5826/3931/5568
f 5825/3929/5565 5572/3934/5572 5827/3933/5570 6137/3928/5566
f 5579/3935/5573 5844/3938/5574 6138/3937/5575 5857/3936/5576
f 5857/3936/5576 6138/3937/5575 5829/3940/5577 5580/3939/5578
f 6138/3937/5575 5698/3664/5339 5506/3611/5287 5829/3940/5577
f 5844/3938/5574 5512/3604/5279 5698/3664/5339 6138/3937/5575
f 5610/3941/5579 5935/3944/5580 6139/3943/5581 5695/3942/5582
f 5695/3942/5582 6139/3943/5581 5830/3946/5583 5555/3945/5584
f 6139/3943/5581 5918/3948/5585 5574/3947/5586 5830/3946/5583
f 5935/3944/5580 5619/3949/5587 5918/3948/5585 6139/3943/5581
f 5622/3950/5588 5934/3953/5589 6140/3952/5590 5921/3951/5591
f 5921/3951/5591 6140/3952/5590 5832/3955/5592 5581/3954/5593
f 6140/3952/5590 5703/3957/5594 5509/3956/5595 5832/3955/5592
f 5934/3953/5589 5611/3613/5288 5703/3957/5594 6140/3952/5590
f 5631/3958/5596 5973/3961/5597 6141/3960/5598 5746/3959/5599
f 5746/3959/5599 6141/3960/5598 5040/3963/4791 4695/3962/4790
f 6141/3960/5598 5960/3965/5600 4749/3964/4792 5040/3963/4791
f 5973/3961/5597 5638/3966/5601 5960/3965/5600 6141/3960/5598
f 5641/3967/5602 5972/3970/5603 6142/3969/5604 5963/3968/5605
f 5963/3968/5605 6142/3969/5604 5042/3972/4800 4758/3971/4799
f 6142/3969/5604 5791/3974/5606 4657/3973/4801 5042/3972/4800
f 5972/3970/5603 5632/3975/5607 5791/3974/5606 6142/3969/5604
f 5585/3976/5608 5872/3979/5609 6143/3978/5610 5795/3977/5611
f 5795/3977/5611 6143/3978/5610 5825/3929/5565 5556/3926/5564
f 6143/3978/5610 5828/3980/5612 5572/3934/5572 5825/3929/5565
f 5872/3979/5609 5586/3981/5613 5828/3980/5612 6143/3978/5610
f 5556/3926/5564 5740/3927/5567 6144/3983/5614 5834/3982/5615
f 5834/3982/5615 6144/3983/5614 5836/3985/5616 5575/3984/5617
f 6144/3983/5614 5835/3987/5618 5576/3986/5619 5836/3985/5616
f 5740/3927/5567 5554/3930/5569 5835/3987/5618 6144/3983/5614
f 5582/3988/5620 5853/3991/5621 6145/3990/5622 5847/3989/5623
f 5847/3989/5623 6145/3990/5622 5816/3893/5529 5567/3890/5528
f 6145/3990/5622 5838/3992/5624 5562/3898/5536 5816/3893/5529
f 5853/3991/5621 5583/3993/5625 5838/3992/5624 6145/3990/5622
f 5610/3941/5579 5695/3942/5582 6146/3995/5626 5933/3994/5627
f 5933/3994/5627 6146/3995/5626 5919/3997/5628 5620/3996/5629
f 6146/3995/5626 5839/3998/5630 5577/3827/5474 5919/3997/5628
f 5695/3942/5582 5555/3945/5584 5839/3998/5630 6146/3995/5626
f 5621/3999/5631 5852/4002/5632 6147/4001/5633 5932/4000/5634
f 5932/4000/5634 6147/4001/5633 5916/3887/5523 5617/3884/5522
f 6147/4001/5633 5841/4003/5635 5558/3889/5527 5916/3887/5523
f 5852/4002/5632 5584/4004/5636 5841/4003/5635 6147/4001/5633
f 5631/3958/5596 5746/3959/5599 6148/4006/5637 5971/4005/5638
f 5971/4005/5638 6148/4006/5637 5961/4007/5639 5639/3835/5482
f 6148/4006/5637 5051/4009/4837 4753/4008/4836 5961/4007/5639
f 5746/3959/5599 4695/3962/4790 5051/4009/4837 6148/4006/5637
f 5640/4010/5640 5851/4013/5641 6149/4012/5642 5970/4011/5643
f 5970/4011/5643 6149/4012/5642 5958/3839/5484 5636/3836/5483
f 6149/4012/5642 5053/4014/4842 4729/3844/4672 5958/3839/5484
f 5851/4013/5641 4762/4015/4843 5053/4014/4842 6149/4012/5642
f 5585/3976/5608 5795/3977/5611 6150/4017/5644 5871/4016/5645
f 5871/4016/5645 6150/4017/5644 5837/4019/5646 5587/4018/5647
f 6150/4017/5644 5834/3982/5615 5575/3984/5617 5837/4019/5646
f 5795/3977/5611 5556/3926/5564 5834/3982/5615 6150/4017/5644
f 5503/3602/5278 5843/4021/5648 6151/4020/5649 5793/3925/5562
f 5793/3925/5562 6151/4020/5649 5847/3989/5623 5567/3890/5528
f 6151/4020/5649 5850/4022/5650 5582/3988/5620 5847/3989/5623
f 5843/4021/5648 5578/4023/5651 5850/4022/5650 6151/4020/5649
f 5643/3833/5481 5870/4026/5652 6152/4025/5653 5969/4024/5654
f 5969/4024/5654 6152/4025/5653 5851/4013/5641 5640/4010/5640
f 6152/4025/5653 5062/4027/4855 4762/4015/4843 5851/4013/5641
f 5870/4026/5652 4771/4028/4856 5062/4027/4855 6152/4025/5653
f 5624/4029/5655 5869/4032/5656 6153/4031/5657 5931/4030/5658
f 5931/4030/5658 6153/4031/5657 5852/4002/5632 5621/3999/5631
f 6153/4031/5657 5849/4033/5659 5584/4004/5636 5852/4002/5632
f 5869/4032/5656 5591/3831/5479 5849/4033/5659 6153/4031/5657
f 5587/4018/5647 5868/4036/5660 6154/4035/5661 5860/4034/5662
f 5860/4034/5662 6154/4035/5661 5853/3991/5621 5582/3988/5620
f 6154/4035/5661 5848/4037/5663 5583/3993/5625 5853/3991/5621
f 5868/4036/5660 5590/4038/5664 5848/4037/5663 6154/4035/5661
f 5503/3602/5278 5707/3603/5277 6155/4039/5665 5843/4021/5648
f 5843/4021/5648 6155/4039/5665 5854/4040/5666 5578/4023/5651
f 6155/4039/5665 5844/3938/5574 5579/3935/5573 5854/4040/5666
f 5707/3603/5277 5512/3604/5279 5844/3938/5574 6155/4039/5665
f 5642/4041/5667 5968/4044/5668 6156/4043/5669 5964/4042/5670
f 5964/4042/5670 6156/4043/5669 5058/4046/4874 4768/4045/4873
f 6156/4043/5669 5963/3968/5605 4758/3971/4799 5058/4046/4874
f 5968/4044/5668 5641/3967/5602 5963/3968/5605 6156/4043/5669
f 5623/4047/5671 5930/4050/5672 6157/4049/5673 5922/4048/5674
f 5922/4048/5674 6157/4049/5673 5846/4052/5675 5589/4051/5676
f 6157/4049/5673 5921/3951/5591 5581/3954/5593 5846/4052/5675
f 5930/4050/5672 5622/3950/5588 5921/3951/5591 6157/4049/5673
f 5586/3981/5613 5859/4055/5677 6158/4054/5678 5865/4053/5679
f 5865/4053/5679 6158/4054/5678 5845/4057/5680 5588/4056/5681
f 6158/4054/5678 5857/3936/5576 5580/3939/5578 5845/4057/5680
f 5859/4055/5677 5579/3935/5573 5857/3936/5576 6158/4054/5678
f 5572/3934/5572 5828/3980/5612 6159/4058/5682 5827/3933/5570
f 5827/3933/5570 6159/4058/5682 5861/4059/5683 5573/3932/5571
f 6159/4058/5682 5865/4053/5679 5588/4056/5681 5861/4059/5683
f 5828/3980/5612 5586/3981/5613 5865/4053/5679 6159/4058/5682
f 5619/3949/5587 5929/4061/5684 6160/4060/5685 5918/3948/5585
f 5918/3948/5585 6160/4060/5685 5862/4062/5686 5574/3947/5586
f 6160/4060/5685 5922/4048/5674 5589/4051/5676 5862/4062/5686
f 5929/4061/5684 5623/4047/5671 5922/4048/5674 6160/4060/5685
f 5638/3966/5601 5967/4064/5687 6161/4063/5688 5960/3965/5600
f 5960/3965/5600 6161/4063/5688 5076/4065/4893 4749/3964/4792
f 6161/4063/5688 5964/4042/5670 4768/4045/4873 5076/4065/4893
f 5967/4064/5687 5642/4041/5667 5964/4042/5670 6161/4063/5688
f 5575/3984/5617 5836/3985/5616 6162/4066/5689 5837/4019/5646
f 5837/4019/5646 6162/4066/5689 5868/4036/5660 5587/4018/5647
f 6162/4066/5689 5863/4067/5690 5590/4038/5664 5868/4036/5660
f 5836/3985/5616 5576/3986/5619 5863/4067/5690 6162/4066/5689
f 5620/3996/5629 5919/3997/5628 6163/4069/5691 5928/4068/5692
f 5928/4068/5692 6163/4069/5691 5869/4032/5656 5624/4029/5655
f 6163/4069/5691 5864/3828/5477 5591/3831/5479 5869/4032/5656
f 5919/3997/5628 5577/3827/5474 5864/3828/5477 6163/4069/5691
f 5639/3835/5482 5961/4007/5639 6164/4070/5693 5966/3834/5480
f 5966/3834/5480 6164/4070/5693 5870/4026/5652 5643/3833/5481
f 6164/4070/5693 5079/4071/4899 4771/4028/4856 5870/4026/5652
f 5961/4007/5639 4753/4008/4836 5079/4071/4899 6164/4070/5693
f 5578/4023/5651 5858/4073/5694 6165/4072/5695 5850/4022/5650
f 5850/4022/5650 6165/4072/5695 5860/4034/5662 5582/3988/5620
f 6165/4072/5695 5871/4016/5645 5587/4018/5647 5860/4034/5662
f 5858/4073/5694 5585/3976/5608 5871/4016/5645 6165/4072/5695
f 5578/4023/5651 5854/4040/5666 6166/4074/5696 5858/4073/5694
f 5858/4073/5694 6166/4074/5696 5872/3979/5609 5585/3976/5608
f 6166/4074/5696 5859/4055/5677 5586/3981/5613 5872/3979/5609
f 5854/4040/5666 5579/3935/5573 5859/4055/5677 6166/4074/5696
f 5526/3668/5344 5883/4076/5697 6167/4075/5698 5729/3686/5361
f 5729/3686/5361 6167/4075/5698 5882/4077/5699 5541/3685/5362
f 6167/4075/5698 5876/4079/5700 5600/4078/5701 5882/4077/5699
f 5883/4076/5697 5597/4080/5702 5876/4079/5700 6167/4075/5698
f 5525/3674/5350 5885/4082/5703 6168/4081/5704 5726/3681/5356
f 5726/3681/5356 6168/4081/5704 5884/4083/5705 5524/3676/5351
f 6168/4081/5704 5873/4085/5706 5595/4084/5707 5884/4083/5705
f 5885/4082/5703 5596/4086/5708 5873/4085/5706 6168/4081/5704
f 5528/3671/5345 5887/4088/5709 6169/4087/5710 5733/3670/5346
f 5733/3670/5346 6169/4087/5710 5886/4090/5711 5521/4089/5712
f 6169/4087/5710 5880/4092/5713 5592/4091/5714 5886/4090/5711
f 5887/4088/5709 5599/4093/5715 5880/4092/5713 6169/4087/5710
f 5527/3677/5354 5889/4095/5716 6170/4094/5717 5730/3683/5358
f 5730/3683/5358 6170/4094/5717 5888/4096/5718 5523/3673/5348
f 6170/4094/5717 5877/4098/5719 5594/4097/5720 5888/4096/5718
f 5889/4095/5716 5598/4099/5721 5877/4098/5719 6170/4094/5717
f 5522/3680/5355 5890/4101/5722 6171/4100/5723 5727/3675/5349
f 5727/3675/5349 6171/4100/5723 5885/4082/5703 5525/3674/5350
f 6171/4100/5723 5874/4102/5724 5596/4086/5708 5885/4082/5703
f 5890/4101/5722 5593/4103/5725 5874/4102/5724 6171/4100/5723
f 5541/3685/5362 5882/4077/5699 6172/4104/5726 5756/3684/5359
f 5756/3684/5359 6172/4104/5726 5890/4101/5722 5522/3680/5355
f 6172/4104/5726 5881/4105/5727 5593/4103/5725 5890/4101/5722
f 5882/4077/5699 5600/4078/5701 5881/4105/5727 6172/4104/5726
f 5613/3682/5357 5927/4107/5728 6173/4106/5729 5731/3678/5353
f 5731/3678/5353 6173/4106/5729 5889/4095/5716 5527/3677/5354
f 6173/4106/5729 5878/4108/5730 5598/4099/5721 5889/4095/5716
f 5927/4107/5728 5625/4109/5731 5878/4108/5730 6173/4106/5729
f 5523/3673/5348 5888/4096/5718 6174/4110/5732 5728/3669/5343
f 5728/3669/5343 6174/4110/5732 5883/4076/5697 5526/3668/5344
f 6174/4110/5732 5875/4111/5733 5597/4080/5702 5883/4076/5697
f 5888/4096/5718 5594/4097/5720 5875/4111/5733 6174/4110/5732
f 5524/3676/5351 5884/4083/5705 6175/4112/5734 5732/3672/5347
f 5732/3672/5347 6175/4112/5734 5887/4088/5709 5528/3671/5345
f 6175/4112/5734 5879/4113/5735 5599/4093/5715 5887/4088/5709
f 5884/4083/5705 5595/4084/5707 5879/4113/5735 6175/4112/5734
f 5594/4097/5720 5901/4115/5736 6176/4114/5737 5875/4111/5733
f 5875/4111/5733 6176/4114/5737 5900/4116/5738 5597/4080/5702
f 6176/4114/5737 5893/4118/5739 5606/4117/5740 5900/4116/5738
f 5901/4115/5736 5603/4119/5741 5893/4118/5739 6176/4114/5737
f 5595/4084/5707 5903/4121/5742 6177/4120/5743 5879/4113/5735
f 5879/4113/5735 6177/4120/5743 5902/4122/5744 5599/4093/5715
f 6177/4120/5743 5897/4124/5745 5608/4123/5746 5902/4122/5744
f 5903/4121/5742 5604/4125/5747 5897/4124/5745 6177/4120/5743
f 5597/4080/5702 5900/4116/5738 6178/4126/5748 5876/4079/5700
f 5876/4079/5700 6178/4126/5748 5904/4127/5749 5600/4078/5701
f 6178/4126/5748 5894/4129/5750 5609/4128/5751 5904/4127/5749
f 5900/4116/5738 5606/4117/5740 5894/4129/5750 6178/4126/5748
f 5596/4086/5708 5905/4131/5752 6179/4130/5753 5873/4085/5706
f 5873/4085/5706 6179/4130/5753 5903/4121/5742 5595/4084/5707
f 6179/4130/5753 5891/4132/5754 5604/4125/5747 5903/4121/5742
f 5905/4131/5752 5605/4133/5755 5891/4132/5754 6179/4130/5753
f 5599/4093/5715 5902/4122/5744 6180/4134/5756 5880/4092/5713
f 5880/4092/5713 6180/4134/5756 5906/4135/5757 5592/4091/5714
f 6180/4134/5756 5898/4137/5758 5601/4136/5759 5906/4135/5757
f 5902/4122/5744 5608/4123/5746 5898/4137/5758 6180/4134/5756
f 5598/4099/5721 5907/4139/5760 6181/4138/5761 5877/4098/5719
f 5877/4098/5719 6181/4138/5761 5901/4115/5736 5594/4097/5720
f 6181/4138/5761 5895/4140/5762 5603/4119/5741 5901/4115/5736
f 5907/4139/5760 5607/4141/5763 5895/4140/5762 6181/4138/5761
f 5593/4103/5725 5908/4143/5764 6182/4142/5765 5874/4102/5724
f 5874/4102/5724 6182/4142/5765 5905/4131/5752 5596/4086/5708
f 6182/4142/5765 5892/4144/5766 5605/4133/5755 5905/4131/5752
f 5908/4143/5764 5602/4145/5767 5892/4144/5766 6182/4142/5765
f 5600/4078/5701 5904/4127/5749 6183/4146/5768 5881/4105/5727
f 5881/4105/5727 6183/4146/5768 5908/4143/5764 5593/4103/5725
f 6183/4146/5768 5899/4147/5769 5602/4145/5767 5908/4143/5764
f 5904/4127/5749 5609/4128/5751 5899/4147/5769 6183/4146/5768
f 5625/4109/5731 5926/4149/5770 6184/4148/5771 5878/4108/5730
f 5878/4108/5730 6184/4148/5771 5907/4139/5760 5598/4099/5721
f 6184/4148/5771 5896/4150/5772 5607/4141/5763 5907/4139/5760
f 5926/4149/5770 5626/4151/5773 5896/4150/5772 6184/4148/5771
f 5592/4091/5714 5906/4135/5757 6185/4153/5774 5924/4152/5775
f 5924/4152/5775 6185/4153/5774 5926/4149/5770 5625/4109/5731
f 6185/4153/5774 5925/4154/5776 5626/4151/5773 5926/4149/5770
f 5906/4135/5757 5601/4136/5759 5925/4154/5776 6185/4153/5774
f 5521/4089/5712 5886/4090/5711 6186/4155/5777 5912/3729/5392
f 5912/3729/5392 6186/4155/5777 5927/4107/5728 5613/3682/5357
f 6186/4155/5777 5924/4152/5775 5625/4109/5731 5927/4107/5728
f 5886/4090/5711 5592/4091/5714 5924/4152/5775 6186/4155/5777
f 5576/3986/5619 5840/4157/5778 6187/4156/5779 5863/4067/5690
f 5863/4067/5690 6187/4156/5779 5923/4158/5780 5590/4038/5664
f 6187/4156/5779 5928/4068/5692 5624/4029/5655 5923/4158/5780
f 5840/4157/5778 5620/3996/5629 5928/4068/5692 6187/4156/5779
f 5573/3932/5571 5861/4059/5683 6188/4160/5781 5831/4159/5782
f 5831/4159/5782 6188/4160/5781 5929/4061/5684 5619/3949/5587
f 6188/4160/5781 5866/4161/5783 5623/4047/5671 5929/4061/5684
f 5861/4059/5683 5588/4056/5681 5866/4161/5783 6188/4160/5781
f 5588/4056/5681 5845/4057/5680 6189/4162/5784 5866/4161/5783
f 5866/4161/5783 6189/4162/5784 5930/4050/5672 5623/4047/5671
f 6189/4162/5784 5856/4163/5785 5622/3950/5588 5930/4050/5672
f 5845/4057/5680 5580/3939/5578 5856/4163/5785 6189/4162/5784
f 5590/4038/5664 5923/4158/5780 6190/4164/5786 5848/4037/5663
f 5848/4037/5663 6190/4164/5786 5920/4165/5787 5583/3993/5625
f 6190/4164/5786 5931/4030/5658 5621/3999/5631 5920/4165/5787
f 5923/4158/5780 5624/4029/5655 5931/4030/5658 6190/4164/5786
f 5583/3993/5625 5920/4165/5787 6191/4166/5788 5838/3992/5624
f 5838/3992/5624 6191/4166/5788 5807/4167/5789 5562/3898/5536
f 6191/4166/5788 5932/4000/5634 5617/3884/5522 5807/4167/5789
f 5920/4165/5787 5621/3999/5631 5932/4000/5634 6191/4166/5788
f 5554/3930/5569 5909/4169/5790 6192/4168/5791 5835/3987/5618
f 5835/3987/5618 6192/4168/5791 5840/4157/5778 5576/3986/5619
f 6192/4168/5791 5933/3994/5627 5620/3996/5629 5840/4157/5778
f 5909/4169/5790 5610/3941/5579 5933/3994/5627 6192/4168/5791
f 5580/3939/5578 5829/3940/5577 6193/4170/5792 5856/4163/5785
f 5856/4163/5785 6193/4170/5792 5934/3953/5589 5622/3950/5588
f 6193/4170/5792 5910/3612/5286 5611/3613/5288 5934/3953/5589
f 5829/3940/5577 5506/3611/5287 5910/3612/5286 6193/4170/5792
f 5554/3930/5569 5826/3931/5568 6194/4171/5793 5909/4169/5790
f 5909/4169/5790 6194/4171/5793 5935/3944/5580 5610/3941/5579
f 6194/4171/5793 5831/4159/5782 5619/3949/5587 5935/3944/5580
f 5826/3931/5568 5573/3932/5571 5831/4159/5782 6194/4171/5793
f 5562/3898/5536 5807/4167/5789 6195/4172/5794 5812/3897/5534
f 5812/3897/5534 6195/4172/5794 5808/4173/5795 5563/3896/5535
f 6195/4172/5794 5936/3885/5525 5618/3872/5510 5808/4173/5795
f 5807/4167/5789 5617/3884/5522 5936/3885/5525 6195/4172/5794
f 5564/3907/5545 5913/4175/5796 6196/4174/5797 5813/3906/5543
f 5813/3906/5543 6196/4174/5797 5915/4176/5798 5566/3905/5544
f 6196/4174/5797 5937/3881/5520 5616/3863/5501 5915/4176/5798
f 5913/4175/5796 5614/3876/5515 5937/3881/5520 6196/4174/5797
f 5563/3896/5535 5808/4173/5795 6197/4177/5799 5814/3910/5548
f 5814/3910/5548 6197/4177/5799 5913/4175/5796 5564/3907/5545
f 6197/4177/5799 5938/3873/5513 5614/3876/5515 5913/4175/5796
f 5808/4173/5795 5618/3872/5510 5938/3873/5513 6197/4177/5799
f 5566/3905/5544 5915/4176/5798 6198/4178/5800 5815/3916/5553
f 5815/3916/5553 6198/4178/5800 5914/4179/5801 5565/3915/5554
f 6198/4178/5800 5939/3864/5504 5615/3867/5506 5914/4179/5801
f 5915/4176/5798 5616/3863/5501 5939/3864/5504 6198/4178/5800
f 5911/3606/5283 5513/3609/5285 5521/4089/5712 5912/3729/5392
f 5519/3659/5335 5718/4181/5802 6199/4180/5803 5721/3679/5352
f 5721/3679/5352 6199/4180/5803 5940/3608/5281 5612/3605/5280
f 6199/4180/5803 5703/3957/5594 5611/3613/5288 5940/3608/5281
f 5718/4181/5802 5509/3956/5595 5703/3957/5594 6199/4180/5803
f 5603/4119/5741 5895/4140/5762 6200/4183/5804 5952/4182/5805
f 5627/4184/5806 5952/4182/5805 6200/4183/5804 5941/4185/5807
f 5607/4141/5763 5941/4185/5807 6200/4183/5804 5895/4140/5762
f 5628/4186/5808 5946/4189/5809 6201/4188/5810 5951/4187/5811
f 5951/4187/5811 6201/4188/5810 5945/4190/5812 5627/4184/5806
f 6201/4188/5810 5894/4129/5750 5606/4117/5740 5945/4190/5812
f 5946/4189/5809 5609/4128/5751 5894/4129/5750 6201/4188/5810
f 5629/4191/5813 5947/4194/5814 6202/4193/5815 5950/4192/5816
f 5950/4192/5816 6202/4193/5815 5946/4189/5809 5628/4186/5808
f 6202/4193/5815 5899/4147/5769 5609/4128/5751 5946/4189/5809
f 5947/4194/5814 5602/4145/5767 5899/4147/5769 6202/4193/5815
f 5630/4195/5817 5948/4198/5818 6203/4197/5819 5949/4196/5820
f 5949/4196/5820 6203/4197/5819 5947/4194/5814 5629/4191/5813
f 6203/4197/5819 5892/4144/5766 5602/4145/5767 5947/4194/5814
f 5948/4198/5818 5605/4133/5755 5892/4144/5766 6203/4197/5819
f 5608/4123/5746 5897/4124/5745 6204/4200/5821 5944/4199/5822
f 5630/4195/5817 5944/4199/5822 6204/4200/5821 5953/4201/5823
f 5604/4125/5747 5953/4201/5823 6204/4200/5821 5897/4124/5745
f 5608/4123/5746 5944/4199/5822 6205/4202/5824 5898/4137/5758
f 5898/4137/5758 6205/4202/5824 5943/4203/5825 5601/4136/5759
f 6205/4202/5824 5949/4196/5820 5629/4191/5813 5943/4203/5825
f 5944/4199/5822 5630/4195/5817 5949/4196/5820 6205/4202/5824
f 5601/4136/5759 5943/4203/5825 6206/4204/5826 5925/4154/5776
f 5925/4154/5776 6206/4204/5826 5942/4205/5827 5626/4151/5773
f 6206/4204/5826 5950/4192/5816 5628/4186/5808 5942/4205/5827
f 5943/4203/5825 5629/4191/5813 5950/4192/5816 6206/4204/5826
f 5626/4151/5773 5942/4205/5827 6207/4206/5828 5896/4150/5772
f 5896/4150/5772 6207/4206/5828 5941/4185/5807 5607/4141/5763
f 6207/4206/5828 5951/4187/5811 5627/4184/5806 5941/4185/5807
f 5942/4205/5827 5628/4186/5808 5951/4187/5811 6207/4206/5828
f 5627/4184/5806 5945/4190/5812 6208/4207/5829 5952/4182/5805
f 5603/4119/5741 5952/4182/5805 6208/4207/5829 5893/4118/5739
f 5606/4117/5740 5893/4118/5739 6208/4207/5829 5945/4190/5812
f 5604/4125/5747 5891/4132/5754 6209/4208/5830 5953/4201/5823
f 5630/4195/5817 5953/4201/5823 6209/4208/5830 5948/4198/5818
f 5605/4133/5755 5948/4198/5818 6209/4208/5830 5891/4132/5754
f 5574/3947/5586 5862/4062/5686 6210/4210/5831 5833/4209/5832
f 5833/4209/5832 6210/4210/5831 5967/4064/5687 5638/3966/5601
f 6210/4210/5831 5867/4211/5833 5642/4041/5667 5967/4064/5687
f 5862/4062/5686 5589/4051/5676 5867/4211/5833 6210/4210/5831
f 5589/4051/5676 5846/4052/5675 6211/4212/5834 5867/4211/5833
f 5867/4211/5833 6211/4212/5834 5968/4044/5668 5642/4041/5667
f 6211/4212/5834 5855/4213/5835 5641/3967/5602 5968/4044/5668
f 5846/4052/5675 5581/3954/5593 5855/4213/5835 6211/4212/5834
f 5591/3831/5479 5965/3832/5478 6212/4214/5836 5849/4033/5659
f 5849/4033/5659 6212/4214/5836 5962/4215/5837 5584/4004/5636
f 6212/4214/5836 5969/4024/5654 5640/4010/5640 5962/4215/5837
f 5965/3832/5478 5643/3833/5481 5969/4024/5654 6212/4214/5836
f 5584/4004/5636 5962/4215/5837 6213/4216/5838 5841/4003/5635
f 5841/4003/5635 6213/4216/5838 5799/4217/5839 5558/3889/5527
f 6213/4216/5838 5970/4011/5643 5636/3836/5483 5799/4217/5839
f 5962/4215/5837 5640/4010/5640 5970/4011/5643 6213/4216/5838
f 5555/3945/5584 5790/4219/5840 6214/4218/5841 5839/3998/5630
f 5839/3998/5630 6214/4218/5841 5842/3830/5475 5577/3827/5474
f 6214/4218/5841 5971/4005/5638 5639/3835/5482 5842/3830/5475
f 5790/4219/5840 5631/3958/5596 5971/4005/5638 6214/4218/5841
f 5581/3954/5593 5832/3955/5592 6215/4220/5842 5855/4213/5835
f 5855/4213/5835 6215/4220/5842 5972/3970/5603 5641/3967/5602
f 6215/4220/5842 5954/4221/5843 5632/3975/5607 5972/3970/5603
f 5832/3955/5592 5509/3956/5595 5954/4221/5843 6215/4220/5842
f 5555/3945/5584 5830/3946/5583 6216/4222/5844 5790/4219/5840
f 5790/4219/5840 6216/4222/5844 5973/3961/5597 5631/3958/5596
f 6216/4222/5844 5833/4209/5832 5638/3966/5601 5973/3961/5597
f 5830/3946/5583 5574/3947/5586 5833/4209/5832 6216/4222/5844
f 5560/3871/5509 5957/4224/5845 6217/4223/5846 5803/3870/5507
f 5803/3870/5507 6217/4223/5846 5956/4225/5847 5559/3869/5508
f 6217/4223/5846 5974/3857/5498 5634/3859/5500 5956/4225/5847
f 5957/4224/5845 5635/3849/5494 5974/3857/5498 6217/4223/5846
f 5561/3880/5518 5802/4227/5848 6218/4226/5849 5804/3879/5516
f 5804/3879/5516 6218/4226/5849 5955/4228/5850 5557/3878/5517
f 6218/4226/5849 5975/3854/5496 5633/3845/5489 5955/4228/5850
f 5802/4227/5848 5637/3840/5488 5975/3854/5496 6218/4226/5849
f 5557/3878/5517 5955/4228/5850 6219/4229/5851 5805/3883/5521
f 5805/3883/5521 6219/4229/5851 5957/4224/5845 5560/3871/5509
f 6219/4229/5851 5976/3846/5492 5635/3849/5494 5957/4224/5845
f 5955/4228/5850 5633/3845/5489 5976/3846/5492 6219/4229/5851
f 5558/3889/5527 5799/4217/5839 6220/4230/5852 5806/3888/5526
f 5806/3888/5526 6220/4230/5852 5802/4227/5848 5561/3880/5518
f 6220/4230/5852 5977/3837/5486 5637/3840/5488 5802/4227/5848
f 5799/4217/5839 5636/3836/5483 5977/3837/5486 6220/4230/5852
f 5632/3975/5607 5704/4232/5853 6221/4231/5854 5791/3974/5606
f 5791/3974/5606 6221/4231/5854 5193/4233/5061 4657/3973/4801
f 6221/4231/5854 5720/3701/5371 4667/3702/4530 5193/4233/5061
f 5704/4232/5853 5536/3661/5336 5720/3701/5371 6221/4231/5854
f 5509/3956/5595 5718/4181/5802 6222/4234/5855 5954/4221/5843
f 5954/4221/5843 6222/4234/5855 5704/4232/5853 5632/3975/5607
f 6222/4234/5855 5744/3660/5334 5536/3661/5336 5704/4232/5853
f 5718/4181/5802 5519/3659/5335 5744/3660/5334 6222/4234/5855
f 5687/4235/5856 6079/4238/5857 6223/4237/5858 6065/4236/5859
f 6065/4236/5859 6223/4237/5858 5987/4240/5860 5653/4239/5861
f 6223/4237/5858 5994/4242/5862 5652/4241/5863 5987/4240/5860
f 6079/4238/5857 5686/4243/5864 5994/4242/5862 6223/4237/5858
f 5688/4244/5865 6078/4247/5866 6224/4246/5867 6066/4245/5868
f 6066/4245/5868 6224/4246/5867 5988/4249/5869 5654/4248/5870
f 6224/4246/5867 6065/4236/5859 5653/4239/5861 5988/4249/5869
f 6078/4247/5866 5687/4235/5856 6065/4236/5859 6224/4246/5867
f 5689/4250/5871 6077/4253/5872 6225/4252/5873 6067/4251/5874
f 6067/4251/5874 6225/4252/5873 5989/4255/5875 5655/4254/5876
f 6225/4252/5873 6066/4245/5868 5654/4248/5870 5989/4255/5875
f 6077/4253/5872 5688/4244/5865 6066/4245/5868 6225/4252/5873
f 5690/4256/5877 6076/4259/5878 6226/4258/5879 6068/4257/5880
f 6068/4257/5880 6226/4258/5879 5990/4261/5881 5656/4260/5882
f 6226/4258/5879 6067/4251/5874 5655/4254/5876 5990/4261/5881
f 6076/4259/5878 5689/4250/5871 6067/4251/5874 6226/4258/5879
f 5691/4262/5883 6075/4265/5884 6227/4264/5885 6069/4263/5886
f 6069/4263/5886 6227/4264/5885 5991/4267/5887 5657/4266/5888
f 6227/4264/5885 6068/4257/5880 5656/4260/5882 5991/4267/5887
f 6075/4265/5884 5690/4256/5877 6068/4257/5880 6227/4264/5885
f 5692/4268/5889 6074/4271/5890 6228/4270/5891 6070/4269/5892
f 6070/4269/5892 6228/4270/5891 5992/4273/5893 5658/4272/5894
f 6228/4270/5891 6069/4263/5886 5657/4266/5888 5992/4273/5893
f 6074/4271/5890 5691/4262/5883 6069/4263/5886 6228/4270/5891
f 4882/4274/5102 6073/4277/5895 6229/4276/5896 5218/4275/5103
f 5218/4275/5103 6229/4276/5896 5993/4279/5897 4833/4278/5106
f 6229/4276/5896 6070/4269/5892 5658/4272/5894 5993/4279/5897
f 6073/4277/5895 5692/4268/5889 6070/4269/5892 6229/4276/5896
f 5686/4243/5864 6072/4281/5898 6230/4280/5899 5994/4242/5862
f 5994/4242/5862 6230/4280/5899 5986/4282/5900 5652/4241/5863
f 6230/4280/5899 5296/4284/5112 4834/4283/5111 5986/4282/5900
f 6072/4281/5898 4881/4285/5113 5296/4284/5112 6230/4280/5899
f 5652/4241/5863 5986/4282/5900 6231/4287/5901 6009/4286/5902
f 6009/4286/5902 6231/4287/5901 6001/4289/5903 5659/4288/5904
f 6231/4287/5901 5227/4291/5119 4843/4290/5118 6001/4289/5903
f 5986/4282/5900 4834/4283/5111 5227/4291/5119 6231/4287/5901
f 5653/4239/5861 5987/4240/5860 6232/4293/5905 6010/4292/5906
f 6010/4292/5906 6232/4293/5905 6002/4295/5907 5660/4294/5908
f 6232/4293/5905 6009/4286/5902 5659/4288/5904 6002/4295/5907
f 5987/4240/5860 5652/4241/5863 6009/4286/5902 6232/4293/5905
f 5654/4248/5870 5988/4249/5869 6233/4297/5909 6011/4296/5910
f 6011/4296/5910 6233/4297/5909 6003/4299/5911 5661/4298/5912
f 6233/4297/5909 6010/4292/5906 5660/4294/5908 6003/4299/5911
f 5988/4249/5869 5653/4239/5861 6010/4292/5906 6233/4297/5909
f 5655/4254/5876 5989/4255/5875 6234/4301/5913 6012/4300/5914
f 6012/4300/5914 6234/4301/5913 6004/4303/5915 5662/4302/5916
f 6234/4301/5913 6011/4296/5910 5661/4298/5912 6004/4303/5915
f 5989/4255/5875 5654/4248/5870 6011/4296/5910 6234/4301/5913
f 5656/4260/5882 5990/4261/5881 6235/4305/5917 6013/4304/5918
f 6013/4304/5918 6235/4305/5917 6005/4307/5919 5663/4306/5920
f 6235/4305/5917 6012/4300/5914 5662/4302/5916 6005/4307/5919
f 5990/4261/5881 5655/4254/5876 6012/4300/5914 6235/4305/5917
f 5657/4266/5888 5991/4267/5887 6236/4309/5921 6014/4308/5922
f 6014/4308/5922 6236/4309/5921 6006/4311/5923 5664/4310/5924
f 6236/4309/5921 6013/4304/5918 5663/4306/5920 6006/4311/5923
f 5991/4267/5887 5656/4260/5882 6013/4304/5918 6236/4309/5921
f 5658/4272/5894 5992/4273/5893 6237/4313/5925 6015/4312/5926
f 6015/4312/5926 6237/4313/5925 6007/4315/5927 5665/4314/5928
f 6237/4313/5925 6014/4308/5922 5664/4310/5924 6007/4315/5927
f 5992/4273/5893 5657/4266/5888 6014/4308/5922 6237/4313/5925
f 4833/4278/5106 5993/4279/5897 6238/4317/5929 5235/4316/5144
f 5235/4316/5144 6238/4317/5929 6008/4319/5930 4842/4318/5146
f 6238/4317/5929 6015/4312/5926 5665/4314/5928 6008/4319/5930
f 5993/4279/5897 5658/4272/5894 6015/4312/5926 6238/4317/5929
f 5666/4320/5931 6028/4323/5932 6239/4322/5933 6016/4321/5934
f 6016/4321/5934 6239/4322/5933 6008/4319/5930 5665/4314/5928
f 6239/4322/5933 5237/4324/5152 4842/4318/5146 6008/4319/5930
f 6028/4323/5932 4852/4325/5153 5237/4324/5152 6239/4322/5933
f 5679/4326/5935 6041/4329/5936 6240/4328/5937 6050/4327/5938
f 6050/4327/5938 6240/4328/5937 6040/4331/5939 5678/4330/5940
f 6240/4328/5937 5956/4225/5847 5634/3859/5500 6040/4331/5939
f 6041/4329/5936 5559/3869/5508 5956/4225/5847 6240/4328/5937
f 5680/4332/5941 6042/4335/5942 6241/4334/5943 6049/4333/5944
f 6049/4333/5944 6241/4334/5943 6041/4329/5936 5679/4326/5935
f 6241/4334/5943 5800/3868/5505 5559/3869/5508 6041/4329/5936
f 6042/4335/5942 5615/3867/5506 5800/3868/5505 6241/4334/5943
f 5681/4336/5945 6043/4339/5946 6242/4338/5947 6048/4337/5948
f 6048/4337/5948 6242/4338/5947 6042/4335/5942 5680/4332/5941
f 6242/4338/5947 5914/4179/5801 5615/3867/5506 6042/4335/5942
f 6043/4339/5946 5565/3915/5554 5914/4179/5801 6242/4338/5947
f 4688/3738/4566 5734/3739/5402 6243/4341/5949 5242/4340/5168
f 5242/4340/5168 6243/4341/5949 6001/4289/5903 4843/4290/5118
f 6243/4341/5949 6020/4342/5950 5659/4288/5904 6001/4289/5903
f 5734/3739/5402 5530/3732/5395 6020/4342/5950 6243/4341/5949
f 5662/4302/5916 6019/4344/5951 6244/4343/5952 6005/4307/5919
f 6005/4307/5919 6244/4343/5952 6018/4345/5953 5663/4306/5920
f 6244/4343/5952 6025/4347/5954 5668/4346/5955 6018/4345/5953
f 6019/4344/5951 5669/4348/5956 6025/4347/5954 6244/4343/5952
f 5663/4306/5920 6018/4345/5953 6245/4349/5957 6006/4311/5923
f 6006/4311/5923 6245/4349/5957 6017/4350/5958 5664/4310/5924
f 6245/4349/5957 6026/4352/5959 5667/4351/5960 6017/4350/5958
f 6018/4345/5953 5668/4346/5955 6026/4352/5959 6245/4349/5957
f 5664/4310/5924 6017/4350/5958 6246/4353/5961 6007/4315/5927
f 6007/4315/5927 6246/4353/5961 6016/4321/5934 5665/4314/5928
f 6246/4353/5961 6027/4354/5962 5666/4320/5931 6016/4321/5934
f 6017/4350/5958 5667/4351/5960 6027/4354/5962 6246/4353/5961
f 5678/4330/5940 6047/4357/5963 6247/4356/5964 6021/4355/5965
f 6021/4355/5965 6247/4356/5964 6028/4323/5932 5666/4320/5931
f 6247/4356/5964 5244/4358/5186 4852/4325/5153 6028/4323/5932
f 6047/4357/5963 4866/4359/5187 5244/4358/5186 6247/4356/5964
f 5674/3763/5420 5770/4362/5966 6248/4361/5967 6046/4360/5968
f 6046/4360/5968 6248/4361/5967 6044/4364/5969 5682/4363/5970
f 6248/4361/5967 5819/3919/5557 5570/3913/5552 6044/4364/5969
f 5770/4362/5966 5502/3633/5309 5819/3919/5557 6248/4361/5967
f 5662/4302/5916 6004/4303/5915 6249/4365/5971 6019/4344/5951
f 6019/4344/5951 6249/4365/5971 6029/4366/5972 5669/4348/5956
f 6249/4365/5971 6032/4368/5973 5670/4367/5974 6029/4366/5972
f 6004/4303/5915 5661/4298/5912 6032/4368/5973 6249/4365/5971
f 5682/4363/5970 6045/4371/5975 6250/4370/5976 6031/4369/5977
f 6031/4369/5977 6250/4370/5976 6029/4366/5972 5670/4367/5974
f 6250/4370/5976 6024/4372/5978 5669/4348/5956 6029/4366/5972
f 6045/4371/5975 5681/4336/5945 6024/4372/5978 6250/4370/5976
f 5570/3913/5552 5810/3914/5551 6251/4373/5979 6044/4364/5969
f 6044/4364/5969 6251/4373/5979 6045/4371/5975 5682/4363/5970
f 6251/4373/5979 6043/4339/5946 5681/4336/5945 6045/4371/5975
f 5810/3914/5551 5565/3915/5554 6043/4339/5946 6251/4373/5979
f 5529/3736/5400 6036/3766/5421 6252/4375/5980 6030/4374/5981
f 6030/4374/5981 6252/4375/5980 6031/4369/5977 5670/4367/5974
f 6252/4375/5980 6046/4360/5968 5682/4363/5970 6031/4369/5977
f 6036/3766/5421 5674/3763/5420 6046/4360/5968 6252/4375/5980
f 5634/3859/5500 5794/3860/5499 6253/4376/5982 6040/4331/5939
f 6040/4331/5939 6253/4376/5982 6047/4357/5963 5678/4330/5940
f 6253/4376/5982 5265/4377/5205 4866/4359/5187 6047/4357/5963
f 5794/3860/5499 4730/3861/4689 5265/4377/5205 6253/4376/5982
f 5669/4348/5956 6024/4372/5978 6254/4378/5983 6025/4347/5954
f 6025/4347/5954 6254/4378/5983 6023/4379/5984 5668/4346/5955
f 6254/4378/5983 6048/4337/5948 5680/4332/5941 6023/4379/5984
f 6024/4372/5978 5681/4336/5945 6048/4337/5948 6254/4378/5983
f 5668/4346/5955 6023/4379/5984 6255/4380/5985 6026/4352/5959
f 6026/4352/5959 6255/4380/5985 6022/4381/5986 5667/4351/5960
f 6255/4380/5985 6049/4333/5944 5679/4326/5935 6022/4381/5986
f 6023/4379/5984 5680/4332/5941 6049/4333/5944 6255/4380/5985
f 5667/4351/5960 6022/4381/5986 6256/4382/5987 6027/4354/5962
f 6027/4354/5962 6256/4382/5987 6021/4355/5965 5666/4320/5931
f 6256/4382/5987 6050/4327/5938 5678/4330/5940 6021/4355/5965
f 6022/4381/5986 5679/4326/5935 6050/4327/5938 6256/4382/5987
f 4718/3800/4628 4992/4384/5212 6257/4383/5988 5783/3799/5450
f 5783/3799/5450 6257/4383/5988 5789/4385/5989 5553/3798/5451
f 6257/4383/5988 6051/3824/5473 5677/3819/5468 5789/4385/5989
f 4992/4384/5212 4864/3823/4651 6051/3824/5473 6257/4383/5988
f 5553/3798/5451 5789/4385/5989 6258/4386/5990 5782/3816/5464
f 5782/3816/5464 6258/4386/5990 5784/4387/5991 5551/3815/5465
f 6258/4386/5990 6052/3820/5471 5676/3812/5461 5784/4387/5991
f 5789/4385/5989 5677/3819/5468 6052/3820/5471 6258/4386/5990
f 5547/3791/5445 5788/3814/5463 6259/4389/5992 5775/4388/5993
f 5775/4388/5993 6259/4389/5992 6053/3808/5456 5675/3788/5441
f 6259/4389/5992 5784/4387/5991 5676/3812/5461 6053/3808/5456
f 5788/3814/5463 5551/3815/5465 5784/4387/5991 6259/4389/5992
f 5543/3769/5427 5779/3790/5443 6260/4391/5994 5768/4390/5995
f 5768/4390/5995 6260/4391/5994 6054/3784/5436 5673/3728/5391
f 6260/4391/5994 5775/4388/5993 5675/3788/5441 6054/3784/5436
f 5779/3790/5443 5547/3791/5445 5775/4388/5993 6260/4391/5994
f 5502/3633/5309 5770/4362/5966 6261/4392/5996 5693/3631/5307
f 5693/3631/5307 6261/4392/5996 5738/4393/5997 5507/3627/5303
f 6261/4392/5996 6055/3764/5423 5671/3752/5411 5738/4393/5997
f 5770/4362/5966 5674/3763/5420 6055/3764/5423 6261/4392/5996
f 5507/3627/5303 5738/4393/5997 6262/4394/5998 5701/3624/5301
f 5701/3624/5301 6262/4394/5998 5753/3722/5387 5504/3623/5298
f 6262/4394/5998 6056/3753/5414 5672/3721/5384 5753/3722/5387
f 5738/4393/5997 5671/3752/5411 6056/3753/5414 6262/4394/5998
f 5531/3715/5378 5760/3768/5425 6263/4395/5999 6034/3756/5415
f 6034/3756/5415 6263/4395/5999 6057/3724/5385 5672/3721/5384
f 6263/4395/5999 5768/4390/5995 5673/3728/5391 6057/3724/5385
f 5760/3768/5425 5543/3769/5427 5768/4390/5995 6263/4395/5999
f 5660/4294/5908 6059/4397/6000 6264/4396/6001 6003/4299/5911
f 6003/4299/5911 6264/4396/6001 6032/4368/5973 5661/4298/5912
f 6264/4396/6001 6058/4398/6002 5670/4367/5974 6032/4368/5973
f 6059/4397/6000 5683/4399/6003 6058/4398/6002 6264/4396/6001
f 5530/3732/5395 5735/3733/5398 6265/4401/6004 6060/4400/6005
f 6060/4400/6005 6265/4401/6004 6058/4398/6002 5683/4399/6003
f 6265/4401/6004 6030/4374/5981 5670/4367/5974 6058/4398/6002
f 5735/3733/5398 5529/3736/5400 6030/4374/5981 6265/4401/6004
f 5660/4294/5908 6002/4295/5907 6266/4402/6006 6059/4397/6000
f 6059/4397/6000 6266/4402/6006 6060/4400/6005 5683/4399/6003
f 6266/4402/6006 6020/4342/5950 5530/3732/5395 6060/4400/6005
f 6002/4295/5907 5659/4288/5904 6020/4342/5950 6266/4402/6006
f 4825/4403/5231 5978/4406/6007 6267/4405/6008 6063/4404/6009
f 6063/4404/6009 6267/4405/6008 6061/4408/6010 5684/4407/6011
f 6267/4405/6008 6062/4410/6012 5685/4409/6013 6061/4408/6010
f 5978/4406/6007 5645/4411/6014 6062/4410/6012 6267/4405/6008
f 5645/4411/6014 5978/4406/6007 6268/4413/6015 6064/4412/6016
f 6064/4412/6016 6268/4413/6015 6072/4281/5898 5686/4243/5864
f 6268/4413/6015 5217/4414/5242 4881/4285/5113 6072/4281/5898
f 5978/4406/6007 4825/4403/5231 5217/4414/5242 6268/4413/6015
f 5644/4415/6017 5985/4418/6018 6269/4417/6019 6071/4416/6020
f 6071/4416/6020 6269/4417/6019 6073/4277/5895 4882/4274/5102
f 6269/4417/6019 6000/4419/6021 5692/4268/5889 6073/4277/5895
f 5985/4418/6018 5651/4420/6022 6000/4419/6021 6269/4417/6019
f 5651/4420/6022 5984/4422/6023 6270/4421/6024 6000/4419/6021
f 6000/4419/6021 6270/4421/6024 6074/4271/5890 5692/4268/5889
f 6270/4421/6024 5999/4423/6025 5691/4262/5883 6074/4271/5890
f 5984/4422/6023 5650/4424/6026 5999/4423/6025 6270/4421/6024
f 5650/4424/6026 5983/4426/6027 6271/4425/6028 5999/4423/6025
f 5999/4423/6025 6271/4425/6028 6075/4265/5884 5691/4262/5883
f 6271/4425/6028 5998/4427/6029 5690/4256/5877 6075/4265/5884
f 5983/4426/6027 5649/4428/6030 5998/4427/6029 6271/4425/6028
f 5649/4428/6030 5982/4430/6031 6272/4429/6032 5998/4427/6029
f 5998/4427/6029 6272/4429/6032 6076/4259/5878 5690/4256/5877
f 6272/4429/6032 5997/4431/6033 5689/4250/5871 6076/4259/5878
f 5982/4430/6031 5648/4432/6034 5997/4431/6033 6272/4429/6032
f 5648/4432/6034 5981/4434/6035 6273/4433/6036 5997/4431/6033
f 5997/4431/6033 6273/4433/6036 6077/4253/5872 5689/4250/5871
f 6273/4433/6036 5996/4435/6037 5688/4244/5865 6077/4253/5872
f 5981/4434/6035 5647/4436/6038 5996/4435/6037 6273/4433/6036
f 5647/4436/6038 5980/4438/6039 6274/4437/6040 5996/4435/6037
f 5996/4435/6037 6274/4437/6040 6078/4247/5866 5688/4244/5865
f 6274/4437/6040 5995/4439/6041 5687/4235/5856 6078/4247/5866
f 5980/4438/6039 5646/4440/6042 5995/4439/6041 6274/4437/6040
f 5646/4440/6042 5979/4442/6043 6275/4441/6044 5995/4439/6041
f 5995/4439/6041 6275/4441/6044 6079/4238/5857 5687/4235/5856
f 6275/4441/6044 6064/4412/6016 5686/4243/5864 6079/4238/5857
f 5979/4442/6043 5645/4411/6014 6064/4412/6016 6275/4441/6044
f 5513/3609/5285 5724/3662/5338 5733/3670/5346 5521/4089/5712
f 6294/4443/6045 6302/4444/6046 6303/4445/6047 6293/4446/6048
f 6293/4446/6048 6303/4445/6047 6304/4447/6049 6292/4448/6050
f 6292/4448/6050 6304/4447/6049 6305/4449/6051 6291/4450/6052
f 6279/4451/6053 6317/4452/6054 6318/4453/6055 6278/4454/6056
f 6278/4454/6056 6318/4453/6055 6319/4455/6057 6277/4456/6058
f 6277/4456/6058 6319/4455/6057 6298/4457/6059 6276/4458/6060
f 6284/4459/6061 6312/4460/6062 6313/4461/6063 6283/4462/6064
f 6291/4450/6052 6305/4449/6051 6306/4463/6065 6290/4464/6066
f 6280/4465/6067 6316/4466/6068 6317/4452/6054 6279/4451/6053
f 6276/4458/6060 6298/4457/6059 6299/4467/6069 6297/4468/6070
f 6283/4462/6064 6313/4461/6063 6314/4469/6071 6282/4470/6072
f 6295/4471/6073 6301/4472/6074 6302/4444/6046 6294/4443/6045
f 6290/4464/6066 6306/4463/6065 6307/4473/6075 6289/4474/6076
f 6297/4468/6070 6299/4467/6069 6300/4475/6077 6296/4476/6078
f 6282/4470/6072 6314/4469/6071 6315/4477/6079 6281/4478/6080
f 6289/4474/6076 6307/4473/6075 6308/4479/6081 6288/4480/6082
f 6296/4476/6078 6300/4475/6077 6301/4472/6074 6295/4471/6073
f 6281/4478/6080 6315/4477/6079 6316/4466/6068 6280/4465/6067
f 6288/4480/6082 6308/4479/6081 6309/4481/6083 6287/4482/6084
f 6287/4482/6084 6309/4481/6083 6310/4483/6085 6286/4484/6086
f 6286/4484/6086 6310/4483/6085 6311/4485/6087 6285/4486/6088
f 6285/4486/6088 6311/4485/6087 6312/4460/6062 6284/4459/6061
f 6318/4453/6055 6340/4487/6089 6341/4488/6090 6319/4455/6057
f 6311/4485/6087 6333/4489/6091 6334/4490/6092 6312/4460/6062
f 6304/4447/6049 6326/4491/6093 6327/4492/6094 6305/4449/6051
f 6319/4455/6057 6341/4488/6090 6320/4493/6095 6298/4457/6059
f 6312/4460/6062 6334/4490/6092 6335/4494/6096 6313/4461/6063
f 6305/4449/6051 6327/4492/6094 6328/4495/6097 6306/4463/6065
f 6313/4461/6063 6335/4494/6096 6336/4496/6098 6314/4469/6071
f 6306/4463/6065 6328/4495/6097 6329/4497/6099 6307/4473/6075
f 6299/4467/6069 6321/4498/6100 6322/4499/6101 6300/4475/6077
f 6314/4469/6071 6336/4496/6098 6337/4500/6102 6315/4477/6079
f 6307/4473/6075 6329/4497/6099 6330/4501/6103 6308/4479/6081
f 6300/4475/6077 6322/4499/6101 6323/4502/6104 6301/4472/6074
f 6315/4477/6079 6337/4500/6102 6338/4503/6105 6316/4466/6068
f 6308/4479/6081 6330/4501/6103 6331/4504/6106 6309/4481/6083
f 6301/4472/6074 6323/4502/6104 6324/4505/6107 6302/4444/6046
f 6316/4466/6068 6338/4503/6105 6339/4506/6108 6317/4452/6054
f 6309/4481/6083 6331/4504/6106 6332/4507/6109 6310/4483/6085
f 6302/4444/6046 6324/4505/6107 6325/4508/6110 6303/4445/6047
f 6317/4452/6054 6339/4506/6108 6340/4487/6089 6318/4453/6055
f 6310/4483/6085 6332/4507/6109 6333/4489/6091 6311/4485/6087
f 6298/4457/6059 6320/4493/6095 6321/4498/6100 6299/4467/6069
f 6303/4445/6047 6325/4508/6110 6326/4491/6093 6304/4447/6049
f 6336/4496/6098 6358/4509/6111 6359/4510/6112 6337/4500/6102
f 6321/4498/6100 6343/4511/6113 6344/4512/6114 6322/4499/6101
f 6328/4495/6097 6350/4513/6115 6351/4514/6116 6329/4497/6099
f 6335/4494/6096 6357/4515/6117 6358/4509/6111 6336/4496/6098
f 6320/4493/6095 6342/4516/6118 6343/4511/6113 6321/4498/6100
f 6327/4492/6094 6349/4517/6119 6350/4513/6115 6328/4495/6097
f 6341/4488/6090 6363/4518/6120 6342/4516/6118 6320/4493/6095
f 6334/4490/6092 6356/4519/6121 6357/4515/6117 6335/4494/6096
f 6326/4491/6093 6348/4520/6122 6349/4517/6119 6327/4492/6094
f 6333/4489/6091 6355/4521/6123 6356/4519/6121 6334/4490/6092
f 6340/4487/6089 6362/4522/6124 6363/4518/6120 6341/4488/6090
f 6325/4508/6110 6347/4523/6125 6348/4520/6122 6326/4491/6093
f 6332/4507/6109 6354/4524/6126 6355/4521/6123 6333/4489/6091
f 6339/4506/6108 6361/4525/6127 6362/4522/6124 6340/4487/6089
f 6324/4505/6107 6346/4526/6128 6347/4523/6125 6325/4508/6110
f 6331/4504/6106 6353/4527/6129 6354/4524/6126 6332/4507/6109
f 6338/4503/6105 6360/4528/6130 6361/4525/6127 6339/4506/6108
f 6323/4502/6104 6345/4529/6131 6346/4526/6128 6324/4505/6107
f 6330/4501/6103 6352/4530/6132 6353/4527/6129 6331/4504/6106
f 6337/4500/6102 6359/4510/6112 6360/4528/6130 6338/4503/6105
f 6322/4499/6101 6344/4512/6114 6345/4529/6131 6323/4502/6104
f 6329/4497/6099 6351/4514/6116 6352/4530/6132 6330/4501/6103
f 6350/4513/6115 6372/4531/6133 6373/4532/6134 6351/4514/6116
f 6357/4515/6117 6379/4533/6135 6380/4534/6136 6358/4509/6111
f 6342/4516/6118 6364/4535/6137 6365/4536/6138 6343/4511/6113
f 6349/4517/6119 6371/4537/6139 6372/4531/6133 6350/4513/6115
f 6356/4519/6121 6378/4538/6140 6379/4533/6135 6357/4515/6117
f 6363/4518/6120 6385/4539/6141 6364/4535/6137 6342/4516/6118
f 6348/4520/6122 6370/4540/6142 6371/4537/6139 6349/4517/6119
f 6355/4521/6123 6377/4541/6143 6378/4538/6140 6356/4519/6121
f 6362/4522/6124 6384/4542/6144 6385/4539/6141 6363/4518/6120
f 6347/4523/6125 6369/4543/6145 6370/4540/6142 6348/4520/6122
f 6354/4524/6126 6376/4544/6146 6377/4541/6143 6355/4521/6123
f 6361/4525/6127 6383/4545/6147 6384/4542/6144 6362/4522/6124
f 6346/4526/6128 6368/4546/6148 6369/4543/6145 6347/4523/6125
f 6353/4527/6129 6375/4547/6149 6376/4544/6146 6354/4524/6126
f 6360/4528/6130 6382/4548/6150 6383/4545/6147 6361/4525/6127
f 6345/4529/6131 6367/4549/6151 6368/4546/6148 6346/4526/6128
f 6352/4530/6132 6374/4550/6152 6375/4547/6149 6353/4527/6129
f 6359/4510/6112 6381/4551/6153 6382/4548/6150 6360/4528/6130
f 6344/4512/6114 6366/4552/6154 6367/4549/6151 6345/4529/6131
f 6351/4514/6116 6373/4532/6134 6374/4550/6152 6352/4530/6132
f 6358/4509/6111 6380/4534/6136 6381/4551/6153 6359/4510/6112
f 6343/4511/6113 6365/4536/6138 6366/4552/6154 6344/4512/6114
f 6379/4533/6135 6386/4553/6155 6380/4534/6136
f 6364/4535/6137 6386/4553/6155 6365/4536/6138
f 6371/4537/6139 6386/4553/6155 6372/4531/6133
f 6378/4538/6140 6386/4553/6155 6379/4533/6135
f 6385/4539/6141 6386/4553/6155 6364/4535/6137
f 6370/4540/6142 6386/4553/6155 6371/4537/6139
f 6377/4541/6143 6386/4553/6155 6378/4538/6140
f 6384/4542/6144 6386/4553/6155 6385/4539/6141
f 6369/4543/6145 6386/4553/6155 6370/4540/6142
f 6376/4544/6146 6386/4553/6155 6377/4541/6143
f 6383/4545/6147 6386/4553/6155 6384/4542/6144
f 6368/4546/6148 6386/4553/6155 6369/4543/6145
f 6375/4547/6149 6386/4553/6155 6376/4544/6146
f 6382/4548/6150 6386/4553/6155 6383/4545/6147
f 6367/4549/6151 6386/4553/6155 6368/4546/6148
f 6374/4550/6152 6386/4553/6155 6375/4547/6149
f 6381/4551/6153 6386/4553/6155 6382/4548/6150
f 6366/4552/6154 6386/4553/6155 6367/4549/6151
f 6373/4532/6134 6386/4553/6155 6374/4550/6152
f 6380/4534/6136 6386/4553/6155 6381/4551/6153
f 6365/4536/6138 6386/4553/6155 6366/4552/6154
f 6372/4531/6133 6386/4553/6155 6373/4532/6134
f 6405/4443/6156 6404/4446/6157 6414/4445/6158 6413/4444/6159
f 6404/4446/6157 6403/4448/6160 6415/4447/6161 6414/4445/6158
f 6403/4448/6160 6402/4450/6162 6416/4449/6163 6415/4447/6161
f 6390/4451/6164 6389/4454/6165 6429/4453/6166 6428/4452/6167
f 6389/4454/6165 6388/4456/6168 6430/4455/6169 6429/4453/6166
f 6388/4456/6168 6387/4458/6170 6409/4457/6171 6430/4455/6169
f 6395/4459/6172 6394/4462/6173 6424/4461/6174 6423/4460/6175
f 6402/4450/6162 6401/4464/6176 6417/4463/6177 6416/4449/6163
f 6391/4465/6178 6390/4451/6164 6428/4452/6167 6427/4466/6179
f 6387/4458/6170 6408/4468/6180 6410/4467/6181 6409/4457/6171
f 6394/4462/6173 6393/4470/6182 6425/4469/6183 6424/4461/6174
f 6406/4471/6184 6405/4443/6156 6413/4444/6159 6412/4472/6185
f 6401/4464/6176 6400/4474/6186 6418/4473/6187 6417/4463/6177
f 6408/4468/6180 6407/4476/6188 6411/4475/6189 6410/4467/6181
f 6393/4470/6182 6392/4478/6190 6426/4477/6191 6425/4469/6183
f 6400/4474/6186 6399/4480/6192 6419/4479/6193 6418/4473/6187
f 6407/4476/6188 6406/4471/6184 6412/4472/6185 6411/4475/6189
f 6392/4478/6190 6391/4465/6178 6427/4466/6179 6426/4477/6191
f 6399/4480/6192 6398/4482/6194 6420/4481/6195 6419/4479/6193
f 6398/4482/6194 6397/4484/6196 6421/4483/6197 6420/4481/6195
f 6397/4484/6196 6396/4486/6198 6422/4485/6199 6421/4483/6197
f 6396/4486/6198 6395/4459/6172 6423/4460/6175 6422/4485/6199
f 6429/4453/6166 6430/4455/6169 6452/4488/6200 6451/4487/6201
f 6422/4485/6199 6423/4460/6175 6445/4490/6202 6444/4489/6203
f 6415/4447/6161 6416/4449/6163 6438/4492/6204 6437/4491/6205
f 6430/4455/6169 6409/4457/6171 6431/4493/6206 6452/4488/6200
f 6423/4460/6175 6424/4461/6174 6446/4494/6207 6445/4490/6202
f 6416/4449/6163 6417/4463/6177 6439/4495/6208 6438/4492/6204
f 6424/4461/6174 6425/4469/6183 6447/4496/6209 6446/4494/6207
f 6417/4463/6177 6418/4473/6187 6440/4497/6210 6439/4495/6208
f 6410/4467/6181 6411/4475/6189 6433/4499/6211 6432/4498/6212
f 6425/4469/6183 6426/4477/6191 6448/4500/6213 6447/4496/6209
f 6418/4473/6187 6419/4479/6193 6441/4501/6214 6440/4497/6210
f 6411/4475/6189 6412/4472/6185 6434/4502/6215 6433/4499/6211
f 6426/4477/6191 6427/4466/6179 6449/4503/6216 6448/4500/6213
f 6419/4479/6193 6420/4481/6195 6442/4504/6217 6441/4501/6214
f 6412/4472/6185 6413/4444/6159 6435/4505/6218 6434/4502/6215
f 6427/4466/6179 6428/4452/6167 6450/4506/6219 6449/4503/6216
f 6420/4481/6195 6421/4483/6197 6443/4507/6220 6442/4504/6217
f 6413/4444/6159 6414/4445/6158 6436/4508/6221 6435/4505/6218
f 6428/4452/6167 6429/4453/6166 6451/4487/6201 6450/4506/6219
f 6421/4483/6197 6422/4485/6199 6444/4489/6203 6443/4507/6220
f 6409/4457/6171 6410/4467/6181 6432/4498/6212 6431/4493/6206
f 6414/4445/6158 6415/4447/6161 6437/4491/6205 6436/4508/6221
f 6447/4496/6209 6448/4500/6213 6470/4510/6222 6469/4509/6223
f 6432/4498/6212 6433/4499/6211 6455/4512/6224 6454/4511/6225
f 6439/4495/6208 6440/4497/6210 6462/4514/6226 6461/4513/6227
f 6446/4494/6207 6447/4496/6209 6469/4509/6223 6468/4515/6228
f 6431/4493/6206 6432/4498/6212 6454/4511/6225 6453/4516/6229
f 6438/4492/6204 6439/4495/6208 6461/4513/6227 6460/4517/6230
f 6452/4488/6200 6431/4493/6206 6453/4516/6229 6474/4518/6231
f 6445/4490/6202 6446/4494/6207 6468/4515/6228 6467/4519/6232
f 6437/4491/6205 6438/4492/6204 6460/4517/6230 6459/4520/6233
f 6444/4489/6203 6445/4490/6202 6467/4519/6232 6466/4521/6234
f 6451/4487/6201 6452/4488/6200 6474/4518/6231 6473/4522/6235
f 6436/4508/6221 6437/4491/6205 6459/4520/6233 6458/4523/6236
f 6443/4507/6220 6444/4489/6203 6466/4521/6234 6465/4524/6237
f 6450/4506/6219 6451/4487/6201 6473/4522/6235 6472/4525/6238
f 6435/4505/6218 6436/4508/6221 6458/4523/6236 6457/4526/6239
f 6442/4504/6217 6443/4507/6220 6465/4524/6237 6464/4527/6240
f 6449/4503/6216 6450/4506/6219 6472/4525/6238 6471/4528/6241
f 6434/4502/6215 6435/4505/6218 6457/4526/6239 6456/4529/6242
f 6441/4501/6214 6442/4504/6217 6464/4527/6240 6463/4530/6243
f 6448/4500/6213 6449/4503/6216 6471/4528/6241 6470/4510/6222
f 6433/4499/6211 6434/4502/6215 6456/4529/6242 6455/4512/6224
f 6440/4497/6210 6441/4501/6214 6463/4530/6243 6462/4514/6226
f 6461/4513/6227 6462/4514/6226 6484/4532/6244 6483/4531/6245
f 6468/4515/6228 6469/4509/6223 6491/4534/6246 6490/4533/6247
f 6453/4516/6229 6454/4511/6225 6476/4536/6248 6475/4535/6249
f 6460/4517/6230 6461/4513/6227 6483/4531/6245 6482/4537/6250
f 6467/4519/6232 6468/4515/6228 6490/4533/6247 6489/4538/6251
f 6474/4518/6231 6453/4516/6229 6475/4535/6249 6496/4539/6252
f 6459/4520/6233 6460/4517/6230 6482/4537/6250 6481/4540/6253
f 6466/4521/6234 6467/4519/6232 6489/4538/6251 6488/4541/6254
f 6473/4522/6235 6474/4518/6231 6496/4539/6252 6495/4542/6255
f 6458/4523/6236 6459/4520/6233 6481/4540/6253 6480/4543/6256
f 6465/4524/6237 6466/4521/6234 6488/4541/6254 6487/4544/6257
f 6472/4525/6238 6473/4522/6235 6495/4542/6255 6494/4545/6258
f 6457/4526/6239 6458/4523/6236 6480/4543/6256 6479/4546/6259
f 6464/4527/6240 6465/4524/6237 6487/4544/6257 6486/4547/6260
f 6471/4528/6241 6472/4525/6238 6494/4545/6258 6493/4548/6261
f 6456/4529/6242 6457/4526/6239 6479/4546/6259 6478/4549/6262
f 6463/4530/6243 6464/4527/6240 6486/4547/6260 6485/4550/6263
f 6470/4510/6222 6471/4528/6241 6493/4548/6261 6492/4551/6264
f 6455/4512/6224 6456/4529/6242 6478/4549/6262 6477/4552/6265
f 6462/4514/6226 6463/4530/6243 6485/4550/6263 6484/4532/6244
f 6469/4509/6223 6470/4510/6222 6492/4551/6264 6491/4534/6246
f 6454/4511/6225 6455/4512/6224 6477/4552/6265 6476/4536/6248
f 6490/4533/6247 6491/4534/6246 6497/4553/6266
f 6475/4535/6249 6476/4536/6248 6497/4553/6266
f 6482/4537/6250 6483/4531/6245 6497/4553/6266
f 6489/4538/6251 6490/4533/6247 6497/4553/6266
f 6496/4539/6252 6475/4535/6249 6497/4553/6266
f 6481/4540/6253 6482/4537/6250 6497/4553/6266
f 6488/4541/6254 6489/4538/6251 6497/4553/6266
f 6495/4542/6255 6496/4539/6252 6497/4553/6266
f 6480/4543/6256 6481/4540/6253 6497/4553/6266
f 6487/4544/6257 6488/4541/6254 6497/4553/6266
f 6494/4545/6258 6495/4542/6255 6497/4553/6266
f 6479/4546/6259 6480/4543/6256 6497/4553/6266
f 6486/4547/6260 6487/4544/6257 6497/4553/6266
f 6493/4548/6261 6494/4545/6258 6497/4553/6266
f 6478/4549/6262 6479/4546/6259 6497/4553/6266
f 6485/4550/6263 6486/4547/6260 6497/4553/6266
f 6492/4551/6264 6493/4548/6261 6497/4553/6266
f 6477/4552/6265 6478/4549/6262 6497/4553/6266
f 6484/4532/6244 6485/4550/6263 6497/4553/6266
f 6491/4534/6246 6492/4551/6264 6497/4553/6266
f 6476/4536/6248 6477/4552/6265 6497/4553/6266
f 6483/4531/6245 6484/4532/6244 6497/4553/6266
s 0
f 6499/4554/6267 6517/4555/6267 6534/4556/6267 6518/4557/6267
f 6517/4555/6268 6502/4558/6268 6519/4559/6268 6534/4556/6268
f 6534/4556/6269 6519/4559/6269 6504/4560/6269 6521/4561/6269
f 6518/4557/6270 6534/4556/6270 6521/4561/6270 6503/4562/6270
f 6502/4558/6271 6516/4563/6271 6535/4564/6271 6519/4559/6271
f 6516/4563/6272 6498/4565/6272 6514/4566/6272 6535/4564/6272
f 6535/4564/6273 6514/4566/6273 6500/4567/6273 6520/4568/6273
f 6519/4559/6274 6535/4564/6274 6520/4568/6274 6504/4560/6274
f 6501/4569/6275 6515/4570/6275 6536/4571/6275 6522/4572/6275
f 6515/4570/6276 6499/4554/6276 6518/4557/6276 6536/4571/6276
f 6536/4571/6277 6518/4557/6277 6503/4562/6277 6523/4573/6277
f 6522/4572/6278 6536/4571/6278 6523/4573/6278 6505/4574/6278
f 6507/4554/6279 6528/4557/6279 6537/4575/6279 6527/4555/6279
f 6528/4557/6280 6511/4562/6280 6531/4561/6280 6537/4575/6280
f 6537/4575/6281 6531/4561/6281 6512/4560/6281 6529/4576/6281
f 6527/4555/6282 6537/4575/6282 6529/4576/6282 6510/4558/6282
f 6510/4558/6283 6529/4576/6283 6538/4564/6283 6526/4563/6283
f 6529/4576/6284 6512/4560/6284 6530/4568/6284 6538/4564/6284
f 6538/4564/6285 6530/4568/6285 6508/4567/6285 6524/4566/6285
f 6526/4563/6286 6538/4564/6286 6524/4566/6286 6506/4565/6286
f 6509/4569/6287 6532/4572/6287 6539/4571/6287 6525/4570/6287
f 6532/4572/6288 6513/4574/6288 6533/4573/6288 6539/4571/6288
f 6539/4571/6289 6533/4573/6289 6511/4562/6289 6528/4557/6289
f 6525/4570/6290 6539/4571/6290 6528/4557/6290 6507/4554/6290
l 2647 2646
l 2648 2647
l 2649 2648
o BézierCircle
v -0.102375 0.000000 1.549572
v -0.095102 0.000000 1.513415
v -0.072384 0.000000 1.483973
v -0.039234 0.000000 1.462662
v 0.000000 0.000000 1.456793
v 0.039234 0.000000 1.462662
v 0.072384 0.000000 1.483973
v 0.095102 0.000000 1.513415
v 0.102375 0.000000 1.549572
v 0.095102 0.000000 1.585730
v 0.072384 0.000000 1.615172
v 0.039234 0.000000 1.636483
v 0.000000 0.000000 1.642352
v -0.039234 0.000000 1.636483
v -0.072384 0.000000 1.615172
v -0.095102 0.000000 1.585730
l 6540 6541
l 6541 6542
l 6542 6543
l 6543 6544
l 6544 6545
l 6545 6546
l 6546 6547
l 6547 6548
l 6548 6549
l 6549 6550
l 6550 6551
l 6551 6552
l 6552 6553
l 6553 6554
l 6554 6555
l 6555 6540
o BézierCircle.001
v -0.137652 0.000000 1.764957
v -0.124777 0.000000 1.741334
v -0.097326 0.000000 1.726758
v -0.050162 0.000000 1.712438
v 0.000000 0.000000 1.710930
v 0.050162 0.000000 1.712438
v 0.097326 0.000000 1.726758
v 0.124777 0.000000 1.741334
v 0.137652 0.000000 1.764957
v 0.124777 0.000000 1.788580
v 0.097326 0.000000 1.803156
v 0.050162 0.000000 1.817476
v 0.000000 0.000000 1.818983
v -0.050162 0.000000 1.817476
v -0.097326 0.000000 1.803156
v -0.124777 0.000000 1.788580
l 6556 6557
l 6557 6558
l 6558 6559
l 6559 6560
l 6560 6561
l 6561 6562
l 6562 6563
l 6563 6564
l 6564 6565
l 6565 6566
l 6566 6567
l 6567 6568
l 6568 6569
l 6569 6570
l 6570 6571
l 6571 6556
o BézierCircle.002
v -0.149021 0.000000 2.000776
v -0.141632 0.000000 1.950852
v -0.101131 0.000000 1.906971
v -0.066106 0.000000 1.874609
v -0.022781 0.000000 1.861350
v 0.029665 0.000000 1.877382
v 0.073468 0.000000 1.915650
v 0.117021 0.000000 1.953711
v 0.129494 0.000000 1.999691
v 0.076728 0.000000 2.042388
v -0.004339 0.000000 2.046367
v -0.090304 0.000000 2.044391
l 6572 6573
l 6573 6574
l 6574 6575
l 6575 6576
l 6576 6577
l 6577 6578
l 6578 6579
l 6579 6580
l 6580 6581
l 6581 6582
l 6582 6583
l 6583 6572
o teststrand.001
v 0.112158 2.922309 0.096435
v 0.110397 2.906634 0.090755
v 0.113386 2.894320 0.076107
v 0.120541 2.879488 0.050180
v 0.130737 2.871805 0.021631
v 0.141501 2.865901 -0.007131
v 0.154052 2.867958 -0.035090
v 0.162533 2.872837 -0.051805
v 0.169674 2.885025 -0.060835
v 0.171434 2.900701 -0.055155
v 0.168446 2.913014 -0.040507
v 0.161290 2.927846 -0.014580
v 0.151094 2.935529 0.013969
v 0.140330 2.941433 0.042732
v 0.127779 2.939376 0.070690
v 0.119298 2.934497 0.087405
v 0.176653 2.900578 0.119060
v 0.172341 2.885782 0.112491
v 0.172019 2.874602 0.096696
v 0.174124 2.861496 0.069022
v 0.179765 2.855366 0.038903
v 0.186153 2.850951 0.008633
v 0.195358 2.854141 -0.020473
v 0.202262 2.859550 -0.037725
v 0.209662 2.871640 -0.046656
v 0.213974 2.886436 -0.040087
v 0.214296 2.897615 -0.024292
v 0.212190 2.910722 0.003382
v 0.206550 2.916852 0.033501
v 0.200161 2.921267 0.063771
v 0.190957 2.918076 0.092877
v 0.184052 2.912667 0.110129
v 0.227965 2.875522 0.128415
v 0.221264 2.861969 0.121400
v 0.217900 2.852320 0.105081
v 0.215392 2.841509 0.076634
v 0.216912 2.837391 0.045855
v 0.219353 2.834893 0.014962
v 0.225585 2.839484 -0.014576
v 0.231117 2.845512 -0.032005
v 0.238834 2.857367 -0.040820
v 0.245535 2.870920 -0.033805
v 0.248900 2.880569 -0.017486
v 0.251408 2.891380 0.010961
v 0.249888 2.895499 0.041740
v 0.247447 2.897996 0.072633
v 0.241215 2.893406 0.102171
v 0.235683 2.887377 0.119600
v 0.265845 2.851576 0.129500
v 0.257613 2.839219 0.122456
v 0.252405 2.830877 0.106218
v 0.247154 2.821938 0.077951
v 0.246301 2.819334 0.047419
v 0.246488 2.818247 0.016784
v 0.251112 2.823715 -0.012460
v 0.255956 2.830037 -0.029693
v 0.264017 2.841446 -0.038349
v 0.272249 2.853803 -0.031305
v 0.277457 2.862146 -0.015066
v 0.282708 2.871084 0.013201
v 0.283561 2.873688 0.043733
v 0.283375 2.874775 0.074368
v 0.278750 2.869308 0.103611
v 0.273906 2.862985 0.120845
v 0.294573 2.830215 0.127369
v 0.285363 2.819080 0.120505
v 0.279130 2.811827 0.104691
v 0.272437 2.804307 0.077165
v 0.270458 2.802630 0.047436
v 0.269608 2.802342 0.017608
v 0.273640 2.808016 -0.010862
v 0.278324 2.814193 -0.027639
v 0.286808 2.824825 -0.036061
v 0.296018 2.835961 -0.029198
v 0.302251 2.843213 -0.013383
v 0.308943 2.850734 0.014143
v 0.310923 2.852411 0.043872
v 0.311773 2.852698 0.073700
v 0.307741 2.847025 0.102170
v 0.303056 2.840847 0.118947
v 0.318765 2.808214 0.123066
v 0.308547 2.798756 0.116537
v 0.301316 2.792916 0.101397
v 0.293252 2.787176 0.075019
v 0.290255 2.786563 0.046497
v 0.288484 2.787157 0.017872
v 0.292065 2.792881 -0.009481
v 0.296687 2.798710 -0.025613
v 0.305681 2.808164 -0.033752
v 0.315898 2.817623 -0.027222
v 0.323129 2.823462 -0.012082
v 0.331193 2.829203 0.014296
v 0.334190 2.829816 0.042818
v 0.335961 2.829221 0.071442
v 0.332380 2.823498 0.098795
v 0.327758 2.817668 0.114928
v 0.339383 2.783740 0.116542
v 0.328261 2.776428 0.110511
v 0.320172 2.772323 0.096275
v 0.310955 2.768712 0.071402
v 0.307142 2.769275 0.044419
v 0.304645 2.770806 0.017321
v 0.307929 2.776385 -0.008655
v 0.312564 2.781635 -0.024014
v 0.322066 2.789484 -0.031864
v 0.333187 2.796796 -0.025834
v 0.341276 2.800901 -0.011597
v 0.350493 2.804512 0.013276
v 0.354306 2.803949 0.040258
v 0.356804 2.802418 0.067357
v 0.353520 2.796839 0.093333
v 0.348884 2.791589 0.108692
v 0.356266 2.755113 0.107978
v 0.344636 2.750293 0.102574
v 0.336178 2.747924 0.089409
v 0.326541 2.746223 0.066296
v 0.322555 2.747445 0.041083
v 0.319946 2.749333 0.015732
v 0.323382 2.753959 -0.008697
v 0.328232 2.758030 -0.023202
v 0.338169 2.763648 -0.030777
v 0.349800 2.768467 -0.025373
v 0.358258 2.770837 -0.012208
v 0.367895 2.772538 0.010905
v 0.371881 2.771316 0.036118
v 0.374490 2.769428 0.061469
v 0.371053 2.764802 0.085898
v 0.366204 2.760731 0.100403
v 0.370155 2.713538 0.097255
v 0.358894 2.710919 0.092515
v 0.350795 2.709806 0.080619
v 0.341646 2.709232 0.059643
v 0.338015 2.710336 0.036647
v 0.335724 2.711816 0.013500
v 0.339305 2.714819 -0.008909
v 0.344164 2.717346 -0.022264
v 0.353905 2.720628 -0.029368
v 0.365166 2.723247 -0.024629
v 0.373265 2.724360 -0.012733
v 0.382414 2.724934 0.008243
v 0.386045 2.723830 0.031239
v 0.388336 2.722350 0.054386
v 0.384755 2.719347 0.076795
v 0.379896 2.716820 0.090150
v 0.382147 2.646688 0.083876
v 0.372189 2.645443 0.079850
v 0.365076 2.644976 0.069591
v 0.357086 2.644827 0.051464
v 0.354001 2.645507 0.031543
v 0.352105 2.646372 0.011481
v 0.355413 2.647972 -0.007986
v 0.359800 2.649285 -0.019608
v 0.368480 2.650926 -0.025844
v 0.378438 2.652171 -0.021818
v 0.385551 2.652638 -0.011559
v 0.393541 2.652786 0.006567
v 0.396626 2.652107 0.026489
v 0.398522 2.651242 0.046551
v 0.395214 2.649642 0.066017
v 0.390827 2.648329 0.077639
v 0.384307 2.631895 0.073459
v 0.376153 2.630876 0.070162
v 0.370328 2.630493 0.061761
v 0.363785 2.630372 0.046917
v 0.361258 2.630929 0.030604
v 0.359706 2.631636 0.014175
v 0.362415 2.632947 -0.001767
v 0.366008 2.634022 -0.011284
v 0.373115 2.635366 -0.016391
v 0.381270 2.636385 -0.013094
v 0.387095 2.636768 -0.004693
v 0.393638 2.636889 0.010151
v 0.396164 2.636333 0.026464
v 0.397717 2.635625 0.042893
v 0.395008 2.634314 0.058835
v 0.391415 2.633239 0.068352
v 0.383520 2.623268 0.057160
v 0.378270 2.622612 0.055037
v 0.374519 2.622365 0.049628
v 0.370306 2.622287 0.040070
v 0.368680 2.622646 0.029566
v 0.367680 2.623101 0.018988
v 0.369424 2.623945 0.008724
v 0.371738 2.624638 0.002596
v 0.376314 2.625503 -0.000692
v 0.381565 2.626159 0.001431
v 0.385315 2.626406 0.006840
v 0.389528 2.626484 0.016397
v 0.391155 2.626125 0.026901
v 0.392154 2.625669 0.037479
v 0.390410 2.624825 0.047743
v 0.388097 2.624133 0.053871
v 0.379766 2.621309 0.027327
vn -0.2592 0.2118 0.9423
vn -0.4326 -0.5112 0.7426
vn -0.4230 -0.7848 0.4530
vn -0.3866 -0.8870 0.2525
vn -0.3466 -0.9331 0.0957
vn -0.2998 -0.9525 -0.0541
vn -0.2183 -0.9379 -0.2697
vn -0.0587 -0.8033 -0.5926
vn 0.2730 -0.1845 -0.9442
vn 0.4359 0.5370 -0.7222
vn 0.4224 0.7906 -0.4434
vn 0.3844 0.8916 -0.2393
vn 0.3469 0.9333 -0.0926
vn 0.2979 0.9523 0.0655
vn 0.2185 0.9359 0.2763
vn 0.0590 0.7986 0.5990
vn -0.1831 0.1822 0.9661
vn -0.4132 -0.5185 0.7486
vn -0.4395 -0.7782 0.4487
vn -0.4229 -0.8729 0.2433
vn -0.3964 -0.9144 0.0825
vn -0.3609 -0.9299 -0.0704
vn -0.2928 -0.9109 -0.2906
vn -0.1448 -0.7717 -0.6193
vn 0.2052 -0.1544 -0.9665
vn 0.4249 0.5427 -0.7245
vn 0.4440 0.7820 -0.4375
vn 0.4252 0.8759 -0.2283
vn 0.3996 0.9133 -0.0786
vn 0.3619 0.9285 0.0830
vn 0.2953 0.9078 0.2979
vn 0.1485 0.7656 0.6259
vn -0.0442 0.1120 0.9927
vn -0.3794 -0.5379 0.7528
vn -0.4703 -0.7645 0.4409
vn -0.4885 -0.8422 0.2280
vn -0.4854 -0.8720 0.0635
vn -0.4684 -0.8784 -0.0946
vn -0.4220 -0.8487 -0.3187
vn -0.2914 -0.7001 -0.6519
vn 0.0910 -0.1039 -0.9904
vn 0.4139 0.5429 -0.7307
vn 0.4904 0.7577 -0.4305
vn 0.5043 0.8364 -0.2149
vn 0.4987 0.8647 -0.0597
vn 0.4811 0.8704 0.1050
vn 0.4367 0.8389 0.3250
vn 0.3132 0.6856 0.6571
vn 0.0516 0.0447 0.9977
vn -0.3611 -0.5566 0.7482
vn -0.4957 -0.7515 0.4353
vn -0.5362 -0.8150 0.2196
vn -0.5466 -0.8355 0.0565
vn -0.5383 -0.8362 -0.1049
vn -0.5006 -0.8009 -0.3286
vn -0.3713 -0.6505 -0.6626
vn 0.0410 -0.0844 -0.9956
vn 0.4296 0.5224 -0.7366
vn 0.5407 0.7229 -0.4302
vn 0.5733 0.7910 -0.2138
vn 0.5796 0.8130 -0.0547
vn 0.5744 0.8113 0.1090
vn 0.5439 0.7711 0.3311
vn 0.4346 0.6093 0.6632
vn 0.1166 -0.0066 0.9932
vn -0.3597 -0.5614 0.7453
vn -0.5266 -0.7315 0.4331
vn -0.5807 -0.7844 0.2178
vn -0.5982 -0.7994 0.0549
vn -0.5922 -0.7986 -0.1070
vn -0.5545 -0.7637 -0.3306
vn -0.4141 -0.6213 -0.6652
vn 0.0396 -0.0868 -0.9954
vn 0.4719 0.4842 -0.7368
vn 0.6005 0.6733 -0.4314
vn 0.6425 0.7355 -0.2150
vn 0.6546 0.7539 -0.0557
vn 0.6557 0.7473 0.1075
vn 0.6317 0.7018 0.3293
vn 0.5265 0.5366 0.6594
vn 0.1703 -0.0637 0.9833
vn -0.3774 -0.5531 0.7428
vn -0.5778 -0.6918 0.4332
vn -0.6455 -0.7316 0.2192
vn -0.6702 -0.7400 0.0565
vn -0.6672 -0.7374 -0.1050
vn -0.6299 -0.7036 -0.3290
vn -0.4779 -0.5747 -0.6643
vn 0.0290 -0.0879 -0.9957
vn 0.5190 0.4302 -0.7386
vn 0.6700 0.6007 -0.4361
vn 0.7231 0.6547 -0.2200
vn 0.7411 0.6686 -0.0616
vn 0.7471 0.6569 0.1011
vn 0.7269 0.6067 0.3219
vn 0.6191 0.4417 0.6493
vn 0.2070 -0.1266 0.9701
vn -0.4170 -0.5248 0.7421
vn -0.6492 -0.6219 0.4380
vn -0.7304 -0.6445 0.2262
vn -0.7625 -0.6437 0.0650
vn -0.7646 -0.6373 -0.0963
vn -0.7304 -0.6032 -0.3205
vn -0.5703 -0.4903 -0.6590
vn -0.0041 -0.0722 -0.9974
vn 0.5588 0.3637 -0.7453
vn 0.7398 0.5029 -0.4470
vn 0.8066 0.5434 -0.2325
vn 0.8315 0.5505 -0.0750
vn 0.8416 0.5331 0.0863
vn 0.8226 0.4790 0.3063
vn 0.7064 0.3201 0.6313
vn 0.2141 -0.1679 0.9623
vn -0.4848 -0.4459 0.7525
vn -0.7409 -0.4950 0.4540
vn -0.8315 -0.4996 0.2430
vn -0.8675 -0.4904 0.0836
vn -0.8730 -0.4813 -0.0793
vn -0.8387 -0.4516 -0.3044
vn -0.6663 -0.3656 -0.6499
vn -0.0375 -0.0542 -0.9978
vn 0.5972 0.2632 -0.7577
vn 0.8078 0.3625 -0.4648
vn 0.8862 0.3883 -0.2528
vn 0.9161 0.3895 -0.0951
vn 0.9270 0.3695 0.0643
vn 0.9042 0.3181 0.2849
vn 0.7720 0.1825 0.6088
vn 0.1839 -0.1736 0.9675
vn -0.5542 -0.3274 0.7653
vn -0.8145 -0.3383 0.4713
vn -0.9066 -0.3317 0.2610
vn -0.9417 -0.3203 0.1028
vn -0.9478 -0.3132 -0.0604
vn -0.9118 -0.2949 -0.2858
vn -0.7332 -0.2468 -0.6336
vn -0.0695 -0.0606 -0.9957
vn 0.6207 0.1423 -0.7710
vn 0.8520 0.2085 -0.4801
vn 0.9364 0.2245 -0.2699
vn 0.9682 0.2240 -0.1117
vn 0.9773 0.2064 0.0473
vn 0.9487 0.1658 0.2694
vn 0.7983 0.0642 0.5988
vn 0.1692 -0.3479 0.9221
vn -0.5295 -0.4201 0.7370
vn -0.7967 -0.3883 0.4632
vn -0.8943 -0.3642 0.2601
vn -0.9316 -0.3490 0.1020
vn -0.9326 -0.3552 -0.0636
vn -0.8860 -0.3663 -0.2842
vn -0.6916 -0.3768 -0.6162
vn -0.0631 -0.2839 -0.9568
vn 0.6163 -0.1080 -0.7800
vn 0.8685 0.0047 -0.4957
vn 0.9568 0.0469 -0.2870
vn 0.9906 0.0622 -0.1217
vn 0.9983 0.0386 0.0430
vn 0.9641 -0.0158 0.2651
vn 0.7905 -0.1485 0.5942
vn 0.2026 -0.6954 0.6894
vn -0.3887 -0.7224 0.5718
vn -0.6549 -0.6480 0.3889
vn -0.7726 -0.5942 0.2236
vn -0.8220 -0.5637 0.0808
vn -0.8054 -0.5886 -0.0704
vn -0.7270 -0.6347 -0.2620
vn -0.5118 -0.6975 -0.5015
vn 0.0265 -0.6624 -0.7487
vn 0.5884 -0.4911 -0.6423
vn 0.8206 -0.3504 -0.4514
vn 0.9221 -0.2720 -0.2753
vn 0.9624 -0.2391 -0.1289
vn 0.9607 -0.2768 0.0221
vn 0.9078 -0.3615 0.2128
vn 0.7294 -0.5135 0.4521
vn 0.1799 -0.9325 0.3132
vn -0.1729 -0.9467 0.2719
vn -0.3280 -0.9247 0.1934
vn -0.4326 -0.8956 0.1034
vn -0.4654 -0.8848 0.0241
vn -0.4548 -0.8885 -0.0604
vn -0.3740 -0.9105 -0.1766
vn -0.2408 -0.9260 -0.2908
vn 0.0898 -0.9062 -0.4133
vn 0.4270 -0.8271 -0.3656
vn 0.5669 -0.7735 -0.2834
vn 0.6579 -0.7288 -0.1899
vn 0.6831 -0.7216 -0.1126
vn 0.6764 -0.7359 -0.0314
vn 0.6120 -0.7871 0.0767
vn 0.4976 -0.8469 0.1877
vn 0.1350 -0.9892 -0.0579
vt 0.525460 0.970200
vt 0.525671 0.959988
vt 0.528124 0.959830
vt 0.527964 0.970122
vt 0.522914 0.969977
vt 0.523210 0.960070
vt 0.519946 0.969545
vt 0.520352 0.960059
vt 0.515249 0.968633
vt 0.515773 0.959867
vt 0.510521 0.967631
vt 0.511070 0.959560
vt 0.505882 0.966689
vt 0.506307 0.959272
vt 0.501385 0.966088
vt 0.501551 0.959150
vt 0.498576 0.965978
vt 0.498491 0.959222
vt 0.496124 0.966162
vt 0.495825 0.959406
vt 0.493649 0.966692
vt 0.493166 0.959639
vt 0.490720 0.967417
vt 0.490139 0.959915
vt 0.485952 0.968525
vt 0.485413 0.960255
vt 0.481015 0.969403
vt 0.480682 0.960401
vt 0.476100 0.969994
vt 0.476016 0.960326
vt 0.471380 0.970200
vt 0.471489 0.960043
vt 0.468499 0.970131
vt 0.468649 0.959772
vt 0.525230 0.952193
vt 0.527661 0.951914
vt 0.522808 0.952435
vt 0.520004 0.952663
vt 0.515519 0.952950
vt 0.510891 0.953200
vt 0.506188 0.953476
vt 0.501486 0.953799
vt 0.498480 0.954011
vt 0.495858 0.954151
vt 0.493261 0.954165
vt 0.490301 0.954075
vt 0.485690 0.953791
vt 0.481083 0.953338
vt 0.476545 0.952760
vt 0.472122 0.952114
vt 0.469328 0.951701
vt 0.524542 0.946267
vt 0.526929 0.945888
vt 0.522151 0.946576
vt 0.519389 0.946894
vt 0.514988 0.947395
vt 0.510458 0.947913
vt 0.505894 0.948463
vt 0.501357 0.948987
vt 0.498484 0.949286
vt 0.495997 0.949414
vt 0.493541 0.949316
vt 0.490714 0.949039
vt 0.486276 0.948435
vt 0.481807 0.947657
vt 0.477382 0.946793
vt 0.473057 0.945925
vt 0.470319 0.945423
vt 0.523866 0.941542
vt 0.526173 0.941062
vt 0.521537 0.941884
vt 0.518839 0.942218
vt 0.514546 0.942781
vt 0.510136 0.943379
vt 0.505682 0.944004
vt 0.501288 0.944577
vt 0.498525 0.944890
vt 0.496141 0.945014
vt 0.493779 0.944844
vt 0.491068 0.944475
vt 0.486800 0.943723
vt 0.482499 0.942795
vt 0.478237 0.941806
vt 0.474059 0.940830
vt 0.471406 0.940273
vt 0.523057 0.937213
vt 0.525239 0.936613
vt 0.520828 0.937628
vt 0.518236 0.938028
vt 0.514105 0.938717
vt 0.509854 0.939440
vt 0.505548 0.940152
vt 0.501295 0.940747
vt 0.498616 0.941045
vt 0.496305 0.941120
vt 0.494028 0.940848
vt 0.491432 0.940349
vt 0.487365 0.939404
vt 0.483279 0.938295
vt 0.479234 0.937148
vt 0.475263 0.936038
vt 0.472736 0.935395
vt 0.522002 0.932949
vt 0.524030 0.932243
vt 0.519905 0.933458
vt 0.517457 0.933966
vt 0.513549 0.934837
vt 0.509517 0.935717
vt 0.505415 0.936518
vt 0.501347 0.937109
vt 0.498777 0.937346
vt 0.496559 0.937328
vt 0.494391 0.936940
vt 0.491940 0.936294
vt 0.488125 0.935125
vt 0.484310 0.933811
vt 0.480542 0.932482
vt 0.476835 0.931209
vt 0.474472 0.930461
vt 0.520644 0.928449
vt 0.522514 0.927678
vt 0.518703 0.929047
vt 0.516428 0.929663
vt 0.512802 0.930668
vt 0.509071 0.931621
vt 0.505254 0.932403
vt 0.501457 0.932871
vt 0.499061 0.932970
vt 0.497009 0.932829
vt 0.495011 0.932345
vt 0.492759 0.931593
vt 0.489263 0.930262
vt 0.485781 0.928807
vt 0.482348 0.927359
vt 0.478950 0.925987
vt 0.476780 0.925159
vt 0.518573 0.922339
vt 0.520251 0.921548
vt 0.516845 0.922966
vt 0.514827 0.923606
vt 0.511650 0.924587
vt 0.508430 0.925486
vt 0.505149 0.926224
vt 0.501839 0.926616
vt 0.499724 0.926639
vt 0.497901 0.926427
vt 0.496116 0.925928
vt 0.494133 0.925137
vt 0.491104 0.923706
vt 0.488140 0.922139
vt 0.485180 0.920619
vt 0.482203 0.919155
vt 0.480299 0.918221
vt 0.514530 0.912522
vt 0.515777 0.911538
vt 0.513176 0.913204
vt 0.511568 0.913781
vt 0.509059 0.914602
vt 0.506591 0.915385
vt 0.504304 0.916360
vt 0.502075 0.917150
vt 0.500649 0.917433
vt 0.499415 0.917378
vt 0.498268 0.916834
vt 0.497031 0.915948
vt 0.495168 0.914293
vt 0.493218 0.912548
vt 0.490952 0.910961
vt 0.488527 0.909484
vt 0.486912 0.908592
vt 0.512474 0.910328
vt 0.512724 0.909042
vt 0.500778 0.915209
vt 0.501855 0.914721
vt 0.489804 0.906948
vt 0.491198 0.907823
vt 0.496772 0.912328
vt 0.497997 0.913853
vt 0.505358 0.912859
vt 0.507578 0.912196
vt 0.499732 0.915291
vt 0.495355 0.910746
vt 0.511370 0.911073
vt 0.503540 0.913811
vt 0.498806 0.914756
vt 0.493359 0.909267
vt 0.509895 0.911521
vt 0.501731 0.912608
vt 0.502818 0.911853
vt 0.494216 0.907287
vt 0.495910 0.908626
vt 0.501002 0.913074
vt 0.509438 0.909057
vt 0.509029 0.908263
vt 0.493172 0.906324
vt 0.500183 0.913156
vt 0.508793 0.909735
vt 0.499483 0.912722
vt 0.507579 0.910182
vt 0.499027 0.911996
vt 0.505699 0.910725
vt 0.498331 0.910873
vt 0.503982 0.911142
vt 0.497484 0.909757
vt 0.501360 0.909244
s 1
usemtl Base
f 6584/4577/6291 6600/4578/6307 6615/4579/6322 6599/4580/6306
f 6585/4581/6292 6601/4582/6308 6600/4578/6307 6584/4577/6291
f 6586/4583/6293 6602/4584/6309 6601/4582/6308 6585/4581/6292
f 6587/4585/6294 6603/4586/6310 6602/4584/6309 6586/4583/6293
f 6588/4587/6295 6604/4588/6311 6603/4586/6310 6587/4585/6294
f 6589/4589/6296 6605/4590/6312 6604/4588/6311 6588/4587/6295
f 6590/4591/6297 6606/4592/6313 6605/4590/6312 6589/4589/6296
f 6591/4593/6298 6607/4594/6314 6606/4592/6313 6590/4591/6297
f 6592/4595/6299 6608/4596/6315 6607/4594/6314 6591/4593/6298
f 6593/4597/6300 6609/4598/6316 6608/4596/6315 6592/4595/6299
f 6594/4599/6301 6610/4600/6317 6609/4598/6316 6593/4597/6300
f 6595/4601/6302 6611/4602/6318 6610/4600/6317 6594/4599/6301
f 6596/4603/6303 6612/4604/6319 6611/4602/6318 6595/4601/6302
f 6597/4605/6304 6613/4606/6320 6612/4604/6319 6596/4603/6303
f 6598/4607/6305 6614/4608/6321 6613/4606/6320 6597/4605/6304
f 6599/4609/6306 6615/4610/6322 6614/4608/6321 6598/4607/6305
f 6600/4578/6307 6616/4611/6323 6631/4612/6338 6615/4579/6322
f 6601/4582/6308 6617/4613/6324 6616/4611/6323 6600/4578/6307
f 6602/4584/6309 6618/4614/6325 6617/4613/6324 6601/4582/6308
f 6603/4586/6310 6619/4615/6326 6618/4614/6325 6602/4584/6309
f 6604/4588/6311 6620/4616/6327 6619/4615/6326 6603/4586/6310
f 6605/4590/6312 6621/4617/6328 6620/4616/6327 6604/4588/6311
f 6606/4592/6313 6622/4618/6329 6621/4617/6328 6605/4590/6312
f 6607/4594/6314 6623/4619/6330 6622/4618/6329 6606/4592/6313
f 6608/4596/6315 6624/4620/6331 6623/4619/6330 6607/4594/6314
f 6609/4598/6316 6625/4621/6332 6624/4620/6331 6608/4596/6315
f 6610/4600/6317 6626/4622/6333 6625/4621/6332 6609/4598/6316
f 6611/4602/6318 6627/4623/6334 6626/4622/6333 6610/4600/6317
f 6612/4604/6319 6628/4624/6335 6627/4623/6334 6611/4602/6318
f 6613/4606/6320 6629/4625/6336 6628/4624/6335 6612/4604/6319
f 6614/4608/6321 6630/4626/6337 6629/4625/6336 6613/4606/6320
f 6615/4610/6322 6631/4627/6338 6630/4626/6337 6614/4608/6321
f 6616/4611/6323 6632/4628/6339 6647/4629/6354 6631/4612/6338
f 6617/4613/6324 6633/4630/6340 6632/4628/6339 6616/4611/6323
f 6618/4614/6325 6634/4631/6341 6633/4630/6340 6617/4613/6324
f 6619/4615/6326 6635/4632/6342 6634/4631/6341 6618/4614/6325
f 6620/4616/6327 6636/4633/6343 6635/4632/6342 6619/4615/6326
f 6621/4617/6328 6637/4634/6344 6636/4633/6343 6620/4616/6327
f 6622/4618/6329 6638/4635/6345 6637/4634/6344 6621/4617/6328
f 6623/4619/6330 6639/4636/6346 6638/4635/6345 6622/4618/6329
f 6624/4620/6331 6640/4637/6347 6639/4636/6346 6623/4619/6330
f 6625/4621/6332 6641/4638/6348 6640/4637/6347 6624/4620/6331
f 6626/4622/6333 6642/4639/6349 6641/4638/6348 6625/4621/6332
f 6627/4623/6334 6643/4640/6350 6642/4639/6349 6626/4622/6333
f 6628/4624/6335 6644/4641/6351 6643/4640/6350 6627/4623/6334
f 6629/4625/6336 6645/4642/6352 6644/4641/6351 6628/4624/6335
f 6630/4626/6337 6646/4643/6353 6645/4642/6352 6629/4625/6336
f 6631/4627/6338 6647/4644/6354 6646/4643/6353 6630/4626/6337
f 6632/4628/6339 6648/4645/6355 6663/4646/6370 6647/4629/6354
f 6633/4630/6340 6649/4647/6356 6648/4645/6355 6632/4628/6339
f 6634/4631/6341 6650/4648/6357 6649/4647/6356 6633/4630/6340
f 6635/4632/6342 6651/4649/6358 6650/4648/6357 6634/4631/6341
f 6636/4633/6343 6652/4650/6359 6651/4649/6358 6635/4632/6342
f 6637/4634/6344 6653/4651/6360 6652/4650/6359 6636/4633/6343
f 6638/4635/6345 6654/4652/6361 6653/4651/6360 6637/4634/6344
f 6639/4636/6346 6655/4653/6362 6654/4652/6361 6638/4635/6345
f 6640/4637/6347 6656/4654/6363 6655/4653/6362 6639/4636/6346
f 6641/4638/6348 6657/4655/6364 6656/4654/6363 6640/4637/6347
f 6642/4639/6349 6658/4656/6365 6657/4655/6364 6641/4638/6348
f 6643/4640/6350 6659/4657/6366 6658/4656/6365 6642/4639/6349
f 6644/4641/6351 6660/4658/6367 6659/4657/6366 6643/4640/6350
f 6645/4642/6352 6661/4659/6368 6660/4658/6367 6644/4641/6351
f 6646/4643/6353 6662/4660/6369 6661/4659/6368 6645/4642/6352
f 6647/4644/6354 6663/4661/6370 6662/4660/6369 6646/4643/6353
f 6648/4645/6355 6664/4662/6371 6679/4663/6386 6663/4646/6370
f 6649/4647/6356 6665/4664/6372 6664/4662/6371 6648/4645/6355
f 6650/4648/6357 6666/4665/6373 6665/4664/6372 6649/4647/6356
f 6651/4649/6358 6667/4666/6374 6666/4665/6373 6650/4648/6357
f 6652/4650/6359 6668/4667/6375 6667/4666/6374 6651/4649/6358
f 6653/4651/6360 6669/4668/6376 6668/4667/6375 6652/4650/6359
f 6654/4652/6361 6670/4669/6377 6669/4668/6376 6653/4651/6360
f 6655/4653/6362 6671/4670/6378 6670/4669/6377 6654/4652/6361
f 6656/4654/6363 6672/4671/6379 6671/4670/6378 6655/4653/6362
f 6657/4655/6364 6673/4672/6380 6672/4671/6379 6656/4654/6363
f 6658/4656/6365 6674/4673/6381 6673/4672/6380 6657/4655/6364
f 6659/4657/6366 6675/4674/6382 6674/4673/6381 6658/4656/6365
f 6660/4658/6367 6676/4675/6383 6675/4674/6382 6659/4657/6366
f 6661/4659/6368 6677/4676/6384 6676/4675/6383 6660/4658/6367
f 6662/4660/6369 6678/4677/6385 6677/4676/6384 6661/4659/6368
f 6663/4661/6370 6679/4678/6386 6678/4677/6385 6662/4660/6369
f 6664/4662/6371 6680/4679/6387 6695/4680/6402 6679/4663/6386
f 6665/4664/6372 6681/4681/6388 6680/4679/6387 6664/4662/6371
f 6666/4665/6373 6682/4682/6389 6681/4681/6388 6665/4664/6372
f 6667/4666/6374 6683/4683/6390 6682/4682/6389 6666/4665/6373
f 6668/4667/6375 6684/4684/6391 6683/4683/6390 6667/4666/6374
f 6669/4668/6376 6685/4685/6392 6684/4684/6391 6668/4667/6375
f 6670/4669/6377 6686/4686/6393 6685/4685/6392 6669/4668/6376
f 6671/4670/6378 6687/4687/6394 6686/4686/6393 6670/4669/6377
f 6672/4671/6379 6688/4688/6395 6687/4687/6394 6671/4670/6378
f 6673/4672/6380 6689/4689/6396 6688/4688/6395 6672/4671/6379
f 6674/4673/6381 6690/4690/6397 6689/4689/6396 6673/4672/6380
f 6675/4674/6382 6691/4691/6398 6690/4690/6397 6674/4673/6381
f 6676/4675/6383 6692/4692/6399 6691/4691/6398 6675/4674/6382
f 6677/4676/6384 6693/4693/6400 6692/4692/6399 6676/4675/6383
f 6678/4677/6385 6694/4694/6401 6693/4693/6400 6677/4676/6384
f 6679/4678/6386 6695/4695/6402 6694/4694/6401 6678/4677/6385
f 6680/4679/6387 6696/4696/6403 6711/4697/6418 6695/4680/6402
f 6681/4681/6388 6697/4698/6404 6696/4696/6403 6680/4679/6387
f 6682/4682/6389 6698/4699/6405 6697/4698/6404 6681/4681/6388
f 6683/4683/6390 6699/4700/6406 6698/4699/6405 6682/4682/6389
f 6684/4684/6391 6700/4701/6407 6699/4700/6406 6683/4683/6390
f 6685/4685/6392 6701/4702/6408 6700/4701/6407 6684/4684/6391
f 6686/4686/6393 6702/4703/6409 6701/4702/6408 6685/4685/6392
f 6687/4687/6394 6703/4704/6410 6702/4703/6409 6686/4686/6393
f 6688/4688/6395 6704/4705/6411 6703/4704/6410 6687/4687/6394
f 6689/4689/6396 6705/4706/6412 6704/4705/6411 6688/4688/6395
f 6690/4690/6397 6706/4707/6413 6705/4706/6412 6689/4689/6396
f 6691/4691/6398 6707/4708/6414 6706/4707/6413 6690/4690/6397
f 6692/4692/6399 6708/4709/6415 6707/4708/6414 6691/4691/6398
f 6693/4693/6400 6709/4710/6416 6708/4709/6415 6692/4692/6399
f 6694/4694/6401 6710/4711/6417 6709/4710/6416 6693/4693/6400
f 6695/4695/6402 6711/4712/6418 6710/4711/6417 6694/4694/6401
f 6696/4696/6403 6712/4713/6419 6727/4714/6434 6711/4697/6418
f 6697/4698/6404 6713/4715/6420 6712/4713/6419 6696/4696/6403
f 6698/4699/6405 6714/4716/6421 6713/4715/6420 6697/4698/6404
f 6699/4700/6406 6715/4717/6422 6714/4716/6421 6698/4699/6405
f 6700/4701/6407 6716/4718/6423 6715/4717/6422 6699/4700/6406
f 6701/4702/6408 6717/4719/6424 6716/4718/6423 6700/4701/6407
f 6702/4703/6409 6718/4720/6425 6717/4719/6424 6701/4702/6408
f 6703/4704/6410 6719/4721/6426 6718/4720/6425 6702/4703/6409
f 6704/4705/6411 6720/4722/6427 6719/4721/6426 6703/4704/6410
f 6705/4706/6412 6721/4723/6428 6720/4722/6427 6704/4705/6411
f 6706/4707/6413 6722/4724/6429 6721/4723/6428 6705/4706/6412
f 6707/4708/6414 6723/4725/6430 6722/4724/6429 6706/4707/6413
f 6708/4709/6415 6724/4726/6431 6723/4725/6430 6707/4708/6414
f 6709/4710/6416 6725/4727/6432 6724/4726/6431 6708/4709/6415
f 6710/4711/6417 6726/4728/6433 6725/4727/6432 6709/4710/6416
f 6711/4712/6418 6727/4729/6434 6726/4728/6433 6710/4711/6417
f 6712/4713/6419 6728/4730/6435 6743/4731/6450 6727/4714/6434
f 6713/4715/6420 6729/4732/6436 6728/4730/6435 6712/4713/6419
f 6714/4716/6421 6730/4733/6437 6729/4732/6436 6713/4715/6420
f 6715/4717/6422 6731/4734/6438 6730/4733/6437 6714/4716/6421
f 6716/4718/6423 6732/4735/6439 6731/4734/6438 6715/4717/6422
f 6717/4719/6424 6733/4736/6440 6732/4735/6439 6716/4718/6423
f 6718/4720/6425 6734/4737/6441 6733/4736/6440 6717/4719/6424
f 6719/4721/6426 6735/4738/6442 6734/4737/6441 6718/4720/6425
f 6720/4722/6427 6736/4739/6443 6735/4738/6442 6719/4721/6426
f 6721/4723/6428 6737/4740/6444 6736/4739/6443 6720/4722/6427
f 6722/4724/6429 6738/4741/6445 6737/4740/6444 6721/4723/6428
f 6723/4725/6430 6739/4742/6446 6738/4741/6445 6722/4724/6429
f 6724/4726/6431 6740/4743/6447 6739/4742/6446 6723/4725/6430
f 6725/4727/6432 6741/4744/6448 6740/4743/6447 6724/4726/6431
f 6726/4728/6433 6742/4745/6449 6741/4744/6448 6725/4727/6432
f 6727/4729/6434 6743/4746/6450 6742/4745/6449 6726/4728/6433
f 6743/4731/6450 6728/4730/6435 6744/4747/6451 6759/4748/6466
f 6734/4737/6441 6735/4738/6442 6751/4749/6458 6750/4750/6457
f 6742/4745/6449 6743/4746/6450 6759/4751/6466 6758/4752/6465
f 6738/4741/6445 6739/4742/6446 6755/4753/6462 6754/4754/6461
f 6731/4734/6438 6732/4735/6439 6748/4755/6455 6747/4756/6454
f 6735/4738/6442 6736/4739/6443 6752/4757/6459 6751/4749/6458
f 6739/4742/6446 6740/4743/6447 6756/4758/6463 6755/4753/6462
f 6728/4730/6435 6729/4732/6436 6745/4759/6452 6744/4747/6451
f 6732/4735/6439 6733/4736/6440 6749/4760/6456 6748/4755/6455
f 6736/4739/6443 6737/4740/6444 6753/4761/6460 6752/4757/6459
f 6740/4743/6447 6741/4744/6448 6757/4762/6464 6756/4758/6463
f 6729/4732/6436 6730/4733/6437 6746/4763/6453 6745/4759/6452
f 6733/4736/6440 6734/4737/6441 6750/4750/6457 6749/4760/6456
f 6737/4740/6444 6738/4741/6445 6754/4754/6461 6753/4761/6460
f 6741/4744/6448 6742/4745/6449 6758/4752/6465 6757/4762/6464
f 6730/4733/6437 6731/4734/6438 6747/4756/6454 6746/4763/6453
f 6749/4760/6456 6750/4750/6457 6766/4764/6473 6765/4765/6472
f 6757/4762/6464 6758/4752/6465 6774/4766/6481 6773/4767/6480
f 6750/4750/6457 6751/4749/6458 6767/4768/6474 6766/4764/6473
f 6759/4748/6466 6744/4747/6451 6760/4769/6467 6775/4770/6482
f 6758/4752/6465 6759/4751/6466 6775/4771/6482 6774/4766/6481
f 6751/4749/6458 6752/4757/6459 6768/4772/6475 6767/4768/6474
f 6744/4747/6451 6745/4759/6452 6761/4773/6468 6760/4769/6467
f 6752/4757/6459 6753/4761/6460 6769/4774/6476 6768/4772/6475
f 6745/4759/6452 6746/4763/6453 6762/4775/6469 6761/4773/6468
f 6753/4761/6460 6754/4754/6461 6770/4776/6477 6769/4774/6476
f 6746/4763/6453 6747/4756/6454 6763/4777/6470 6762/4775/6469
f 6754/4754/6461 6755/4753/6462 6771/4778/6478 6770/4776/6477
f 6747/4756/6454 6748/4755/6455 6764/4779/6471 6763/4777/6470
f 6755/4753/6462 6756/4758/6463 6772/4780/6479 6771/4778/6478
f 6748/4755/6455 6749/4760/6456 6765/4765/6472 6764/4779/6471
f 6756/4758/6463 6757/4762/6464 6773/4767/6480 6772/4780/6479
f 6770/4776/6477 6771/4778/6478 6776/4781/6483
f 6763/4777/6470 6764/4779/6471 6776/4781/6483
f 6771/4778/6478 6772/4780/6479 6776/4781/6483
f 6764/4779/6471 6765/4765/6472 6776/4781/6483
f 6772/4780/6479 6773/4767/6480 6776/4781/6483
f 6765/4765/6472 6766/4764/6473 6776/4781/6483
f 6773/4767/6480 6774/4766/6481 6776/4781/6483
f 6766/4764/6473 6767/4768/6474 6776/4781/6483
f 6775/4770/6482 6760/4769/6467 6776/4781/6483
f 6774/4766/6481 6775/4771/6482 6776/4781/6483
f 6767/4768/6474 6768/4772/6475 6776/4781/6483
f 6760/4769/6467 6761/4773/6468 6776/4781/6483
f 6768/4772/6475 6769/4774/6476 6776/4781/6483
f 6761/4773/6468 6762/4775/6469 6776/4781/6483
f 6769/4774/6476 6770/4776/6477 6776/4781/6483
f 6762/4775/6469 6763/4777/6470 6776/4781/6483
o teststrand2.001
v -0.061693 2.934577 0.115312
v -0.062128 2.912769 0.099376
v -0.053258 2.900165 0.072242
v -0.035082 2.888664 0.027671
v -0.011994 2.889425 -0.017110
v 0.011919 2.893041 -0.061315
v 0.037934 2.908659 -0.100411
v 0.054784 2.923659 -0.121973
v 0.067283 2.946590 -0.128877
v 0.067717 2.968397 -0.112941
v 0.058847 2.981002 -0.085807
v 0.040671 2.992503 -0.041236
v 0.017583 2.991742 0.003545
v -0.006330 2.988125 0.047750
v -0.032345 2.972508 0.086846
v -0.049195 2.957508 0.108408
v 0.133104 2.829947 0.211786
v 0.125712 2.812593 0.193087
v 0.128708 2.803560 0.163918
v 0.139479 2.796419 0.117006
v 0.158125 2.799547 0.071212
v 0.178353 2.805030 0.026320
v 0.204133 2.820267 -0.012032
v 0.222410 2.834013 -0.032489
v 0.239780 2.853576 -0.037066
v 0.247173 2.870930 -0.018368
v 0.244176 2.879963 0.010801
v 0.233406 2.887104 0.057714
v 0.214759 2.883976 0.103507
v 0.194532 2.878493 0.148399
v 0.168751 2.863256 0.186752
v 0.150475 2.849510 0.207208
v 0.208395 2.751204 0.214853
v 0.194628 2.742148 0.196305
v 0.190509 2.740923 0.167968
v 0.190993 2.744239 0.122637
v 0.201183 2.754698 0.078722
v 0.213498 2.766681 0.035751
v 0.234174 2.784466 -0.000612
v 0.250608 2.797972 -0.019821
v 0.270151 2.812788 -0.023575
v 0.283918 2.821844 -0.005027
v 0.288037 2.823068 0.023310
v 0.287553 2.819753 0.068641
v 0.277363 2.809293 0.112556
v 0.265048 2.797311 0.155527
v 0.244373 2.779525 0.191889
v 0.227938 2.766020 0.211099
v 0.250872 2.688767 0.190982
v 0.235475 2.684570 0.174409
v 0.229298 2.687201 0.148691
v 0.226670 2.695190 0.107387
v 0.234093 2.708126 0.067144
v 0.243761 2.722038 0.027712
v 0.262459 2.739292 -0.005895
v 0.277989 2.751354 -0.023778
v 0.297772 2.762442 -0.027655
v 0.313169 2.766639 -0.011081
v 0.319346 2.764009 0.014636
v 0.321974 2.756019 0.055941
v 0.314551 2.743083 0.096183
v 0.304883 2.729171 0.135615
v 0.286186 2.711917 0.169223
v 0.270656 2.699855 0.187106
v 0.275435 2.638276 0.170413
v 0.260821 2.635651 0.155430
v 0.255584 2.637015 0.131671
v 0.254355 2.641445 0.093300
v 0.262987 2.648826 0.055627
v 0.273802 2.656793 0.018645
v 0.293316 2.666794 -0.013177
v 0.309195 2.673828 -0.030271
v 0.328801 2.680393 -0.034450
v 0.343415 2.683018 -0.019468
v 0.348651 2.681653 0.004292
v 0.349880 2.677224 0.042663
v 0.341249 2.669843 0.080335
v 0.330433 2.661876 0.117318
v 0.310919 2.651875 0.149140
v 0.295041 2.644841 0.166234
v 0.296242 2.567801 0.146183
v 0.284332 2.567025 0.134345
v 0.280333 2.567243 0.115343
v 0.279873 2.568177 0.084563
v 0.287585 2.569888 0.054218
v 0.297100 2.571757 0.024399
v 0.313759 2.574188 -0.001390
v 0.327185 2.575930 -0.015311
v 0.343516 2.577625 -0.018916
v 0.355426 2.578401 -0.007078
v 0.359425 2.578184 0.011924
v 0.359885 2.577250 0.042704
v 0.352173 2.575539 0.073049
v 0.342658 2.573670 0.102868
v 0.326000 2.571238 0.128657
v 0.312573 2.569496 0.142579
v 0.303792 2.409131 0.112162
v 0.296449 2.409592 0.104917
v 0.293985 2.409975 0.093251
v 0.293705 2.410451 0.074340
v 0.298465 2.410726 0.055678
v 0.304337 2.410951 0.037334
v 0.314614 2.410946 0.021450
v 0.322896 2.410838 0.012864
v 0.332968 2.410505 0.010611
v 0.340311 2.410043 0.017857
v 0.342775 2.409662 0.029523
v 0.343055 2.409185 0.048433
v 0.338295 2.408910 0.067096
v 0.332423 2.408685 0.085440
v 0.322146 2.408690 0.101324
v 0.313864 2.408798 0.109910
v 0.304749 2.397065 0.104449
v 0.298609 2.397451 0.098391
v 0.296549 2.397771 0.088636
v 0.296315 2.398169 0.072825
v 0.300295 2.398399 0.057220
v 0.305205 2.398587 0.041882
v 0.313797 2.398583 0.028601
v 0.320722 2.398492 0.021422
v 0.329144 2.398214 0.019539
v 0.335284 2.397828 0.025597
v 0.337344 2.397509 0.035351
v 0.337578 2.397111 0.051163
v 0.333598 2.396880 0.066767
v 0.328688 2.396692 0.082105
v 0.320095 2.396697 0.095387
v 0.313171 2.396787 0.102565
v 0.307434 2.384701 0.090779
v 0.303307 2.384960 0.086707
v 0.301922 2.385175 0.080150
v 0.301765 2.385442 0.069523
v 0.304440 2.385597 0.059034
v 0.307740 2.385723 0.048725
v 0.313516 2.385720 0.039798
v 0.318170 2.385660 0.034973
v 0.323831 2.385473 0.033706
v 0.327958 2.385213 0.037778
v 0.329343 2.384999 0.044335
v 0.329500 2.384731 0.054963
v 0.326825 2.384576 0.065451
v 0.323525 2.384450 0.075761
v 0.317749 2.384453 0.084688
v 0.313095 2.384513 0.089513
v 0.310229 2.380916 0.079716
v 0.307707 2.381074 0.077228
v 0.306861 2.381206 0.073221
v 0.306765 2.381369 0.066726
v 0.308400 2.381464 0.060316
v 0.310417 2.381541 0.054016
v 0.313946 2.381539 0.048560
v 0.316791 2.381502 0.045611
v 0.320250 2.381388 0.044837
v 0.322772 2.381229 0.047326
v 0.323618 2.381098 0.051333
v 0.323715 2.380935 0.057828
v 0.322080 2.380840 0.064238
v 0.320063 2.380763 0.070538
v 0.316533 2.380764 0.075994
v 0.313689 2.380802 0.078943
v 0.314863 2.378341 0.062523
vn -0.4477 -0.0097 0.8942
vn -0.5855 -0.6652 0.4634
vn -0.5109 -0.8516 0.1172
vn -0.4285 -0.8989 -0.0911
vn -0.3556 -0.9045 -0.2356
vn -0.2723 -0.8866 -0.3740
vn -0.1454 -0.8226 -0.5497
vn 0.0906 -0.6129 -0.7849
vn 0.4938 0.0588 -0.8676
vn 0.5964 0.6736 -0.4365
vn 0.5193 0.8476 -0.1092
vn 0.4386 0.8934 0.0973
vn 0.3685 0.8979 0.2410
vn 0.2904 0.8792 0.3776
vn 0.1675 0.8154 0.5542
vn -0.0511 0.6214 0.7819
vn -0.3298 -0.0739 0.9411
vn -0.6158 -0.6293 0.4740
vn -0.6180 -0.7810 0.0900
vn -0.5701 -0.8113 -0.1298
vn -0.5122 -0.8074 -0.2929
vn -0.4377 -0.7869 -0.4350
vn -0.3054 -0.7228 -0.6199
vn -0.0297 -0.5284 -0.8485
vn 0.4895 0.0794 -0.8684
vn 0.6976 0.5981 -0.3944
vn 0.6665 0.7430 -0.0613
vn 0.6038 0.7810 0.1597
vn 0.5451 0.7810 0.3048
vn 0.4719 0.7557 0.4541
vn 0.3558 0.6851 0.6356
vn 0.1282 0.4860 0.8645
vn -0.1600 -0.2931 0.9426
vn -0.6492 -0.6195 0.4413
vn -0.7583 -0.6500 0.0499
vn -0.7600 -0.6260 -0.1746
vn -0.7337 -0.5884 -0.3398
vn -0.6827 -0.5501 -0.4809
vn -0.5708 -0.4744 -0.6701
vn -0.2994 -0.3131 -0.9013
vn 0.3745 0.1369 -0.9171
vn 0.7897 0.4797 -0.3825
vn 0.8383 0.5442 -0.0319
vn 0.8185 0.5404 0.1950
vn 0.7838 0.5185 0.3417
vn 0.7318 0.4706 0.4929
vn 0.6351 0.3791 0.6731
vn 0.4083 0.1698 0.8969
vn -0.1142 -0.4199 0.9004
vn -0.6970 -0.5845 0.4155
vn -0.8409 -0.5386 0.0524
vn -0.8600 -0.4807 -0.1714
vn -0.8439 -0.4279 -0.3235
vn -0.7974 -0.3747 -0.4731
vn -0.6945 -0.2912 -0.6579
vn -0.4233 -0.1332 -0.8961
vn 0.2744 0.2051 -0.9395
vn 0.8032 0.4035 -0.4382
vn 0.9090 0.4104 -0.0731
vn 0.9136 0.3776 0.1510
vn 0.8898 0.3375 0.3073
vn 0.8484 0.2787 0.4500
vn 0.7550 0.1750 0.6319
vn 0.5258 -0.0299 0.8501
vn -0.1557 -0.3980 0.9041
vn -0.7658 -0.4769 0.4314
vn -0.9061 -0.4161 0.0759
vn -0.9189 -0.3651 -0.1497
vn -0.8971 -0.3238 -0.3004
vn -0.8409 -0.2905 -0.4566
vn -0.7256 -0.2427 -0.6439
vn -0.4248 -0.1559 -0.8917
vn 0.3049 0.0502 -0.9511
vn 0.8565 0.1972 -0.4769
vn 0.9694 0.2210 -0.1066
vn 0.9712 0.2068 0.1185
vn 0.9421 0.1818 0.2818
vn 0.8949 0.1376 0.4244
vn 0.7884 0.0562 0.6126
vn 0.5364 -0.1062 0.8372
vn -0.2075 -0.2962 0.9323
vn -0.8381 -0.2886 0.4628
vn -0.9686 -0.2283 0.0987
vn -0.9718 -0.1970 -0.1299
vn -0.9422 -0.1752 -0.2855
vn -0.8814 -0.1715 -0.4401
vn -0.7566 -0.1690 -0.6317
vn -0.4441 -0.1776 -0.8782
vn 0.3197 -0.1375 -0.9375
vn 0.8813 -0.0484 -0.4701
vn 0.9935 -0.0070 -0.1134
vn 0.9937 0.0023 0.1123
vn 0.9622 0.0003 0.2723
vn 0.9083 -0.0206 0.4178
vn 0.7915 -0.0617 0.6081
vn 0.5217 -0.1499 0.8398
vn -0.2563 -0.3639 0.8955
vn -0.8429 -0.2685 0.4663
vn -0.9787 -0.1730 0.1102
vn -0.9839 -0.1356 -0.1167
vn -0.9532 -0.1214 -0.2770
vn -0.8892 -0.1478 -0.4329
vn -0.7614 -0.1971 -0.6176
vn -0.4525 -0.3002 -0.8397
vn 0.2545 -0.3860 -0.8867
vn 0.8114 -0.3547 -0.4647
vn 0.9509 -0.2850 -0.1210
vn 0.9639 -0.2464 0.1007
vn 0.9378 -0.2254 0.2640
vn 0.8793 -0.2364 0.4134
vn 0.7547 -0.2652 0.6001
vn 0.4583 -0.3292 0.8256
vn -0.2483 -0.6256 0.7396
vn -0.7799 -0.4854 0.3952
vn -0.9341 -0.3435 0.0975
vn -0.9533 -0.2795 -0.1142
vn -0.9290 -0.2531 -0.2700
vn -0.8627 -0.2959 -0.4101
vn -0.7258 -0.3795 -0.5738
vn -0.4383 -0.5330 -0.7238
vn 0.1677 -0.6760 -0.7175
vn 0.6783 -0.6258 -0.3850
vn 0.8468 -0.5205 -0.1099
vn 0.8838 -0.4580 0.0956
vn 0.8721 -0.4235 0.2452
vn 0.8095 -0.4439 0.3842
vn 0.6797 -0.4901 0.5458
vn 0.3900 -0.5846 0.7114
vn -0.1918 -0.8367 0.5129
vn -0.6143 -0.7422 0.2679
vn -0.7687 -0.6364 0.0641
vn -0.8186 -0.5641 -0.1079
vn -0.8122 -0.5316 -0.2402
vn -0.7434 -0.5688 -0.3518
vn -0.6031 -0.6458 -0.4681
vn -0.3654 -0.7504 -0.5508
vn 0.1072 -0.8418 -0.5290
vn 0.5115 -0.8103 -0.2859
vn 0.6679 -0.7386 -0.0918
vn 0.7278 -0.6817 0.0752
vn 0.7299 -0.6533 0.2012
vn 0.6659 -0.6781 0.3110
vn 0.5334 -0.7318 0.4243
vn 0.2963 -0.8046 0.5146
vn -0.1131 -0.9655 0.2347
vn -0.3588 -0.9257 0.1195
vn -0.4770 -0.8787 0.0190
vn -0.5387 -0.8377 -0.0896
vn -0.5462 -0.8206 -0.1680
vn -0.4947 -0.8385 -0.2284
vn -0.3815 -0.8791 -0.2859
vn -0.2296 -0.9236 -0.3069
vn 0.0333 -0.9609 -0.2749
vn 0.2678 -0.9503 -0.1588
vn 0.3815 -0.9224 -0.0612
vn 0.4446 -0.8947 0.0434
vn 0.4561 -0.8819 0.1192
vn 0.4097 -0.8944 0.1792
vn 0.3038 -0.9229 0.2365
vn 0.1539 -0.9531 0.2606
vn -0.0472 -0.9986 -0.0238
vt 0.308859 0.962155
vt 0.309067 0.941543
vt 0.311370 0.941215
vt 0.311293 0.962324
vt 0.306419 0.961917
vt 0.306753 0.941798
vt 0.303587 0.961700
vt 0.304034 0.941936
vt 0.299114 0.961361
vt 0.299641 0.942019
vt 0.294581 0.961148
vt 0.295095 0.942013
vt 0.290076 0.961058
vt 0.290480 0.942080
vt 0.285653 0.961231
vt 0.285889 0.942197
vt 0.282857 0.961457
vt 0.282997 0.942335
vt 0.280437 0.961769
vt 0.280519 0.942315
vt 0.277996 0.962043
vt 0.278127 0.942093
vt 0.275144 0.962206
vt 0.275377 0.941848
vt 0.270600 0.962324
vt 0.271064 0.941385
vt 0.265981 0.962190
vt 0.266717 0.940829
vt 0.261415 0.961900
vt 0.262411 0.940176
vt 0.257015 0.961375
vt 0.258178 0.939547
vt 0.314066 0.940826
vt 0.314066 0.962302
vt 0.307367 0.933188
vt 0.309420 0.932501
vt 0.305301 0.933755
vt 0.302882 0.934324
vt 0.298977 0.935218
vt 0.294882 0.936064
vt 0.290644 0.936877
vt 0.286354 0.937421
vt 0.283558 0.937528
vt 0.281133 0.937314
vt 0.278763 0.936671
vt 0.276186 0.935788
vt 0.272261 0.934307
vt 0.268413 0.932786
vt 0.264593 0.931305
vt 0.260808 0.929942
vt 0.311793 0.931692
vt 0.305364 0.927171
vt 0.307268 0.926381
vt 0.303409 0.927824
vt 0.301143 0.928509
vt 0.297558 0.929634
vt 0.293869 0.930709
vt 0.290143 0.931665
vt 0.286401 0.932213
vt 0.284037 0.932320
vt 0.282006 0.932100
vt 0.280052 0.931476
vt 0.277855 0.930471
vt 0.274462 0.928745
vt 0.271100 0.926886
vt 0.267740 0.925077
vt 0.264402 0.923414
vt 0.309412 0.925437
vt 0.303780 0.922377
vt 0.305476 0.921573
vt 0.301983 0.922870
vt 0.299895 0.923277
vt 0.296613 0.923894
vt 0.293305 0.924400
vt 0.290026 0.924795
vt 0.286876 0.925001
vt 0.284917 0.925004
vt 0.283236 0.924820
vt 0.281602 0.924287
vt 0.279751 0.923497
vt 0.276807 0.922124
vt 0.273745 0.920654
vt 0.270658 0.919194
vt 0.267570 0.917791
vt 0.307372 0.920558
vt 0.301817 0.915793
vt 0.303205 0.915203
vt 0.300357 0.916097
vt 0.298653 0.916300
vt 0.295966 0.916547
vt 0.293250 0.916692
vt 0.290542 0.916747
vt 0.287889 0.916683
vt 0.286218 0.916590
vt 0.284781 0.916383
vt 0.283384 0.915921
vt 0.281825 0.915252
vt 0.279372 0.914155
vt 0.276905 0.912982
vt 0.274418 0.911810
vt 0.271988 0.910569
vt 0.304741 0.914404
vt 0.297594 0.901629
vt 0.298368 0.901189
vt 0.296764 0.901859
vt 0.295789 0.901997
vt 0.294249 0.902168
vt 0.292702 0.902322
vt 0.291200 0.902553
vt 0.289740 0.902727
vt 0.288824 0.902768
vt 0.288046 0.902663
vt 0.287328 0.902309
vt 0.286548 0.901772
vt 0.285339 0.900830
vt 0.284089 0.899839
vt 0.282723 0.898906
vt 0.281302 0.898034
vt 0.299251 0.900622
vt 0.297339 0.899988
vt 0.297501 0.899126
vt 0.286262 0.899862
vt 0.287155 0.900758
vt 0.292360 0.901040
vt 0.293772 0.900938
vt 0.288371 0.901662
vt 0.289090 0.901719
vt 0.285319 0.898917
vt 0.296102 0.900786
vt 0.296861 0.900551
vt 0.291072 0.901312
vt 0.287730 0.901304
vt 0.284112 0.898043
vt 0.295192 0.900856
vt 0.289856 0.901577
vt 0.282904 0.897111
vt 0.285139 0.896671
vt 0.286068 0.897392
vt 0.289374 0.900354
vt 0.289917 0.900184
vt 0.295354 0.899323
vt 0.295489 0.898847
vt 0.295224 0.898219
vt 0.288839 0.900341
vt 0.294827 0.899538
vt 0.288394 0.900048
vt 0.294111 0.899568
vt 0.288068 0.899600
vt 0.292911 0.899596
vt 0.287586 0.898882
vt 0.291736 0.899661
vt 0.287021 0.898138
vt 0.290784 0.899905
vt 0.291240 0.899030
vt 0.292104 0.899002
vt 0.288101 0.897979
vt 0.288399 0.898470
vt 0.290629 0.899212
vt 0.287368 0.897410
vt 0.290019 0.899406
vt 0.286521 0.896735
vt 0.289605 0.899522
vt 0.294099 0.898695
vt 0.293993 0.898380
vt 0.293440 0.898080
vt 0.289167 0.899487
vt 0.293721 0.898888
vt 0.288830 0.899266
vt 0.293079 0.898951
vt 0.288653 0.898953
vt 0.290194 0.898075
s 1
usemtl Base
f 6777/4782/6484 6793/4783/6500 6808/4784/6515 6792/4785/6499
f 6778/4786/6485 6794/4787/6501 6793/4783/6500 6777/4782/6484
f 6779/4788/6486 6795/4789/6502 6794/4787/6501 6778/4786/6485
f 6780/4790/6487 6796/4791/6503 6795/4789/6502 6779/4788/6486
f 6781/4792/6488 6797/4793/6504 6796/4791/6503 6780/4790/6487
f 6782/4794/6489 6798/4795/6505 6797/4793/6504 6781/4792/6488
f 6783/4796/6490 6799/4797/6506 6798/4795/6505 6782/4794/6489
f 6784/4798/6491 6800/4799/6507 6799/4797/6506 6783/4796/6490
f 6785/4800/6492 6801/4801/6508 6800/4799/6507 6784/4798/6491
f 6786/4802/6493 6802/4803/6509 6801/4801/6508 6785/4800/6492
f 6787/4804/6494 6803/4805/6510 6802/4803/6509 6786/4802/6493
f 6788/4806/6495 6804/4807/6511 6803/4805/6510 6787/4804/6494
f 6789/4808/6496 6805/4809/6512 6804/4807/6511 6788/4806/6495
f 6790/4810/6497 6806/4811/6513 6805/4809/6512 6789/4808/6496
f 6791/4812/6498 6807/4813/6514 6806/4811/6513 6790/4810/6497
f 6792/4785/6499 6808/4784/6515 6807/4814/6514 6791/4815/6498
f 6793/4783/6500 6809/4816/6516 6824/4817/6531 6808/4784/6515
f 6794/4787/6501 6810/4818/6517 6809/4816/6516 6793/4783/6500
f 6795/4789/6502 6811/4819/6518 6810/4818/6517 6794/4787/6501
f 6796/4791/6503 6812/4820/6519 6811/4819/6518 6795/4789/6502
f 6797/4793/6504 6813/4821/6520 6812/4820/6519 6796/4791/6503
f 6798/4795/6505 6814/4822/6521 6813/4821/6520 6797/4793/6504
f 6799/4797/6506 6815/4823/6522 6814/4822/6521 6798/4795/6505
f 6800/4799/6507 6816/4824/6523 6815/4823/6522 6799/4797/6506
f 6801/4801/6508 6817/4825/6524 6816/4824/6523 6800/4799/6507
f 6802/4803/6509 6818/4826/6525 6817/4825/6524 6801/4801/6508
f 6803/4805/6510 6819/4827/6526 6818/4826/6525 6802/4803/6509
f 6804/4807/6511 6820/4828/6527 6819/4827/6526 6803/4805/6510
f 6805/4809/6512 6821/4829/6528 6820/4828/6527 6804/4807/6511
f 6806/4811/6513 6822/4830/6529 6821/4829/6528 6805/4809/6512
f 6807/4813/6514 6823/4831/6530 6822/4830/6529 6806/4811/6513
f 6808/4784/6515 6824/4817/6531 6823/4832/6530 6807/4814/6514
f 6809/4816/6516 6825/4833/6532 6840/4834/6547 6824/4817/6531
f 6810/4818/6517 6826/4835/6533 6825/4833/6532 6809/4816/6516
f 6811/4819/6518 6827/4836/6534 6826/4835/6533 6810/4818/6517
f 6812/4820/6519 6828/4837/6535 6827/4836/6534 6811/4819/6518
f 6813/4821/6520 6829/4838/6536 6828/4837/6535 6812/4820/6519
f 6814/4822/6521 6830/4839/6537 6829/4838/6536 6813/4821/6520
f 6815/4823/6522 6831/4840/6538 6830/4839/6537 6814/4822/6521
f 6816/4824/6523 6832/4841/6539 6831/4840/6538 6815/4823/6522
f 6817/4825/6524 6833/4842/6540 6832/4841/6539 6816/4824/6523
f 6818/4826/6525 6834/4843/6541 6833/4842/6540 6817/4825/6524
f 6819/4827/6526 6835/4844/6542 6834/4843/6541 6818/4826/6525
f 6820/4828/6527 6836/4845/6543 6835/4844/6542 6819/4827/6526
f 6821/4829/6528 6837/4846/6544 6836/4845/6543 6820/4828/6527
f 6822/4830/6529 6838/4847/6545 6837/4846/6544 6821/4829/6528
f 6823/4831/6530 6839/4848/6546 6838/4847/6545 6822/4830/6529
f 6824/4817/6531 6840/4834/6547 6839/4849/6546 6823/4832/6530
f 6825/4833/6532 6841/4850/6548 6856/4851/6563 6840/4834/6547
f 6826/4835/6533 6842/4852/6549 6841/4850/6548 6825/4833/6532
f 6827/4836/6534 6843/4853/6550 6842/4852/6549 6826/4835/6533
f 6828/4837/6535 6844/4854/6551 6843/4853/6550 6827/4836/6534
f 6829/4838/6536 6845/4855/6552 6844/4854/6551 6828/4837/6535
f 6830/4839/6537 6846/4856/6553 6845/4855/6552 6829/4838/6536
f 6831/4840/6538 6847/4857/6554 6846/4856/6553 6830/4839/6537
f 6832/4841/6539 6848/4858/6555 6847/4857/6554 6831/4840/6538
f 6833/4842/6540 6849/4859/6556 6848/4858/6555 6832/4841/6539
f 6834/4843/6541 6850/4860/6557 6849/4859/6556 6833/4842/6540
f 6835/4844/6542 6851/4861/6558 6850/4860/6557 6834/4843/6541
f 6836/4845/6543 6852/4862/6559 6851/4861/6558 6835/4844/6542
f 6837/4846/6544 6853/4863/6560 6852/4862/6559 6836/4845/6543
f 6838/4847/6545 6854/4864/6561 6853/4863/6560 6837/4846/6544
f 6839/4848/6546 6855/4865/6562 6854/4864/6561 6838/4847/6545
f 6840/4834/6547 6856/4851/6563 6855/4866/6562 6839/4849/6546
f 6841/4850/6548 6857/4867/6564 6872/4868/6579 6856/4851/6563
f 6842/4852/6549 6858/4869/6565 6857/4867/6564 6841/4850/6548
f 6843/4853/6550 6859/4870/6566 6858/4869/6565 6842/4852/6549
f 6844/4854/6551 6860/4871/6567 6859/4870/6566 6843/4853/6550
f 6845/4855/6552 6861/4872/6568 6860/4871/6567 6844/4854/6551
f 6846/4856/6553 6862/4873/6569 6861/4872/6568 6845/4855/6552
f 6847/4857/6554 6863/4874/6570 6862/4873/6569 6846/4856/6553
f 6848/4858/6555 6864/4875/6571 6863/4874/6570 6847/4857/6554
f 6849/4859/6556 6865/4876/6572 6864/4875/6571 6848/4858/6555
f 6850/4860/6557 6866/4877/6573 6865/4876/6572 6849/4859/6556
f 6851/4861/6558 6867/4878/6574 6866/4877/6573 6850/4860/6557
f 6852/4862/6559 6868/4879/6575 6867/4878/6574 6851/4861/6558
f 6853/4863/6560 6869/4880/6576 6868/4879/6575 6852/4862/6559
f 6854/4864/6561 6870/4881/6577 6869/4880/6576 6853/4863/6560
f 6855/4865/6562 6871/4882/6578 6870/4881/6577 6854/4864/6561
f 6856/4851/6563 6872/4868/6579 6871/4883/6578 6855/4866/6562
f 6857/4867/6564 6873/4884/6580 6888/4885/6595 6872/4868/6579
f 6858/4869/6565 6874/4886/6581 6873/4884/6580 6857/4867/6564
f 6859/4870/6566 6875/4887/6582 6874/4886/6581 6858/4869/6565
f 6860/4871/6567 6876/4888/6583 6875/4887/6582 6859/4870/6566
f 6861/4872/6568 6877/4889/6584 6876/4888/6583 6860/4871/6567
f 6862/4873/6569 6878/4890/6585 6877/4889/6584 6861/4872/6568
f 6863/4874/6570 6879/4891/6586 6878/4890/6585 6862/4873/6569
f 6864/4875/6571 6880/4892/6587 6879/4891/6586 6863/4874/6570
f 6865/4876/6572 6881/4893/6588 6880/4892/6587 6864/4875/6571
f 6866/4877/6573 6882/4894/6589 6881/4893/6588 6865/4876/6572
f 6867/4878/6574 6883/4895/6590 6882/4894/6589 6866/4877/6573
f 6868/4879/6575 6884/4896/6591 6883/4895/6590 6867/4878/6574
f 6869/4880/6576 6885/4897/6592 6884/4896/6591 6868/4879/6575
f 6870/4881/6577 6886/4898/6593 6885/4897/6592 6869/4880/6576
f 6871/4882/6578 6887/4899/6594 6886/4898/6593 6870/4881/6577
f 6872/4868/6579 6888/4885/6595 6887/4900/6594 6871/4883/6578
f 6887/4900/6594 6888/4885/6595 6904/4901/6611 6903/4902/6610
f 6883/4895/6590 6884/4896/6591 6900/4903/6607 6899/4904/6606
f 6876/4888/6583 6877/4889/6584 6893/4905/6600 6892/4906/6599
f 6880/4892/6587 6881/4893/6588 6897/4907/6604 6896/4908/6603
f 6884/4896/6591 6885/4897/6592 6901/4909/6608 6900/4903/6607
f 6873/4884/6580 6874/4886/6581 6890/4910/6597 6889/4911/6596
f 6877/4889/6584 6878/4890/6585 6894/4912/6601 6893/4905/6600
f 6881/4893/6588 6882/4894/6589 6898/4913/6605 6897/4907/6604
f 6885/4897/6592 6886/4898/6593 6902/4914/6609 6901/4909/6608
f 6874/4886/6581 6875/4887/6582 6891/4915/6598 6890/4910/6597
f 6878/4890/6585 6879/4891/6586 6895/4916/6602 6894/4912/6601
f 6882/4894/6589 6883/4895/6590 6899/4904/6606 6898/4913/6605
f 6886/4898/6593 6887/4899/6594 6903/4917/6610 6902/4914/6609
f 6875/4887/6582 6876/4888/6583 6892/4906/6599 6891/4915/6598
f 6888/4885/6595 6873/4884/6580 6889/4911/6596 6904/4901/6611
f 6879/4891/6586 6880/4892/6587 6896/4908/6603 6895/4916/6602
f 6902/4914/6609 6903/4917/6610 6919/4918/6626 6918/4919/6625
f 6895/4916/6602 6896/4908/6603 6912/4920/6619 6911/4921/6618
f 6904/4901/6611 6889/4911/6596 6905/4922/6612 6920/4923/6627
f 6903/4902/6610 6904/4901/6611 6920/4923/6627 6919/4924/6626
f 6896/4908/6603 6897/4907/6604 6913/4925/6620 6912/4920/6619
f 6889/4911/6596 6890/4910/6597 6906/4926/6613 6905/4922/6612
f 6897/4907/6604 6898/4913/6605 6914/4927/6621 6913/4925/6620
f 6890/4910/6597 6891/4915/6598 6907/4928/6614 6906/4926/6613
f 6898/4913/6605 6899/4904/6606 6915/4929/6622 6914/4927/6621
f 6891/4915/6598 6892/4906/6599 6908/4930/6615 6907/4928/6614
f 6899/4904/6606 6900/4903/6607 6916/4931/6623 6915/4929/6622
f 6892/4906/6599 6893/4905/6600 6909/4932/6616 6908/4930/6615
f 6900/4903/6607 6901/4909/6608 6917/4933/6624 6916/4931/6623
f 6893/4905/6600 6894/4912/6601 6910/4934/6617 6909/4932/6616
f 6901/4909/6608 6902/4914/6609 6918/4919/6625 6917/4933/6624
f 6894/4912/6601 6895/4916/6602 6911/4921/6618 6910/4934/6617
f 6908/4930/6615 6909/4932/6616 6925/4935/6632 6924/4936/6631
f 6916/4931/6623 6917/4933/6624 6933/4937/6640 6932/4938/6639
f 6909/4932/6616 6910/4934/6617 6926/4939/6633 6925/4935/6632
f 6917/4933/6624 6918/4919/6625 6934/4940/6641 6933/4937/6640
f 6910/4934/6617 6911/4921/6618 6927/4941/6634 6926/4939/6633
f 6918/4919/6625 6919/4918/6626 6935/4942/6642 6934/4940/6641
f 6911/4921/6618 6912/4920/6619 6928/4943/6635 6927/4941/6634
f 6920/4923/6627 6905/4922/6612 6921/4944/6628 6936/4945/6643
f 6919/4924/6626 6920/4923/6627 6936/4945/6643 6935/4946/6642
f 6912/4920/6619 6913/4925/6620 6929/4947/6636 6928/4943/6635
f 6905/4922/6612 6906/4926/6613 6922/4948/6629 6921/4944/6628
f 6913/4925/6620 6914/4927/6621 6930/4949/6637 6929/4947/6636
f 6906/4926/6613 6907/4928/6614 6923/4950/6630 6922/4948/6629
f 6914/4927/6621 6915/4929/6622 6931/4951/6638 6930/4949/6637
f 6907/4928/6614 6908/4930/6615 6924/4936/6631 6923/4950/6630
f 6915/4929/6622 6916/4931/6623 6932/4938/6639 6931/4951/6638
f 6929/4947/6636 6930/4949/6637 6937/4952/6644
f 6922/4948/6629 6923/4950/6630 6937/4952/6644
f 6930/4949/6637 6931/4951/6638 6937/4952/6644
f 6923/4950/6630 6924/4936/6631 6937/4952/6644
f 6931/4951/6638 6932/4938/6639 6937/4952/6644
f 6924/4936/6631 6925/4935/6632 6937/4952/6644
f 6932/4938/6639 6933/4937/6640 6937/4952/6644
f 6925/4935/6632 6926/4939/6633 6937/4952/6644
f 6933/4937/6640 6934/4940/6641 6937/4952/6644
f 6926/4939/6633 6927/4941/6634 6937/4952/6644
f 6934/4940/6641 6935/4942/6642 6937/4952/6644
f 6927/4941/6634 6928/4943/6635 6937/4952/6644
f 6936/4945/6643 6921/4944/6628 6937/4952/6644
f 6935/4946/6642 6936/4945/6643 6937/4952/6644
f 6928/4943/6635 6929/4947/6636 6937/4952/6644
f 6921/4944/6628 6922/4948/6629 6937/4952/6644
